rise_follow,rise_lift,cut_follow,cut_lift,diff_corr,excess_sync,gap_cv,lead_lag_ret,days,sim_price_corr,sim_diff_corr,sim_sync_change_rate,sim_retaliation_rate,sim_undercut_frac,sim_lead_lag_strength,label,store,cat_a,cat_b,brand_a,brand_b
0.24,0.0028571428571428636,0.35185185185185186,0.1441798941798942,0.03362533067460832,0.009466764061358657,0.2166067158492392,0.14355868921648607,197,0.05168531691052624,0.0464684670642695,0.12,0.29945054945054944,0.9644670050761421,0.2028726563069662,1,Flipkart,Power Banks,Power Banks,Portronics,boAt
0.1276595744680851,-0.06534954407294832,0.28,0.13571428571428573,0.04520435969018473,0.006899674996004046,0.2856867314579758,0.07718648135901889,288,-0.17206268097711377,0.03122026410889551,0.10714285714285714,0.1423611111111111,1.0,0.25415861745123547,1,Flipkart,Power Banks,Power Banks,Portronics,Ambrane
0.0,-0.04838709677419354,0.027777777777777776,0.005952380952380949,-0.0010839123114411394,-0.0022076234221723727,0.22108415756739688,0.06925929683880636,255,0.1016371353132732,0.0,0.0,0.0873015873015873,1.0,0.12318516289621292,1,Flipkart,Power Banks,Power Banks,Portronics,Ambrane
0.0,-0.04497354497354498,0.03125,-0.015625,-0.0006964865323943072,-0.0034079218106995886,0.19715332365651875,0.05781653743366391,226,0.36703117626454984,-1.633766613282843e-20,0.0,0.1028409090909091,0.8576388888888888,0.4046868889765934,1,Flipkart,Power Banks,Power Banks,Portronics,Ambrane
0.5121951219512195,0.18292682926829273,0.4606741573033708,0.12439807383627605,0.08189861622628791,0.017222641787470752,0.185611974383584,0.07380384303794972,245,0.5267766056020841,0.06398042031596529,0.2585034013605442,0.19805634565894623,1.0,0.5217285930646393,1,Flipkart,Induction Cooktops,Induction Cooktops,BharatVolt,KAPLI
0.19230769230769232,0.08241758241758244,0.13043478260869565,0.03105590062111803,0.017170146689021788,-0.0010518626734842959,0.2689160705324337,0.04460947508644795,197,0.16408281002661657,0.025687834513081802,0.07272727272727272,0.09137055837563451,1.0,0.2248746686203099,1,Flipkart,Power Banks,Power Banks,boAt,Ambrane
0.13333333333333333,0.10476190476190476,0.0,-0.00510204081632653,-0.0034812132098798873,-0.0018080210387902695,0.1887168041425249,0.024295116292981898,164,0.17537603584020492,0.00021480997179625485,0.0,0.046153846153846156,1.0,0.39593346884624475,1,Flipkart,Power Banks,Power Banks,boAt,Ambrane
0.07692307692307693,0.03846153846153846,0.08333333333333333,0.06547619047619047,-0.09939993365463283,-0.001364002728005456,0.22881787007830695,0.1146341803993861,135,0.11387922542063987,-0.03476151765421688,0.02631578947368421,0.04639175257731959,1.0,0.1287257919984161,1,Flipkart,Power Banks,Power Banks,boAt,Ambrane
0.4358974358974359,0.2417582417582418,0.2894736842105263,0.12218045112781956,0.046426532544291556,0.01945945945945946,0.28417618871288275,0.08674006358740396,197,0.12661201780747594,0.04563147291125995,0.17142857142857143,0.09137055837563451,1.0,0.24681791936911796,1,Flipkart,Power Banks,Power Banks,boAt,Portronics
0.20833333333333334,0.043898809523809534,0.2,0.02857142857142858,0.0683168108604805,0.006642305853425314,0.11404016154903049,0.06876655604955666,504,0.06677221569463221,0.050861350504761024,0.08780487804878048,0.047619047619047616,1.0,0.12685085595462137,1,Flipkart,Mixers \u0026 Grinders,Mixers \u0026 Grinders,Prisapure,AGARO
0.18181818181818182,0.04220779220779222,0.1320754716981132,-0.014824797843665777,0.019679817651217516,-0.004393691944326565,0.11262834632250976,0.07542031615790133,503,0.14807553987036665,0.027916241848192736,0.07936507936507936,0.047619047619047616,1.0,0.1505099225924186,1,Flipkart,Mixers \u0026 Grinders,Mixers \u0026 Grinders,Prisapure,Amplesta
0.14285714285714285,0.061224489795918366,0.15384615384615385,0.04505494505494505,-0.1375072278991371,0.00040980807321904303,0.09694277294732481,0.11612063101406675,504,0.21798422054779074,-0.033448074381461246,0.08783783783783784,0.047619047619047616,1.0,0.24850632990479246,1,Flipkart,Mixers \u0026 Grinders,Mixers \u0026 Grinders,Prisapure,Beyond Appliances
0.16,0.048571428571428585,0.05714285714285714,-0.05204081632653062,-0.04160417560656829,-0.00044395874598729575,0.11165633203227843,0.04161403435395252,504,-0.010422699048511369,-0.05395270728433677,0.0967741935483871,0.10449212202480723,1.0,0.026500621627881544,1,Flipkart,Mixers \u0026 Grinders,Mixers \u0026 Grinders,Prisapure,Faber
0.27906976744186046,0.11794019933554817,0.17105263157894737,0.009398496240601517,-0.004296333298273509,-0.0008747630849978115,0.11027505098314586,0.10753719692081333,377,0.16279602031371623,0.0671373212338719,0.1111111111111111,0.0610079575596817,1.0,0.1574219349226963,1,Flipkart,Mixers \u0026 Grinders,Mixers \u0026 Grinders,Prisapure,Flipkart SmartBuy
0.21100917431192662,0.04980340760157276,0.2,0.0435374149659864,0.01280509023202693,0.002185643057168226,0.1526756254486655,0.03795251870623105,504,-0.04729300066280409,0.07179750345381046,0.12,0.047619047619047616,1.0,0.1262823660263644,1,Flipkart,Mixers \u0026 Grinders,Mixers \u0026 Grinders,Prisapure,Grand plus
0.15584415584415584,0.04267161410018555,0.17333333333333334,0.05523809523809524,0.0006861316138539493,-0.0010230873698506109,0.11690508469545559,0.08091733898529262,504,-0.16569530280180642,0.005998229682436277,0.078125,0.047619047619047616,1.0,0.20413112298633057,1,Flipkart,Mixers \u0026 Grinders,Mixers \u0026 Grinders,Prisapure,HAVELLS
0.23333333333333334,0.09841269841269842,0.1566265060240964,0.0043029259896729954,0.06085073636076929,0.005622083544161466,0.11208899163810376,0.05441113618192526,504,-0.022892423075845714,0.06696187479002928,0.0707070707070707,0.047619047619047616,1.0,0.060290144286356234,1,Flipkart,Mixers \u0026 Grinders,Mixers \u0026 Grinders,Prisapure,Hindware Smart Appliances
0.5052264808362369,0.06694873071179691,0.5168918918918919,0.08783783783783777,0.03192798754111454,0.029239414219749717,0.7824667790852834,0.05843507814101186,1133,0.03622079662894789,0.05509761891659035,0.2611336032388664,0.15662314253055482,1.0,0.022996523004082427,1,Flipkart,Fiction,Fiction,MADE EASY Publications Pvt. Ltd.,Pearson Education (US)
0.3582089552238806,0.06636460554371004,0.31983805668016196,0.035280508964719515,-0.0300950551536431,0.011796280899135253,0.26794194593812815,0.0656164637345047,1447,0.13800888160349106,-0.04933542063683046,0.17475728155339806,0.06629834254143646,1.0,0.1547050559236981,1,Flipkart,Non-Fiction,Non-Fiction,S. Chand Publishing,CBS Publishers and Distributors Private Limited
0.17771883289124668,0.008904888215233026,0.18786127167630057,0.008257638315441768,-0.013300460429253059,0.004501210915205084,0.5610081407920074,0.03597648464742029,2437,-0.07569431779472527,-0.011143639551365056,0.07611241217798595,0.08191804770604376,0.9991813344248874,0.07835587824365735,1,Flipkart,Non-Fiction,Non-Fiction,S. Chand Publishing,Oxford University Press
0.5161290322580645,0.0312705727452271,0.5265700483091788,0.0676328502415458,-0.009411887935585917,0.012574251985649196,0.32025417220953467,0.06597729111063118,740,0.14703828705720254,0.007445786570409657,0.2949438202247191,0.13746630727762804,1.0,0.19654505295695732,1,Flipkart,Non-Fiction,Non-Fiction,S. Chand Publishing,Puffin Books
0.08035714285714286,0.027423469387755105,0.08637873754152824,0.037019458946369245,0.011919697420731977,0.002513874506405407,0.863315190964233,0.0338191176028856,2421,0.17825074651452147,-0.01269478064997925,0.026119402985074626,0.15180452073312584,1.0,0.1789096762414632,1,Flipkart,Non-Fiction,Non-Fiction,S. Chand Publishing,Simon & Schuster
0.5634328358208955,0.04530916844349686,0.5294117647058824,0.04117647058823526,0.0036564991116803075,0.029610240596651002,0.3030472356243984,0.034489294255389207,855,0.12010726589224739,0.001437839092654976,0.30227272727272725,0.1764018691588785,1.0,0.13238050164505302,1,Flipkart,Non-Fiction,Non-Fiction,S. Chand Publishing,Viz Media
0.0,-0.005952380952380952,0.0,-0.00819672131147541,-0.013844599911576464,-0.00035970126505105926,0.25748531154237586,0.003728478146491403,423,-0.017276212939015958,-0.02112779031233501,0.007692307692307693,0.004728132387706856,1.0,0.11456374985718809,1,Flipkart,Casual Shoes,Casual Shoes,ADIDAS ORIGINALS,NIKE
0.0,-0.002976190476190476,0.08333333333333333,0.07142857142857142,0.09989966159701832,0.002495030934184373,0.1773292313451689,0.4466220992342563,423,0.20840604572042143,0.09132636667443861,0.01818181818181818,0.004728132387706856,1.0,0.27580546587532007,1,Flipkart,Casual Shoes,Casual Shoes,ADIDAS ORIGINALS,NIKE
0.0,0.0,0.05263157894736842,0.041353383458646614,0.0024719490504960316,-0.00010059442158207591,0.28607102627850767,0.17721131431306195,423,0.14817905447740612,-0.0005744799757263097,0.0,0.004728132387706856,1.0,0.18195440851613004,1,Flipkart,Casual Shoes,Casual Shoes,ADIDAS ORIGINALS,NIKE
0.01694915254237288,0.010895883777239709,0.0,0.0,0.0,0.0,0.14849639902607703,0.0,414,0.038245802512791735,-0.020327006774978836,0.007751937984496124,0.004728132387706856,1.0,0.03894971928595881,1,Flipkart,Casual Shoes,Casual Shoes,ADIDAS ORIGINALS,PUMA
0.0,0.0,0.0,-0.011428571428571429,0.001936708370026726,-0.0001371742112482853,0.4210387686412476,0.08277134496524366,423,0.11173850077459005,-0.0003476490895872168,0.0,0.004728132387706856,1.0,0.11975794141623823,1,Flipkart,Casual Shoes,Casual Shoes,ADIDAS ORIGINALS,RED CHIEF
0.0,-0.0049261083743842365,0.06666666666666667,0.06190476190476191,0.2085544364561361,0.0022953818015546412,0.1864997268975702,0.2211692965274463,423,0.168928649882011,0.2431103327416923,0.014492753623188406,0.004728132387706856,1.0,0.1773402757745786,1,Flipkart,Casual Shoes,Casual Shoes,ADIDAS ORIGINALS,THOMAS CRICK
0.0,0.0,0.043478260869565216,0.027950310559006212,0.2525527172315244,0.002163347384342993,0.1650089866648115,0.055078878626877506,433,0.5335401825300446,0.3034524153515199,0.018518518518518517,0.004618937644341801,1.0,0.4933638853942732,1,Flipkart,Mens Sneakers,Mens Sneakers,ADIDAS ORIGINALS,NIKE
0.046875,0.020089285714285716,0.046153846153846156,0.009890109890109897,0.13695261079853704,-0.0008843567123766266,0.2546952505408443,0.04754770837454242,448,0.15954364178808297,0.19308864305620976,0.021897810218978103,0.013392857142857142,1.0,0.12469599370986857,1,Flipkart,Casual Shoes,Casual Shoes,ADIDAS ORIGINALS,NIKE
0.0,-0.01477832512315271,0.034482758620689655,-0.0024630541871921152,-0.00032860249580111864,-0.0012282732116342039,0.16620459345935135,0.351873771453089,448,0.15253073758577018,-0.0007208626510554172,0.0,0.013392857142857142,1.0,0.1567982034061822,1,Flipkart,Casual Shoes,Casual Shoes,ADIDAS ORIGINALS,NIKE
0.1,0.06785714285714287,0.043478260869565216,6.938893903907228e-18,-0.0011323667275106382,-0.0009007336885317494,0.2843683020444081,0.1023196536637648,448,0.13561897239129775,-0.00450097028130247,0.0196078431372549,0.013392857142857142,1.0,0.1545872899554783,1,Flipkart,Casual Shoes,Casual Shoes,ADIDAS ORIGINALS,NIKE
0.11594202898550725,0.059006211180124224,0.06153846153846154,0.017582417582417582,-0.16770436830490001,-0.000714851248284072,0.14091068862790618,0.10731245025789994,439,-0.023098643432183638,-0.09543703677608027,0.04195804195804196,0.013392857142857142,1.0,0.09416853629879325,1,Flipkart,Casual Shoes,Casual Shoes,ADIDAS ORIGINALS,PUMA
0.0,-0.004608294930875576,0.06666666666666667,0.04523809523809524,0.0359354264324028,0.0010535854659795615,0.4177865631798446,0.020483618220118835,448,0.07220414016180382,0.028592535951574193,0.014925373134328358,0.013392857142857142,1.0,0.06531141051027944,1,Flipkart,Casual Shoes,Casual Shoes,ADIDAS ORIGINALS,RED CHIEF
0.08333333333333333,0.05952380952380952,0.0,-0.03088803088803089,0.0016990415781148723,0.0006441610621014935,0.183713850053509,0.15561982104108008,448,0.11390912196066655,0.0006317715078507189,0.011904761904761904,0.013392857142857142,1.0,0.12259618180993365,1,Flipkart,Casual Shoes,Casual Shoes,ADIDAS ORIGINALS,THOMAS CRICK
0.4888888888888889,0.10899470899470898,0.49264705882352944,0.11449579831932782,0.10580220170936173,0.029828620201702565,0.08144044877644278,0.1266940490002653,443,0.23018273148657697,0.0772267765521697,0.2589641434262948,0.19187358916478556,1.0,0.23412028278375155,1,Flipkart,Car Electronics,Car Electronics,AGARO,Costar
0.4198895027624309,0.0284135753749013,0.531578947368421,0.12142857142857139,0.03348831952189111,0.023368100588177804,0.17223988580412905,0.06123973002109774,799,0.06369627442561426,0.052146835437687035,0.2422360248447205,0.30220841754844846,0.87375,0.05631712483088364,1,Flipkart,Car Electronics,Car Electronics,AGARO,Portronics
0.3604060913705584,-0.0007251631617113397,0.31794871794871793,-0.017948717948717996,0.027492721320947586,-0.004811247027201246,0.1272404998670978,0.07392902229971839,759,0.11538279977823966,0.03216822521056953,0.2216624685138539,0.19736842105263158,1.0,0.12222616144100469,1,Flipkart,Mixers \u0026 Grinders,Mixers \u0026 Grinders,AGARO,Amplesta
0.2992125984251969,0.046681664791901056,0.23577235772357724,0.01626016260162602,-0.06905410377801453,0.00035234505206876987,0.1026172157448747,0.10296862230451075,664,0.05169421084764195,-0.07162259752051624,0.15708812260536398,0.0858433734939759,1.0,0.11450300057664299,1,Flipkart,Mixers \u0026 Grinders,Mixers \u0026 Grinders,AGARO,Beyond Appliances
0.2932330827067669,0.01772287862513422,0.30158730158730157,0.054988662131519234,-0.05474857799142079,0.0009259227623248482,0.10271165169704495,0.0861202746360834,564,-0.022783499211063145,-0.06032180349363683,0.17045454545454544,0.11524822695035461,1.0,0.08632711057444699,1,Flipkart,Mixers \u0026 Grinders,Mixers \u0026 Grinders,AGARO,Faber
0.5939849624060151,0.16970998925886144,0.4793388429752066,0.08736717827626922,0.01700565532937223,0.015860835935881397,0.13045269633012033,0.10677776151053156,377,0.10206713424372307,0.038912008153929326,0.3133047210300429,0.1830238726790451,1.0,0.14030966909095752,1,Flipkart,Mixers \u0026 Grinders,Mixers \u0026 Grinders,AGARO,Flipkart SmartBuy
0.43258426966292135,0.026484751203852408,0.42696629213483145,0.03290529695024075,-0.023289909540937962,0.009270030536571182,0.14561981012533695,0.1364371485522007,625,0.008168546771219701,-0.04152915794327755,0.24188790560471976,0.1856,1.0,0.048498184098503906,1,Flipkart,Mixers \u0026 Grinders,Mixers \u0026 Grinders,AGARO,Grand plus
0.3018867924528302,0.0494159928122192,0.34,0.08380952380952383,0.012453541162181557,0.009888678848981303,0.13098809201665843,0.06344168474561152,748,-0.18888705834732525,0.0020515938718576633,0.17784256559766765,0.13770053475935828,1.0,0.21981738993477656,1,Flipkart,Mixers \u0026 Grinders,Mixers \u0026 Grinders,AGARO,HAVELLS
0.38562091503267976,0.03454715219421106,0.32,0.0128571428571429,-0.00040272725115443326,0.004570468388993911,0.11051444166724826,0.1070631820501386,736,0.4877056224524996,0.004999626193471217,0.1967741935483871,0.12364130434782608,1.0,0.49157533549495075,1,Flipkart,Mixers \u0026 Grinders,Mixers \u0026 Grinders,AGARO,Hindware Smart Appliances
0.29411764705882354,0.20378151260504201,0.39473684210526316,0.27819548872180455,-0.10984804378843134,-0.024685650887573962,0.2065605282289559,0.20501771174782588,112,0.12826510884282488,-0.10343954920030689,0.208955223880597,0.11504424778761062,1.0,0.1844657655046406,1,Flipkart,Helmets,Helmets,SMK,Probiker
0.06666666666666667,0.0,0.21052631578947367,0.10902255639097745,0.04372802847269538,-0.001360544217687075,0.11581857272232178,0.3828567115041559,113,-0.150405927736692,0.004807030152892932,0.2682926829268293,0.11504424778761062,1.0,0.4081536245938307,1,Flipkart,Helmets,Helmets,SMK,TVS
0.4588235294117647,0.10672268907563026,0.4835164835164835,0.10204081632653073,0.09307583703053549,0.024985834911070877,0.14411997811667618,0.17281391463747733,283,0.1732778629945926,0.12070682722606892,0.24836601307189543,0.16607773851590105,1.0,0.16101609281439735,1,Flipkart,Perfumes,Perfumes,Ajmal,ARABIYAT
0.3364485981308411,0.05407209612817088,0.3983739837398374,0.07491289198606271,-0.002284081123183612,0.010811654526534861,0.1622370838645091,0.05820729158760575,640,-0.026820970464935912,-0.012765778022258726,0.18309859154929578,0.09625176037265736,1.0,0.07097905069894693,1,Flipkart,Perfumes,Perfumes,Ajmal,BEARDO
0.42424242424242425,0.08658008658008659,0.33663366336633666,0.0240452616690241,0.01525859998029216,0.012905190311418683,0.11455121979627512,0.08510799435895161,640,-0.5426268792282917,0.04247153914659382,0.19889502762430938,0.10852269689354649,0.95625,0.562851648814016,1,Flipkart,Perfumes,Perfumes,Ajmal,BELLAVITA
0.3770491803278688,0.031030444964871173,0.48091603053435117,0.08778625954198477,-0.015880234555974364,0.0065940366972477085,0.1299376187560043,0.07558498087054812,640,-0.4341273314330499,-0.005175234230738819,0.20353982300884957,0.08780831571529246,0.996875,0.4571317227419476,1,Flipkart,Perfumes,Perfumes,Ajmal,BELLAVITA
0.4270833333333333,0.15699404761904756,0.3404255319148936,0.04027355623100304,-0.01920249816373637,0.0167100414852225,0.10688335284189311,0.12919141299943365,533,-0.551274642565808,-0.0011427064599994032,0.18497109826589594,0.10133218069778782,1.0,0.5599293289334368,1,Flipkart,Perfumes,Perfumes,Ajmal,BELLAVITA
0.3,0.05595238095238095,0.24561403508771928,0.003132832080200515,-0.009198167605372662,0.0010821247503699088,0.09132381775343179,0.04211121531490511,624,-0.4221483004422939,0.002455573237123574,0.1206896551724138,0.1046875,1.0,0.45203049347053736,1,Flipkart,Perfumes,Perfumes,Ajmal,BELLAVITA
0.2682926829268293,0.10975609756097562,0.3125,0.10565476190476186,0.00876098552112567,-0.0008209795458810273,0.3255845523588499,0.07811849986641148,158,0.1217345192785412,0.01883771302617227,0.1,0.2180696661828737,1.0,0.141998453593489,1,Flipkart,Perfumes,Perfumes,Ajmal,AXE
0.0,0.0,0.0,0.0,0.0,0.0,0.10813743021246597,0.0,620,0.0,0.0,0.0,0.1,1.0,0.0,1,Flipkart,Perfumes,Perfumes,Ajmal,DENVER
0.2403846153846154,-0.0034340659340659496,0.19469026548672566,-0.05815423514538562,-0.014560836491951291,-0.0038652159275082802,0.326518661262806,0.03007850111778336,640,-0.4904930512881379,-0.012632829474248566,0.09767441860465116,0.1537556658752428,0.99375,0.501688140461703,1,Flipkart,Perfumes,Perfumes,Ajmal,Em5
0.2,0.007142857142857145,0.25,0.03256302521008406,-0.08140360256105578,-0.004371732468000721,0.20305019065299773,0.14133239942870318,272,-0.08716985074696898,-0.0873120365984777,0.10569105691056911,0.19117647058823528,1.0,0.2130968315402556,1,Flipkart,Perfumes,Perfumes,Ajmal,Em5
0.29591836734693877,0.05903790087463559,0.3302752293577982,0.06159895150720829,0.04819429041122247,0.00600936524453694,0.1365187849632442,0.062469738834244525,640,-0.4587114745116301,0.04172150974164343,0.17258883248730963,0.15282599347645967,0.98125,0.4773737858437868,1,Flipkart,Perfumes,Perfumes,Ajmal,French Factor
0.4098360655737705,0.07377049180327871,0.3851851851851852,0.037566137566137525,0.04115110972608946,0.009885535900104058,0.21772572773148757,0.04118632460661707,640,-0.014867536033565108,0.03818618390177581,0.1722689075630252,0.10066959001702157,1.0,0.036372082739645754,1,Flipkart,Perfumes,Perfumes,Ajmal,THE MAN COMPANY
0.0,0.0,0.047619047619047616,0.03741496598639456,0.1525237930407944,0.004150390625,0.6273079082293734,0.05803893226185792,204,0.19205122299814514,0.15884760444993679,0.011627906976744186,0.2524752475247525,1.0,0.16810846275990146,1,Flipkart,Perfumes,Perfumes,Ajmal,VOKKA
0.0,0.0,0.0,-0.011204481792717087,0.002159450166873864,-0.0001837879284926623,0.05460465028956509,0.0021724351071701832,582,-0.45308371118552043,-0.00031998767690979946,0.0,0.09764764764764765,1.0,0.4601411948620233,1,Flipkart,Perfumes,Perfumes,Ajmal,Wild Stone
0.3333333333333333,0.03246753246753242,0.3786407766990291,0.06657420249653268,-0.040155718232136726,0.0032031837705355642,0.12861017749389853,0.08413132917252007,640,-0.06522841989562482,-0.04714269196614852,0.17676767676767677,0.08805347299446378,1.0,0.07215025622831006,1,Flipkart,Perfumes,Perfumes,Ajmal,Wild Stone
0.10067114093959731,-0.008628954937679775,0.15337423312883436,0.017966695880806294,-0.006740934391298412,-0.0005446800208116541,0.22219594558970554,0.021415718383465943,1073,-0.1737071333655881,-0.014537782296851872,0.08287292817679558,0.04655493482309125,1.0,0.17717713837743532,1,Flipkart,Coffee Tables,Coffee Tables,Allie Wood,MODERN CRAFTHOUSE
0.13333333333333333,0.02142857142857145,0.15384615384615385,-0.008241758241758268,0.08601535154323917,0.00564623881681434,0.23272176306322925,0.0654182802876851,829,-0.1350821513905762,0.0420064787952659,0.11526479750778816,0.05790108564535585,1.0,0.1666046026979877,1,Flipkart,Coffee Tables,Coffee Tables,Allie Wood,SS CRAFTMAKERS
0.22413793103448276,0.05418719211822662,0.28846153846153844,0.13873626373626366,0.016859175201309303,0.01737848161168199,0.2828408964495665,0.06335687220257159,358,0.10871975235682736,0.06699506976878628,0.25,0.12416283268301205,0.8379888268156425,0.11453527071437446,1,Flipkart,Power Banks,Power Banks,Ambrane,Portronics
0.0,0.0,0.0,0.0,0.0,0.0,0.15788088344728618,0.0,1351,0.0,0.0,0.0,0.0,0.9995908346972177,0.0,1,Flipkart,Power Banks,Power Banks,Ambrane,URBN
0.0,0.0,0.0,0.0,0.0,0.0,0.040712396865966144,0.0,753,0.0,0.0,0.0,0.0,0.9933862433862434,0.0,1,Flipkart,Power Banks,Power Banks,Ambrane,URBN
0.07142857142857142,0.018707482993197272,0.05,0.02142857142857143,-0.003908168552650093,-0.0022022104816947718,0.3666175679822592,0.1366198510436083,325,0.17351434911957878,-0.00013323138315380194,0.02197802197802198,0.10105165259693805,0.9972067039106145,0.18703075969487984,1,Flipkart,Power Banks,Power Banks,Ambrane,Portronics
0.0,0.0,0.0,0.0,0.0,0.0,0.03620231553666049,0.0,118,0.0,0.0,0.0,0.03757225433526012,0.9762308998302207,0.0,1,Flipkart,Power Banks,Power Banks,Ambrane,URBN
0.3217391304347826,0.03416149068322977,0.336,0.005142857142857171,0.004005848793762014,0.013924924611846906,0.3305278639232073,0.020552008251202392,861,0.0790068383601061,-0.010739528617769162,0.16216216216216217,0.16764594149677092,0.9883855981416957,0.08647429658098228,1,Flipkart,Cases \u0026 Covers,Cases \u0026 Covers,Ambrane,Portronics
0.15,0.06964285714285712,0.05555555555555555,0.003968253968253961,-0.2563686215662546,-0.0027813095994914175,0.329961506078488,0.20910719143512888,296,-0.2860491137729568,-0.24177027284474223,0.0449438202247191,0.022617509012992313,0.8435754189944135,0.2686784308128646,1,Flipkart,Power Banks,Power Banks,Ambrane,Portronics
0.0,0.0,0.0,0.0,0.0,0.0,0.20272166016281679,0.0,265,0.0,0.0,0.0,0.037698412698412696,0.7430555555555556,0.0,1,Flipkart,Power Banks,Power Banks,Ambrane,URBN
0.31875,0.002232142857142849,0.28846153846153844,0.008699633699633669,0.09299090869003317,0.007763956376723613,0.09223235291199014,0.07943422412512491,663,0.26145434491500147,0.12572617236322645,0.16568047337278108,0.0858433734939759,1.0,0.2437131402802806,1,Flipkart,Mixers \u0026 Grinders,Mixers \u0026 Grinders,Amplesta,Beyond Appliances
0.3225806451612903,-0.01843317972350228,0.3087248322147651,-0.01965484180249283,0.027454066474581887,-0.0017500483298230687,0.09445828245539188,0.12864398618138653,563,0.2312372036686637,0.017431507714083087,0.1651376146788991,0.11524822695035461,1.0,0.23145603138946205,1,Flipkart,Mixers \u0026 Grinders,Mixers \u0026 Grinders,Amplesta,Faber
0.5259259259259259,0.09470899470899463,0.4838709677419355,0.08870967741935487,0.013588336000432558,-0.001388888888888891,0.12409430266346504,0.10271326193507459,376,0.32698626746292286,0.017577244817021623,0.2608695652173913,0.23076923076923078,1.0,0.33150072037969786,1,Flipkart,Mixers \u0026 Grinders,Mixers \u0026 Grinders,Amplesta,Flipkart SmartBuy
0.4975609756097561,0.07177700348432042,0.5339805825242718,0.12101248266296805,0.10553581302835391,0.028263563001622742,0.11819063607226384,0.09795169799878735,624,0.3555449500577893,0.13433423139266704,0.2813299232736573,0.2176,1.0,0.3396143205281092,1,Flipkart,Mixers \u0026 Grinders,Mixers \u0026 Grinders,Amplesta,Grand plus
0.36363636363636365,0.03715728715728717,0.30851063829787234,0.02013677811550152,-0.020735535937038873,0.00016933791712470114,0.11321603237632342,0.08827949985745136,747,0.08601977260496144,-0.021345540798365863,0.21291866028708134,0.20053475935828877,1.0,0.08959946522953185,1,Flipkart,Mixers \u0026 Grinders,Mixers \u0026 Grinders,Amplesta,HAVELLS
0.5572916666666666,0.2094494047619047,0.46774193548387094,0.13364055299539168,0.16762099497663072,0.03793632940486088,0.13555792754500104,0.07112391703752403,735,0.08525161011520699,0.09589993456071477,0.27837837837837837,0.12364130434782608,1.0,0.08314490951603988,1,Flipkart,Mixers \u0026 Grinders,Mixers \u0026 Grinders,Amplesta,Hindware Smart Appliances
0.0,0.0,0.03773584905660377,0.029649595687331536,0.07677836464959333,0.002379442897383014,0.22476240795994284,0.001697096871589382,367,0.13261493427185714,0.052203973781378664,0.008,0.0027247956403269754,1.0,0.10608235826561015,1,Flipkart,Mens Watches,Mens Watches,LEE COOPER,Allen Solly
0.0,0.0,0.0,0.0,0.0,0.0,0.04306615016294099,0.0,366,0.1328625367432247,-0.0002553873985788298,0.0,0.0027247956403269754,1.0,0.13602029953761194,1,Flipkart,Mens Watches,Mens Watches,LEE COOPER,DANIEL HECHTER
0.0,0.0,0.0,-0.015873015873015876,0.0043636239283024215,-0.0003450794083894422,0.20090407431708038,0.004401206430627978,367,0.05457259322046235,-0.0004624981943344376,0.0,0.0027247956403269754,1.0,0.055270571770840264,1,Flipkart,Mens Watches,Mens Watches,LEE COOPER,DANIEL KLEIN
0.0,0.0,0.017241379310344827,0.008620689655172412,0.002893548091870375,-0.00043736808737731626,0.28498583680513373,0.018669717541201388,367,0.08239529890507508,-0.00028563380365999704,0.0,0.1597329721362229,1.0,0.08290200546203191,1,Flipkart,Mens Watches,Mens Watches,LEE COOPER,Mathey-Tissot
0.0,0.0,0.0,-0.004043126684636119,-0.17262652868116762,-0.0003892174722532081,0.1820726063550653,0.0018219859935319938,367,0.05498719546089189,-0.1273004273269755,0.0078125,0.0027247956403269754,1.0,0.1269412729675105,1,Flipkart,Mens Watches,Mens Watches,LEE COOPER,NAVIFORCE
0.0,0.0,0.017241379310344827,0.008620689655172412,0.21331907732587904,0.0019581250150470676,0.23898752072500765,0.0045886720025255755,367,0.23371682695645493,0.26093210360624064,0.004166666666666667,0.0027247956403269754,1.0,0.058869612870948405,1,Flipkart,Mens Watches,Mens Watches,LEE COOPER,Titan
0.3611111111111111,0.16468253968253965,0.38461538461538464,0.1776556776556777,0.15716398283642163,0.019303392528323086,0.09959783989569454,0.09903130085029288,191,0.03830164267145801,0.11207962847604419,0.21794871794871795,0.08900523560209424,1.0,0.08928485420584246,1,Flipkart,Wardrobes,Wardrobes,Flipkart Perfect Homes,Sasimo
0.3551912568306011,0.04371584699453551,0.3551912568306011,0.037470725995316145,0.01086683259042796,0.006766424718214106,0.20768824871412608,0.05153056314459554,661,0.2111528971946874,0.01875964134000256,0.1804733727810651,0.22753664915185104,0.9364599092284418,0.2410151592928961,1,Flipkart,Face Wash,Face Wash,Aqualogica,LOTUS HERBALS
0.3203125,0.06473214285714285,0.29927007299270075,0.032325338894681976,0.06234704690264262,0.009691455696202531,0.20574353397978798,0.051603059967711015,652,0.20149856777130157,0.08299216074833866,0.15019762845849802,0.1422087745839637,1.0,0.2014081715274559,1,Flipkart,Face Wash,Face Wash,Aqualogica,LOTUS HERBALS
0.3624161073825503,0.05129434324065185,0.34782608695652173,0.05590062111801247,0.04080525533847774,0.009524553283132436,0.19365236632183386,0.03433194902992095,657,0.02956494628476837,0.0379571211433186,0.17437722419928825,0.08925869894099848,1.0,0.02204809006702747,1,Flipkart,Face Wash,Face Wash,Aqualogica,LOTUS HERBALS
0.40298507462686567,0.11940298507462693,0.4268292682926829,0.08275261324041816,0.10698057325653014,0.006757783889111538,0.206343822542055,0.14273768962908695,283,0.02498136029490717,0.009364374418577775,0.19285714285714287,0.16607773851590105,1.0,0.06126019409297016,1,Flipkart,Perfumes,Perfumes,ARABIYAT,BEARDO
0.375,0.06349206349206354,0.3918918918918919,0.1032818532818533,0.1122923938605695,0.01205069028896781,0.15721446714772408,0.10152075620397401,283,-0.05974640470732315,0.022433667206205824,0.16666666666666666,0.16607773851590105,1.0,0.13735269484000323,1,Flipkart,Perfumes,Perfumes,ARABIYAT,BELLAVITA
0.45348837209302323,0.12375415282392022,0.422680412371134,0.061855670103092786,0.10959881875570272,0.01015740523210016,0.17061000668672244,0.13447777408875372,283,0.0803168293283413,0.07845912573072954,0.22981366459627328,0.16607773851590105,1.0,0.06928195962588542,1,Flipkart,Perfumes,Perfumes,ARABIYAT,BELLAVITA
0.36507936507936506,0.1201814058956916,0.3333333333333333,0.09109730848861278,-0.029239328758804674,0.009916178564612969,0.14591608898784242,0.06434698538036215,275,-0.023180965465278765,-0.04827641171456744,0.14960629921259844,0.16607773851590105,1.0,0.023136163878820438,1,Flipkart,Perfumes,Perfumes,ARABIYAT,BELLAVITA
0.3333333333333333,0.06575963718820865,0.2923076923076923,0.03186813186813181,0.048261004821545384,0.0029370869721445404,0.1426573790706312,0.08039727044691906,267,0.007175019377682586,0.057031042428860146,0.14393939393939395,0.17834078489816196,0.9964664310954063,0.11065708252000621,1,Flipkart,Perfumes,Perfumes,ARABIYAT,BELLAVITA
0.42105263157894735,0.2744360902255639,0.35555555555555557,0.15079365079365079,0.16608153450930804,0.010883843122537061,0.3352470614778958,0.112569170253969,158,-0.334031520641059,0.11113499167553947,0.17721518987341772,0.18253968253968253,1.0,0.46625102591946377,1,Flipkart,Perfumes,Perfumes,ARABIYAT,AXE
0.0,0.0,0.0,0.0,0.0,0.0,0.15863459160240034,0.0,263,0.0,0.0,0.0,0.16607773851590105,1.0,0.0,1,Flipkart,Perfumes,Perfumes,ARABIYAT,DENVER
0.2786885245901639,0.07142857142857142,0.38028169014084506,0.1468812877263581,-0.051918555937714786,0.010392338414339217,0.29081165442009266,0.06955784139762033,283,-0.2537137504978689,-0.027630688160501383,0.16129032258064516,0.16607773851590105,1.0,0.29475928203013324,1,Flipkart,Perfumes,Perfumes,ARABIYAT,Em5
0.2692307692307692,0.11126373626373628,0.3333333333333333,0.15986394557823125,-0.13534338489338035,-0.0009342883836810957,0.1773964279308883,0.15378354788214557,272,0.2753875879231337,-0.1193812805303336,0.14814814814814814,0.17279411764705882,1.0,0.28812525703288777,1,Flipkart,Perfumes,Perfumes,ARABIYAT,Em5
0.3064516129032258,0.08525345622119823,0.3972602739726027,0.14677103718199608,-0.037034707942708536,0.005624576774781991,0.1343931627723622,0.10326814983444045,283,0.231611638057409,-0.022313946869376208,0.224,0.16607773851590105,1.0,0.2731646395194893,1,Flipkart,Perfumes,Perfumes,ARABIYAT,French Factor
0.4470588235294118,0.12184873949579833,0.4105263157894737,0.0563909774436091,-0.01522108574849447,-0.01376432055941737,0.2675542559301412,0.08767290469417552,283,-0.10660584251499108,-0.021256869326673318,0.21212121212121213,0.28093525179856116,1.0,0.11767996224633204,1,Flipkart,Perfumes,Perfumes,ARABIYAT,THE MAN COMPANY
0.0,0.0,0.02631578947368421,0.011278195488721804,0.0022747553150038544,-0.0008951822916666666,0.573973196812738,0.07843842864774725,204,0.16827998710107228,-0.000489800071980152,0.0,0.0024752475247524753,1.0,0.17156952530696318,1,Flipkart,Perfumes,Perfumes,ARABIYAT,VOKKA
0.0,0.0,0.0,0.0,0.0,0.0,0.13717874930110108,0.0,225,-0.0034875154058983783,-0.00046233668487099345,0.0,0.16607773851590105,1.0,0.005985162444044248,1,Flipkart,Perfumes,Perfumes,ARABIYAT,Wild Stone
0.37142857142857144,0.1193877551020408,0.3333333333333333,0.045787545787545736,0.031115117543457846,0.00623263912881248,0.17628852088011576,0.056005805501994944,283,-0.10606565637240405,-0.002876283677425869,0.2158273381294964,0.16607773851590105,1.0,0.13051413497472564,1,Flipkart,Perfumes,Perfumes,ARABIYAT,Wild Stone
0.21428571428571427,0.1326530612244898,0.25,0.16517857142857142,0.11053726651908945,0.011578947368421052,0.1786463675455553,0.2360364113653535,103,0.3816452662482969,0.018973211851154116,0.22580645161290322,0.18515037593984962,1.0,0.54503904277144,1,Flipkart,Suitcases,Suitcases,ARISTOCRAT,Kamiliant by American Tourister
0.3076923076923077,0.2527472527472528,0.47058823529411764,0.4159663865546218,0.06124750158852454,0.0010526315789473675,0.19336323892190185,0.16315347177630035,103,0.29978970728448406,0.010437598038133341,0.1875,0.0784313725490196,0.9902912621359223,0.5097286150903099,1,Flipkart,Suitcases,Suitcases,ARISTOCRAT,Kamiliant by American Tourister
0.2857142857142857,0.19387755102040816,0.25,0.1607142857142857,0.01882819092137938,0.0015512465373961216,0.22987997044007075,0.10553949459368366,103,-0.07978014299277343,0.016974249954730552,0.15625,0.11941580756013745,1.0,0.11343214993794436,1,Flipkart,Suitcases,Suitcases,ARISTOCRAT,Kamiliant by American Tourister
0.16666666666666666,0.15476190476190477,0.25,0.22321428571428573,-0.013055435919236903,-0.000997229916897507,0.7476335367802517,0.3929654513231224,103,0.2583690136658304,-0.0694253100763154,0.05263157894736842,0.1351010101010101,1.0,0.38255143457273233,1,Flipkart,Suitcases,Suitcases,ARISTOCRAT,ALFA by VIP
0.1,0.021428571428571408,0.2727272727272727,0.24025974025974023,0.20949025982732022,0.00554016620498615,0.1815393731106474,0.3457199965998668,103,0.399480701423038,0.12455565464464764,0.11538461538461539,0.06796116504854369,1.0,0.5879036644545272,1,Flipkart,Suitcases,Suitcases,ARISTOCRAT,Mokobara
0.5,0.44285714285714284,0.4666666666666667,0.3904761904761905,0.018427780110078177,0.004044321329639888,0.13474991195272346,0.28244811574173206,103,0.5592435973561013,0.04952179843451359,0.20689655172413793,0.10679611650485436,1.0,0.6853028737144958,1,Flipkart,Suitcases,Suitcases,ARISTOCRAT,NASHER MILES
0.16666666666666666,0.15476190476190477,0.2857142857142857,0.2755102040816326,0.36106319931169173,0.02055164954029205,0.14205091196371827,0.8588265749110883,102,0.20636578009921216,0.04609531305070753,0.05555555555555555,0.5098039215686274,1.0,0.24336342517652892,1,Flipkart,Suitcases,Suitcases,ARISTOCRAT,NASHER MILES
0.34782608695652173,0.2577639751552795,0.32,0.21142857142857144,0.06091916844225619,0.014626038781163437,0.23192367399867456,0.08307008363567986,103,0.12921612130753063,0.02911962049012609,0.1702127659574468,0.18446601941747573,1.0,0.1569734637976329,1,Flipkart,Suitcases,Suitcases,ARISTOCRAT,NASHER MILES
0.2,0.1380952380952381,0.6153846153846154,0.5494505494505495,-0.03154851011637591,0.002548476454293628,0.16988409571303587,0.31499819910336424,103,0.4998110127329414,0.07229356565503474,0.26666666666666666,0.0970873786407767,1.0,0.7447566942472501,1,Flipkart,Suitcases,Suitcases,ARISTOCRAT,SKYBAGS
0.18181818181818182,0.11688311688311688,0.5,0.44642857142857145,-0.03350976044506848,0.0050415512465373956,0.177996333669048,0.32621754373944406,103,0.302994375245944,0.100967378972635,0.23076923076923078,0.203125,0.9902912621359223,0.3845115328302212,1,Flipkart,Suitcases,Suitcases,ARISTOCRAT,SKYBAGS
0.2,0.1285714285714286,0.5384615384615384,0.478021978021978,-0.05000807127928434,-0.005484764542936288,0.16052821971543216,0.3309174542562854,103,0.5324310199818538,0.1441117020774284,0.23076923076923078,0.545,0.9805825242718447,0.7738466539309724,1,Flipkart,Suitcases,Suitcases,ARISTOCRAT,SKYBAGS
0.0,0.0,0.14285714285714285,0.13265306122448978,-0.14507345347591666,-0.0004986149584487535,0.5233955829067711,0.18813834896870277,103,0.2043269948508994,-0.047259247286147596,0.0625,0.004901960784313725,1.0,0.24797814792179393,1,Flipkart,Suitcases,Suitcases,ARISTOCRAT,ALFA by VIP
0.14285714285714285,0.14285714285714285,0.2222222222222222,0.1746031746031746,0.2563238175103378,0.008033240997229917,0.23929802199807548,0.2916763227916859,103,0.040290075897935686,0.11007919407901731,0.05,0.5147058823529411,1.0,0.1562940234916974,1,Flipkart,Suitcases,Suitcases,ARISTOCRAT,TOMMY HILFIGER
0.647226173541963,0.21235521235521232,0.6079447322970639,0.22452504317789296,0.32818444308446876,0.07881735695145745,0.14133244002595388,0.03436070390494651,2197,0.6711280018861676,0.3865215957988868,0.41729323308270677,0.2607617546624639,0.9858898497951752,0.6180082309251499,1,Flipkart,Suitcases,Suitcases,ARISTOCRAT,Kamiliant by American Tourister
0.6594594594594595,0.21428571428571436,0.6245847176079734,0.24240626483151395,0.3268649287147312,0.08339828096677404,0.14171817277202717,0.028704891725198727,2197,0.6896484895070367,0.3796341467502299,0.4223826714801444,0.1998469727699393,0.9176149294492489,0.6355469784881399,1,Flipkart,Suitcases,Suitcases,ARISTOCRAT,Kamiliant by American Tourister
0.5098039215686274,0.1474089635854342,0.4819277108433735,0.2185886402753872,0.12508853340382914,0.03527503853641126,0.18250407421430365,0.05273365343192366,821,0.122869780010302,0.1599149090414415,0.26058631921824105,0.13688007794571178,0.9330085261875761,0.10586564695510595,1,Flipkart,Suitcases,Suitcases,ARISTOCRAT,Kamiliant by American Tourister
0.0,-0.002857142857142857,0.04,0.028571428571428574,-0.002037611257035671,-0.0012597631645250692,0.6679779881902962,0.21399671634584586,201,0.19384665658014213,-0.08347133673100189,0.037037037037037035,0.13007614213197968,1.0,0.22857025622590596,1,Flipkart,Suitcases,Suitcases,ARISTOCRAT,ALFA by VIP
0.41025641025641024,0.06364468864468864,0.34782608695652173,0.04813664596273293,-0.02484982161371516,0.0109723135364161,0.18128440659972356,0.07203640158441765,605,0.051826049809430015,0.014456047039490175,0.21235521235521235,0.11074380165289256,1.0,0.05086335647817408,1,Flipkart,Suitcases,Suitcases,ARISTOCRAT,Mokobara
0.4461538461538462,0.20549450549450546,0.3275862068965517,0.14778325123152708,0.12361969328366497,0.022462605455204187,0.231335950748276,0.1344397097402968,292,0.07126313396486128,0.11063939041918662,0.23008849557522124,0.0821917808219178,1.0,0.06308074370405004,1,Flipkart,Suitcases,Suitcases,ARISTOCRAT,NASHER MILES
0.11538461538461539,0.05714285714285715,0.13513513513513514,0.06435006435006435,-0.009322683769568296,0.0021318579522742985,0.21341315128048427,0.11432846750416378,814,0.04502664764337189,0.005759929969327598,0.04583333333333333,0.2623456790123457,0.9987730061349693,0.05395415554054463,1,Flipkart,Suitcases,Suitcases,ARISTOCRAT,NASHER MILES
0.4105263157894737,0.10225563909774443,0.34911242603550297,0.07861369399830936,0.01810328934983403,0.006664447638797248,0.20757257057133655,0.07759276520575144,846,0.08557801922607315,0.022696286874855396,0.17647058823529413,0.09692671394799054,1.0,0.08458475674694088,1,Flipkart,Suitcases,Suitcases,ARISTOCRAT,NASHER MILES
0.5909090909090909,0.2056277056277056,0.4866666666666667,0.21857142857142858,0.355257588424937,0.05652490766460121,0.16112834603971435,0.038639146080298545,750,0.4081036539635051,0.42729321616048244,0.3096085409252669,0.09466666666666666,1.0,0.3423368785132706,1,Flipkart,Suitcases,Suitcases,ARISTOCRAT,SKYBAGS
0.6089108910891089,0.21499292786421492,0.5098039215686274,0.2203548085901027,0.33448524407414304,0.05507501297274199,0.1441102965667362,0.05804291979738894,750,0.5068948645839255,0.32754780800367156,0.29965156794425085,0.13545359329680953,0.904,0.4462562420150468,1,Flipkart,Suitcases,Suitcases,ARISTOCRAT,SKYBAGS
0.5751295336787565,0.19578090303478907,0.5,0.24021526418786693,0.3226198675382865,0.04968750953878087,0.16353203431292945,0.0939735254166235,747,0.42054279874661266,0.279703038025772,0.2714285714285714,0.180869895056265,0.9919678714859438,0.3809677025038864,1,Flipkart,Suitcases,Suitcases,ARISTOCRAT,SKYBAGS
0.0,0.0,0.041666666666666664,0.02976190476190476,0.001657727693487106,-0.0006291286568103177,0.4368780057519766,0.21472276158759443,199,0.1764849840023254,-0.0014683445944557417,0.0,0.5025252525252525,1.0,0.15665648072637445,1,Flipkart,Suitcases,Suitcases,ARISTOCRAT,ALFA by VIP
0.2714285714285714,-0.0071428571428571175,0.35384615384615387,0.12527472527472525,0.03781195068232311,0.006136512247874853,0.2540957822036811,0.03617555231843968,296,0.010186155196853536,0.052232498147218,0.14285714285714285,0.09121621621621621,1.0,0.03435524748816935,1,Flipkart,Suitcases,Suitcases,ARISTOCRAT,TOMMY HILFIGER
0.2903225806451613,0.010752688172043057,0.2948717948717949,0.06959706959706957,-0.06790494917010216,-0.0011559462189117548,0.15126856938732353,0.11158753414673066,371,0.05258011922566642,-0.05871324115448032,0.13043478260869565,0.07258064516129033,1.0,0.07867776590984665,1,Flipkart,Mens Watches,Mens Watches,Allen Solly,DANIEL HECHTER
0.3680555555555556,0.03323412698412709,0.45901639344262296,0.1633489461358314,-0.1290718672444358,0.006010848604152949,0.34582990150805,0.11059102804590308,576,-0.0891713760117808,-0.11521649780933144,0.189873417721519,0.050522648083623695,1.0,0.09523680900707697,1,Flipkart,Mens Watches,Mens Watches,Allen Solly,DANIEL KLEIN
0.08,-0.0009523809523809545,0.15,0.07857142857142857,-0.01753326929911017,0.0033973586928523203,0.6034657287897852,0.06700318685791655,397,0.02047644594406681,-0.0359807623710253,0.051094890510948905,0.015113350125944584,1.0,0.05574773982523269,1,Flipkart,Mens Watches,Mens Watches,Allen Solly,LEE COOPER
0.3875598086124402,0.10970608339029392,0.30303030303030304,0.0670995670995671,0.005479425079713646,0.009935090649265682,0.28087617496613526,0.19059024642883865,1245,0.02668586714984601,-0.0016170426458071623,0.1518324607329843,0.20648967551622419,1.0,0.08179569819677172,1,Flipkart,Mens Watches,Mens Watches,Allen Solly,LEE COOPER
0.4484848484848485,0.14805194805194805,0.43795620437956206,0.2085505735140772,0.1612353987033842,0.03158143102446907,0.2668674930148667,0.15690034084308987,821,0.13921222196263233,0.2827470370271488,0.20446096654275092,0.036585365853658534,1.0,0.13360214398933132,1,Flipkart,Mens Watches,Mens Watches,Allen Solly,LEE COOPER
0.02857142857142857,0.008843537414965987,0.011764705882352941,0.006722689075630252,0.041785032096746264,0.0007808357530614822,0.8106219238317252,0.04176761259285901,910,-0.017018996138769577,0.02299076845362474,0.004975124378109453,0.002197802197802198,1.0,0.04769582210129616,1,Flipkart,Mens Watches,Mens Watches,Allen Solly,LEE COOPER
0.42934782608695654,0.09899068322981375,0.40119760479041916,0.09067579127459369,-0.045966070547211434,0.017440217084063542,0.2510490392714742,0.056584519510345536,1086,-0.012414855250724582,-0.0701037478926022,0.20063694267515925,0.07826887661141804,1.0,0.07696652796878248,1,Flipkart,Mens Watches,Mens Watches,Allen Solly,Mathey-Tissot
0.3291139240506329,-0.018987341772151944,0.3793103448275862,0.06157635467980288,0.11137236081927487,0.005401773716742813,0.19739124883413858,0.14389511091429621,639,0.14453116648067688,0.10206710556337847,0.17567567567567569,0.19790015847860537,1.0,0.13418785001044276,1,Flipkart,Mens Watches,Mens Watches,Allen Solly,NAVIFORCE
0.42162162162162165,0.07915057915057916,0.35772357723577236,0.04142469996128528,0.02305047267344292,0.013081647852683197,0.21215646038278307,0.05787746875158526,2151,0.05137382974979525,0.03876101703820301,0.18930041152263374,0.1323864996409479,1.0,0.04340897905901407,1,Flipkart,Mens Watches,Mens Watches,Allen Solly,Titan
0.2692307692307692,0.03351648351648348,0.2846153846153846,0.06758241758241762,0.000899570747084568,-0.0007464806556640047,0.2425694044430662,0.08708941278029313,1441,0.1429172970307161,-0.005063735889294582,0.12177121771217712,0.06629834254143646,1.0,0.14485386010244738,1,Flipkart,Non-Fiction,Non-Fiction,CBS Publishers and Distributors Private Limited,Oxford University Press
0.514792899408284,0.1496196111580727,0.445859872611465,0.09872611464968156,-0.015790248005321326,0.0224087749908145,0.2505562363746892,0.025392360168859585,741,0.2600026374185753,-0.029123522173422456,0.25597269624573377,0.26654291329984714,1.0,0.27137322552090626,1,Flipkart,Non-Fiction,Non-Fiction,CBS Publishers and Distributors Private Limited,Puffin Books
0.16304347826086957,0.061335403726708065,0.1566265060240964,0.07401032702237523,0.020664357352134084,0.004783550270495559,0.7412558347158368,0.11169010349639119,1425,0.3219151295192551,-0.008931707700606507,0.06403940886699508,0.03319502074688797,1.0,0.3258009673081904,1,Flipkart,Non-Fiction,Non-Fiction,CBS Publishers and Distributors Private Limited,Simon & Schuster
0.4298642533936652,0.06528765352294774,0.3872549019607843,0.060924369747899165,-0.04814815826419885,0.01323499164526279,0.2033664231241857,0.0872512044948992,856,0.2670401729534131,-0.037689009237317266,0.21518987341772153,0.5501179245283019,1.0,0.2812431693817256,1,Flipkart,Non-Fiction,Non-Fiction,CBS Publishers and Distributors Private Limited,Viz Media
0.175,0.05267857142857141,0.21428571428571427,0.05357142857142855,-0.04894607930814911,-0.010152615047765512,0.175057445796048,0.10668510956070763,291,0.15101121209578533,-0.025704878757305826,0.10526315789473684,0.24447310243183493,0.9897260273972602,0.1549963942315877,1,Flipkart,Electric Trimmers \u0026 Shavers,Electric Trimmers \u0026 Shavers,BEARDO,Braun
0.18840579710144928,0.06521739130434785,0.23863636363636365,0.04870129870129872,0.04334779420551126,0.01962752023354925,0.2047775593311256,0.04548080285412741,291,0.26578844205598284,0.018001152223786645,0.12101910828025478,0.05821917808219178,1.0,0.26226940208904437,1,Flipkart,Electric Trimmers \u0026 Shavers,Electric Trimmers \u0026 Shavers,BEARDO,PHILIPS
0.21875,0.12053571428571429,0.2753623188405797,0.12525879917184266,0.005403528178781913,0.009083918726948088,0.34906874319926817,0.03884434427317559,291,0.20357680822910784,0.036147986452143704,0.09859154929577464,0.14850200518990328,1.0,0.20740109552690303,1,Flipkart,Electric Trimmers \u0026 Shavers,Electric Trimmers \u0026 Shavers,BEARDO,PHILIPS
0.2868217054263566,0.10852713178294579,0.2689655172413793,0.0832512315270936,0.13750850915416696,0.009200362996140032,0.15732372932262498,0.0572238106715464,1018,0.1941945054229081,0.10608594632439272,0.11594202898550725,0.5236220472440944,1.0,0.19016395236072384,1,Flipkart,Perfumes,Perfumes,BEARDO,BELLAVITA
0.304,0.05485714285714274,0.4206896551724138,0.11379310344827587,0.11384110294973833,0.013313967819530977,0.17671489678244137,0.09154495201695725,716,0.1786911579874744,0.08875728162718821,0.17063492063492064,0.09445250632281604,1.0,0.18081482526994597,1,Flipkart,Perfumes,Perfumes,BEARDO,BELLAVITA
0.3372093023255814,0.11295681063122923,0.40625,0.13839285714285715,0.0591207762036746,0.0220947265625,0.19368844757463244,0.02916603474670742,533,-0.07988385722565818,0.024354052864100147,0.18604651162790697,0.110797694874128,1.0,0.0977343784979929,1,Flipkart,Perfumes,Perfumes,BEARDO,BELLAVITA
0.2706766917293233,0.05800214822771213,0.35036496350364965,0.11522419186652769,0.09066379332399208,0.009850110266765862,0.17747476484440872,0.042358156105401626,796,0.1132577909569498,0.053727320931252376,0.15037593984962405,0.08497536945812807,1.0,0.1102926316469022,1,Flipkart,Perfumes,Perfumes,BEARDO,BELLAVITA
0.4666666666666667,0.3142857142857142,0.35,0.15714285714285717,0.21689029051145112,0.037905798461249765,0.3277088751472986,0.06075041642673529,158,0.20384995931111813,0.0667631383293459,0.2153846153846154,0.3692022263450835,1.0,0.18939819858087195,1,Flipkart,Perfumes,Perfumes,BEARDO,AXE
0.025,-0.0007142857142857194,0.04926108374384237,0.02990851513019001,0.0033781146549824483,0.0007448362523317252,0.28824119846755025,0.017440123529225665,2243,-0.18546843194729243,0.0035231992634663,0.016736401673640166,0.10075121520106053,1.0,0.1907740624833675,1,Flipkart,Perfumes,Perfumes,BEARDO,DENVER
0.1564625850340136,0.0009718172983479156,0.23952095808383234,0.06116338751069289,0.027147519368849793,0.0006646868722159152,0.3330423034080609,0.05627765394248257,1092,0.14749348755248573,0.02682206406379451,0.06231454005934718,0.14969666787395872,1.0,0.14462076667616924,1,Flipkart,Perfumes,Perfumes,BEARDO,Em5
0.16279069767441862,-0.003322259136212591,0.2033898305084746,-0.008474576271186446,0.018770514400259584,0.0027792800913406628,0.2218608578066832,0.11060281160906747,272,-0.002322829228403688,-0.007581628908612777,0.0761904761904762,0.1311515348383953,1.0,0.03616200951303448,1,Flipkart,Perfumes,Perfumes,BEARDO,Em5
0.24299065420560748,0.04873164218958617,0.29365079365079366,0.05102040816326528,0.009253604371715716,0.0019321338002656688,0.18130967814291865,0.081401106223552,748,0.10818426471933518,0.025752659506216077,0.1087866108786611,0.1639784946236559,1.0,0.11121434660779002,1,Flipkart,Perfumes,Perfumes,BEARDO,French Factor
0.30711610486891383,0.07517388978063136,0.3150684931506849,0.04134050880626228,0.006047924137492209,0.010040885741243344,0.2576454571683121,0.05774784297010095,1568,0.33628684475482473,0.011715301063825857,0.1423487544483986,0.11471227936140851,0.9980867346938775,0.34962035598017954,1,Flipkart,Perfumes,Perfumes,BEARDO,THE MAN COMPANY
0.0,0.0,0.05714285714285714,0.04285714285714286,0.004526697717256874,-0.0007731119791666666,0.6123946206644432,0.16150189803594456,204,0.1233895575791662,-0.00041201139266657785,0.0,0.004901960784313725,1.0,0.11448200736941572,1,Flipkart,Perfumes,Perfumes,BEARDO,VOKKA
0.07657657657657657,0.027348777348777345,0.0547945205479452,0.016307893020221786,0.001817521324782694,0.0007014751085254668,0.3057724625123294,0.03444545652577776,2371,-0.17011224312785916,0.0028856322265341386,0.026515151515151516,0.06622499714358375,0.9897076986414162,0.1856716152790047,1,Flipkart,Perfumes,Perfumes,BEARDO,Wild Stone
0.32967032967032966,0.1248037676609105,0.35175879396984927,0.11988513998564251,0.027444104577920656,0.01344360736060712,0.1683631815465919,0.01310422406681281,1197,0.4170826248074739,0.053672919522483854,0.1693548387096774,0.15876152832674573,1.0,0.4131661072201749,1,Flipkart,Perfumes,Perfumes,BEARDO,Wild Stone
0.06382978723404255,0.018996960486322184,0.06451612903225806,0.017665130568356384,0.0075707857967812564,-0.0003801171401726054,0.3005376171993425,0.050149595795222525,2103,-0.3127614748515764,0.0077395309728453985,0.026515151515151516,0.056455035407484255,1.0,0.32182696985505854,1,Flipkart,Perfumes,Perfumes,BEARDO,Wild Stone
0.25,0.15816326530612246,0.26666666666666666,0.10476190476190472,0.31709914989664567,0.003283918183524113,0.31806583728351645,0.1109700203868688,158,0.057893340961502636,0.17415819699892812,0.1724137931034483,0.12016995350328682,1.0,0.13484654448978275,1,Flipkart,Perfumes,Perfumes,BELLAVITA,AXE
0.0,0.0,0.0,0.0,0.0,0.0,0.06754995709296281,0.0,998,0.0,0.0,0.0,0.047151277013752456,1.0,0.0,1,Flipkart,Perfumes,Perfumes,BELLAVITA,DENVER
0.25,0.03273809523809526,0.24752475247524752,0.058698727015558644,0.05513571770305745,0.007385589308480239,0.26393231633570313,0.07019081939099922,1018,0.7728764115053429,0.04454445044013392,0.1188118811881188,0.09116106897797038,0.9754420432220039,0.7755383205650859,1,Flipkart,Perfumes,Perfumes,BELLAVITA,Em5
0.2916666666666667,0.12648809523809526,0.2549019607843137,0.06442577030812324,0.01568676069914589,0.022925304969653264,0.17698020234849401,0.13149754877525763,272,0.16293288117064825,0.032285285361615255,0.16304347826086957,0.1213235294117647,1.0,0.17271289624089284,1,Flipkart,Perfumes,Perfumes,BELLAVITA,Em5
0.20689655172413793,0.01806239737274218,0.27956989247311825,0.06221198156682031,0.02886220476652871,0.007918034339098597,0.08909539925925204,0.11731488681219561,748,0.748246647358508,0.018756224619170914,0.15083798882681565,0.09153977049609494,1.0,0.7562785079480219,1,Flipkart,Perfumes,Perfumes,BELLAVITA,French Factor
0.2714285714285714,0.05102040816326528,0.23870967741935484,0.01612903225806453,-0.006626990441964912,0.00722165771519814,0.206500156866562,0.02866284846674795,1018,0.1799149369305685,0.0017233146066782375,0.1474820143884892,0.17971031197172277,1.0,0.18379165363870914,1,Flipkart,Perfumes,Perfumes,BELLAVITA,THE MAN COMPANY
0.0,0.0,0.037037037037037035,0.013227513227513227,0.0028165325760704765,-0.0006917317708333333,0.706544323311775,0.03131690433309714,204,0.03616814098322212,-0.00013361445319373034,0.0,0.0024752475247524753,1.0,0.03635460812282814,1,Flipkart,Perfumes,Perfumes,BELLAVITA,VOKKA
0.0,-0.0031746031746031746,0.0,-0.006968641114982578,-9.482205933553915e-05,-0.00022256931766445335,0.25181415371055327,0.13148624969762776,960,0.40041017946048,0.0,0.0,0.03298369380240725,1.0,0.40914036107121765,1,Flipkart,Perfumes,Perfumes,BELLAVITA,Wild Stone
0.37735849056603776,0.16846361185983827,0.375,0.16826923076923075,0.08643176570875664,0.01342571152144308,0.11057802523251402,0.10057729856923088,1018,0.19528198017163637,0.07134507515786856,0.18840579710144928,0.28366565961732126,1.0,0.19295874864924092,1,Flipkart,Perfumes,Perfumes,BELLAVITA,Wild Stone
0.0,0.0,0.0,-0.02040816326530612,0.0005172097922284131,-8.890921099425901e-05,0.0,0.0005204279324438776,692,-0.024510072752133797,0.0001455937733025328,0.0,0.03512970490582431,0.9990176817288802,0.027252116557308755,1,Flipkart,Perfumes,Perfumes,BELLAVITA,Wild Stone
0.2702702702702703,0.12162162162162163,0.37777777777777777,0.1634920634920635,-0.08433058448241802,0.009804841433664856,0.37719976687608764,0.183241764176422,158,0.013597359052451269,-0.03191600626633483,0.18181818181818182,0.21600877192982454,1.0,0.12034633784555313,1,Flipkart,Perfumes,Perfumes,BELLAVITA,AXE
0.0,0.0,0.0,0.0,0.0,0.0,0.08801565672967035,0.0,696,0.0,0.0,0.0,0.11312849162011174,1.0,0.0,1,Flipkart,Perfumes,Perfumes,BELLAVITA,DENVER
0.30434782608695654,0.08136645962732916,0.37209302325581395,0.11517165005537094,0.04093992520042172,0.015251354207953495,0.33091067752848596,0.0902263536527602,716,0.5157728957630768,0.02524352959006414,0.1574468085106383,0.13845952318574797,1.0,0.5221630726573556,1,Flipkart,Perfumes,Perfumes,BELLAVITA,Em5
0.18032786885245902,0.015222482435597207,0.3424657534246575,0.12524461839530332,0.05777410348371283,0.00959978366684694,0.24682690058364984,0.16480100282704419,272,-0.019198201246525635,0.054217238301489765,0.11811023622047244,0.15941295546558704,0.9816176470588235,0.08521069983605149,1,Flipkart,Perfumes,Perfumes,BELLAVITA,Em5
0.26605504587155965,0.029488859764089187,0.328,0.06514285714285717,-0.027560521436605277,0.006915543664949134,0.1491937378049794,0.10472812212726097,716,0.4704652301477662,0.013455176342672426,0.16591928251121077,0.04285714285714286,0.9427374301675978,0.478258112621301,1,Flipkart,Perfumes,Perfumes,BELLAVITA,French Factor
0.391304347826087,0.07349896480331264,0.3522012578616352,0.009433962264150941,-0.03728592413576668,0.005060732923768005,0.23815758095297304,0.12954852998814284,716,0.03667142984987551,-0.019217986105990098,0.20676691729323307,0.15425838700374894,0.9986033519553073,0.06555481048788023,1,Flipkart,Perfumes,Perfumes,BELLAVITA,THE MAN COMPANY
0.0,0.0,0.023809523809523808,0.008503401360544217,0.0012421196904196098,-0.0010172526041666665,0.789620917431171,0.3197715371640528,204,-0.017782984059462065,-0.001477595111695088,0.0,0.004901960784313725,1.0,0.22471853332408978,1,Flipkart,Perfumes,Perfumes,BELLAVITA,VOKKA
0.0,0.0,0.015625,0.003348214285714286,0.0011143117847430635,-0.00023121707132947838,0.2664374341827527,0.08995387087599804,658,0.4082558350167107,-0.0010216035517755118,0.0,0.16737689393939392,0.9874301675977654,0.4112047658174834,1,Flipkart,Perfumes,Perfumes,BELLAVITA,Wild Stone
0.37168141592920356,0.10998735777496838,0.41935483870967744,0.1330645161290323,0.0679580797204354,0.020758941193471575,0.13534239454708444,0.045350071827087696,716,0.42041186481118253,0.08511809309723424,0.21076233183856502,0.08094612806247625,1.0,0.41977661755239026,1,Flipkart,Perfumes,Perfumes,BELLAVITA,Wild Stone
0.0,0.0,0.0,0.0,0.0,0.0,0.0,0.0,390,0.4792713550086285,-0.0010650808472387832,0.0,0.01055580126787557,1.0,0.48182937688738575,1,Flipkart,Perfumes,Perfumes,BELLAVITA,Wild Stone
0.2222222222222222,0.16666666666666666,0.36363636363636365,0.2337662337662338,0.01865748306726543,0.011919764755303507,0.27747473088591196,0.038205750971687186,150,-0.029238989525198312,0.021662762923095612,0.14634146341463414,0.049019607843137254,1.0,0.1284993734402626,1,Flipkart,Perfumes,Perfumes,BELLAVITA,AXE
0.0,0.0,0.0,0.0,0.0,0.0,0.038387525819736416,0.0,521,0.0,0.0,0.0,0.0825515947467167,1.0,0.0,1,Flipkart,Perfumes,Perfumes,BELLAVITA,DENVER
0.21176470588235294,-0.003361344537815114,0.28888888888888886,0.0841269841269841,-0.0575741361953401,0.009058817717892305,0.30921072270378025,0.12656717756988575,533,0.41531494757778104,-0.04563562323600338,0.125,0.06907020872865274,1.0,0.4181236768809365,1,Flipkart,Perfumes,Perfumes,BELLAVITA,Em5
0.20512820512820512,0.09340659340659338,0.25,0.1103896103896104,-0.0426951162850722,0.007352000000000001,0.09402166586023701,0.08076939789491053,264,-0.14152928996639122,-0.0355219974347308,0.125,0.03759398496240601,1.0,0.1535562256746405,1,Flipkart,Perfumes,Perfumes,BELLAVITA,Em5
0.14814814814814814,-0.030864197530864196,0.2727272727272727,0.06737012987012983,0.0317316873525229,0.004457211905657581,0.25786060618380824,0.045327761593564594,533,0.4274591933346278,0.018932319527253067,0.11764705882352941,0.07007493875198155,1.0,0.4318940646126629,1,Flipkart,Perfumes,Perfumes,BELLAVITA,French Factor
0.3069306930693069,0.05445544554455439,0.29464285714285715,0.0012755102040816202,-0.013397036616951423,-0.0029920000000000016,0.1973737721621736,0.01613291098184633,533,0.04757002389369014,-0.008361596092574414,0.1346153846153846,0.12759103641456582,1.0,0.05231458872974814,1,Flipkart,Perfumes,Perfumes,BELLAVITA,THE MAN COMPANY
0.0,0.0,0.0,0.0,0.0,0.0,0.05003779414019709,0.0,196,-0.05254075702467734,7.74737978223107e-20,0.0,0.004901960784313725,1.0,0.053400704786124895,1,Flipkart,Perfumes,Perfumes,BELLAVITA,VOKKA
0.0,0.0,0.023255813953488372,0.011627906976744184,0.00140481394598569,-0.0002305321653036958,0.21123828707798742,0.09261129465903614,483,0.39212342519461746,-0.0017315711802209546,0.0,0.019506660811008637,1.0,0.39359281078215097,1,Flipkart,Perfumes,Perfumes,BELLAVITA,Wild Stone
0.40963855421686746,0.1695352839931153,0.34146341463414637,0.08101045296167242,0.04433315361389365,0.020519134092541295,0.2788180865221602,0.06820289664951643,533,-0.07826069863189693,0.01632771429616796,0.19254658385093168,0.07299322668972474,1.0,0.08880302759215047,1,Flipkart,Perfumes,Perfumes,BELLAVITA,Wild Stone
0.0,0.0,0.0,0.0,0.0,0.0,0.0,0.0,215,0.4482114365597478,-0.0017315711802209535,0.0,0.019506660811008637,1.0,0.4500430259385068,1,Flipkart,Perfumes,Perfumes,BELLAVITA,Wild Stone
0.36,0.21714285714285714,0.4,0.24285714285714285,0.14496852155853862,0.013195266272189348,0.25062655897330177,0.11153883918806483,142,0.28971691097591573,0.320246121077423,0.2,0.11309523809523808,1.0,0.2880418885483003,1,Flipkart,Perfumes,Perfumes,BELLAVITA,AXE
0.0,0.0,0.0,0.0,0.0,0.0,0.05431433436317523,0.0,792,0.0,0.0,0.0,0.08668341708542714,1.0,0.0,1,Flipkart,Perfumes,Perfumes,BELLAVITA,DENVER
0.2920353982300885,0.08217446270543616,0.32456140350877194,0.1033834586466166,0.015925906371713563,0.007429091645475254,0.2593385832453062,0.03404517746026058,796,0.4883192685934311,0.03640294400139048,0.1459227467811159,0.042606516290726815,1.0,0.48767750933823295,1,Flipkart,Perfumes,Perfumes,BELLAVITA,Em5
0.1,-0.0357142857142857,0.2,0.04464285714285718,0.03191851428048687,-0.007393620654326891,0.09486518232361514,0.11993488773080406,256,-0.15459051071299193,0.07820194488180658,0.043010752688172046,0.11029411764705882,1.0,0.2165660206359869,1,Flipkart,Perfumes,Perfumes,BELLAVITA,Em5
0.21100917431192662,0.035386631716906924,0.22018348623853212,0.01965923984272608,0.06328992363720151,-4.0239424576211935e-06,0.1119743457936666,0.06008049176278053,732,0.5424311330455127,0.043422110309134614,0.09649122807017543,0.046308724832214765,1.0,0.555494527514846,1,Flipkart,Perfumes,Perfumes,BELLAVITA,French Factor
0.2887323943661972,0.07293762575452714,0.23648648648648649,-0.009652509652509633,0.009483147481090446,0.0024034407151290287,0.1975476201471421,0.041673407230910176,796,0.10872470571227347,-0.002072947540050609,0.12714776632302405,0.24275092936802975,1.0,0.11613609914032931,1,Flipkart,Perfumes,Perfumes,BELLAVITA,THE MAN COMPANY
0.0,0.0,0.0,0.0,0.0,0.0,0.06271195832021265,0.0,188,-0.07904305629657446,0.0005587176961386321,0.0,0.0024752475247524753,1.0,0.08047760923598513,1,Flipkart,Perfumes,Perfumes,BELLAVITA,VOKKA
0.03125,0.025669642857142856,0.0,-0.012106537530266344,0.0010246218439713005,-0.00025799571727109334,0.2733039035870193,0.002876699956553704,754,0.4232176548156088,-7.288225487023367e-05,0.0,0.043478260869565216,1.0,0.43583068298313227,1,Flipkart,Perfumes,Perfumes,BELLAVITA,Wild Stone
0.2786885245901639,0.0819672131147541,0.3103448275862069,0.11022167487684734,-0.10443814244421305,0.009084975435582164,0.1560653174881006,0.10565689354993316,796,0.16135201521395917,-0.10992353412364761,0.13991769547325103,0.08497536945812807,1.0,0.17992992205741748,1,Flipkart,Perfumes,Perfumes,BELLAVITA,Wild Stone
0.0,0.0,0.0,-0.004201680672268907,0.0013587026548424058,-0.00022013739163089435,0.0,0.0013691714583740236,486,0.6876966136789221,-0.00029001614056772666,0.0,0.043505674653215635,1.0,0.6879309132575229,1,Flipkart,Perfumes,Perfumes,BELLAVITA,Wild Stone
0.0,0.0,0.0,0.0,0.0,0.0,0.13581582960306246,0.0,138,0.0,0.0,0.0,0.0949367088607595,1.0,0.0,1,Flipkart,Perfumes,Perfumes,AXE,DENVER
0.045454545454545456,-0.051948051948051924,0.2857142857142857,0.10969387755102039,0.02305264801519888,-0.0008678926627885154,0.32178758153509346,0.20093937124405992,158,0.5317060002187652,0.07884989811537421,0.1,0.16144668158090975,1.0,0.5562518174558501,1,Flipkart,Perfumes,Perfumes,AXE,Em5
0.15,0.07499999999999997,0.32142857142857145,0.17091836734693883,0.1603140669877705,0.007060424094576844,0.36393011775431555,0.2200444426351141,158,0.20662155305602176,0.14661599208413362,0.10638297872340426,0.13267543859649122,1.0,0.18416659730803273,1,Flipkart,Perfumes,Perfumes,AXE,Em5
0.20689655172413793,0.03448275862068961,0.17142857142857143,-0.03877551020408157,0.008171446986073009,-0.00788140364045787,0.38745069544327376,0.31938552510665436,158,-0.13198636935314792,0.025016469241997102,0.08695652173913043,0.12016995350328682,1.0,0.21511245277415134,1,Flipkart,Perfumes,Perfumes,AXE,French Factor
0.2926829268292683,0.1114982578397212,0.3333333333333333,0.12925170068027209,-0.012209612737488757,0.016114655657721896,0.4144866102317753,0.05502298349869258,158,0.05197627504907964,-0.0032615356117248447,0.11627906976744186,0.2191142191142191,1.0,0.0616439131328247,1,Flipkart,Perfumes,Perfumes,AXE,THE MAN COMPANY
0.0,0.0,0.0,-0.015306122448979591,0.0043243405124230505,-0.0006035665294924555,0.42205856722347596,0.39648497800510923,158,0.2232872076265357,-0.0057104372868886435,0.0,0.006329113924050633,1.0,0.23351901130864608,1,Flipkart,Perfumes,Perfumes,AXE,VOKKA
0.0,0.0,0.0,0.0,0.0,0.0,0.1813677711803459,0.0,100,0.0,0.0,0.0,0.05172413793103448,1.0,0.0,1,Flipkart,Perfumes,Perfumes,AXE,Wild Stone
0.48,0.34285714285714286,0.20689655172413793,0.05418719211822662,0.3442294011566731,0.018061550009382622,0.33166944139175175,0.05230578717443126,158,0.19719843176038648,0.1742368122369396,0.18181818181818182,0.13930348258706468,1.0,0.17336397304675044,1,Flipkart,Perfumes,Perfumes,AXE,Wild Stone
0.25961538461538464,-0.04876373626373626,0.30927835051546393,0.009572901325478667,0.04350713503307061,0.006555258634749771,0.08452669089517065,0.10984932737007996,564,0.08852679880015794,0.03819823136844195,0.14354066985645933,0.11524822695035461,1.0,0.08435103848789384,1,Flipkart,Mixers \u0026 Grinders,Mixers \u0026 Grinders,Beyond Appliances,Faber
0.43157894736842106,0.17067669172932332,0.2823529411764706,0.046218487394957986,-0.08133772721413288,0.012538270884968655,0.11589080610700375,0.10836942487537762,377,0.2858688964863847,-0.020316428249797517,0.2222222222222222,0.09814323607427056,1.0,0.31153782083553416,1,Flipkart,Mixers \u0026 Grinders,Mixers \u0026 Grinders,Beyond Appliances,Flipkart SmartBuy
0.2684563758389262,-0.017257909875359467,0.3422818791946309,0.08245445829338449,0.09616791155578389,0.013974455296769349,0.11980505507504983,0.052483107607552114,625,0.21404870559631864,0.1485086842663683,0.16722408026755853,0.0912,1.0,0.18530481719588723,1,Flipkart,Mixers \u0026 Grinders,Mixers \u0026 Grinders,Beyond Appliances,Grand plus
0.26548672566371684,-0.008217446270543605,0.25471698113207547,-0.002695417789757404,0.0010391433944610402,-0.0014358531692450147,0.07425295944630708,0.0559057179253502,664,0.2951234317831276,-0.0011007126392887454,0.15079365079365079,0.0858433734939759,1.0,0.2985526880225849,1,Flipkart,Mixers \u0026 Grinders,Mixers \u0026 Grinders,Beyond Appliances,HAVELLS
0.47058823529411764,0.1782713085234094,0.3333333333333333,0.08834586466165417,0.017222093792882483,0.0188143783033062,0.08484662548430537,0.090941879716845,664,0.22857888621441774,0.03747138167752088,0.20168067226890757,0.24324734446130503,1.0,0.22703336517020725,1,Flipkart,Mixers \u0026 Grinders,Mixers \u0026 Grinders,Beyond Appliances,Hindware Smart Appliances
0.1978021978021978,-0.01177394034536891,0.3023255813953488,0.09551495016611297,-0.04452738738041128,0.0023093650168814063,0.1731620991827109,0.05656357868602265,1043,-0.008974181189790412,-0.03491009074373211,0.10429447852760736,0.10584932995291561,0.9617437722419929,0.015531974985814153,1,Flipkart,TWS Earbuds,TWS Earbuds,boAt,Mivi
0.11363636363636363,0.007711038961038946,0.16666666666666666,0.051091269841269826,0.018292367730858305,0.00045752017441596377,0.18002410142194844,0.106642405682151,1043,0.20847300798520021,0.023850549969098023,0.0486322188449848,0.10210491367861886,0.9531802120141343,0.22857722383502327,1,Flipkart,TWS Earbuds,TWS Earbuds,boAt,Mivi
0.40332640332640335,0.008019008019008123,0.4553376906318083,0.07236227824463126,0.05137337753687673,0.015631974228104563,0.17699141310724353,0.0464805340638454,1726,0.7520352628804357,0.1210398083720401,0.20342857142857143,0.2281897285538636,0.7918577981651376,0.7370286404972097,1,Flipkart,Headphones,Headphones,boAt,Goboult
0.4351464435146444,0.05334728033472802,0.47115384615384615,0.1316964285714286,0.10891969428319818,0.02620825803267504,0.18649237313927006,0.07963488538158564,1855,0.543329746679211,0.13183460499083624,0.22142857142857142,0.15531993115088316,0.7191671115856914,0.516543443821144,1,Flipkart,Headphones,Headphones,boAt,Noise
0.125,0.0014880952380952467,0.13157894736842105,0.0,-0.07211258392357214,-0.008481262327416174,0.1710773910570332,0.093059558779056,203,0.32112646651265886,-0.02258869709051471,0.027932960893854747,0.020224719101123594,1.0,0.35569169275115825,1,Flipkart,Earphones,Earphones,boAt,Mivi
0.11538461538461539,-0.005494505494505503,0.125,-0.01785714285714285,0.027906330426080758,0.00039447731755424056,0.1688285485596654,0.07835611854255531,203,0.331157591800867,0.035466170462997604,0.02197802197802198,0.020224719101123594,1.0,0.34538749667271934,1,Flipkart,Earphones,Earphones,boAt,Mivi
0.14705882352941177,0.027310924369747913,0.16666666666666666,0.05238095238095235,-0.09982153737133904,-0.006200396825396826,0.33064103250038906,0.10480300657712989,174,0.5284582845868473,-0.03627441534137146,0.03361344537815126,0.04125,1.0,0.5303122914429013,1,Flipkart,Earphones,Earphones,boAt,Mivi
0.3333333333333333,0.1836734693877551,0.15,0.03214285714285711,-0.08662389606881787,0.0053254437869822485,0.2929656645019966,0.12490905090175412,203,0.4353629703481025,-0.05021106125421177,0.07142857142857142,0.06367574257425743,1.0,0.44202817221436846,1,Flipkart,Earphones,Earphones,boAt,Noise
0.025179856115107913,-0.006423432682425487,0.03731343283582089,0.0037313432835820864,-0.01270796127697733,-0.0003750000000000001,0.1753317318749186,0.05118553977512137,1736,0.38939462844874284,-0.01571884948306727,0.01,0.005160550458715597,1.0,0.3973603058974951,1,Flipkart,Headphones,Headphones,boAt,Goboult
0.028985507246376812,-0.0025879917184265,0.04,0.003174603174603184,-0.016717097124063468,0.0004799282396266331,0.1808319296195824,0.037750840609022444,1865,0.21008498459431718,-0.019411799891174437,0.015789473684210527,0.004805125467164976,1.0,0.22197345870868357,1,Flipkart,Headphones,Headphones,boAt,Noise
0.19540229885057472,-0.04926108374384233,0.38636363636363635,0.15097402597402595,-0.015790003861342647,0.00048416220003303506,0.16598442518317102,0.05082963548441632,439,0.12871408385863264,0.008453690693909648,0.1111111111111111,0.07972665148063782,1.0,0.13176377166881043,1,Flipkart,Headphones,Headphones,boAt,Goboult
0.3176470588235294,0.10840336134453779,0.23529411764705882,0.055672268907562994,0.058611297788447245,0.01102750610898776,0.1976974685371866,0.050659224901046025,439,0.061403627425103184,0.005937926663702818,0.09210526315789473,0.16627358490566038,0.9840546697038725,0.09020206755152496,1,Flipkart,Headphones,Headphones,boAt,Noise
0.2631578947368421,-0.01954887218045115,0.2872340425531915,0.006079027355623046,0.057146886325468375,0.0034257511975613296,0.2948565240828478,0.1093856785696103,435,0.06145204135630621,0.0963096525304568,0.17679558011049723,0.12715179968701096,1.0,0.058026029629923676,1,Flipkart,Speakers,Speakers,boAt,iNFiRe
0.0,0.0,0.125,0.08482142857142858,0.20069623696974187,0.008577590432310558,0.5336587118055816,0.351885793008917,109,0.15760821422266996,0.24732671089773978,0.03333333333333333,0.10606060606060606,1.0,0.16671723215091835,1,Flipkart,Speakers,Speakers,boAt,TRIGGR
0.0,0.0,0.1875,0.1517857142857143,0.20069623696974187,0.008577590432310558,0.30301747169212534,0.3867885875224027,109,0.1610595208483139,0.2473267108977398,0.03333333333333333,0.1076923076923077,1.0,0.1644430608685542,1,Flipkart,Speakers,Speakers,boAt,TRIGGR
0.07142857142857142,0.05612244897959183,0.11764705882352941,0.07983193277310924,-0.3756880246062869,-0.002691272587466359,0.633419847921783,0.4107269521207475,110,0.07553073395511181,-0.2559899150898753,0.06451612903225806,0.11880341880341881,1.0,0.16105952084831393,1,Flipkart,Speakers,Speakers,boAt,TRIGGR
0.08333333333333333,0.06547619047619047,0.1875,0.125,0.10657532432194554,0.006738010305192232,0.6533834277339834,0.3289685640690066,95,0.15397891007455217,0.24240581439047823,0.1111111111111111,0.11607142857142858,1.0,0.16907414861391934,1,Flipkart,Speakers,Speakers,boAt,TRIGGR
0.08333333333333333,0.06547619047619047,0.1875,0.125,0.10657532432194554,0.006738010305192232,0.6593446326610756,0.3289685640690066,95,0.15397891007455217,0.24240581439047823,0.1111111111111111,0.11607142857142858,1.0,0.16907414861391934,1,Flipkart,Speakers,Speakers,boAt,TRIGGR
0.3333333333333333,0.2341269841269841,0.42105263157894735,0.33458646616541354,0.14781216827332444,0.014291115311909262,0.37653374999803996,0.15718479967350948,123,0.10514447207282218,0.014413294162954282,0.14705882352941177,0.14384010484927917,1.0,0.1157319081225596,1,Flipkart,Smartwatches,Smartwatches,boAt,Fastrack
0.0,-0.02040816326530612,0.1111111111111111,0.07142857142857142,-0.009761134668322258,-0.0014744801512287333,1.2124635952343874,0.05089518505111973,123,-0.16465068628963975,-0.0021608096064011455,0.0,0.008849557522123894,1.0,0.2726699284979944,1,Flipkart,Smartwatches,Smartwatches,boAt,Fire-Boltt
0.13333333333333333,0.0380952380952381,0.23529411764705882,0.13445378151260504,-0.07214420399743614,0.0003402646502835543,1.3345505522194328,0.27261742465725036,123,0.3085973108515207,-0.0008608964121208342,0.06451612903225806,0.10923869944488501,1.0,0.33062091377026714,1,Flipkart,Smartwatches,Smartwatches,boAt,Fire-Boltt
0.35714285714285715,0.2551020408163266,0.2,0.09523809523809526,0.1522286470651367,0.01822306238185255,0.4843961428169717,0.1273946623438996,123,-0.3957164737769164,0.1140344713351474,0.14285714285714285,0.07241153342070773,1.0,0.6275707287494504,1,Flipkart,Smartwatches,Smartwatches,boAt,Noise
0.0,0.0,0.0,0.0,0.0,0.0,0.357770106717415,0.0,122,0.0,0.0,0.0,0.03669724770642202,1.0,0.0,1,Flipkart,Smartwatches,Smartwatches,boAt,Titan
0.1794871794871795,0.017399267399267365,0.17647058823529413,0.04516806722689076,0.047031275444190696,0.0009336803983703047,0.7773067115547334,0.06953779441599538,584,-0.0962770206758793,0.0809149628682985,0.06802721088435375,0.04126602564102564,1.0,0.12286923546483251,1,Flipkart,Smartwatches,Smartwatches,boAt,Fastrack
0.13559322033898305,0.07869249394673125,0.1875,0.13839285714285715,-0.0019864248751789307,0.0009478270710728837,0.6434059679847477,0.26959779212020213,584,0.7578770018660536,0.0038874249963079394,0.02727272727272727,0.11344067986134407,0.9845890410958904,0.7649861076036332,1,Flipkart,Smartwatches,Smartwatches,boAt,Fire-Boltt
0.17647058823529413,0.035714285714285726,0.3,0.20833333333333331,0.02994563320911723,0.0038995990553083977,0.882862576851053,0.11646498689436259,584,0.23393531517950444,-0.11404097298284799,0.0967741935483871,0.07562854825628548,1.0,0.24785325364191688,1,Flipkart,Smartwatches,Smartwatches,boAt,Fire-Boltt
0.25925925925925924,0.008818342151675485,0.2916666666666667,0.11706349206349209,0.008577713370728017,0.00819614955357143,0.76314535728053,0.16865559403014807,468,-0.1391428101109288,0.04208563863483376,0.10666666666666667,0.1068694392716739,0.9017094017094017,0.1494374294557043,1,Flipkart,Smartwatches,Smartwatches,boAt,Noise
0.08333333333333333,-0.01904761904761905,0.05660377358490566,-0.024258760107816704,-0.006416517617326509,0.0002587003776394537,0.7712745266682376,0.20880025329434346,583,0.22296601009311023,-0.00199885263215136,0.02586206896551724,0.03563683787513458,1.0,0.27849095918663014,1,Flipkart,Smartwatches,Smartwatches,boAt,Titan
0.1,0.0642857142857143,0.16666666666666666,0.125,-0.008134469392249002,-0.005246913580246913,0.22855751357185564,0.4772337936721727,98,0.16344284897056602,-0.006145631816229307,0.045454545454545456,0.17719298245614035,1.0,0.24077066700754082,1,Flipkart,Smartwatches,Smartwatches,boAt,Fastrack
0.0,-0.04761904761904762,0.0,-0.05194805194805195,-0.015853841247368196,-0.004012345679012345,1.2114074398798693,0.09461880172077389,98,0.18661987488949447,-0.0015115141462717322,0.0,0.07521239380309845,1.0,0.20282229363968696,1,Flipkart,Smartwatches,Smartwatches,boAt,Fire-Boltt
0.0,-0.05952380952380952,0.5,0.47619047619047616,0.07948673916915919,0.008950617283950617,0.2148220704800427,0.2616526012123219,98,0.2745454141992003,0.24068113884844783,0.07692307692307693,0.010526315789473684,1.0,0.22746957307203117,1,Flipkart,Smartwatches,Smartwatches,boAt,Noise
0.0,-0.023809523809523808,0.18181818181818182,0.14285714285714285,-0.023058382583188895,-0.003148148148148148,0.21752969198901093,0.30508339121351224,98,0.06884990899301725,-0.01081876425321892,0.05,0.2552083333333333,1.0,0.2694887691328769,1,Flipkart,Smartwatches,Smartwatches,boAt,Fastrack
0.0,-0.03571428571428571,0.0,-0.049999999999999996,0.02686493951866334,-0.002407407407407407,1.2048502160038854,0.030041993169940627,98,0.256311887751515,-0.0026608680283669596,0.0,0.07521239380309845,1.0,0.2735911389269808,1,Flipkart,Smartwatches,Smartwatches,boAt,Fire-Boltt
0.0,-0.07142857142857142,0.4,0.37142857142857144,0.43267007817632513,0.009814814814814814,0.19660928024569818,0.04248519972687967,98,0.3532567983783186,0.4236948420049072,0.09090909090909091,0.005208333333333333,1.0,0.293635732170596,1,Flipkart,Smartwatches,Smartwatches,boAt,Noise
0.0,-0.023809523809523808,0.18181818181818182,0.14285714285714285,-0.07431635022710302,-0.003148148148148148,0.22019083938897707,0.29183410072668814,98,0.06679185538087241,-0.022106572417626147,0.05,0.2552083333333333,1.0,0.2694887691328769,1,Flipkart,Smartwatches,Smartwatches,boAt,Fastrack
0.0,-0.03571428571428571,0.0,-0.049999999999999996,0.024099700944988676,-0.002407407407407407,1.2049652963667241,0.03335856076316899,98,0.2562496384628879,-0.0026549753162898445,0.0,0.07521239380309845,1.0,0.2735246281835486,1,Flipkart,Smartwatches,Smartwatches,boAt,Fire-Boltt
0.0,-0.07142857142857142,0.4,0.37142857142857144,0.40772373198581385,0.009814814814814814,0.1999306517124179,0.11575348368457913,98,0.35317100452538974,0.4227565347736297,0.09090909090909091,0.005208333333333333,1.0,0.2935577670989054,1,Flipkart,Smartwatches,Smartwatches,boAt,Noise
0.3269230769230769,0.08516483516483514,0.3387096774193548,0.06912442396313362,-0.04139929793455007,-0.011009070721517557,0.10547813536750192,0.10655094513959547,175,0.3949437513744122,-0.017619897475192943,0.16071428571428573,0.26285714285714284,1.0,0.421132004974513,1,Flipkart,Drills,Drills,BOSCH,Flipkart SmartBuy
0.5434782608695652,0.2041925465838509,0.5544554455445545,0.15346534653465344,0.027203121446757544,0.03155989658144211,0.12524480993583392,0.16753441795976975,309,0.03748617034017528,0.0430474786181659,0.3067484662576687,0.1607717041800643,1.0,0.0686842646681825,1,Flipkart,Drills,Drills,BOSCH,INGCO
0.4457831325301205,0.08218588640275398,0.4620253164556962,0.14376130198915005,-0.010869704820356882,0.02077950043066322,0.13398905743301734,0.09212667139536579,954,0.022556671873134218,0.015828527657193853,0.21,0.1108786610878661,1.0,0.02872929888536321,1,Flipkart,Drills,Drills,BOSCH,LEOFAST PROFESSIONAL
0.3448275862068966,0.08990147783251234,0.43859649122807015,0.17543859649122806,0.13515706130681357,0.007395837253942564,0.14406320434172373,0.28098242400132506,175,0.268988454927336,0.16846399776051907,0.24761904761904763,0.2055732484076433,1.0,0.2568982985350425,1,Flipkart,Drills,Drills,BOSCH,Flipkart SmartBuy
0.509090909090909,0.14285714285714285,0.46017699115044247,0.09102402022756012,0.04008611168304335,0.028466483011937563,0.1465529224660323,0.13687192814595545,311,0.26520560715012526,0.03186651236626696,0.2978723404255319,0.1607717041800643,1.0,0.2571280255830197,1,Flipkart,Drills,Drills,BOSCH,INGCO
0.41450777202072536,0.02923760177646184,0.37222222222222223,0.05396825396825394,0.013628280099067174,0.011108398437500002,0.16802207182751122,0.08177594160232847,1333,0.006672255061991398,0.012212533734636209,0.2096317280453258,0.10882352941176471,1.0,0.020305308205639826,1,Flipkart,Drills,Drills,BOSCH,LEOFAST PROFESSIONAL
0.5055970149253731,0.07929104477611931,0.46638655462184875,0.07472989195678265,0.04945022620418842,0.020451999950496277,0.20573758513381846,0.05018392697925606,1744,0.5006787797520947,0.09564034527641951,0.2597114317425083,0.21364894549681335,0.8176605504587156,0.49144155617987273,1,Flipkart,Headphones,Headphones,Goboult,Noise
0.39364303178484106,0.0626964722319246,0.4134831460674157,0.04895666131621179,0.04705800615933003,0.015560899139122116,0.19042045232820778,0.05699446630400571,2110,-0.006548139366592263,0.03236737156603914,0.19473081328751432,0.160939027370479,1.0,0.03182632790278154,1,Flipkart,Electric Trimmers \u0026 Shavers,Electric Trimmers \u0026 Shavers,Braun,PHILIPS
0.39221556886227543,0.022027373823781005,0.4231974921630094,0.05306762203313925,-0.029653139496994958,0.00926373939109984,0.3121251022499939,0.05180163870402568,1645,0.09601699618053854,-0.03110712545099728,0.2178619756427605,0.191824796193762,0.9969604863221885,0.13496060437680288,1,Flipkart,Electric Trimmers \u0026 Shavers,Electric Trimmers \u0026 Shavers,Braun,PHILIPS
0.5352112676056338,0.26056338028169007,0.6557377049180327,0.4203747072599532,0.18519400689305998,0.06019779766946728,0.07522530106810267,0.11733297515778382,221,0.5298975590221315,0.2229233442014657,0.3805970149253731,0.19909502262443438,1.0,0.48911668836912614,1,Flipkart,Fans,Fans,zigma,Longway
0.35294117647058826,0.08403361344537819,0.38271604938271603,0.10846560846560849,0.018759099797284916,0.014192841490138788,0.12440297310800277,0.10006186223328664,388,0.1896243013873578,0.010598655583746947,0.16666666666666666,0.13917525773195877,1.0,0.2460042622042541,1,Flipkart,Car Cleaning Kits,Car Cleaning Kits,Car 101,JENYSHOP
0.3023255813953488,0.059800664451827246,0.3563218390804598,0.13793103448275862,0.0747242635530784,0.010330514028900473,0.10938407873061846,0.0779061535828141,592,0.29088159625842297,0.04586670388038873,0.143646408839779,0.1460856561628518,0.9438943894389439,0.2985011164944076,1,Flipkart,Air Conditioners,Air Conditioners,CARRIER,LG
0.32,0.2114285714285714,0.25,0.15816326530612246,-0.02317037734384372,0.008310341758632966,0.655321782698717,0.16315067617790732,225,-0.34041091706727794,-0.07986949412404225,0.12857142857142856,0.08140096618357488,1.0,0.3709216979895943,1,Flipkart,Gym Equipment,Gym Equipment,Adrenex,DreamFit
0.17391304347826086,0.09316770186335406,0.27586206896551724,0.1502463054187192,0.02853514581477794,0.008298617999074259,0.5878215294886927,0.4809351355601306,225,-0.38559806037949756,0.06887528014790124,0.06451612903225806,0.1956845238095238,1.0,0.4552581291215311,1,Flipkart,Gym Equipment,Gym Equipment,Adrenex,DreamFit
0.14285714285714285,0.09183673469387754,0.17647058823529413,0.1050420168067227,0.0015077443856390562,0.007052460789616008,0.5288181055982653,0.0019090745747874821,227,0.35022961231524885,-7.924183026557829e-05,0.08333333333333333,0.020675505050505052,1.0,0.35463927679229956,1,Flipkart,Gym Equipment,Gym Equipment,Adrenex,Powermax Fitness
0.3584905660377358,0.10377358490566035,0.3728813559322034,0.13680387409200964,0.035041309901280474,0.00801686175618202,0.1404162839619483,0.17802932111207054,175,0.10998829430013507,0.05202603912745648,0.2222222222222222,0.2542372881355932,1.0,0.11499155492124258,1,Flipkart,Drills,Drills,Flipkart SmartBuy,INGCO
0.34782608695652173,0.10714285714285712,0.47619047619047616,0.26360544217687076,0.12876048205305224,0.041433586667181055,0.12474436403427672,0.08987472327585008,173,0.1935603868064089,0.13208979620649738,0.20689655172413793,0.22757500773275596,1.0,0.21403761637446972,1,Flipkart,Drills,Drills,Flipkart SmartBuy,LEOFAST PROFESSIONAL
0.4068965517241379,0.011822660098522175,0.4383561643835616,0.04109589041095896,-0.040227434424245034,0.008793603018800118,0.11295175542679037,0.0552734609371833,442,0.01078702071005067,-0.023856152713403005,0.22340425531914893,0.2325056433408578,1.0,0.03161961540561561,1,Flipkart,Car Electronics,Car Electronics,Costar,Portronics
0.37272727272727274,0.15779220779220782,0.3977272727272727,0.20373376623376624,0.1974895442768277,0.026726355648051793,0.05493461921922669,0.045105893956774466,864,0.325410860871587,0.14372034757631527,0.2815126050420168,0.054670850106559324,1.0,0.3207073695717086,1,Flipkart,Cycling,Cycling,Crow,EAST COAST
0.308411214953271,0.10213618157543389,0.23255813953488372,0.09717607973421927,0.135272751296874,0.013877551020408163,0.05782705841998954,0.09376350837297683,737,0.5162985407845435,0.12391526987977149,0.1724137931034483,0.0921409214092141,1.0,0.529491030571856,1,Flipkart,Cycling,Cycling,Crow,FOXGLOVE
0.5042735042735043,0.24053724053724052,0.45054945054945056,0.2551020408163266,0.273084240811652,0.036282105392818384,0.0583674437048733,0.05538341257981715,807,0.29226788830107037,0.24780120808144696,0.3684210526315789,0.08663366336633663,1.0,0.3184661356334974,1,Flipkart,Cycling,Cycling,Crow,Tungsten
0.42857142857142855,0.1932773109243697,0.4,0.22222222222222227,0.2411391786136622,0.0267552607237831,0.05329040742209862,0.08011604693863496,820,0.5336223064629514,0.20464772119063815,0.2857142857142857,0.08536585365853659,1.0,0.5166432473344528,1,Flipkart,Cycling,Cycling,Crow,Tungsten
0.3302752293577982,0.15072083879423334,0.225,0.08750000000000002,0.014409858895492133,0.010902608369300057,0.07771635436989935,0.12390960533668488,755,0.08481053449127038,0.049074181172954076,0.17142857142857143,0.5463576158940397,1.0,0.12143241704487596,1,Flipkart,Cycling,Cycling,Crow,XCi
0.4274193548387097,0.15841013824884792,0.44,0.2042857142857143,0.12293020853466084,0.024644001038781164,0.07607690532808012,0.10187559565316066,635,0.2186316729315865,0.13382747527722996,0.26556016597510373,0.08081087732250522,0.9889937106918238,0.20374104839468762,1,Flipkart,Table Tennis,Table Tennis,Crow,EAST COAST
0.25333333333333335,0.04095238095238099,0.15714285714285714,-0.051020408163265335,-0.067631960588484,-0.0041464145941169026,0.264659418615338,0.08335841097199917,371,0.13038486830979507,-0.015673622202587594,0.10218978102189781,0.06351351351351352,1.0,0.1771631136793003,1,Flipkart,Mens Watches,Mens Watches,DANIEL HECHTER,DANIEL KLEIN
0.058823529411764705,-0.0189075630252101,0.03333333333333333,-0.016666666666666663,-0.01269182916105206,-0.0019060037040420567,0.6088889220084595,0.05352926021897398,371,-0.07800218938368915,-0.027995651380445276,0.014925373134328358,0.016129032258064516,1.0,0.1001510477414204,1,Flipkart,Mens Watches,Mens Watches,DANIEL HECHTER,LEE COOPER
0.23684210526315788,-0.007518796992481258,0.1917808219178082,-0.03326810176125247,0.17673890780786974,-0.005400991036485295,0.2988409933881581,0.1729387807455176,371,-0.04814588841583007,0.11315946400352411,0.10416666666666667,0.15939493722988268,1.0,0.2467794115820556,1,Flipkart,Mens Watches,Mens Watches,DANIEL HECHTER,LEE COOPER
0.18181818181818182,-0.020562770562770505,0.21666666666666667,0.025000000000000022,-0.009972828196372912,-0.009018747632874639,0.27774764237356037,0.020556796473300824,371,0.008568924871273021,-0.005904757203006183,0.08130081300813008,0.17256209283387622,0.9973118279569892,0.033607267174303984,1,Flipkart,Mens Watches,Mens Watches,DANIEL HECHTER,LEE COOPER
0.0,-0.024630541871921183,0.1111111111111111,0.10582010582010581,0.032915784368925866,0.003160358372713585,0.7557566213870877,0.04258486585727978,371,-0.033802449843377796,0.09586661705969224,0.01694915254237288,0.005376344086021506,1.0,0.09899739068517059,1,Flipkart,Mens Watches,Mens Watches,DANIEL HECHTER,LEE COOPER
0.2261904761904762,-0.034013605442176825,0.4166666666666667,0.15561224489795922,0.04897202872770978,0.013307189748769096,0.17591599653332984,0.0999166236438525,371,-0.02116599072413559,0.06432520151301725,0.12658227848101267,0.1639784946236559,1.0,0.12268028919384258,1,Flipkart,Mens Watches,Mens Watches,DANIEL HECHTER,Mathey-Tissot
0.30666666666666664,0.04190476190476189,0.20253164556962025,-0.048824593128390575,0.026881224496003314,0.0019804948870092154,0.1472794574277479,0.028504925018705038,371,0.012792973484284846,0.023728854159749214,0.11377245508982035,0.1473458904109589,1.0,0.05668944330636452,1,Flipkart,Mens Watches,Mens Watches,DANIEL HECHTER,NAVIFORCE
0.3161764705882353,0.0068277310924369505,0.3333333333333333,0.06433637284701116,-0.0991624394399619,-0.00084821992172706,0.1596291450990318,0.17531308833767964,371,0.10957740971641548,-0.07661889998770977,0.14559386973180077,0.07258064516129033,1.0,0.19731907818465885,1,Flipkart,Mens Watches,Mens Watches,DANIEL HECHTER,Titan
0.10526315789473684,0.028822055137844624,0.09259259259259259,0.023809523809523808,-0.0010280592876625518,0.004278026468765883,0.9472512213240365,0.2912220299188163,397,-0.37019414470079254,-0.004498763716275624,0.04504504504504504,0.1704954954954955,1.0,0.3941812391652818,1,Flipkart,Mens Watches,Mens Watches,DANIEL KLEIN,LEE COOPER
0.29310344827586204,0.011699507389162533,0.32075471698113206,0.05929919137466311,-0.01872160267067355,0.0010810810810810804,0.3873332849332068,0.029686850312799846,575,0.2415473961688722,-0.01149048000051611,0.14492753623188406,0.12926928660571022,1.0,0.2900743999813138,1,Flipkart,Mens Watches,Mens Watches,DANIEL KLEIN,LEE COOPER
0.3090909090909091,0.039610389610389596,0.32989690721649484,0.07879234167893961,0.07066017231847431,-0.001611209029891935,0.3791713372144909,0.07339563845213382,576,-0.22058145562059725,0.0026165263108293593,0.12690355329949238,0.1396504706330821,1.0,0.2338149032544836,1,Flipkart,Mens Watches,Mens Watches,DANIEL KLEIN,LEE COOPER
0.0,-0.014976958525345621,0.0,-0.011688311688311689,-0.0034059720342580362,-0.0008136094674556214,1.1024959991737,0.46788349691957326,576,-0.2627002121812185,0.011917481352725407,0.008130081300813009,0.05997373892110734,1.0,0.26801960220760046,1,Flipkart,Mens Watches,Mens Watches,DANIEL KLEIN,LEE COOPER
0.33587786259541985,0.058342420937840755,0.3770491803278688,0.0755269320843091,-0.020599779525592898,0.006518166761554783,0.31701585652907227,0.02855208158215009,576,-0.021654530796280325,-0.01785411061244237,0.2,0.1284722222222222,1.0,0.03223647486992571,1,Flipkart,Mens Watches,Mens Watches,DANIEL KLEIN,Mathey-Tissot
0.29770992366412213,-5.551115123125783e-17,0.3387096774193548,0.07085253456221197,-0.14246663403468016,-0.006904169218939382,0.2891981707520146,0.09610845031060249,576,0.26241454681434234,-0.13094617391175906,0.18,0.10069444444444445,1.0,0.28835228884088854,1,Flipkart,Mens Watches,Mens Watches,DANIEL KLEIN,NAVIFORCE
0.44623655913978494,0.06835637480798773,0.46774193548387094,0.08256528417818737,-0.03701215183792372,0.010312396694214881,0.3252054926811969,0.061211282983083405,576,0.18584659873310116,-0.01389600645192841,0.2422360248447205,0.10069444444444445,1.0,0.19128796146169988,1,Flipkart,Mens Watches,Mens Watches,DANIEL KLEIN,Titan
0.28865979381443296,0.06995581737849779,0.25806451612903225,0.05299539170506917,0.05018958251060363,0.0035817710714830114,0.33704458975925344,0.05903386478548881,451,0.2634858491495214,0.03711033597420303,0.109375,0.12714495832652395,1.0,0.27209082725890893,1,Flipkart,Jeans,Jeans,DENIM LOOK,Tokyo Talkies
0.0,0.0,0.0,0.0,0.0,0.0,0.18464943747539508,0.0,1072,0.0,0.0,0.0,0.06318681318681318,1.0,0.0,1,Flipkart,Perfumes,Perfumes,DENVER,Em5
0.0,0.0,0.0,0.0,0.0,0.0,0.05990274045645298,0.0,252,0.0,0.0,0.0,0.07720588235294118,1.0,0.0,1,Flipkart,Perfumes,Perfumes,DENVER,Em5
0.0,0.0,0.0,0.0,0.0,0.0,0.05728825762179105,0.0,728,0.0,0.0,0.0,0.07754010695187166,1.0,0.0,1,Flipkart,Perfumes,Perfumes,DENVER,French Factor
0.0,0.0,0.0,0.0,0.0,0.0,0.2969566904453391,0.0,1548,-0.41089831032922675,-0.04151632035534649,0.0033444816053511705,0.10012755102040816,1.0,0.41016067480276347,1,Flipkart,Perfumes,Perfumes,DENVER,THE MAN COMPANY
0.275,0.2017857142857143,0.47058823529411764,0.3970588235294118,0.21083250232097456,0.0042928546426738365,0.37531530525926005,0.07141446706761348,2205,0.32580843450235114,0.3224371556959425,0.15789473684210525,0.01069995541685243,1.0,0.3240963834497323,1,Flipkart,Perfumes,Perfumes,DENVER,Wild Stone
0.0,0.0,0.0,0.0,0.0,0.0,0.1947724834142367,0.0,1177,-0.7154165583558861,0.00036605790062581154,0.0,0.07518796992481203,1.0,0.7143584826682516,1,Flipkart,Perfumes,Perfumes,DENVER,Wild Stone
0.2647058823529412,0.20168067226890757,0.23684210526315788,0.15977443609022557,0.09160395185434807,0.0020889919497927745,0.29792023219602304,0.06279878811885072,1937,0.47995117595069187,0.17017559153086884,0.08974358974358974,0.012483281319661168,1.0,0.4797895838542035,1,Flipkart,Perfumes,Perfumes,DENVER,Wild Stone
0.0967741935483871,-0.036866359447004615,0.15053763440860216,0.009984639016897057,0.021558891004066463,0.0005534238488783937,0.11317710883523871,0.06626395407365555,944,0.3865432042308486,0.029388473355364902,0.0594059405940594,0.0646186440677966,1.0,0.38966840234487377,1,Flipkart,Ayurvedic \u0026 Herbal Products,Ayurvedic \u0026 Herbal Products,Dharmani's International,Kapiva
0.2826086956521739,0.07763975155279501,0.33962264150943394,0.12668463611859831,0.03510669312096695,0.01412228796844181,0.36665853266777443,0.1466385633077726,207,0.18308574439037742,0.04302355204289546,0.1326530612244898,0.150376798355789,1.0,0.18235647723841433,1,Flipkart,Tyre Inflators \u0026 Pumps,Tyre Inflators \u0026 Pumps,RETLATE,Portronics
0.3793103448275862,0.045566502463054104,0.42777777777777776,0.09523809523809523,0.03136921569167748,0.015217052806786757,0.2520877726387111,0.030819089432129142,1018,0.03373184100154677,0.008940548838125843,0.2219020172910663,0.11078431372549019,1.0,0.031845864420765424,1,Flipkart,Car Audio,Car Audio,DODJ,Hydra
0.2237442922374429,0.04827136333985649,0.2557077625570776,0.08773646444879321,0.03170461082244325,0.007411385904247219,0.17088216938113146,0.0456557929382767,1963,0.515114343825568,0.043080547129513445,0.10266159695817491,0.09727292127638067,1.0,0.5221541251287314,1,Flipkart,Multipurpose Sprays \u0026 Lubricants,Multipurpose Sprays \u0026 Lubricants,Drasert,GoMechanic
0.028169014084507043,-0.03822937625754527,0.07246376811594203,-0.005175983436852993,-0.013965340019358808,-0.0009182544642707941,0.3039492251602648,0.02512059766382521,1116,0.12147670537930248,-0.010199357147049531,0.03067484662576687,0.027728085867620753,1.0,0.1705472971949475,1,Flipkart,Gym Equipment,Gym Equipment,DreamFit,Powermax Fitness
0.04411764705882353,-0.02100840336134454,0.10666666666666667,0.02952380952380952,0.0014965725346145,0.00038851341628793376,0.20942895217867188,0.003933668177452128,2180,0.04286554154597531,0.005523207788565131,0.030303030303030304,0.020623281393217233,1.0,0.06284679504380951,1,Flipkart,Gym Equipment,Gym Equipment,DreamFit,Powermax Fitness
0.3493975903614458,0.012048192771084432,0.3670886075949367,0.07685352622061487,0.05711838163596511,-0.002213188272431832,0.12874068985091164,0.17057228858522272,307,-0.06841716250297922,0.06509938412901621,0.18452380952380953,0.1607717041800643,1.0,0.11161592317800323,1,Flipkart,Drills,Drills,INGCO,LEOFAST PROFESSIONAL
0.28440366972477066,0.09960681520314549,0.32989690721649484,0.17746686303387335,0.12156381108105378,0.015083681846044025,0.06454709656654976,0.05825779701382148,738,0.31916466399601534,0.14902014951384568,0.2222222222222222,0.1002710027100271,1.0,0.31775373195047013,1,Flipkart,Cycling,Cycling,EAST COAST,FOXGLOVE
0.46153846153846156,0.2258852258852259,0.46078431372549017,0.23669467787114848,0.08638077446121548,0.028742962595803147,0.07171538905802952,0.05282880050668132,807,0.11807003065189196,0.09777840889775252,0.33617021276595743,0.12947328629032256,0.9876390605686032,0.13687316779861436,1,Flipkart,Cycling,Cycling,EAST COAST,Tungsten
0.44537815126050423,0.22328931572629054,0.4158415841584158,0.205091937765205,0.11458272268419317,0.027299854078995524,0.08846911503567063,0.09684070976899842,820,0.17708624138269027,0.11347712086216222,0.32051282051282054,0.14731333475840994,0.9817295980511571,0.17295150402878548,1,Flipkart,Cycling,Cycling,EAST COAST,Tungsten
0.36036036036036034,0.20334620334620335,0.3111111111111111,0.15873015873015875,0.07466082953186583,0.01808429633611036,0.09232449630132146,0.060945219683339553,756,-0.037198234315291796,0.10449672656502466,0.18930041152263374,0.08212043378995434,0.996031746031746,0.06135288976518343,1,Flipkart,Cycling,Cycling,EAST COAST,XCi
0.24731182795698925,0.0791090629800307,0.34579439252336447,0.14619492656875835,0.15031106964509214,0.010030491486535443,0.18434777907594882,0.10941602917232948,748,0.7693401132493496,0.12137532379351802,0.14705882352941177,0.11230044143516213,0.9893048128342246,0.7679270445198862,1,Flipkart,Perfumes,Perfumes,Em5,French Factor
0.28,0.09857142857142859,0.23668639053254437,0.02028740490278952,0.06580547181481734,0.005051969604332256,0.30285410487350384,0.024611021264998364,1092,0.09527705893164894,0.0331905721783654,0.11320754716981132,0.17850098619329388,1.0,0.10281353075403199,1,Flipkart,Perfumes,Perfumes,Em5,THE MAN COMPANY
0.0,0.0,0.041666666666666664,0.041666666666666664,-0.0032646604334576577,-0.0005425347222222222,0.4587030636113381,0.2540046540460723,204,0.25739037181348445,-0.0051425607507264255,0.0,0.004901960784313725,1.0,0.26585287305002164,1,Flipkart,Perfumes,Perfumes,Em5,VOKKA
0.0,-0.0014005602240896359,0.0,-0.015406162464985992,-0.00025938919525395055,-0.00040863394210189193,0.27828040539048393,0.00036401613311779467,1034,0.6262286895789841,-0.00031974725627019723,0.0072992700729927005,0.024549103112611374,0.8543956043956044,0.6288787183472963,1,Flipkart,Perfumes,Perfumes,Em5,Wild Stone
0.3017241379310345,0.1096059113300493,0.26229508196721313,0.07201405152224824,0.032373694526346766,0.007925583020351122,0.24272783740015577,0.037425189311595275,1092,0.25344354776428646,0.03239941001045052,0.10077519379844961,0.11877979621724363,1.0,0.2550355745598871,1,Flipkart,Perfumes,Perfumes,Em5,Wild Stone
0.0,0.0,0.03571428571428571,0.030612244897959183,0.0026627537103267197,-0.00021592236955748616,0.0,0.12935023019401848,766,0.18401210189320558,0.0006360653721760506,0.007692307692307693,0.0320208949119774,0.9633699633699634,0.18877958562204805,1,Flipkart,Perfumes,Perfumes,Em5,Wild Stone
0.21052631578947367,0.07894736842105263,0.38,0.2257142857142857,0.11847973064115506,0.013595937744125952,0.1146106480660121,0.19356998132656986,272,0.08476095557233396,0.09457888659105394,0.15294117647058825,0.11764705882352941,1.0,0.13138020313140553,1,Flipkart,Perfumes,Perfumes,Em5,French Factor
0.25,0.10833333333333334,0.391304347826087,0.2008281573498965,0.01375841799134044,0.022760050477735713,0.26163357377353874,0.06318216227321602,272,-0.19232822734541702,0.0848127415212622,0.14634146341463414,0.20461868958109558,1.0,0.2296526877873279,1,Flipkart,Perfumes,Perfumes,Em5,THE MAN COMPANY
0.0,0.0,0.05,0.05,-0.003162591697591246,-0.00043402777777777775,0.36735092978719924,0.29890272759208775,204,0.5139146864609536,-0.004395060526582968,0.0,0.004901960784313725,1.0,0.5714886095887065,1,Flipkart,Perfumes,Perfumes,Em5,VOKKA
0.0,0.0,0.0,0.0,0.0,0.0,0.01074262815611239,0.0,214,0.03817127155211664,-0.0031994532257694393,0.0,0.014705882352941176,0.25,0.038639383489554036,1,Flipkart,Perfumes,Perfumes,Em5,Wild Stone
0.22727272727272727,0.07467532467532464,0.24528301886792453,0.09299191374663071,0.04926190228414575,0.007421429000661017,0.1246189797599118,0.07811791281066739,272,-0.0522280059886799,0.049291596562253216,0.12121212121212122,0.10404184015436173,1.0,0.0838961313149558,1,Flipkart,Perfumes,Perfumes,Em5,Wild Stone
0.2222222222222222,0.1468253968253968,0.2,0.12499999999999999,-0.09595709750870315,-0.012076397146254459,0.20355050956223875,0.08830002691109783,124,0.150163742000723,-0.07056494168024037,0.08888888888888889,0.128,1.0,0.1520057419375886,1,Flipkart,Office Desks,Office Desks,EuroQon,Lukzar
0.175,-0.019047619047619035,0.21951219512195122,0.03484320557491288,-0.002626958085903385,-0.005328549730094132,0.20059420157230043,0.06879453089991022,858,0.0016726224347427703,-0.005010339236474391,0.0846774193548387,0.08265424912689173,1.0,0.006169492832491742,1,Flipkart,Office Desks,Office Desks,EuroQon,NEUDOT
0.4444444444444444,0.22839506172839502,0.3253012048192771,0.10068846815834764,0.07790245410228293,0.01999471214224337,0.20236888681711093,0.09726567911694267,385,-0.14177676485231047,0.07676287105007366,0.18128654970760233,0.17142857142857143,1.0,0.17550131723635098,1,Flipkart,Office Desks,Office Desks,EuroQon,WUDYHOME
0.3942307692307692,0.11950549450549447,0.3010752688172043,0.05837173579109073,-0.017753187475650654,0.0019413601798635716,0.11746699694691949,0.055321540804837185,377,0.2323069763776004,-0.016666186541447338,0.19387755102040816,0.1220159151193634,1.0,0.2333783104410588,1,Flipkart,Mixers \u0026 Grinders,Mixers \u0026 Grinders,Faber,Flipkart SmartBuy
0.3333333333333333,0.004761904761904745,0.2905405405405405,-0.005308880308880326,0.06244666875741887,0.0014361213235294101,0.12198082995210488,0.08354299736192525,564,0.23972727863638568,0.04331656573181979,0.1717171717171717,0.11524822695035461,1.0,0.2505752582888269,1,Flipkart,Mixers \u0026 Grinders,Mixers \u0026 Grinders,Faber,Grand plus
0.4090909090909091,0.09025974025974032,0.40186915887850466,0.10547396528704939,0.0897544301857937,0.021874151199637842,0.08924688508735103,0.20873632026534397,564,0.06137761979911265,0.10242221828740526,0.22510822510822512,0.11524822695035461,1.0,0.05496083621470425,1,Flipkart,Mixers \u0026 Grinders,Mixers \u0026 Grinders,Faber,HAVELLS
0.3170731707317073,-0.015098722415795574,0.35344827586206895,0.04371921182266009,0.05311424232554277,0.00779792526428854,0.09313425484761904,0.09919776402088508,564,0.2629515339151038,0.06975299887680814,0.18775510204081633,0.11524822695035461,1.0,0.28206278621029296,1,Flipkart,Mixers \u0026 Grinders,Mixers \u0026 Grinders,Faber,Hindware Smart Appliances
0.020833333333333332,-0.017857142857142853,0.046511627906976744,0.016611295681063124,-0.0014748948801944798,-0.0018222798989140085,0.992249433505912,0.046295366937973335,757,-0.31386436015755065,9.34839109322646e-06,0.0,0.01721849077183616,1.0,0.3464307866631205,1,Flipkart,Smartwatches,Smartwatches,Fastrack,Fire-Boltt
0.18,0.04571428571428568,0.20833333333333334,0.08482142857142859,0.011919014059365218,0.0019479543747011815,0.8178645152818957,0.17345132294940782,931,0.27063323301317976,-0.010253098825536655,0.06060606060606061,0.04182649277585986,1.0,0.27642039677099467,1,Flipkart,Smartwatches,Smartwatches,Fastrack,Fire-Boltt
0.3055555555555556,0.11507936507936511,0.25,0.06197478991596639,-0.0010670978641252311,0.00392119738520408,0.16603221125757667,0.0944967635720862,468,0.14515049533960706,0.033265060053178926,0.11764705882352941,0.07362637362637363,1.0,0.1554373634583489,1,Flipkart,Smartwatches,Smartwatches,Fastrack,Noise
0.07936507936507936,0.026077097505668945,0.11290322580645161,0.0587557603686636,0.006528486261506123,0.0013582189377658873,0.1802708535895764,0.05034306411676397,924,0.263206548913154,-0.018521273074360415,0.031496062992125984,0.10237577076532463,1.0,0.27805700211955237,1,Flipkart,Smartwatches,Smartwatches,Fastrack,Titan
0.021739130434782608,-0.0326086956521739,0.023255813953488372,-0.003322259136212622,-0.003978972298189607,-0.0015429037448478036,0.4391554209730009,0.05373896259818593,468,-0.16827905611367547,7.976951992200328e-05,0.0,0.04175824175824176,1.0,0.1673954775491447,1,Flipkart,Smartwatches,Smartwatches,Fire-Boltt,Noise
0.0,-0.042857142857142864,0.05714285714285714,-0.004081632653061232,-0.0002323240196860932,0.0002621396502835538,0.6760779890280564,0.0029702775919519934,756,0.028622555355228833,0.0018989484736687385,0.014492753623188406,0.020783492822966508,0.9986789960369881,0.034802452218807005,1,Flipkart,Smartwatches,Smartwatches,Fire-Boltt,Titan
0.20967741935483872,0.047235023041474644,0.1,-0.05357142857142855,0.05162308907862602,-0.0017340269441109765,0.8435808656122308,0.06771620576348501,468,0.10727515594511869,-0.003454435388510205,0.056451612903225805,0.19224806201550387,0.9252136752136753,0.11199396140022136,1,Flipkart,Smartwatches,Smartwatches,Fire-Boltt,Noise
0.0,-0.025606469002695417,0.0,-0.031168831168831172,-0.004088979189401792,-0.0015577276998981911,0.8049587090444532,0.004143779105150356,924,0.19524673701076223,-5.122600442947634e-05,0.0,0.014452517191186067,1.0,0.21059905993894065,1,Flipkart,Smartwatches,Smartwatches,Fire-Boltt,Titan
0.10344827586206896,0.056650246305418726,0.3333333333333333,0.244047619047619,0.02909078098983954,0.007370416478044364,0.09182842449295396,0.09397351825234282,394,0.3882241864932249,0.041368077737903956,0.12162162162162163,0.07360406091370558,1.0,0.38823204107712533,1,Flipkart,Office Chairs,Office Chairs,Flipkart Perfect Homes,Oakcraft
0.1111111111111111,0.052910052910052914,0.30303030303030304,0.2251082251082251,0.05187751561603572,0.007741766636487098,0.09114020405107287,0.15573053604477077,394,0.40950441792826997,0.05737223015086083,0.1,0.06598984771573604,1.0,0.4069718718165011,1,Flipkart,Office Chairs,Office Chairs,Flipkart Perfect Homes,Oakcraft
0.07692307692307693,0.024725274725274728,0.28125,0.2075892857142857,0.07523929702894597,0.007890306699864192,0.09580615078347551,0.04943638244635212,394,0.37769272148834515,0.07752941067329326,0.10144927536231885,0.06598984771573604,1.0,0.372796421207796,1,Flipkart,Office Chairs,Office Chairs,Flipkart Perfect Homes,Oakcraft
0.5683453237410072,0.1269270298047277,0.5039370078740157,0.07424071991001119,0.00799484078535432,0.02372603034046701,0.11476492577419743,0.1392851652762384,377,0.5586970669886884,0.04116880903713349,0.3112033195020747,0.2268277075667893,0.9761273209549072,0.5636039050657323,1,Flipkart,Mixers \u0026 Grinders,Mixers \u0026 Grinders,Flipkart SmartBuy,Grand plus
0.44761904761904764,0.17142857142857149,0.33,0.041428571428571426,0.008121589663167825,0.009798881224054451,0.11147126411091447,0.06708365966610845,377,0.2974852123177238,0.05310569347871157,0.21818181818181817,0.16976127320954906,1.0,0.29540700731585295,1,Flipkart,Mixers \u0026 Grinders,Mixers \u0026 Grinders,Flipkart SmartBuy,HAVELLS
0.5040650406504065,0.12485481997677117,0.45045045045045046,0.09652509652509661,-0.0010649365567982029,0.007987968170901083,0.10594886423118387,0.09836273812771407,377,0.4138386034345782,0.0008210890776572086,0.2702702702702703,0.18037135278514588,1.0,0.41760614075548175,1,Flipkart,Mixers \u0026 Grinders,Mixers \u0026 Grinders,Flipkart SmartBuy,Hindware Smart Appliances
0.3793103448275862,0.1687192118226601,0.31683168316831684,0.17114568599717112,0.14079967176938973,0.019486527458555433,0.06916590271613475,0.08043670362901197,736,0.39707464766668304,0.1492792593187743,0.19029850746268656,0.21940639269406392,0.9932249322493225,0.41712913291839315,1,Flipkart,Cycling,Cycling,FOXGLOVE,Tungsten
0.3793103448275862,0.18041871921182265,0.31,0.16214285714285712,-0.000998428449776003,0.011644470641689232,0.062207353055250554,0.056658921736405896,737,0.37056105040414344,-0.012842513786018793,0.2054263565891473,0.0948509485094851,1.0,0.37783688179706715,1,Flipkart,Cycling,Cycling,FOXGLOVE,Tungsten
0.3119266055045872,0.11402359108781127,0.32978723404255317,0.15121580547112462,0.04063400137952502,0.013791792428674513,0.0893327603549087,0.09962940583568938,738,0.1833649615670214,0.07430095348703103,0.16996047430830039,0.08672086720867209,1.0,0.20968477770805274,1,Flipkart,Cycling,Cycling,FOXGLOVE,XCi
0.2809917355371901,0.07142857142857142,0.2676056338028169,0.016096579476861106,-0.013217433516533046,0.008749572106215464,0.2224647423746102,0.11402188891020411,748,0.10339382658409066,-0.008223058501909351,0.12213740458015267,0.2560119940029985,1.0,0.13531832180411102,1,Flipkart,Perfumes,Perfumes,French Factor,THE MAN COMPANY
0.0,0.0,0.03571428571428571,0.020408163265306124,-0.0017382475516907548,-0.0006510416666666666,0.6076616983392767,0.49819902555755513,204,0.2718908254595572,-0.001995565645125983,0.0,0.0024752475247524753,1.0,0.2766292826742637,1,Flipkart,Perfumes,Perfumes,French Factor,VOKKA
0.0,-0.003968253968253968,0.0,-0.013605442176870748,-1.258071316690629e-05,-0.00017143558771131172,0.2306918336518864,0.0008390736113787245,690,0.8085305940574127,-0.0007106917730892365,0.0,0.060305284363861775,1.0,0.8149439413586859,1,Flipkart,Perfumes,Perfumes,French Factor,Wild Stone
0.19791666666666666,0.03348214285714285,0.24761904761904763,0.04013605442176879,-0.02302125782101305,0.004535985992029947,0.14600251182059448,0.11687769182068089,748,0.14305086324573646,0.023305052308333067,0.1111111111111111,0.2610571736785329,1.0,0.15259301605663564,1,Flipkart,Perfumes,Perfumes,French Factor,Wild Stone
0.0,0.0,0.0,-0.02142857142857143,0.0008090444137306031,-0.00011978063956386898,0.13468480089185464,0.0008152766360789947,422,0.868310146744801,-0.0009680665286345402,0.0,0.04585280595767316,1.0,0.8767568067223888,1,Flipkart,Perfumes,Perfumes,French Factor,Wild Stone
0.35625,0.04107142857142854,0.35625,0.0736607142857143,0.04106582987467658,0.013352254757170473,0.11863451927779016,0.051549738976326774,625,0.20955915080171378,0.05662675644544022,0.21450151057401812,0.1328,1.0,0.20547683953082324,1,Flipkart,Mixers \u0026 Grinders,Mixers \u0026 Grinders,Grand plus,HAVELLS
0.39644970414201186,0.03127641589180058,0.3493975903614458,0.001721170395869276,-0.02959095812074898,-0.0019479651584392438,0.10964696442183275,0.04342263134202918,625,0.3610099220604187,-0.004154079918451406,0.2072072072072072,0.1344,1.0,0.37817535547585435,1,Flipkart,Mixers \u0026 Grinders,Mixers \u0026 Grinders,Grand plus,Hindware Smart Appliances
0.13333333333333333,0.02857142857142858,0.3125,0.21875,0.04672450468191633,0.009473684210526315,0.5188944798453423,0.2148228290127671,103,0.31130082027353384,0.06540532235250202,0.11764705882352941,0.07766990291262135,1.0,0.3757692754941302,1,Flipkart,Suitcases,Suitcases,ARISTOCRAT,Kamiliant by American Tourister
0.42857142857142855,0.35714285714285715,0.5294117647058824,0.45798319327731096,0.11388426626176269,0.02,0.5438886893965047,0.12869691315911377,103,0.22516408716371925,0.0032244585501758354,0.22580645161290322,0.07766990291262135,1.0,0.24892412990499213,1,Flipkart,Suitcases,Suitcases,ARISTOCRAT,Kamiliant by American Tourister
0.26666666666666666,0.1619047619047619,0.375,0.29464285714285715,0.06425745651325168,0.010083102493074791,0.6063403146072971,0.1273447426131291,103,-0.39760510043872743,0.03454657510041474,0.12121212121212122,0.07766990291262135,1.0,0.42111225966344923,1,Flipkart,Suitcases,Suitcases,ARISTOCRAT,Kamiliant by American Tourister
0.14285714285714285,0.13265306122448978,0.125,0.11607142857142858,-0.00752303615117889,-0.0012188365650969528,0.7429460139817248,0.8151693773988608,103,0.15522035370719972,-0.04052282204808985,0.05263157894736842,0.03954248366013072,1.0,0.17478564046444586,1,Flipkart,Suitcases,Suitcases,ARISTOCRAT,ALFA by VIP
0.36363636363636365,0.29220779220779225,0.36363636363636365,0.2987012987012987,0.22709651612409398,0.014958448753462604,0.5145772206776575,0.35519417585279905,103,0.2807625852895441,0.05752757785572902,0.11538461538461539,0.07504012841091492,1.0,0.281857716924155,1,Flipkart,Suitcases,Suitcases,ARISTOCRAT,Mokobara
0.45454545454545453,0.3831168831168831,0.6666666666666666,0.5904761904761905,0.36460247611218144,0.05523545706371191,0.37724617727787574,0.10699157990535173,103,0.604471507008275,0.09895699850452666,0.34615384615384615,0.1178030303030303,1.0,0.6088952540135651,1,Flipkart,Suitcases,Suitcases,ARISTOCRAT,NASHER MILES
0.2857142857142857,0.2755102040816326,0.0,-0.02040816326530612,0.08193879603320645,0.020010816657652784,0.18603714244502487,0.3459322406754887,102,0.23470868486665356,0.0043151151217069575,0.05555555555555555,0.07766990291262135,1.0,0.2595927439199759,1,Flipkart,Suitcases,Suitcases,ARISTOCRAT,NASHER MILES
0.20833333333333334,0.10416666666666669,0.32,0.23714285714285716,-0.025303841269610508,-0.0207202216066482,0.5164818533715377,0.07444105112332529,103,0.08805937833722698,0.004820222166891942,0.12244897959183673,0.17929292929292928,1.0,0.1861160985699933,1,Flipkart,Suitcases,Suitcases,ARISTOCRAT,NASHER MILES
0.3125,0.2544642857142857,0.6923076923076923,0.6043956043956044,0.010864075658847068,0.02182825484764543,0.47101057460751977,0.6989309450867314,103,0.42905209741908584,0.10608350427868499,0.3103448275862069,0.09189406099518459,1.0,0.44170587011398765,1,Flipkart,Suitcases,Suitcases,ARISTOCRAT,SKYBAGS
0.16666666666666666,0.11904761904761904,0.5833333333333334,0.4821428571428572,0.0723056702346268,0.014349030470914126,0.4966308570618805,0.12504578669292457,103,0.2553648751955322,0.1292802765454176,0.23076923076923078,0.07766990291262135,1.0,0.26423631997887054,1,Flipkart,Suitcases,Suitcases,ARISTOCRAT,SKYBAGS
0.18181818181818182,0.12987012987012986,0.6153846153846154,0.5274725274725275,0.005556872833224142,0.0038227146814404428,0.46490019198663335,0.6771464767260079,103,0.48278671839131043,0.4722483336033876,0.28,0.07766990291262135,1.0,0.4441327970733987,1,Flipkart,Suitcases,Suitcases,ARISTOCRAT,SKYBAGS
0.0,0.0,0.0,-0.02040816326530612,-0.21459022408892497,-0.0006094182825484764,0.6425525013221682,0.08071826183716194,103,0.10592433917204552,-0.032857399199706504,0.0625,0.0682471264367816,1.0,0.11984421140154766,1,Flipkart,Suitcases,Suitcases,ARISTOCRAT,ALFA by VIP
0.125,0.10714285714285715,0.4444444444444444,0.38888888888888884,0.15278477357459855,0.007479224376731302,0.6215270765542401,0.5011370198147976,103,-0.23124567337207846,0.011733905570172608,0.10526315789473684,0.05819180819180819,1.0,0.26830832434535,1,Flipkart,Suitcases,Suitcases,ARISTOCRAT,TOMMY HILFIGER
0.3092105263157895,0.03054511278195493,0.2695035460992908,-5.551115123125783e-17,-0.005678258073349431,0.0006471677069215462,0.15466228141798316,0.039633378578719694,736,-0.42709743072908124,0.0074709887709872615,0.18902439024390244,0.12364130434782608,1.0,0.4353498036737521,1,Flipkart,Mixers \u0026 Grinders,Mixers \u0026 Grinders,HAVELLS,Hindware Smart Appliances
0.27419354838709675,0.10944700460829493,0.24561403508771928,0.0802005012531328,-0.03774483913956212,0.002634545632781104,0.19004465524001063,0.12695361080583512,214,-0.4506036397264498,-0.008670375650260331,0.12280701754385964,0.21145374449339208,1.0,0.5043021217158286,1,Flipkart,Console Games,Console Games,HG WORLD,EA Games
0.29910714285714285,0.008290816326530615,0.3377777777777778,0.04507936507936505,-0.05931335814303689,0.008515702479338843,0.1406800255974763,0.052455823613558855,845,0.35142420940398444,-0.039743514718174326,0.18313253012048192,0.1938824572577523,0.9976387249114522,0.38017843085509195,1,Flipkart,Supplements,Supplements,HORLICKS,Kapiva
0.22982885085574573,-0.0029689137268598953,0.2523364485981308,0.023197596795727637,-0.012379594251501768,-0.0013397897166132176,0.18350550629964324,0.031777227116722505,1837,0.08616229441414658,0.029611459525060155,0.10681818181818181,0.1580384854127871,0.9994556341861731,0.08443040128768639,1,Flipkart,Supplements,Supplements,HORLICKS,OZiva
0.25177304964539005,0.060283687943262415,0.31095406360424027,0.09969712266532052,0.06233218097877104,0.008118944943289227,0.15391564702251223,0.1083913765584193,2394,0.06817496582408802,0.07711007726409214,0.1371610845295056,0.08696172248803827,0.985797827903091,0.05516860885778589,1,Flipkart,Keyboards,Keyboards,HP,Portronics
0.3333333333333333,0.14726631393298062,0.3023255813953488,0.08720930232558138,-0.06740107494961588,0.0024234693877551033,0.2513816866711926,0.05611099164522888,475,0.18495140307453733,-0.052627332591929046,0.1125,0.1538692677514793,0.9810526315789474,0.2383999754238026,1,Flipkart,Keyboards,Keyboards,HP,Portronics
0.0,0.0,0.0,-0.02857142857142857,-0.003712797453682837,-0.001029310851877267,0.39859350996051585,0.28742821275345015,109,0.4240298612854501,-0.003570055997878654,0.0,0.009174311926605505,1.0,0.4815224972081987,1,Flipkart,Speakers,Speakers,iNFiRe,TRIGGR
0.0,0.0,0.0,-0.02857142857142857,-0.003712797453682837,-0.001029310851877267,0.30484624211502453,0.0038271210852706054,109,0.2425573584487585,-0.0035700559978786546,0.0,0.009174311926605505,1.0,0.2753719451109536,1,Flipkart,Speakers,Speakers,iNFiRe,TRIGGR
0.0,-0.03896103896103897,0.0,-0.03809523809523809,-0.002945336678284915,-0.002018454440599769,0.3267668929277812,0.003712797453682832,110,0.3438182666839418,-0.003429368828472246,0.0,0.00909090909090909,1.0,0.39009224052223324,1,Flipkart,Speakers,Speakers,iNFiRe,TRIGGR
0.0,-0.05357142857142857,0.0,-0.07142857142857142,-0.005028234015990965,-0.002972651605231867,0.4446886119906801,0.2989533706242868,95,0.4544611555160893,-0.004350066453893452,0.0,0.021052631578947368,1.0,0.5269376210353837,1,Flipkart,Speakers,Speakers,iNFiRe,TRIGGR
0.0,-0.05357142857142857,0.0,-0.07142857142857142,-0.005028234015990965,-0.002972651605231867,0.44502217727339805,0.2989533706242868,95,0.4544611555160893,-0.004350066453893452,0.0,0.021052631578947368,1.0,0.5269376210353837,1,Flipkart,Speakers,Speakers,iNFiRe,TRIGGR
0.3401360544217687,0.0796890184645287,0.3724137931034483,0.10049261083743843,0.022116056079542895,0.009593044693279512,0.23809716170254266,0.042803665248421885,1161,-0.2033265120963882,0.0013265112217898634,0.18571428571428572,0.05938037865748709,1.0,0.23558695651033812,1,Flipkart,Tool Kits \u0026 Sets,Tool Kits \u0026 Sets,INGCO,STANLEY
0.40236686390532544,0.07311918850380383,0.39263803680981596,0.06617002629272573,0.047806765721869766,0.00550971702529841,0.10949697340146385,0.059275518476436355,1161,0.2766800150657663,0.0785580424457557,0.22093023255813954,0.10068846815834767,1.0,0.2813623930023068,1,Flipkart,Tool Kits \u0026 Sets,Tool Kits \u0026 Sets,INGCO,TAPARIA
0.0,-0.010582010582010581,0.041666666666666664,0.026785714285714284,-0.0017741195152650416,-0.0013437473754934072,0.582980511333621,0.2733952037737271,201,0.17330033461189487,-0.0007240913794244158,0.018518518518518517,0.2550761421319797,1.0,0.22106765411144697,1,Flipkart,Suitcases,Suitcases,Kamiliant by American Tourister,ALFA by VIP
0.4,0.06059113300492608,0.3130434782608696,0.0496894409937888,-0.006987984096484945,0.00389131778332227,0.1413218186358712,0.1070592704451218,605,0.26523518328273377,-0.01721005156677383,0.16317991631799164,0.11074380165289256,1.0,0.27540096556660926,1,Flipkart,Suitcases,Suitcases,Kamiliant by American Tourister,Mokobara
0.3013698630136986,0.06360078277886497,0.29411764705882354,0.10784313725490197,0.03269035657372835,0.021686248123803122,0.23515692247980216,0.07720891372348344,292,-0.03301641534325268,-0.004490788088742635,0.15126050420168066,0.0821917808219178,1.0,0.10378490869677842,1,Flipkart,Suitcases,Suitcases,Kamiliant by American Tourister,NASHER MILES
0.12903225806451613,0.04723502304147466,0.24742268041237114,0.14580265095729014,0.017358973829320536,0.0065256896086024665,0.1570504970415169,0.06685537564515304,814,0.46768795018118464,0.028942683755751382,0.07511737089201878,0.22246098915630785,1.0,0.4693083214128905,1,Flipkart,Suitcases,Suitcases,Kamiliant by American Tourister,NASHER MILES
0.3675675675675676,0.04826254826254828,0.37012987012987014,0.12244897959183676,0.024020472427814517,0.0135370436597506,0.1829687252866953,0.05485881556849035,846,0.36209897070533603,0.032433488557898,0.2150170648464164,0.09692671394799054,1.0,0.3599339408018327,1,Flipkart,Suitcases,Suitcases,Kamiliant by American Tourister,NASHER MILES
0.6157894736842106,0.23796992481203,0.5661764705882353,0.3172268907563025,0.21879069505273857,0.05339821353640385,0.13581297720327531,0.06339402836852315,750,0.3384322024035239,0.2443939979254845,0.29924242424242425,0.09466666666666666,1.0,0.30129594279615274,1,Flipkart,Suitcases,Suitcases,Kamiliant by American Tourister,SKYBAGS
0.5824742268041238,0.20692194403534614,0.48201438848920863,0.2338129496402878,0.19203433775371928,0.03993293705227863,0.13939317794412695,0.040176032500061014,750,0.41171750514181343,0.19474780736502764,0.23843416370106763,0.3742063492063492,0.9786666666666667,0.37478563126144054,1,Flipkart,Suitcases,Suitcases,Kamiliant by American Tourister,SKYBAGS
0.6,0.22702702702702698,0.5454545454545454,0.30411255411255406,0.18079425688995457,0.044080835677890895,0.14073149425819753,0.08244776938568606,747,0.30665148901988865,0.18195470742193134,0.27906976744186046,0.1298048251558688,0.9866131191432396,0.2755337298571428,1,Flipkart,Suitcases,Suitcases,Kamiliant by American Tourister,SKYBAGS
0.0,0.0,0.09090909090909091,0.07467532467532467,0.0024885080032036205,-0.0006720237925019303,0.4090235463190576,0.27416218382489493,199,0.24603789599338893,-9.737525877943749e-05,0.0,0.5025252525252525,1.0,0.22984584147515066,1,Flipkart,Suitcases,Suitcases,Kamiliant by American Tourister,ALFA by VIP
0.3717948717948718,0.08058608058608047,0.3333333333333333,0.09398496240601503,0.029456158254481016,0.012599969820431569,0.2249219230743757,0.07831455621781717,296,0.11546374030761168,0.012027270152283078,0.1652892561983471,0.09121621621621621,1.0,0.138829366826498,1,Flipkart,Suitcases,Suitcases,Kamiliant by American Tourister,TOMMY HILFIGER
0.0,-0.0027472527472527475,0.07407407407407407,0.05291005291005291,-0.0004170456759818982,-0.0013717421124828531,0.6335235740825652,0.1032444244492788,201,0.24715569445456856,-0.053729903563181323,0.03571428571428571,0.010101010101010102,0.9850746268656716,0.2729584605507433,1,Flipkart,Suitcases,Suitcases,Kamiliant by American Tourister,ALFA by VIP
0.39568345323741005,0.06526207605344297,0.3391304347826087,0.08509316770186337,0.039720854879186,0.014448097012199575,0.15318006149486038,0.07488220127327186,605,0.16099162652776533,0.05566168189321324,0.2088888888888889,0.11074380165289256,1.0,0.16630994733690185,1,Flipkart,Suitcases,Suitcases,Kamiliant by American Tourister,Mokobara
0.3382352941176471,0.09978991596638656,0.39622641509433965,0.2169811320754717,0.04243491647512958,0.029915635836654415,0.24858630078593405,0.1679700767160613,292,0.009126847334501685,-0.02969256150809121,0.19469026548672566,0.0821917808219178,1.0,0.19587659155743362,1,Flipkart,Suitcases,Suitcases,Kamiliant by American Tourister,NASHER MILES
0.12307692307692308,0.016483516483516467,0.17525773195876287,0.06848306332842415,-0.04656492697866785,5.63102360905789e-05,0.16976913568984056,0.06280074278011778,814,0.44707418819739886,-0.042101068071470654,0.05855855855855856,0.025766871165644172,1.0,0.46320084489407204,1,Flipkart,Suitcases,Suitcases,Kamiliant by American Tourister,NASHER MILES
0.3717277486910995,0.08152580403889303,0.35668789808917195,0.10464058234758866,0.04681385193511716,0.011417192949382596,0.17722599336201866,0.04228227693836235,846,0.4613640107902079,0.05294162503409416,0.20327868852459016,0.09692671394799054,1.0,0.4559365237177712,1,Flipkart,Suitcases,Suitcases,Kamiliant by American Tourister,NASHER MILES
0.5670103092783505,0.21281296023564067,0.5808823529411765,0.33665966386554624,0.2696586588883685,0.051552824169637836,0.15081639069809308,0.1006649692427481,750,0.2637087407915337,0.32207683715387136,0.299625468164794,0.09466666666666666,1.0,0.2033932444835827,1,Flipkart,Suitcases,Suitcases,Kamiliant by American Tourister,SKYBAGS
0.5454545454545454,0.1911976911976912,0.5251798561151079,0.28622816032887965,0.24071692878728843,0.04493713642334397,0.14376945518236203,0.06530647201380613,750,0.31633253658190896,0.2510599043227864,0.24822695035460993,0.13436240959176737,0.94,0.26533247084140904,1,Flipkart,Suitcases,Suitcases,Kamiliant by American Tourister,SKYBAGS
0.5851063829787234,0.2241641337386019,0.5151515151515151,0.2808441558441559,0.20933307581117383,0.041055457694847405,0.1395405280513775,0.09041147904034154,747,0.24164084659522875,0.2155852570520948,0.2796934865900383,0.10325236722931247,0.9759036144578314,0.20557413946469935,1,Flipkart,Suitcases,Suitcases,Kamiliant by American Tourister,SKYBAGS
0.0,0.0,0.038461538461538464,0.01923076923076923,0.0019270475366979052,-0.0006863221710658011,0.42312951810642707,0.04536744760253926,199,0.2035709742879856,-0.0006305841603278585,0.0,0.5025252525252525,1.0,0.19261334949580688,1,Flipkart,Suitcases,Suitcases,Kamiliant by American Tourister,ALFA by VIP
0.410958904109589,0.12524461839530332,0.3559322033898305,0.12348668280871672,0.05662249768074689,0.013857451838438707,0.22902215772817197,0.17561843248888792,296,0.25143324246600085,0.03669086856188966,0.16806722689075632,0.09121621621621621,1.0,0.2636122893762678,1,Flipkart,Suitcases,Suitcases,Kamiliant by American Tourister,TOMMY HILFIGER
0.0,-0.005291005291005291,0.0,-0.02,-0.00692931204891856,-0.0013437473754934072,0.4630981384415274,0.19977468257094738,201,-0.012472614266002635,-0.0009589788162798628,0.01818181818181818,0.13007614213197968,1.0,0.06510855481891936,1,Flipkart,Suitcases,Suitcases,Kamiliant by American Tourister,ALFA by VIP
0.4142857142857143,0.08622448979591846,0.3157894736842105,0.0639097744360902,0.04240662802667544,0.002745598186133843,0.17491233682450946,0.06444535186518364,605,-0.006426635881141372,0.044895164531199294,0.15254237288135594,0.11074380165289256,1.0,0.07894109114719171,1,Flipkart,Suitcases,Suitcases,Kamiliant by American Tourister,Mokobara
0.3939393939393939,0.16991341991341996,0.3090909090909091,0.11428571428571427,0.09067657070537341,0.019124268930179593,0.2344665541290433,0.2138472403838666,292,0.06433400773450051,0.0956196558382345,0.19642857142857142,0.0821917808219178,1.0,0.05614383656334269,1,Flipkart,Suitcases,Suitcases,Kamiliant by American Tourister,NASHER MILES
0.08620689655172414,-0.0006157635467980288,0.17204301075268819,0.0829493087557604,0.06149083443300092,0.0032231661897480475,0.18418639132858666,0.08057522195400968,814,-0.022708232364498107,0.05327362532970449,0.05825242718446602,0.025798525798525797,0.9987730061349693,0.03820060708724251,1,Flipkart,Suitcases,Suitcases,Kamiliant by American Tourister,NASHER MILES
0.4327485380116959,0.1282372598162072,0.38,0.12666666666666665,0.0857719161174194,0.014446673243963145,0.1836200576651989,0.05783462110663495,821,0.15652970643743727,0.10734804800757951,0.21428571428571427,0.09987819732034105,1.0,0.14896313548480922,1,Flipkart,Suitcases,Suitcases,Kamiliant by American Tourister,NASHER MILES
0.5810055865921788,0.2035115722266561,0.4765625,0.24162946428571427,0.15196752736774544,0.046823981985363104,0.16183815219018471,0.04858135887104382,750,0.09482016020498393,0.19785371091375464,0.296,0.09466666666666666,1.0,0.05965315813067539,1,Flipkart,Suitcases,Suitcases,Kamiliant by American Tourister,SKYBAGS
0.5136612021857924,0.14168618266978927,0.42748091603053434,0.18974918211559427,0.1004469197614097,0.030776881215987994,0.15790287563010935,0.08637223200598305,750,0.36645027371862166,0.1282778562648206,0.24621212121212122,0.13069683998489234,0.952,0.346759546408457,1,Flipkart,Suitcases,Suitcases,Kamiliant by American Tourister,SKYBAGS
0.5491329479768786,0.17919075144508673,0.47580645161290325,0.2517281105990784,0.12458781934244748,0.033343487301548264,0.15605215719128224,0.053238268340679185,747,0.21947754911370607,0.15065887441938167,0.2540322580645161,0.12416017712627883,0.9973226238286479,0.2019820009705708,1,Flipkart,Suitcases,Suitcases,Kamiliant by American Tourister,SKYBAGS
0.0,0.0,0.041666666666666664,0.023809523809523808,0.004918982314418667,-0.0006720237925019303,0.3453320365446399,0.19977468257094738,199,0.043579266855014814,-0.0002477248542199221,0.0,0.5025252525252525,1.0,0.09049294445169333,1,Flipkart,Suitcases,Suitcases,Kamiliant by American Tourister,ALFA by VIP
0.30985915492957744,0.036217303822937585,0.32786885245901637,0.07728337236533955,-0.05737605790548392,0.00676525325687842,0.2686224560602618,0.13785555286675819,296,0.0658789191568552,-0.048510746898710905,0.14049586776859505,0.09121621621621621,1.0,0.11255134067517339,1,Flipkart,Suitcases,Suitcases,Kamiliant by American Tourister,TOMMY HILFIGER
0.35555555555555557,0.0582010582010582,0.3795620437956204,0.09384775808133472,0.03508397426206014,0.011123878834306874,0.14559860196884128,0.06023307836356072,845,0.5935662299181783,0.061648756817437686,0.1828793774319066,0.3760379596678529,0.9988193624557261,0.5937995530541265,1,Flipkart,Supplements,Supplements,Kapiva,OZiva
0.14960629921259844,-0.01462317210348707,0.18110236220472442,0.029808773903262115,-0.005237235500156143,-0.0029283097305362613,0.17781625356802372,0.05666210389513554,1109,0.67126269028919,0.012992685681345241,0.07547169811320754,0.28243243243243243,0.9991015274034142,0.6705139082744006,1,Flipkart,Bathroom Fittings,Bathroom Fittings,Kyari,Prestige
0.4304635761589404,0.04872280037842941,0.43356643356643354,0.08291708291708288,0.05721535578306386,0.019148814109393696,0.3969310661558256,0.06873076380279877,514,0.2884359683795378,0.04521861577215826,0.21176470588235294,0.1906039788178045,0.9980544747081712,0.2955758377662675,1,Flipkart,Backpacks,Backpacks,NASHER MILES,Uppercase
0.2857142857142857,0.1802721088435374,0.32142857142857145,0.19897959183673472,0.04634076064529087,0.016034985422740525,0.14802581685864932,0.08605529765831411,106,0.03315379733123902,0.03683388907533697,0.13333333333333333,0.18351063829787234,1.0,0.054465239161735825,1,Flipkart,Backpacks,Backpacks,NASHER MILES,HRX by Hrithik Roshan
0.4782608695652174,0.16097308488612833,0.4140625,0.1010044642857143,0.044854268385133775,0.018456293333770427,0.182892461659979,0.07043525190598608,514,0.2606751254829774,0.04757482023850665,0.17647058823529413,0.14007782101167315,1.0,0.26750795711090936,1,Flipkart,Backpacks,Backpacks,NASHER MILES,SKYBAGS
0.38461538461538464,0.271978021978022,0.36666666666666664,0.24285714285714283,0.08354233145319664,0.019158683881715953,0.3114048366677296,0.25691133441341973,106,-0.250038289659891,0.11597012069387413,0.14545454545454545,0.15811051693404635,1.0,0.41249017744469385,1,Flipkart,Backpacks,Backpacks,Uppercase,HRX by Hrithik Roshan
0.4195804195804196,0.05444555444555449,0.39552238805970147,0.05490405117270786,0.14975543882480832,0.014404515494487756,0.3842484755765258,0.07090849397436803,542,0.2701358560681642,0.12286431312667141,0.20161290322580644,0.14944649446494465,1.0,0.27842096919593506,1,Flipkart,Backpacks,Backpacks,Uppercase,SKYBAGS
0.2,0.09285714285714287,0.46153846153846156,0.3269230769230769,-0.212915623845478,-0.0026030820491461937,0.17394735199174252,0.18132145893185847,106,-0.14590054456695864,-0.20690845395467142,0.18604651162790697,0.11320754716981132,1.0,0.266820222422614,1,Flipkart,Backpacks,Backpacks,HRX by Hrithik Roshan,SKYBAGS
0.109375,0.032366071428571425,0.07692307692307693,0.010989010989010992,-0.012533589733236651,-0.004326759072966632,0.2644517930607358,0.022108345950041186,397,-0.08573363205092639,-0.02408507596479783,0.02962962962962963,0.08291380625476735,1.0,0.09527878096832498,1,Flipkart,Mens Watches,Mens Watches,LEE COOPER,Mathey-Tissot
0.06896551724137931,-0.007389162561576346,0.016666666666666666,-0.06904761904761905,-0.03159038359139387,-0.0013436275158206917,0.19457849258253498,0.023665225042572104,397,-0.45337491705702143,-0.06518934490393927,0.013605442176870748,0.015113350125944584,1.0,0.4777123667924642,1,Flipkart,Mens Watches,Mens Watches,LEE COOPER,NAVIFORCE
0.075,-0.005357142857142866,0.08527131782945736,0.021594684385382062,-0.028088504713000593,-0.0009676902834149011,0.23593399141627663,0.04876681261385802,397,-0.12607333245870728,0.06222965192842275,0.04247104247104247,0.015113350125944584,1.0,0.15078362898539488,1,Flipkart,Mens Watches,Mens Watches,LEE COOPER,Titan
0.29375,0.04910714285714288,0.3148148148148148,0.06569664902998237,0.008948618283675155,0.00787012741057498,0.5625800163676885,0.0387080156405861,1085,0.005097348700598125,0.012257125320980207,0.14144736842105263,0.07826887661141804,1.0,0.05706320694166912,1,Flipkart,Mens Watches,Mens Watches,LEE COOPER,Mathey-Tissot
0.33587786259541985,0.05016357688113415,0.3181818181818182,0.041666666666666685,0.02188698251636695,0.0027806579319445725,0.5721481983232366,0.07086456246702791,638,0.19668628758282355,0.004305688245052058,0.16666666666666666,0.1597222222222222,1.0,0.19749284772887377,1,Flipkart,Mens Watches,Mens Watches,LEE COOPER,NAVIFORCE
0.2948717948717949,-0.028693528693528703,0.3588709677419355,0.053859447004608374,-0.021588525353949197,0.009590743961019957,0.5914402857219526,0.06992583918508685,1245,0.05964654680633574,-0.00036634643530432463,0.1711111111111111,0.07945425361155699,1.0,0.06860974388683906,1,Flipkart,Mens Watches,Mens Watches,LEE COOPER,Titan
0.3115942028985507,0.06314699792960657,0.3359375,0.11328125,0.009675267001977236,0.0113602527416514,1.0776590242267632,0.049289320773125846,821,-0.20766649916912286,0.0185584749307322,0.16532258064516128,0.06660345554150864,1.0,0.23357551674389088,1,Flipkart,Mens Watches,Mens Watches,LEE COOPER,Mathey-Tissot
0.30327868852459017,0.056206088992974246,0.24786324786324787,0.012820512820512803,-0.11453490575210136,-0.003660827146646728,0.9833396170026293,0.29922363738073593,639,-0.22633173490340525,-0.09369631886365451,0.13654618473895583,0.1852784134248665,1.0,0.2757239214772839,1,Flipkart,Mens Watches,Mens Watches,LEE COOPER,NAVIFORCE
0.40625,0.06845238095238093,0.3193717277486911,0.02692595362752437,0.04007650185358029,0.01638173764308583,1.057689575010455,0.027557476997717958,821,-0.166958255296946,0.026849162432568026,0.1977077363896848,0.0730816077953715,1.0,0.18615266204729694,1,Flipkart,Mens Watches,Mens Watches,LEE COOPER,Titan
0.02564102564102564,0.001831501831501832,0.025974025974025976,0.020408163265306124,0.04765579642723726,0.0019669233682615833,0.41126271124893543,0.04604889235677358,910,-0.09044047816836046,0.008943990729803267,0.017964071856287425,0.040880728681058597,1.0,0.09647130272172673,1,Flipkart,Mens Watches,Mens Watches,LEE COOPER,Mathey-Tissot
0.02702702702702703,0.017374517374517374,0.0,-0.006666666666666667,-0.002199717473523818,-0.001168639053254438,0.23355709250206885,0.16926208856973404,639,-0.4572838531462709,0.016732376667234886,0.005434782608695652,0.003129890453834116,1.0,0.4702626486810061,1,Flipkart,Mens Watches,Mens Watches,LEE COOPER,NAVIFORCE
0.023255813953488372,0.0005537098560354399,0.007352941176470588,0.0026260504201680674,0.037801738408784945,0.0006508486469891671,0.24992292653308237,0.0744173542934665,910,-0.1661190967077488,0.033182224242152475,0.0034482758620689655,0.002197802197802198,1.0,0.1961964310787776,1,Flipkart,Mens Watches,Mens Watches,LEE COOPER,Titan
0.21212121212121213,0.10714285714285716,0.19642857142857142,0.12244897959183672,0.05933688790312929,0.008080953025090576,0.048186745925746274,0.043138423850306085,1085,0.2125947574705864,0.034998122858027565,0.10606060606060606,0.020276497695852536,1.0,0.21709887355127183,1,Flipkart,Refrigerators,Refrigerators,LG,Samsung
0.49444444444444446,0.11547619047619045,0.5,0.15641952983725144,0.1546192515156621,0.023967499636691748,0.17428399653574073,0.12046060517019819,730,0.10183722919842707,0.1593579650908079,0.23367697594501718,0.23580410649376168,1.0,0.08616573140160874,1,Flipkart,T-Shirts,T-Shirts,LOUIS PHILIPPE,PUMA
0.3724137931034483,0.05024630541871927,0.4068965517241379,0.058620689655172364,-0.050966669811116305,0.005269105074483218,0.21020357230514025,0.07980920619238052,639,0.17418094513509116,-0.06363494698678455,0.17832167832167833,0.12206572769953052,1.0,0.185773650130403,1,Flipkart,Mens Watches,Mens Watches,Mathey-Tissot,NAVIFORCE
0.5096153846153846,0.08997252747252749,0.5209302325581395,0.08970099667774079,0.10424198139364343,0.03337879473118888,0.20642905889857233,0.0949096717664674,1086,-0.02987485188432456,0.12061293277172012,0.27472527472527475,0.07826887661141804,1.0,0.07195260396908736,1,Flipkart,Mens Watches,Mens Watches,Mathey-Tissot,Titan
0.0,0.0,0.15789473684210525,0.13533834586466165,0.24710928579547714,0.004283194759385236,0.16180629804731778,0.34980593364836654,201,0.3856674161819391,0.155846581353486,0.022727272727272728,0.005076142131979695,1.0,0.3186172474592674,1,Flipkart,Suitcases,Suitcases,ALFA by VIP,Mokobara
0.0,-0.004201680672268907,0.0625,0.044642857142857144,0.005256230396825965,-0.0008118473726939334,0.2694665465561837,0.06097417370035861,201,0.0718602907669679,-0.01021528324593663,0.05,0.14820473644003054,1.0,0.07625439314494305,1,Flipkart,Suitcases,Suitcases,ALFA by VIP,NASHER MILES
0.05405405405405406,0.03281853281853282,0.02564102564102564,-0.003663003663003664,0.0061225870186319194,0.003331373701744072,0.19258500028753778,0.15422836244093374,201,0.17688718318337418,-0.035912518046159705,0.02531645569620253,0.2241554054054054,1.0,0.1958147610934919,1,Flipkart,Suitcases,Suitcases,ALFA by VIP,NASHER MILES
0.0,-0.01098901098901099,0.05263157894736842,0.041353383458646614,-0.005124745070315327,-0.0011477842165672852,0.15934379771788817,0.6600750993143369,201,0.3991188210614148,-0.09216255257425429,0.04,0.13007614213197968,1.0,0.44239216292724864,1,Flipkart,Suitcases,Suitcases,ALFA by VIP,SKYBAGS
0.0,-0.002976190476190476,0.0,-0.004464285714285714,-0.03274899583607641,-0.0010078105316200553,0.14419994402575625,0.5351677642921158,201,-0.1177636678711513,-0.16646563760553412,0.045454545454545456,0.13007614213197968,1.0,0.16775158254311728,1,Flipkart,Suitcases,Suitcases,ALFA by VIP,SKYBAGS
0.0,-0.003246753246753247,0.05555555555555555,0.047619047619047616,-0.005170283889565992,-0.0010078105316200553,0.1579812532088378,0.5650755594793597,201,0.3746032304541636,-0.12551847774190605,0.045454545454545456,0.13007614213197968,1.0,0.4335649978375071,1,Flipkart,Suitcases,Suitcases,ALFA by VIP,SKYBAGS
0.0,-0.003105590062111801,0.045454545454545456,0.032467532467532464,0.004759454194271602,-0.0011477842165672852,0.16667597037156773,0.13903210391293272,201,0.15479097235820874,0.00012341512715957606,0.0,0.10510204081632654,1.0,0.15862048317650765,1,Flipkart,Suitcases,Suitcases,ALFA by VIP,TOMMY HILFIGER
0.2033898305084746,0.030266343825665898,0.1206896551724138,-0.030788177339901454,0.1331342887059778,0.001595547309833023,0.405792437162794,0.11688624451603812,405,-0.20907546102164942,0.09417675367134898,0.0967741935483871,0.11583924349881797,1.0,0.2415731437347967,1,Flipkart,Educational,Educational,MISSION PARICHARIKA,Dhanpat Rai & Co. Pvt. Ltd
0.2535211267605634,0.018108651911468848,0.24369747899159663,0.014405762304921965,-0.030111782631336553,-0.002299464876567587,0.4109124848994816,0.05257366719407705,562,0.15311503193250828,-0.03264514967901113,0.10931174089068826,0.15194595684613832,0.9911504424778761,0.167495077638519,1,Flipkart,Earphones,Earphones,Mivi,Noise
0.17985611510791366,-0.038540596094552904,0.24778761061946902,0.018963337547408338,-0.07183713343787436,-0.014227738429930798,0.4314549775484461,0.0619363719018947,564,0.34950954925581296,-0.07451489984820678,0.09504132231404959,0.05152522036088421,0.9858906525573192,0.3521770318544513,1,Flipkart,Earphones,Earphones,Mivi,Noise
0.0,-0.01020408163265306,0.0,-0.030612244897959183,-0.0011591922638620907,-0.00041914342325864956,0.8936119917796382,0.0011812702001939527,174,-0.12943684805203126,1.7009309220932864e-20,0.0,0.02,0.967032967032967,0.13195277907722056,1,Flipkart,TWS Earbuds,TWS Earbuds,Mivi,TRIGGR
0.05555555555555555,-0.003968253968253982,0.07142857142857142,0.05102040816326531,-0.0028500398148330122,-0.0031952662721893496,0.5990241021684893,0.0036944783774494204,140,0.3262375489888093,-0.03982274385872971,0.06060606060606061,0.02857142857142857,1.0,0.3577587628503029,1,Flipkart,TWS Earbuds,TWS Earbuds,Mivi,boAt
0.3103448275862069,0.17733990147783252,0.28,0.1885714285714286,0.007820740024148594,0.015224913494809688,0.7601377456940366,0.16308868150788483,182,0.19337884946479098,0.02588444647519106,0.14893617021276595,0.5195530726256983,0.989010989010989,0.19577780058581679,1,Flipkart,TWS Earbuds,TWS Earbuds,Mivi,TRIGGR
0.19230769230769232,0.01648351648351648,0.13846153846153847,-0.03296703296703296,-0.0018052140528993271,-0.0030636116007050143,0.44949017090581267,0.10510839769717702,413,0.27176665199224226,-0.03205695252052312,0.08450704225352113,0.0968276515151515,0.9759615384615384,0.2977304364406841,1,Flipkart,Earphones,Earphones,Mivi,Noise
0.5675675675675675,0.09137709137709127,0.5707762557077626,0.10567514677103729,0.04315438510284673,0.04001831425598335,0.23285157293698439,0.03381577334118811,829,0.7444406729135322,0.047542684483785395,0.4037433155080214,0.3244005338154893,1.0,0.7407557494502868,1,Flipkart,Coffee Tables,Coffee Tables,MODERN CRAFTHOUSE,SS CRAFTMAKERS
0.2127659574468085,-0.0075987841945288626,0.23809523809523808,0.05782312925170066,-0.014971350917663242,-0.0016303503959422382,0.21610049111188037,0.08903159820985897,292,-0.09742881596735248,-0.005470403547554947,0.10638297872340426,0.11402393418100223,0.8938356164383562,0.1539566347080749,1,Flipkart,Suitcases,Suitcases,Mokobara,NASHER MILES
0.046153846153846156,0.031868131868131866,0.07692307692307693,0.046153846153846156,0.023856577943113674,0.0021311904969866366,0.16506419754087878,0.19196559612501093,604,0.07025027266043297,0.01878861417262439,0.0364963503649635,0.11074380165289256,1.0,0.10021271615432323,1,Flipkart,Suitcases,Suitcases,Mokobara,NASHER MILES
0.33076923076923076,0.06703296703296702,0.288,0.037714285714285645,-0.05487861725118395,-0.001681632653061222,0.16009814551591492,0.15107634035922404,605,0.144048358792723,-0.05883628962684956,0.15416666666666667,0.14916387959866223,0.8743801652892562,0.16484805983821654,1,Flipkart,Suitcases,Suitcases,Mokobara,NASHER MILES
0.3698630136986301,0.0273972602739726,0.26851851851851855,0.015211640211640287,-0.09420074579060556,-0.002498123475323702,0.141906313548754,0.11304045950783882,605,0.1891095521958055,-0.045414330104377114,0.1694915254237288,0.13608374384236455,0.9752066115702479,0.20370769901400312,1,Flipkart,Suitcases,Suitcases,Mokobara,SKYBAGS
0.4161073825503356,0.05848513902205177,0.2894736842105263,0.01691729323308272,-0.048094386851991446,0.0010555451304184657,0.14788632208214467,0.14390579395389796,605,0.08578729121908348,-0.014879748423271848,0.18410041841004185,0.11074380165289256,1.0,0.09480961608324345,1,Flipkart,Suitcases,Suitcases,Mokobara,SKYBAGS
0.42142857142857143,0.08265306122448984,0.2897196261682243,0.04606141522029372,-0.10562646146164573,-0.0012316458470304596,0.14216987847098372,0.19176549514130187,605,0.1578486834437266,-0.07533393248041155,0.15217391304347827,0.11074380165289256,1.0,0.18724989361742977,1,Flipkart,Suitcases,Suitcases,Mokobara,SKYBAGS
0.0,0.0,0.058823529411764705,0.058823529411764705,0.00284005531623258,-0.00050044324973548,0.36120459251144654,0.36039730610364495,199,0.3162869538447727,-0.0004303977066702327,0.0,0.05966435185185185,1.0,0.33678754243574344,1,Flipkart,Suitcases,Suitcases,Mokobara,ALFA by VIP
0.35294117647058826,0.11764705882352947,0.3333333333333333,0.11607142857142849,-0.13624403194118823,0.0026407122378150003,0.24712910702375568,0.16727377854813838,296,-0.14926971870965441,-0.12165809556923014,0.12631578947368421,0.0935074100211715,1.0,0.16319568113529637,1,Flipkart,Suitcases,Suitcases,Mokobara,TOMMY HILFIGER
0.125,0.053571428571428575,0.058823529411764705,-0.016806722689075626,-0.0031806690344776322,-0.007258979206049149,0.11453585053674648,0.1411490324553294,124,0.08400081745828704,0.03174075661941504,0.10526315789473684,0.04032258064516129,1.0,0.09817335678836503,1,Flipkart,Office Desks,Office Desks,Lukzar,NEUDOT
0.30434782608695654,0.17391304347826092,0.34615384615384615,0.1978021978021978,0.0015456019100501255,-0.005053507728894173,0.09739309422657376,0.15668660213636249,124,0.26395219671758685,0.01983635566246606,0.23636363636363636,0.3150406504065041,1.0,0.3270249748120105,1,Flipkart,Office Desks,Office Desks,Lukzar,WUDYHOME
0.35294117647058826,0.11029411764705885,0.3125,0.1279761904761905,0.0474196133265042,0.016821075513689766,0.8141662996924317,0.11248544393191671,292,-0.010501396998604499,0.06147630953461386,0.2222222222222222,0.1048951048951049,0.9794520547945206,0.052039399980221106,1,Flipkart,Suitcases,Suitcases,NASHER MILES,SKYBAGS
0.3384615384615385,0.09560439560439557,0.3333333333333333,0.1555555555555555,-0.03377292373650795,0.02197091247865017,0.8562353194219025,0.12869421116309993,292,-0.0661010693049027,-0.0033346896385180454,0.21153846153846154,0.0821917808219178,1.0,0.1616646066894312,1,Flipkart,Suitcases,Suitcases,NASHER MILES,SKYBAGS
0.3064516129032258,0.07027649769585254,0.3541666666666667,0.17261904761904762,0.0072470208819873086,0.011438331349309043,0.8420005358625382,0.16142154666685446,292,-0.011542869597187975,0.022512923776272644,0.18095238095238095,0.0821917808219178,1.0,0.12605670229481664,1,Flipkart,Suitcases,Suitcases,NASHER MILES,SKYBAGS
0.0,0.0,0.06666666666666667,0.0380952380952381,0.006355011142459042,-0.00041465297835225484,0.8350452017422022,0.016532819266053253,199,0.053003907359748435,-0.00022327573884234244,0.0,0.08113230618733187,1.0,0.05201049545186526,1,Flipkart,Suitcases,Suitcases,NASHER MILES,ALFA by VIP
0.391304347826087,0.15527950310559008,0.21739130434782608,0.027950310559006264,0.10555600446374745,0.008611636210880066,0.7758083278241058,0.14052651560909576,292,0.04850375136351378,0.09453709824023482,0.14444444444444443,0.09935086011035378,0.9383561643835616,0.05128178334888249,1,Flipkart,Suitcases,Suitcases,NASHER MILES,TOMMY HILFIGER
0.06306306306306306,0.017374517374517368,0.1125,0.03660714285714284,-0.08545862654095152,-0.0011007807075479681,0.232079665958865,0.04306207518285358,749,0.09145826039708745,-0.06985001631113891,0.046632124352331605,0.09466666666666666,1.0,0.10331162145784298,1,Flipkart,Suitcases,Suitcases,NASHER MILES,SKYBAGS
0.09565217391304348,0.04472049689440994,0.10843373493975904,0.04216867469879518,0.010224237766441194,3.3870175616860544e-05,0.19814216803490192,0.07872809007383234,749,0.020517478739269852,0.010008707735355905,0.024752475247524754,0.5120160213618158,1.0,0.020414610355575426,1,Flipkart,Suitcases,Suitcases,NASHER MILES,SKYBAGS
0.06666666666666667,0.017006802721088433,0.10526315789473684,0.04229323308270677,-0.008981301476262343,-0.0006488627825968173,0.2129648449218663,0.0887017975450836,746,-0.041014871324632225,-0.0064853678367244455,0.03278688524590164,0.08536550337498204,0.9946452476572959,0.06665950942331,1,Flipkart,Suitcases,Suitcases,NASHER MILES,SKYBAGS
0.0,0.0,0.0,-0.015306122448979591,0.0019848657587532496,-0.001092752185504371,0.1404070378443793,0.10284185148890128,295,0.12836669946746174,-0.0014497566614256096,0.0,0.09121621621621621,1.0,0.13197726797517323,1,Flipkart,Suitcases,Suitcases,NASHER MILES,TOMMY HILFIGER
0.4311377245508982,0.08468776732249789,0.34074074074074073,0.09417989417989414,0.01070280919142304,0.016457100591715977,0.18976604561967328,0.024720822302211357,750,-0.016327615880908065,0.027085892275517873,0.20074349442379183,0.11572779825668175,0.9813333333333333,0.07745241114272472,1,Flipkart,Suitcases,Suitcases,NASHER MILES,SKYBAGS
0.3567251461988304,0.024227234753550486,0.36231884057971014,0.10817805383022777,-0.019839978465986063,0.008651204564666105,0.19844913755666332,0.029345662934166416,750,0.06323757079688354,-0.004224803740655584,0.17562724014336917,0.10533333333333333,1.0,0.06440813033107859,1,Flipkart,Suitcases,Suitcases,NASHER MILES,SKYBAGS
0.3950617283950617,0.060846560846560815,0.37404580152671757,0.12813522355507087,-0.010427232307444995,0.016284820700472442,0.19623813030888737,0.02852742176349648,747,-0.04454808485434994,0.012067480891488607,0.1969111969111969,0.10441767068273092,1.0,0.105669949034536,1,Flipkart,Suitcases,Suitcases,NASHER MILES,SKYBAGS
0.0,0.0,0.02702702702702703,0.00579150579150579,0.0051501981036707785,-0.000986588120907089,0.386111327453862,0.15418724894750627,199,0.17635262456792786,-0.0006311285628988245,0.0,0.25326797385620914,1.0,0.18855580924494506,1,Flipkart,Suitcases,Suitcases,NASHER MILES,ALFA by VIP
0.30434782608695654,0.060041407867494845,0.2602739726027397,-0.008806262230919792,0.07953162085009544,0.004564659725365922,0.26215064252190545,0.2142084074285083,296,0.15688101053692952,0.15635813728772965,0.13636363636363635,0.137154679323354,0.9493243243243243,0.1431582018245323,1,Flipkart,Suitcases,Suitcases,NASHER MILES,TOMMY HILFIGER
0.3787878787878788,-0.02417027417027423,0.44660194174757284,0.021151178918169256,-0.12847027518553208,-0.011025383491599712,0.20474258947927465,0.09034803360622988,639,0.17368384273548543,-0.1113544557468383,0.2554347826086957,0.20625,1.0,0.2131142538852458,1,Flipkart,Mens Watches,Mens Watches,NAVIFORCE,Titan
0.14516129032258066,0.043778801843318005,0.15254237288135594,0.05205811138014531,0.09158237075967479,0.0035604392231489935,0.14354828931121028,0.06372274378186557,384,-0.43627306953755496,0.08852552200147876,0.06,0.033766233766233764,1.0,0.48609828905969904,1,Flipkart,Office Desks,Office Desks,NEUDOT,WUDYHOME
0.2670807453416149,-0.030612244897959162,0.3167701863354037,0.03948535936113573,0.03447401038406247,0.007815986894721313,0.2706815560037885,0.038189191144056556,1125,-0.2032506213318457,0.06227146010464908,0.13815789473684212,0.08112874779541446,1.0,0.23735493009945474,1,Flipkart,Casual Shoes,Casual Shoes,NIKE,PUMA
0.17391304347826086,-0.006832298136645959,0.17073170731707318,0.025551684088269466,-0.035864061274532594,-4.620757619418908e-06,0.45284671137758653,0.06429713614912488,1134,-0.0013535931480629822,-0.04904680500970103,0.07659574468085106,0.09672643869891576,1.0,0.008054228650318969,1,Flipkart,Casual Shoes,Casual Shoes,NIKE,RED CHIEF
0.25,0.045238095238095216,0.28,0.07599999999999998,-0.0089736439071586,0.014467032446763742,0.28212729202368886,0.0615673857870865,940,0.08681439477950798,0.014499320421882183,0.14345991561181434,0.09468085106382979,1.0,0.09529406496708595,1,Flipkart,Casual Shoes,Casual Shoes,NIKE,THOMAS CRICK
0.12598425196850394,-0.005624296962879638,0.17073170731707318,0.0383275261324042,0.0005454957714718337,-0.0006325020279372923,0.22339229524807744,0.048147639666509166,1080,-0.1861383031667649,-0.002031765868936092,0.058365758754863814,0.05234159779614325,1.0,0.19690534231232062,1,Flipkart,Casual Shoes,Casual Shoes,NIKE,PUMA
0.3058823529411765,0.17142857142857143,0.25555555555555554,0.10396825396825396,-0.004223535321291678,0.008364571310136829,0.3313536221704623,0.03953419443692433,1089,0.07157446562290685,0.01175913216988293,0.15337423312883436,0.08583774742124338,1.0,0.07770389459357152,1,Flipkart,Casual Shoes,Casual Shoes,NIKE,RED CHIEF
0.14772727272727273,0.028409090909090925,0.11827956989247312,-0.023809523809523808,0.00909343189154763,-3.832435236300873e-05,0.18653371426412255,0.0715442586404619,940,0.06509850276383075,0.011548151055337129,0.06217616580310881,0.05638297872340425,1.0,0.0636451316751387,1,Flipkart,Casual Shoes,Casual Shoes,NIKE,THOMAS CRICK
0.11403508771929824,0.004385964912280715,0.12844036697247707,0.011795543905635641,-0.03417886933042828,0.0008346948437752289,0.2944525725877228,0.062474518711239886,1216,-0.19770854860281106,-0.030965878975771077,0.06956521739130435,0.029387755102040815,1.0,0.205680805877468,1,Flipkart,Casual Shoes,Casual Shoes,NIKE,PUMA
0.21014492753623187,0.06521739130434781,0.15827338129496402,0.023638232271325804,-0.05897851913607889,0.002904713642508175,0.34515888712013454,0.039471145317321,2081,-0.05953708811613156,-0.08732124066715052,0.11409395973154363,0.06546696826970749,1.0,0.06624060184082324,1,Flipkart,Casual Shoes,Casual Shoes,NIKE,RED CHIEF
0.09859154929577464,-0.007042253521126779,0.13513513513513514,0.03281853281853282,-0.013615270654859188,-0.0008162432404856647,0.26683135406401265,0.07422810871057567,940,0.05571953364608464,0.0051074308640173885,0.036585365853658534,0.03829787234042553,1.0,0.055589924895686905,1,Flipkart,Casual Shoes,Casual Shoes,NIKE,THOMAS CRICK
0.0,-0.05357142857142857,0.3333333333333333,0.30952380952380953,0.0007576494758380629,0.0062721893491124265,0.8972243171811628,0.013024500526497906,140,0.05920879593197203,0.13172728274468404,0.05263157894736842,0.014814814814814815,1.0,0.10145744268945116,1,Flipkart,TWS Earbuds,TWS Earbuds,boAt,TRIGGR
0.12962962962962962,0.042328042328042326,0.18867924528301888,0.11725067385444746,0.05807932064720053,0.004083900124619011,0.3171539650498468,0.07020621908296691,467,-0.0943415847195368,0.01752499223980197,0.05555555555555555,0.05164835164835165,1.0,0.11365558340593324,1,Flipkart,Smartwatches,Smartwatches,Noise,Titan
0.2711864406779661,0.0871670702179177,0.2982456140350877,0.10651629072681704,0.08584350953011718,0.012480186914862692,0.10095765193347446,0.08517431009579818,473,0.01072108133221553,0.09498947630142039,0.1328125,0.06828703703703703,1.0,0.04134253003651537,1,Flipkart,Sewing Machines,Sewing Machines,Onshoppy,Rilson
0.075,-0.09999999999999999,0.17647058823529413,0.005042016806722671,0.016223387588459003,0.0007076440043473006,0.10451644465790148,0.08567431903314368,475,0.04699534975698145,0.03013253901047312,0.06806282722513089,0.14526315789473684,1.0,0.06443692742724333,1,Flipkart,Sewing Machines,Sewing Machines,Onshoppy,SINGER
0.3472222222222222,0.05456349206349209,0.375886524822695,0.06534954407294835,0.0938939223780503,0.012628580844102347,0.299295764123015,0.08651440173091605,734,0.005010630784605562,0.08170410103542132,0.1839080459770115,0.13746630727762804,1.0,0.02460934089192027,1,Flipkart,Non-Fiction,Non-Fiction,Oxford University Press,Puffin Books
0.14102564102564102,0.05677655677655677,0.08641975308641975,0.010582010582010595,-0.006923347923411719,0.001347060170496043,0.5644252709119354,0.009099887528359826,2508,0.46165539807295386,0.025346201277874885,0.07878787878787878,0.055244819365486884,1.0,0.46283078268565514,1,Flipkart,Non-Fiction,Non-Fiction,Oxford University Press,Simon & Schuster
0.30569948186528495,0.007031828275351593,0.3621621621621622,0.07683397683397686,0.07415712187443949,0.0068837901997670856,0.23465350353924186,0.07676892083528453,849,0.17976832992735345,0.05843801900647841,0.15833333333333333,0.1764018691588785,1.0,0.19109618905147885,1,Flipkart,Non-Fiction,Non-Fiction,Oxford University Press,Viz Media
0.18181818181818182,-0.008441558441558389,0.3020833333333333,0.08333333333333331,0.06478574885438676,0.013592734750566587,0.16237933821368264,0.07989771005691866,451,0.13788569855307997,0.07005370863683816,0.14666666666666667,0.07300884955752213,1.0,0.15111681319168657,1,Flipkart,Helmets,Helmets,Probiker,TVS
0.11764705882352941,-0.016206482593037225,0.11206896551724138,-0.009852216748768489,0.006982353965820279,-0.0004852853745541024,0.41538093272401005,0.060399978649049675,1216,-0.23161239776991896,0.009189314487583389,0.06198347107438017,0.03904688597201966,1.0,0.2420990338003176,1,Flipkart,Casual Shoes,Casual Shoes,PUMA,RED CHIEF
0.29914529914529914,0.08608058608058608,0.21818181818181817,0.01623376623376621,0.0045722952876992755,0.007474942639777804,0.22884812808338098,0.0709002462041121,931,-0.11580647236562092,-0.0034415485946392627,0.16143497757847533,0.08678095238095238,1.0,0.1234550549903441,1,Flipkart,Casual Shoes,Casual Shoes,PUMA,THOMAS CRICK
0.10666666666666667,-0.03904761904761904,0.12987012987012986,-0.012987012987013019,-0.0008015997443261114,-0.0009281843382420271,0.371469584836464,0.04245940160380852,940,0.5103938007269218,-0.0029838523453170666,0.04819277108433735,0.04770065695515567,1.0,0.5287883599008754,1,Flipkart,Casual Shoes,Casual Shoes,RED CHIEF,THOMAS CRICK
0.25510204081632654,0.06851311953352768,0.18181818181818182,0.015873015873015844,-0.08079012610328844,0.0013750903131349718,0.09624184485345677,0.11168712522105836,740,0.21641186624419775,-0.07890222943653626,0.1013215859030837,0.12264150943396226,1.0,0.24362521207590196,1,Flipkart,Sewing Machines,Sewing Machines,Rilson,SINGER
0.17307692307692307,0.07074175824175823,0.125,0.02827380952380952,-0.01573593423621047,0.0033872793802815432,0.7922679306230701,0.08407326796751394,718,0.2511834093634279,0.020304796880234764,0.05045871559633028,0.10106961632533859,1.0,0.25116745005522617,1,Flipkart,Non-Fiction,Non-Fiction,Puffin Books,Simon & Schuster
0.46443514644351463,0.01195457262402877,0.4889867841409692,0.05632473253618636,-0.03888610227951706,0.012592566966693183,0.281254137033928,0.10062821726437612,741,0.24799608811452162,-0.0099218664395569,0.28607594936708863,0.25215006275858864,0.9878706199460916,0.2924963187194538,1,Flipkart,Non-Fiction,Non-Fiction,Puffin Books,Viz Media
0.0,0.0,0.05555555555555555,0.047619047619047616,-0.00031097390104521433,-0.0005862335211187051,0.3122428471033431,0.6616100363205992,199,0.3463652321665394,-0.002811473284908466,0.0,0.05441888619854722,1.0,0.37134925913913375,1,Flipkart,Suitcases,Suitcases,SKYBAGS,ALFA by VIP
0.24324324324324326,-0.05694980694980695,0.3888888888888889,0.15873015873015872,0.010738305770465667,0.008022735274885565,0.22149354044803146,0.1049039679212606,296,0.38348647186666573,0.017823552276591336,0.1322314049586777,0.10088673702535089,0.9898648648648649,0.4099870011880036,1,Flipkart,Suitcases,Suitcases,SKYBAGS,TOMMY HILFIGER
0.0,0.0,0.06666666666666667,0.05714285714285714,0.00038024914416975614,-0.0005147416282993508,0.3190344956069896,0.5351677642921157,199,0.026622810185653854,-0.0017676943484207905,0.0,0.5025252525252525,1.0,0.1457104238081843,1,Flipkart,Suitcases,Suitcases,SKYBAGS,ALFA by VIP
0.2753623188405797,-0.03519668737060039,0.28846153846153844,0.05769230769230768,-0.0058257990366353575,-0.003961068356722497,0.23224100076831644,0.11044604280681675,296,0.16143843807671635,0.001669974859002357,0.14035087719298245,0.09121621621621621,1.0,0.16319880093234268,1,Flipkart,Suitcases,Suitcases,SKYBAGS,TOMMY HILFIGER
0.0,0.0,0.058823529411764705,0.05042016806722689,-0.0003306730955143811,-0.0005147416282993508,0.3467665922425695,0.5663894177193393,199,0.325747600782309,-0.0026373629433900305,0.0,0.5025252525252525,1.0,0.3400409226162734,1,Flipkart,Suitcases,Suitcases,SKYBAGS,ALFA by VIP
0.3181818181818182,0.021645021645021578,0.35185185185185186,0.10449735449735456,-0.029137537945729583,0.003759871233841354,0.21927632087112525,0.12908069400086913,296,0.4178479696090493,-0.014806205415941036,0.1651376146788991,0.09121621621621621,1.0,0.42569991120515044,1,Flipkart,Suitcases,Suitcases,SKYBAGS,TOMMY HILFIGER
0.0,0.0,0.0,-0.003401360544217687,0.004705338347691023,-0.0005719351425548342,0.12706769543628776,0.00478242598166871,199,0.14527306391425931,-5.2752447598016186e-05,0.0,0.20257731958762887,1.0,0.14990066640001362,1,Flipkart,Suitcases,Suitcases,ALFA by VIP,TOMMY HILFIGER
0.36363636363636365,0.1487603305785124,0.2992125984251969,0.08661417322834644,0.02555506541935638,0.008428684197507672,0.1490742621857042,0.11803786988055287,1246,0.004130015735364635,0.04297132894140963,0.1650485436893204,0.05698234349919743,1.0,0.016358248694320995,1,Flipkart,Tool Kits \u0026 Sets,Tool Kits \u0026 Sets,STANLEY,TAPARIA
0.12903225806451613,0.030414746543778765,0.15172413793103448,0.06798029556650248,0.1010220572564308,0.009312063127644876,0.46309223730982857,0.06601804688703623,833,0.2777099826000349,0.03148175594493182,0.05660377358490566,0.10284852860930291,0.9953271028037384,0.2769794058023155,1,Flipkart,Non-Fiction,Non-Fiction,Simon & Schuster,Viz Media
0.0,0.0,0.024390243902439025,0.015679442508710804,0.008561789986492043,-0.0010579427083333333,0.9129451949097751,0.05779838876047216,204,0.034012714608370506,-4.1956838434396526e-05,0.0,0.004901960784313725,1.0,0.0459433138538076,1,Flipkart,Perfumes,Perfumes,THE MAN COMPANY,VOKKA
0.025423728813559324,0.01694915254237288,0.007633587786259542,-0.002726281352235551,-0.0008560972601041745,-0.0006018880076270843,0.5145737669823993,0.1030407486288497,1510,-0.2661221575597066,-1.4312559169095983e-05,0.0,0.0589147126246306,1.0,0.2706127061772321,1,Flipkart,Perfumes,Perfumes,THE MAN COMPANY,Wild Stone
0.3352601156069364,0.1061106523534269,0.3526315789473684,0.1045112781954887,0.021935092719418813,0.011717504516951855,0.24630089279872197,0.055701455595157816,1197,0.24423714228104945,0.017470278339359175,0.15,0.11732709542866807,0.9390142021720969,0.2450376198833359,1,Flipkart,Perfumes,Perfumes,THE MAN COMPANY,Wild Stone
0.0,0.0,0.04819277108433735,0.04302925989672978,0.020365730699839532,0.0017781842198851803,0.24773064125204894,0.07143539875853555,1242,-0.4672058117514177,0.0012271028934408474,0.0033222591362126247,0.043301846111287394,1.0,0.467692894078725,1,Flipkart,Perfumes,Perfumes,THE MAN COMPANY,Wild Stone
0.3162393162393162,0.1282051282051282,0.3020833333333333,0.15104166666666663,-0.003428829755992451,0.012792432938101849,0.11962190818129184,0.07043632754719188,754,-0.02255837122405995,0.029302523266934204,0.1865079365079365,0.06241426611796982,1.0,0.044333150055516524,1,Flipkart,Cycling,Cycling,Tungsten,XCi
0.3445378151260504,0.16626650660264106,0.32978723404255317,0.19604863221884497,0.06093057181848216,0.015531219206306549,0.0874378154376676,0.06609428447258386,755,-0.019491550452106297,0.07545500696466761,0.1626984126984127,0.14166666666666666,1.0,0.055593977472825476,1,Flipkart,Cycling,Cycling,Tungsten,XCi
0.0,0.0,0.038461538461538464,0.030219780219780223,0.0031315647884772534,-0.000637478298611111,0.11678418673468541,0.1377051291985607,204,-0.026520638284378197,-0.0001970941760056534,0.0,0.2524752475247525,1.0,0.09677447940659178,1,Flipkart,Perfumes,Perfumes,VOKKA,Wild Stone
0.22784810126582278,5.551115123125783e-17,0.2823529411764706,0.047058823529411736,-0.014879974828774135,-0.00023843476745732256,0.11491915348166282,0.05493094425623219,488,0.11569316991511092,-0.00652389939783121,0.14204545454545456,0.31262833675564683,1.0,0.13382145355434272,1,Amazon,Perfumes,Perfumes,Ajmal,WILD STONE CODE
0.2773109243697479,0.030612244897959218,0.4016393442622951,0.11592505854800939,0.05636752422672873,0.019804725005747367,0.11033127655325292,0.08386585781312227,489,0.2994561617818791,0.08516273956074828,0.20164609053497942,0.12474437627811862,1.0,0.3055980371201506,1,Amazon,Perfumes,Perfumes,Ajmal,Wild Stone
0.09090909090909091,-0.02597402597402597,0.14754098360655737,0.02927400468384074,0.016571570940863516,-0.004263676184522948,0.08912743193160484,0.08368542795951055,489,0.15949756214123234,0.0359423748522608,0.03496503496503497,0.12474437627811862,1.0,0.19979694103161674,1,Amazon,Perfumes,Perfumes,Ajmal,Wild Stone
0.3724137931034483,0.04187192118226607,0.35374149659863946,0.016520894071914483,0.05512975737010126,-0.0021793162135937405,0.14478451795153255,0.03764564922183547,513,0.03164884273772271,0.037818881605490934,0.16666666666666666,0.13421869610210418,0.9941634241245136,0.027086000226887317,1,Amazon,Cleaning Supplies,Cleaning Supplies,Presto!,Ariel
0.25806451612903225,0.008928571428571397,0.26337448559670784,0.04085831863609643,0.06408199029173094,0.0037292638995312932,0.25535803891891656,0.04673416545771734,1316,-0.0487435113091605,0.033688237322051576,0.10728744939271255,0.1339366260712675,0.9992401215805471,0.06462174219060979,1,Amazon,Bath \u0026 Body,Bath \u0026 Body,Amazon Brand - Solimo,Dove
0.03333333333333333,-0.021428571428571443,0.10714285714285714,0.02678571428571426,-0.03020942671613072,-0.0012990744842614433,0.13463247217502608,0.07524976860605767,718,-0.3375579692867426,-0.02648035708043343,0.031496062992125984,0.020804438280166437,1.0,0.371668256238918,1,Amazon,Diapers,Diapers,unknown,BEBE
0.29069767441860467,0.05066445182724255,0.3076923076923077,0.052197802197802234,-0.05836202772787855,0.00514878892733564,0.08102268844109949,0.06500082883833451,443,0.39098993751846234,0.009135789100576492,0.18556701030927836,0.16186252771618626,1.0,0.3955789528014111,1,Amazon,Diapers,Diapers,unknown,HUGGIES
0.1566265060240964,0.022375215146299504,0.20270270270270271,0.09073359073359073,0.07559485029289638,0.004877127100530224,0.1586801790863726,0.13492966285054392,1011,0.15763546737212186,0.08478666336772706,0.12025316455696203,0.037549407114624504,1.0,0.1646033557298581,1,Amazon,Gym Equipment,Gym Equipment,amazon basics,BOLDFIT
0.36,0.2614285714285714,0.1794871794871795,0.06593406593406594,0.10871015352663657,0.008524679357143024,0.14789122875811428,0.07398505373486507,676,-0.09604887687634726,0.22351715136647432,0.16842105263157894,0.03692762186115214,1.0,0.1491891321446618,1,Amazon,Gym Equipment,Gym Equipment,amazon basics,Cockatoo
0.0,-0.05494505494505496,0.5,0.4880952380952381,0.5663884840054287,0.005730968858131488,0.09365417939936735,0.28556656026489596,143,0.2620628997225412,0.5379050484236356,0.09090909090909091,0.013793103448275862,1.0,0.22487775752775305,1,Amazon,Gym Equipment,Gym Equipment,amazon basics,Lifelong
0.25510204081632654,0.09183673469387757,0.13095238095238096,0.0017006802721088454,0.0040422528765756685,0.00503686680072776,0.13947090832400752,0.038733916202088665,1011,0.10576468253448083,0.04086222166143553,0.11049723756906077,0.037549407114624504,1.0,0.13432235936675835,1,Amazon,Gym Equipment,Gym Equipment,amazon basics,Lifelong
0.26785714285714285,0.16198979591836732,0.14545454545454545,0.04415584415584413,0.00616901868222032,0.005381738734383971,0.2624763436955149,0.07038919865933901,788,-0.3190434989582685,-0.04395438301784904,0.11965811965811966,0.046894803548795945,1.0,0.34862100129422674,1,Amazon,Gym Equipment,Gym Equipment,amazon basics,unknown
0.32954545454545453,0.11525974025974028,0.2967032967032967,0.06750392464678179,0.061354292587237146,0.001703860595929585,0.09857027085979563,0.11328658875018842,503,0.4464801289276147,0.06882082180332631,0.1511627906976744,0.0998003992015968,0.9960238568588469,0.4752686886919512,1,Amazon,Suitcases,Suitcases,American Tourister,Aristocrat
0.4411764705882353,0.2542016806722689,0.35714285714285715,0.24744897959183676,0.1377425484948489,0.014030612244897957,0.06878919731833301,0.26196922154102487,176,0.3522161315070345,0.16483674821732808,0.14754098360655737,0.5346820809248555,1.0,0.2944550736728039,1,Amazon,Suitcases,Suitcases,American Tourister,Aristocrat
0.45454545454545453,0.3831168831168831,0.2727272727272727,0.22727272727272724,-0.012645480389128508,0.01606086221470837,0.11320398825027134,0.39719193329386904,95,0.4253724441870396,0.24652635582365037,0.2857142857142857,0.042105263157894736,1.0,0.3960282357125704,1,Amazon,Suitcases,Suitcases,American Tourister,LAttitude By Provogue
0.5365853658536586,0.32578397212543553,0.4305555555555556,0.22123015873015875,0.3757676216173304,0.0333085343819747,0.08262989222643075,0.10199161572482374,503,0.5542027788468821,0.3360354773230462,0.2571428571428571,0.07952286282306163,1.0,0.44966117129756944,1,Amazon,Suitcases,Suitcases,American Tourister,unknown
0.17543859649122806,0.07518796992481204,0.15,0.07428571428571426,0.07206624605049092,0.005608928630428709,0.6435695741063906,0.04445564644349149,1186,0.44515326181822384,0.03439619622738898,0.08370044052863436,0.04156275976724855,1.0,0.4486560515173086,1,Amazon,Speakers,Speakers,soundcore,boAt
0.22727272727272727,0.10389610389610393,0.2222222222222222,0.13095238095238093,0.06023003283345062,0.004864645736678526,0.14333705045409226,0.08352787264618972,157,0.2762964494812488,0.14596550245142978,0.1282051282051282,0.035256410256410256,1.0,0.23492494869947478,1,Amazon,Computer Accessories,Computer Accessories,Ant Esports,KARNAGE
0.17073170731707318,0.05400696864111498,0.15789473684210525,0.04511278195488723,0.016489714864667663,-0.000301114122252334,0.10124577757333558,0.06259041980963405,381,0.13899499833857196,0.04828003719169887,0.06172839506172839,0.05249343832020997,1.0,0.14483649358436315,1,Amazon,Smartwatches,Smartwatches,Apple,Fastrack
0.14285714285714285,0.06326530612244899,0.21875,0.13392857142857142,0.0360351877111307,0.0016503721644612478,0.08982575065402143,0.15194616035126915,380,0.23187298041726245,0.11142985071240645,0.08333333333333333,0.04473684210526316,1.0,0.21329225232186377,1,Amazon,Smartwatches,Smartwatches,Apple,Fastrack
0.1875,0.125,0.21052631578947367,0.11278195488721807,-0.17521283656529882,-0.005071851225697381,0.14750237947164108,0.13915163880676532,95,0.06398203149009135,-0.13132565638193788,0.24242424242424243,0.12631578947368421,1.0,0.08534304837560958,1,Amazon,Suitcases,Suitcases,Aristocrat,LAttitude By Provogue
0.2631578947368421,0.06954887218045114,0.16455696202531644,-0.02169981916817365,-0.016376266463386607,-0.0036061329060867765,0.09496239877598155,0.1184029370906937,514,0.2737735490460698,-0.03774934490766709,0.12658227848101267,0.07782101167315175,1.0,0.2831254842784582,1,Amazon,Suitcases,Suitcases,Aristocrat,unknown
0.21052631578947367,0.12406015037593986,0.2727272727272727,0.12337662337662336,-0.05841176183348782,-0.010143702451394761,0.13346859431091634,0.23575369959581563,95,0.2833792225889885,-0.07492504540162248,0.23684210526315788,0.16842105263157894,1.0,0.3065053195731022,1,Amazon,Suitcases,Suitcases,Aristocrat,LAttitude By Provogue
0.41379310344827586,0.25862068965517243,0.2222222222222222,0.082010582010582,0.10646657041823264,0.013041846500281479,0.09619336731248808,0.277254587667122,176,0.25558983493874543,-0.047224607318700755,0.23214285714285715,0.07386363636363637,1.0,0.3654668911963778,1,Amazon,Suitcases,Suitcases,Aristocrat,unknown
0.14285714285714285,0.0466472303206997,0.15384615384615385,0.028846153846153827,0.01134577756118453,0.005611531428161641,0.1369703562873346,0.14669138633829948,443,0.08344147909644015,0.009138858873715775,0.046357615894039736,0.026785714285714284,1.0,0.09171088397403752,1,Amazon,Diapers,Diapers,BEBE,HUGGIES
0.0,-0.02747252747252747,0.0,-0.05194805194805193,0.0024696495168992894,-0.0005313367950730588,0.19646796796287247,0.09904898517195605,459,-0.04185915822944408,-0.00010260876144433086,0.014925373134328358,0.04929057717797325,0.9745916515426497,0.04903876388938486,1,Amazon,Headphones,Headphones,boAt,Boult Audio
0.12121212121212122,-0.06060606060606061,0.0625,-0.12276785714285715,-0.048944321878276166,-0.010095250215365338,0.2310706491163981,0.05351838046287629,459,0.22822705589214354,-0.020558353758986833,0.03940886699507389,0.08316940253871204,0.9552390640895219,0.23896820871710497,1,Amazon,Headphones,Headphones,boAt,GOBOULT
0.1111111111111111,0.003968253968253982,0.21875,0.078125,0.022770442315084013,0.00260775485648858,0.19964352817622136,0.083933594407759,459,0.3147101085583121,0.02949207388527627,0.04929577464788732,0.15296523517382413,0.9662398137369034,0.3142023451228565,1,Amazon,Headphones,Headphones,boAt,GOBOULT
0.07407407407407407,-0.08862433862433863,0.17857142857142858,0.006377551020408184,0.006892417052543539,-0.0027774423378818984,0.23812386917979947,0.09344503697356088,459,0.07731931483101205,0.010045416681373974,0.012605042016806723,0.10896910035548263,0.9667003027245207,0.10912885174375792,1,Amazon,Headphones,Headphones,boAt,Noise
0.1896551724137931,0.06896551724137931,0.14035087719298245,0.0037593984962406013,-0.03147832126047763,-0.004556820706193289,0.23238283303575433,0.07380591693594588,423,0.21077978468945702,-0.015519051813099063,0.04329004329004329,0.09129098957423262,0.9592901878914405,0.22579800157687915,1,Amazon,Headphones,Headphones,boAt,Noise
0.05555555555555555,-1.3877787807814457e-17,0.09090909090909091,0.05194805194805195,-0.00987402031403102,-0.0023376433632843895,0.1801118765950256,0.1349547496689035,236,0.36463576365870015,-0.005220072804939658,0.006289308176100629,0.0609576936998318,0.9961089494163424,0.3678939408743532,1,Amazon,Headphones,Headphones,boAt,Noise
0.2,-0.004285714285714365,0.21153846153846154,0.024725274725274693,0.0021425306021735403,0.00474580364690255,0.19461478943565916,0.09004259841896341,459,0.03869780593291867,0.00017357823765587572,0.0873015873015873,0.07509737098344693,1.0,0.039871283648857024,1,Amazon,Headphones,Headphones,boAt,PTron
0.0,0.0,0.0,-0.03571428571428571,0.0,0.0,0.09532888465204958,0.0,102,-0.039045278333507336,6.691347178685625e-21,0.0,0.08843960222287219,0.8770949720670391,0.03935486590476564,1,Amazon,Headphones,Headphones,boAt,Boult Audio
0.225,0.005357142857142894,0.22093023255813954,0.005813953488372131,0.007376266878519725,0.0012796258901052182,0.17797214989662713,0.024015601460264956,534,0.07576738853551289,0.012136684708417703,0.07878787878787878,0.14786823297461596,0.8324022346368715,0.09330121144387252,1,Amazon,Headphones,Headphones,boAt,GOBOULT
0.10638297872340426,0.0030395136778115645,0.11320754716981132,-0.00808625336927224,0.006348559604033225,0.002002346699316397,0.14003504928361013,0.04887100355684336,410,0.2569843253346233,0.014243073365013504,0.03125,0.09952153110047847,0.7635009310986964,0.30663942695254714,1,Amazon,Headphones,Headphones,boAt,GOBOULT
0.12903225806451613,-0.02534562211981567,0.2727272727272727,0.09740259740259741,-0.09612800517136982,-0.002474684982702457,0.1538718946214748,0.16312035503760228,207,-0.13691956667748761,-0.0922430554851475,0.07462686567164178,0.08837209302325581,1.0,0.13957723074236703,1,Amazon,Headphones,Headphones,boAt,Noise
0.32727272727272727,0.06428571428571433,0.2621359223300971,-0.011789181692094253,-0.009117030216013585,0.0003799999999999984,0.18032223779673898,0.06304585285869987,537,0.2237441450564735,-0.005798430733887339,0.18041237113402062,0.17992155271522284,0.8081180811808119,0.23349948807640764,1,Amazon,Headphones,Headphones,boAt,Noise
0.24528301886792453,-0.015498652291105086,0.2631578947368421,0.02105263157894735,0.00210576550497717,-0.005149856522340988,0.1968473793775874,0.06739362262542734,537,0.033399976053408074,0.00415010761358052,0.12953367875647667,0.13396191187453324,0.9229357798165138,0.09108782034139215,1,Amazon,Headphones,Headphones,boAt,Noise
0.31683168316831684,0.0643564356435643,0.2523364485981308,-0.03137516688918557,0.009290945485157834,-0.0006173093542944132,0.166911547479853,0.07643620516321456,537,-0.1372723187770293,0.03249163741223752,0.125,0.10642201834862386,1.0,0.17849219184044238,1,Amazon,Headphones,Headphones,boAt,Noise
0.08928571428571429,-0.012755102040816299,0.11290322580645161,0.042626728110599074,0.03758459498814431,0.004186233316856154,0.29002886904265385,0.03196776756934491,525,-0.12890353590304862,0.042812838422123224,0.048,0.11051899907321594,1.0,0.15651125302206992,1,Amazon,Headphones,Headphones,boAt,PTron
0.18,-0.0014285714285714735,0.2641509433962264,0.021563342318059286,-0.19382611081890655,-0.0067582179930795825,0.1409108714282694,0.1530613497207958,282,0.08743898353563266,-0.05134875144496576,0.10891089108910891,0.13226744186046513,0.8655172413793103,0.26406605537812844,1,Amazon,Headphones,Headphones,boAt,GOBOULT
0.09523809523809523,0.003401360544217691,0.17391304347826086,0.08385093167701864,-0.03280296727570884,0.004323521704952397,0.3063967233784891,0.0885918954407116,222,0.134535346970565,0.011795564727449408,0.07058823529411765,0.13912429378531074,1.0,0.14428819450852043,1,Amazon,Earphones,Earphones,boAt,unknown
0.171875,0.03683035714285715,0.22033898305084745,0.08232445520581111,0.07399120090402861,0.007697634775197103,0.12332912506491199,0.043614554803983754,676,0.2938577181841361,0.058996076755949596,0.13821138211382114,0.03698224852071006,1.0,0.2829782514203427,1,Amazon,Gym Equipment,Gym Equipment,BOLDFIT,Cockatoo
0.2631578947368421,0.24812030075187969,0.2222222222222222,0.21825396825396826,0.3198464412134673,0.025951557093425604,0.12325146421627786,0.4324407048043939,143,0.3222757804695257,0.3410606680247806,0.10810810810810811,0.013888888888888888,1.0,0.42729675142273943,1,Amazon,Gym Equipment,Gym Equipment,BOLDFIT,Lifelong
0.22115384615384615,0.0027472527472527097,0.3,0.09428571428571422,0.033859258481732143,0.004798075270665062,0.1408761447754431,0.03025217804907582,1329,-0.13621687246380498,0.02868155289475968,0.105,0.08142505677517033,1.0,0.18671242165420882,1,Amazon,Gym Equipment,Gym Equipment,BOLDFIT,Lifelong
0.2153846153846154,0.061538461538461514,0.30666666666666664,0.12190476190476188,0.03649163186778117,0.009781551321812442,0.22065961960533967,0.050170090706037236,788,0.10633408180716836,0.034852849800595775,0.14814814814814814,0.046954314720812185,1.0,0.12297873141045171,1,Amazon,Gym Equipment,Gym Equipment,BOLDFIT,unknown
0.06349206349206349,0.023809523809523815,0.0,-0.024285714285714282,-0.014715652542809267,0.00012373623057190287,0.21478059476175473,0.061994077539552286,719,0.44491005748250695,0.018140720229972852,0.022222222222222223,0.05453106779943362,0.7532580364900087,0.44637688826222544,1,Amazon,Headphones,Headphones,Boult Audio,GOBOULT
0.3353658536585366,0.10670731707317069,0.3151515151515151,0.09350649350649345,0.11295467500727274,0.01643145248905383,0.1637077845676882,0.065587324777222,1278,0.729038834107815,0.1949741326864978,0.17231638418079095,0.09239601386481802,0.8032786885245902,0.7230247120677662,1,Amazon,Headphones,Headphones,Boult Audio,GOBOULT
0.2608695652173913,0.06433007985803013,0.304635761589404,0.10690633869441818,-0.03836866829278777,0.0026896394466632573,0.15789871121166024,0.058742363158443035,1125,0.72002837071547,-0.018553848585956375,0.12649164677804295,0.13213864119887156,0.8070287539936102,0.7237821283524165,1,Amazon,Headphones,Headphones,Boult Audio,Noise
0.0,-0.018633540372670804,0.13157894736842105,0.09586466165413533,0.08705837321629048,0.0030344409042633897,0.18131483051343447,0.0022184880600243464,515,0.3990783756025433,0.06564265319650583,0.015873015873015872,0.06580034005343696,0.8006263048016702,0.3999730989756428,1,Amazon,Headphones,Headphones,Boult Audio,Noise
0.0,-0.013605442176870748,0.07692307692307693,0.04395604395604396,0.0005198656385034922,-0.0006365495158365804,0.1601270481916873,0.11592549111240345,328,0.2765364731887296,-0.00021762615177208685,0.0,0.09987029831387809,1.0,0.27252329184950735,1,Amazon,Headphones,Headphones,Boult Audio,Noise
0.21195652173913043,0.027173913043478243,0.2541436464088398,0.06314127861089189,-0.020256380014208958,-8.477785691617199e-05,0.16029661425533426,0.059195595295095174,1400,0.22354651518801352,0.020325000864383425,0.1325,0.08813905930470348,1.0,0.22314098390038392,1,Amazon,Headphones,Headphones,Boult Audio,PTron
0.4074074074074074,0.2777777777777778,0.2,0.07428571428571429,0.019822098176394267,0.01801332778009163,0.43990391419504105,0.13178961022644384,204,-0.02713769019883642,0.014790186144128678,0.11764705882352941,0.08837209302325581,1.0,0.11349550283351695,1,Amazon,Headphones,Headphones,GOBOULT,Noise
0.27722772277227725,0.05268741159830265,0.2125,0.024553571428571425,-0.007057697525391325,-9.230957767572545e-05,0.2655149845948904,0.07828954069550388,1151,0.3804369262080389,0.00324487574178434,0.10086455331412104,0.12367309835200281,0.8041415012942191,0.38781230746506024,1,Amazon,Headphones,Headphones,GOBOULT,Noise
0.22988505747126436,-0.020935960591133007,0.23880597014925373,0.027185501066098128,0.008450583045875181,-0.0007674705655586096,0.31763356661156256,0.04633160961296306,947,0.15655723203878397,0.004707836841110128,0.08496732026143791,0.12604821802935012,0.81419624217119,0.19248539190533104,1,Amazon,Headphones,Headphones,GOBOULT,Noise
0.21374045801526717,-0.029443838604143957,0.28688524590163933,0.0930913348946136,0.05014317040494981,-0.0008179654967281399,0.29701851704075544,0.024599395367815267,760,0.14512097011903077,0.03171280647459199,0.08943089430894309,0.16097987751531057,1.0,0.14594252557230436,1,Amazon,Headphones,Headphones,GOBOULT,Noise
0.1793103448275862,0.0349753694581281,0.17647058823529413,0.05342136854741897,0.002137579745153323,0.0023298806997567407,0.2899423322436894,0.008797595401718053,1142,0.05847145374764438,0.0023954425590736452,0.08745247148288973,0.08891854487939896,1.0,0.060601849441466314,1,Amazon,Headphones,Headphones,GOBOULT,PTron
0.04,-0.01571428571428573,0.03508771929824561,-0.043859649122807015,5.848995431992152e-05,-0.00898460520466083,0.1373085149158315,0.08321097579888113,348,0.11753413727402909,-0.00012189750612107177,0.0,0.0077170418006430866,1.0,0.11112361037654098,1,Amazon,Headphones,Headphones,GOBOULT,Boult Audio
0.3018867924528302,0.057951482479784294,0.3346938775510204,0.09708454810495629,-0.022695138139843987,0.005482456140350877,0.172928165718248,0.06436910298067743,1433,0.7061970422658934,0.03900595799353098,0.14666666666666667,0.12565775684232589,0.865814696485623,0.7049409982895763,1,Amazon,Headphones,Headphones,GOBOULT,Noise
0.15447154471544716,-0.011614401858304257,0.25,0.08571428571428572,0.021767678187334962,-9.711764235958292e-05,0.1774696952473458,0.042852895222397755,823,0.24568381706649792,0.03541734814342768,0.05511811023622047,0.09081890331890333,0.8924843423799582,0.23968364238470258,1,Amazon,Headphones,Headphones,GOBOULT,Noise
0.17391304347826086,0.026397515527950305,0.19101123595505617,0.04574638844301765,0.021955123780699762,8.064516129032209e-05,0.1594330746363864,0.08646832528504805,636,0.02001901603466734,0.03241209772314003,0.05314009661835749,0.05,1.0,0.04693219555683027,1,Amazon,Headphones,Headphones,GOBOULT,Noise
0.25925925925925924,0.020282186948853614,0.2886178861788618,0.012485481997677184,-0.020533930455886792,-0.0011126283315632448,0.2127891687994756,0.03153908059366881,1586,0.22332222639733484,0.0038866136331126558,0.16049382716049382,0.12831247302546395,0.993533215755438,0.2252881720074749,1,Amazon,Headphones,Headphones,GOBOULT,PTron
0.0,-0.044642857142857144,0.0,-0.023809523809523808,0.0053145159458235355,-0.0009731833910034602,0.11559252677165875,0.3766826508092202,143,0.20123162403531003,-0.0005694475034830506,0.0,0.17375886524822695,1.0,0.4095642365914984,1,Amazon,Gym Equipment,Gym Equipment,Cockatoo,Lifelong
0.25333333333333335,0.11333333333333337,0.17647058823529413,0.02941176470588236,0.05098381974223718,0.007808333333333334,0.17195964095471367,0.04990983541884193,676,0.2744485322895793,0.1368371169244296,0.11267605633802817,0.03698224852071006,1.0,0.2699558722256704,1,Amazon,Gym Equipment,Gym Equipment,Cockatoo,Lifelong
0.22727272727272727,0.14610389610389612,0.20833333333333334,0.08482142857142858,0.03416729902110962,0.008151338706372517,0.2021986214357227,0.09206117506523857,676,0.32150958749925185,0.053265389066722166,0.18478260869565216,0.051775147928994084,1.0,0.3172285068855587,1,Amazon,Gym Equipment,Gym Equipment,Cockatoo,unknown
0.23076923076923078,0.15384615384615385,0.35714285714285715,0.25510204081632654,0.28503476769660985,0.01267962806424345,0.16025042297043732,0.4409598807280831,95,0.13976109918898733,0.3373037669993937,0.34615384615384615,0.09473684210526316,1.0,0.14569204959677098,1,Amazon,Suitcases,Suitcases,LAttitude By Provogue,unknown
0.16279069767441862,0.031561461794019974,0.19047619047619047,0.05952380952380951,-0.12234234842292066,-0.0017269419713964763,0.11812740385311028,0.045745657973826716,437,0.09644482042947547,-0.1094828933971341,0.0707070707070707,0.03409090909090909,1.0,0.1498152062494504,1,Amazon,Washing Machines,Washing Machines,Crompton,Orpat
0.14814814814814814,-0.005291005291005291,0.2878787878787879,0.1547619047619048,-0.010431935634586166,0.0006518786781349022,0.2879562932307161,0.02677461296168952,488,0.430118905511941,0.02256611797194612,0.11382113821138211,0.07975460122699386,1.0,0.42741815489506335,1,Amazon,Massage \u0026 Relaxation,Massage \u0026 Relaxation,CULT,Lifelong
0.16666666666666666,0.046296296296296294,0.14583333333333334,0.03869047619047618,-0.029383695043638323,0.0035152019991670147,0.3490947373300179,0.13581736336468833,508,-0.1088909285953161,0.01471402173003212,0.09345794392523364,0.04230212149612337,1.0,0.12140325294342676,1,Amazon,Mens Grooming,Mens Grooming,CULT,Lifelong
0.08,0.0028571428571428498,0.1509433962264151,0.06199460916442048,0.03105366072709282,7.692027416005172e-05,0.08369016010315308,0.09186354863163033,573,0.06880305469292014,0.025770292666654846,0.016666666666666666,0.11596119929453262,1.0,0.07758311786114336,1,Amazon,Mens Watches,Mens Watches,Fastrack,NAVIFORCE
0.08571428571428572,0.004081632653061232,0.12121212121212122,0.03463203463203465,0.026421512346443472,0.0015887272068590753,0.18450394460456124,0.13860240226752174,376,0.05373424297859397,0.026115085247814054,0.07246376811594203,0.06382978723404255,1.0,0.16531452954719048,1,Amazon,Mens Watches,Mens Watches,Fastrack,TIMEX
0.17777777777777778,0.05714285714285715,0.1276595744680851,0.013677811550151964,-0.005476397194358038,0.0002089182620038819,0.1915472890595519,0.08680676238806924,461,0.22101631909508504,-0.018049087262869766,0.09090909090909091,0.24385964912280703,1.0,0.2640689240736246,1,Amazon,Mens Watches,Mens Watches,Fastrack,unknown
0.23529411764705882,0.09579831932773109,0.16666666666666666,0.0476190476190476,0.05788982267997664,0.005938715616878732,0.09746028936023123,0.24366661872647286,903,0.06650551999402285,0.03679671709236431,0.10638297872340426,0.07624309392265194,1.0,0.07115936579253196,1,Amazon,Cricket,Cricket,Li-Ning,Triumph
0.0,-0.04945054945054945,0.0,-0.030612244897959183,-0.0018614027417651893,-0.0031358131487889272,0.20249328479538004,0.001903481328287919,143,0.12414998205027282,-0.0023291999385984512,0.0,0.06785714285714285,1.0,0.12858249555317205,1,Amazon,Gym Equipment,Gym Equipment,Lifelong,unknown
0.3076923076923077,0.15934065934065936,0.2235294117647059,0.06218487394957983,0.11318621668285077,0.012197710626726897,0.2492323529049504,0.04376000005539437,788,-0.1053234194461705,0.12953012519560703,0.12101910828025478,0.046954314720812185,1.0,0.147824133400078,1,Amazon,Gym Equipment,Gym Equipment,Lifelong,unknown
0.11764705882352941,0.03641456582633053,0.04878048780487805,-0.012195121951219516,0.012827512406597772,0.001389982246435288,0.1552778430260812,0.0625342592906267,571,0.20741414765032,0.02770446918445426,0.06481481481481481,0.027923211169284468,1.0,0.20552573023547488,1,Amazon,Car Cleaning Kits,Car Cleaning Kits,Lyrovo,Phirki
0.14754098360655737,0.07845433255269321,0.05263157894736842,0.0012531328320802143,0.027794675133816293,0.0005431729753407717,0.15725423773894842,0.09874034866070268,1044,0.585534765033866,0.0510612315600662,0.04316546762589928,0.04928909952606635,1.0,0.5948708931230643,1,Amazon,Car Cleaning Kits,Car Cleaning Kits,Lyrovo,STARQ
0.10891089108910891,0.019801980198019792,0.08235294117647059,0.0025210084033613633,0.010168337110371562,0.0012247786326026995,0.19313955152657178,0.056843778153313936,1044,0.2543380167069778,0.031796857771516376,0.04888888888888889,0.07696147163715061,0.9990421455938697,0.2528879768926441,1,Amazon,Car Cleaning Kits,Car Cleaning Kits,Lyrovo,WOSCHER
0.22641509433962265,0.04177897574123987,0.21428571428571427,0.02933673469387757,-0.0028425717578623726,0.00029057480980558027,0.20336667193275623,0.07377673137062112,376,0.06850910845772219,-0.0016567475424771674,0.10784313725490197,0.06021113942482709,1.0,0.13051453951535594,1,Amazon,Mens Watches,Mens Watches,NAVIFORCE,TIMEX
0.1746031746031746,0.004535147392290245,0.27941176470588236,0.09348739495798322,-0.028464794053888617,0.005190311418685119,0.16364005521694527,0.0924802837436168,461,0.3494052489543312,-0.028041337110862277,0.09090909090909091,0.14403796269609256,1.0,0.36342886667947494,1,Amazon,Mens Watches,Mens Watches,NAVIFORCE,unknown
0.0,-0.017316017316017316,0.09090909090909091,0.05627705627705628,0.05308873444977129,0.0065189687285560245,0.25423434201418244,0.1699786292138767,226,-0.2375606100099949,0.026421605973835433,0.002898550724637681,0.5006648936170213,0.9623003194888179,0.253929226151331,1,Amazon,Headphones,Headphones,Boult Audio,Noise
0.13636363636363635,0.06168831168831168,0.16,0.07857142857142858,0.007885928691028714,-0.0013027160595940907,0.14871060126845054,0.05183695173098377,348,-0.011372658559753559,0.003180962783624719,0.013289036544850499,0.06134194272880405,1.0,0.01851068021025277,1,Amazon,Headphones,Headphones,Boult Audio,PTron
0.13043478260869565,0.009316770186335435,0.15,0.07857142857142857,-0.030977883916915135,-0.004873582230623819,0.2719345762370523,0.18369420543129428,195,0.01809533518075132,-0.07223329447565992,0.0425531914893617,0.08837209302325581,1.0,0.0553738134505498,1,Amazon,Headphones,Headphones,Noise,PTron
0.24324324324324326,0.09652509652509653,0.3333333333333333,0.1845238095238095,0.04226098164612175,0.004247473686667131,0.11096026045580186,0.08390221482671367,215,-0.08917870800981861,0.060316921869466175,0.10294117647058823,0.08837209302325581,1.0,0.10738482388506564,1,Amazon,Headphones,Headphones,Noise,GOBOULT
0.31802120141342755,0.08455325593134777,0.28515625,0.05078125,0.014702307819264208,0.0066447506469888805,0.21036285062852925,0.06189813787458954,1548,0.19741034874737243,0.004546571299630069,0.1337099811676083,0.12699778463486036,1.0,0.19911480932548292,1,Amazon,Headphones,Headphones,Noise,PTron
0.328125,0.0658482142857143,0.43137254901960786,0.2030812324929972,0.05008875174172895,0.021777945757145274,0.15001851336345026,0.07610170834142578,287,-0.06471139781960081,0.021635211460877483,0.19,0.13791617704661183,0.7793103448275862,0.2396249069401533,1,Amazon,Headphones,Headphones,Noise,GOBOULT
0.15267175572519084,0.038167938931297704,0.16666666666666666,0.06622023809523808,0.0015380902023369924,0.00044170668760683523,0.2188550687605936,0.11745004250824885,938,0.10283789165112363,0.005086208552606628,0.05416666666666667,0.10007428194123474,1.0,0.12403852173137093,1,Amazon,Headphones,Headphones,Noise,PTron
0.3939393939393939,0.13095238095238093,0.34,0.15000000000000002,0.0771849963691489,0.014266581632653059,0.15779556186984042,0.24106497843012595,290,0.011338262561730407,0.02641619767739701,0.1619047619047619,0.17167207792207792,0.7517241379310344,0.09574634463800065,1,Amazon,Headphones,Headphones,Noise,GOBOULT
0.1111111111111111,0.011904761904761904,0.10588235294117647,0.02184873949579831,-0.011920472705452857,-0.0018666230117736497,0.22276829193349038,0.060886386162346394,751,-0.05994495962046914,-0.01808202895430016,0.03260869565217391,0.10735673722250905,1.0,0.09210586651559735,1,Amazon,Headphones,Headphones,Noise,PTron
0.2222222222222222,-0.01814058956916098,0.3448275862068966,0.12192118226600987,-0.028246180646520166,-0.0018367346938775488,0.11070594306661359,0.1233606670374199,290,0.04936642711453317,0.002727483890056768,0.12280701754385964,0.3908246225319396,1.0,0.23258718152562605,1,Amazon,Headphones,Headphones,Noise,GOBOULT
0.11666666666666667,0.007142857142857131,0.16326530612244897,0.08454810495626822,0.09535884966774369,0.0050057188763769555,0.07858166003174911,0.053742785511134705,562,0.15759136970863924,0.13194975612457807,0.16521739130434782,0.04903677758318739,1.0,0.15199535580482643,1,Amazon,Car Cleaning Kits,Car Cleaning Kits,Phirki,STARQ
0.3595505617977528,0.14125200642054575,0.21621621621621623,0.026061776061776065,0.02210575377421881,0.010498733513844003,0.08318967991942298,0.1474926803807116,571,0.22335722564319183,0.07501548625331361,0.15083798882681565,0.11343804537521815,1.0,0.20902838743290186,1,Amazon,Car Cleaning Kits,Car Cleaning Kits,Phirki,WOSCHER
0.2727272727272727,0.20779220779220775,0.3333333333333333,0.30357142857142855,0.25552879814974916,0.013291750204202866,0.054912945789172475,0.0896106619388679,209,0.11640619931947026,0.24520352078932484,0.15384615384615385,0.057505557505557504,0.8995215311004785,0.06343974212725857,1,Amazon,Power Banks,Power Banks,Portronics,pTron
0.15730337078651685,0.019261637239165325,0.17045454545454544,0.05275974025974024,0.002775316862881299,-0.002107373579861886,0.16260641961300296,0.14162756800094145,692,0.19520312760898223,0.05718858689278974,0.08247422680412371,0.04354136429608128,1.0,0.19337273899616889,1,Amazon,Power Banks,Power Banks,Portronics,Samsung
0.16,0.001428571428571418,0.16326530612244897,0.020408163265306117,0.0053951161146692855,-0.0040291485584136874,0.15447080463615587,0.08753658896775703,421,0.33205951319457266,0.0402190783861736,0.058823529411764705,0.11307692307692307,0.9956647398843931,0.33225502374033644,1,Amazon,Power Banks,Power Banks,Portronics,unknown
0.125,0.02040816326530613,0.11320754716981132,0.05390835579514826,0.030393897472360237,0.002116846274418806,0.16841525069083366,0.08878672361977684,692,-0.07017493823223489,0.06242708174421546,0.0975609756097561,0.2861356932153392,0.9826589595375722,0.08154287670315964,1,Amazon,Power Banks,Power Banks,Portronics,URBN
0.20408163265306123,0.06122448979591841,0.14893617021276595,0.06990881458966565,0.02577520617129123,0.00770681581685744,0.08827362906459399,0.013986129978286667,514,0.34981042653761946,0.06254758962920856,0.11538461538461539,0.07738802451673739,0.9299610894941635,0.34074168072518257,1,Amazon,Power Banks,Power Banks,Portronics,URBN
0.08571428571428572,-0.024489795918367335,0.03225806451612903,-0.03225806451612903,-0.009291049185916717,-0.0053609404536862,0.8241767869368168,0.13238647333478715,270,-0.051697078503354234,-0.00029227610532362255,0.014084507042253521,0.10693473193473194,1.0,0.14312782645668357,1,Amazon,Headphones,Headphones,PTron,GOBOULT
0.10714285714285714,0.020408163265306145,0.2413793103448276,0.1477832512315271,-0.029615856542999724,-0.0017078785178584691,0.10884835191488866,0.1361860900618537,209,0.0046672506889686854,-0.02645770496023553,0.03333333333333333,0.1291866028708134,1.0,0.1163571236853264,1,Amazon,Power Banks,Power Banks,pTron,Samsung
0.0,-0.04761904761904762,0.0,-0.03896103896103896,-5.453134466758773e-05,-0.0010395782282616767,0.11892028094614643,0.047259049557314865,209,0.064945314420874,-0.0005750101603877341,0.0,0.03349282296650718,1.0,0.06651102620605674,1,Amazon,Power Banks,Power Banks,pTron,URBN
0.0625,-0.022321428571428575,0.3333333333333333,0.26190476190476186,0.02049039659537412,0.00623746936957006,0.0725050763195089,0.10119895836765387,209,0.07134360895475325,0.02191865927981472,0.08571428571428572,0.25405844155844154,0.32057416267942584,0.14377217999784628,1,Amazon,Power Banks,Power Banks,pTron,URBN
0.20833333333333334,0.05059523809523808,0.16216216216216217,0.03281853281853281,0.007490679193932047,0.007061728395061729,0.19565066774120415,0.008588807738846153,485,0.004726331777154358,-0.005483784117077982,0.05555555555555555,0.16555851063829788,1.0,0.12536822814526646,1,Amazon,Power Banks,Power Banks,Samsung,unknown
0.17073170731707318,0.05662020905923343,0.125,0.04166666666666667,0.04837268401849595,0.0015571550104520417,0.15228032362646576,0.16004766079294236,875,0.1763933095902868,0.05097956414842115,0.06626506024096386,0.036613272311212815,1.0,0.19598275867931317,1,Amazon,Power Banks,Power Banks,Samsung,URBN
0.2535211267605634,0.09758551307847083,0.23809523809523808,0.0986394557823129,-0.013424665755659362,0.00864984391259105,0.10887954499296841,0.08472449489384323,514,0.042445368639312586,0.005864405104178041,0.13043478260869565,0.0547945205479452,1.0,0.06455271217053798,1,Amazon,Power Banks,Power Banks,Samsung,URBN
0.19130434782608696,0.07515527950310556,0.1308411214953271,0.009345794392523366,0.12433251843397658,0.003632260874901535,0.11355180254898505,0.06582825616115752,1033,0.3022386863499231,0.1218313055878106,0.07480314960629922,0.04980842911877394,1.0,0.29261319385022316,1,Amazon,Car Cleaning Kits,Car Cleaning Kits,STARQ,WOSCHER
0.2553191489361702,0.09270516717325225,0.4166666666666667,0.2633928571428572,0.035213503110001106,0.016234452360825984,0.23604050190373807,0.09823807867984667,376,0.09561999408265832,0.02918351371801672,0.15730337078651685,0.15796703296703296,1.0,0.11074198632942236,1,Amazon,Mens Watches,Mens Watches,TIMEX,unknown
0.05263157894736842,-0.058270676691729334,0.15384615384615385,0.09065934065934067,0.018734513863798617,0.00032455677715120313,0.15857613217777933,0.12019577291624632,485,0.13214552299279358,-0.009937592340243707,0.054945054945054944,0.042170140296812916,0.9074074074074074,0.14472253890906012,1,Amazon,Power Banks,Power Banks,unknown,URBN
0.05,-0.06785714285714287,0.08333333333333333,0.023809523809523794,-0.25744237383042606,-0.0020642824807605253,0.22341003173458748,0.6759881804135408,243,0.09661195531306492,-0.07379503792944091,0.014285714285714285,0.15069593147751606,0.9241245136186771,0.1416367564670579,1,Amazon,Power Banks,Power Banks,unknown,URBN
0.2786885245901639,0.05386416861826693,0.288,0.048857142857142793,-0.02245275425136775,0.004602394714100708,0.2048359889660069,0.042080765688318124,1133,0.014905256940965528,-0.0009976925803295866,0.13445378151260504,0.2845744680851064,1.0,0.06285477052300972,1,Amazon,Perfumes,Perfumes,WILD STONE CODE,Wild Stone
0.1935483870967742,0.033640552995391704,0.2222222222222222,0.048941798941798925,-0.006784262401862561,0.0028087664194919593,0.1713566620600306,0.04546204753134044,1133,0.2313079368025175,0.022836148848183305,0.10625,0.17109204241884562,1.0,0.23611719166492245,1,Amazon,Perfumes,Perfumes,WILD STONE CODE,Wild Stone
0.21782178217821782,0.02263083451202258,0.3142857142857143,0.06666666666666665,0.0539130210043392,0.001793461270560362,0.10955273177245242,0.04675586605644741,453,0.03741784525691767,0.06695918243346632,0.1308411214953271,0.15011037527593818,1.0,0.03798549475047729,1,Myntra,Perfumes,Perfumes,Ajmal,Giorgio Armani
0.32978723404255317,0.09726443768996962,0.31958762886597936,0.047864506627393166,-0.08725666498574768,0.007985564556378853,0.1703180012044953,0.12039508886433803,453,0.13610688386927972,-0.10377093670802871,0.2,0.2200379746835443,0.9713656387665198,0.1925751192181364,1,Myntra,Perfumes,Perfumes,Ajmal,SKINN
0.23893805309734514,-0.010745891276864733,0.33035714285714285,0.06441326530612246,0.018580918784332587,-0.0007398955676020426,0.23101474111950324,0.06309494751663067,486,0.07964232913249968,0.009063615618412785,0.13191489361702127,0.14989733059548255,1.0,0.10527164547269414,1,Myntra,Perfumes,Perfumes,Ajmal,Giorgio Armani
0.25384615384615383,0.04615384615384613,0.23484848484848486,0.014610389610389657,-0.021871073421849886,0.004661559405159551,0.38200780025276543,0.02598266125144768,1912,0.07618061332107742,-0.01718385497053368,0.13953488372093023,0.05635286402961354,1.0,0.089363191267356,1,Myntra,Perfumes,Perfumes,Ajmal,SKINN
0.14705882352941177,0.04831932773109246,0.09375,-0.002232142857142863,0.020513767809448375,-0.0005429427497033925,0.08084439919370898,0.09670668011069279,233,0.06796080500388908,0.01446671832429477,0.08860759493670886,0.10256410256410256,1.0,0.10860490235376062,1,Myntra,Perfumes,Perfumes,Ajmal,Giorgio Armani
0.30612244897959184,0.1516034985422741,0.2708333333333333,0.1071428571428571,-0.10706106750755595,0.0020428093112244902,0.18056247657753016,0.1711166062780958,234,0.07483173921292555,-0.10317759107207257,0.21505376344086022,0.5429184549356223,1.0,0.1604931597521753,1,Myntra,Perfumes,Perfumes,Ajmal,SKINN
0.15789473684210525,0.05075187969924812,0.12121212121212122,0.02597402597402597,0.0336418572299316,0.0017657680236498993,0.2812311817817634,0.13136887715444542,445,0.12866063089906654,0.06362969503290625,0.04938271604938271,0.033707865168539325,1.0,0.11729649965906114,1,Myntra,Casual Shoes,Casual Shoes,ASIAN,Nike
0.14583333333333334,-0.011904761904761918,0.10638297872340426,-0.050151975683890584,0.00017850551339182777,-0.003122982448238068,0.26604375085977444,0.1166556498266067,475,0.17092766129109574,0.04625119760289,0.06542056074766354,0.061052631578947365,1.0,0.1634563974747278,1,Myntra,Casual Shoes,Casual Shoes,ASIAN,Nike
0.03225806451612903,0.006912442396313362,0.034482758620689655,-0.009852216748768475,-0.001043746800247728,-0.0010209750311547527,0.20063579452316255,0.0794069571470252,475,-0.10371268453551638,8.124257878257404e-05,0.0,0.01263157894736842,1.0,0.13370557491669097,1,Myntra,Casual Shoes,Casual Shoes,ASIAN,Nike
0.22727272727272727,0.04112554112554115,0.2463768115942029,0.08902691511387167,-0.010254874304278218,-0.004053494446686062,0.2022158351618581,0.04315105880554174,460,-0.3138974230949251,-0.007030237278435087,0.09558823529411764,0.10652173913043478,1.0,0.34591257096382777,1,Myntra,Casual Shoes,Casual Shoes,ASIAN,Puma
0.24358974358974358,0.04578754578754579,0.2692307692307692,0.08333333333333331,0.0381588359888179,0.004624416317583292,0.14338377019057086,0.03907849957695763,475,0.045347193382613886,0.059034407805481005,0.08125,0.12210526315789473,1.0,0.039487999587450875,1,Myntra,Casual Shoes,Casual Shoes,ASIAN,Puma
0.2972972972972973,0.05148005148005147,0.22115384615384615,0.02472527472527475,0.04787391545615339,0.005566453733044954,0.2593775214431891,0.09458842148745322,451,0.07816066106945259,0.06566979834491822,0.13145539906103287,0.18736842105263157,1.0,0.06067697453541373,1,Myntra,Casual Shoes,Casual Shoes,ASIAN,Puma
0.2608695652173913,0.039337474120082816,0.19117647058823528,0.018907563025210072,0.06028618329641648,0.007364853151284365,0.2612262118771124,0.0379963558313781,433,0.06060309196452588,0.06809866884323547,0.13768115942028986,0.16308411214953272,1.0,0.0357418139578841,1,Myntra,Casual Shoes,Casual Shoes,ASIAN,Red Tape
0.375,0.09453781512605042,0.37404580152671757,0.10359869138495098,0.033893484637558945,0.009190303846477569,0.10465659093169832,0.08369949670051809,1118,0.29623346003072254,0.07426212089568826,0.17100371747211895,0.07142497347105994,1.0,0.29864704215688537,1,Myntra,Shampoos,Shampoos,Bare Anatomy,MATRIX
0.0,0.0,0.0,0.0,0.0,0.0,0.6042643207256929,0.0,404,0.0,0.0,0.0,0.0,1.0,0.0,1,Myntra,Headphones,Headphones,boAt,Boult Audio
0.15625,0.08258928571428571,0.03225806451612903,-0.055299539170506895,-0.011681677612653329,-0.00017456102195462578,0.586504141486849,0.06641818835155973,448,0.12992637551374067,-0.002870768640785562,0.04285714285714286,0.514161220043573,1.0,0.13688056708499474,1,Myntra,Headphones,Headphones,boAt,NOISE
0.0,0.0,0.0,0.0,0.0,0.0,0.7703167742022087,0.0,1026,0.0,0.0,0.0,0.0,1.0,0.0,1,Myntra,Headphones,Headphones,boAt,Boult Audio
0.08620689655172414,0.02216748768472908,0.15789473684210525,0.07142857142857142,-0.0029800744851188328,0.0013549625503406226,0.6945033851923654,0.020630662215713087,1006,0.03684600602345109,0.00029850618253474386,0.049586776859504134,0.26515151515151514,0.9961501443695862,0.047324456824566694,1,Myntra,Headphones,Headphones,boAt,NOISE
0.0,0.0,0.0,0.0,0.0,0.0,0.15592424954940978,0.0,982,0.0,0.0,0.0,0.0,1.0,0.0,1,Myntra,Headphones,Headphones,Boult Audio,NOISE
0.2903225806451613,0.09447004608294937,0.3939393939393939,0.19913419913419916,-0.07273781464596268,-0.0016891891891891893,0.36014815655438887,0.12565546589131857,154,-0.08801298524897909,-0.0650278267520589,0.11864406779661017,0.09740259740259741,1.0,0.09455014969275433,1,Myntra,Smartwatches,Smartwatches,Titan,Fastrack
0.19718309859154928,0.018108651911468848,0.3150684931506849,0.0958904109589041,-0.02196073897684578,0.006814505051738345,0.3977043711436785,0.06425402046809851,384,0.02831447739008819,-0.020362697805193695,0.13380281690140844,0.28088888888888885,1.0,0.09608879899126502,1,Myntra,Mens Watches,Mens Watches,Daniel Hechter,Timex
0.3442622950819672,0.11943793911007028,0.373134328358209,0.15778251599147122,-0.06598160377964789,0.010382009096181434,0.4140724178579878,0.16137645342683962,384,-0.19206719399440658,-0.10456582475165337,0.168,0.18484848484848485,1.0,0.19287936935033229,1,Myntra,Mens Watches,Mens Watches,Daniel Hechter,Timex
0.24050632911392406,0.023508137432188048,0.2857142857142857,0.04846938775510204,0.043433844333219986,0.005589725588352003,0.28761282042930786,0.11251601857983955,384,0.10640788371447966,0.005724134622403035,0.11904761904761904,0.16145833333333334,1.0,0.1397771587446883,1,Myntra,Mens Watches,Mens Watches,Daniel Hechter,Titan
0.16326530612244897,-0.002915451895043747,0.23076923076923078,0.07967032967032969,-0.1073149759065409,-0.0009462470620554934,0.3105087062105317,0.1786067731458547,384,-0.050361126353866026,-0.10868444794067944,0.13793103448275862,0.2164048865619546,1.0,0.13376010216643225,1,Myntra,Mens Watches,Mens Watches,Daniel Hechter,WROGN
0.43870967741935485,0.15345622119815666,0.45962732919254656,0.19210292812777285,-0.003611254436514452,0.01929321341933761,0.20861962648894705,0.01780212063398046,1661,0.5301684869596438,0.018288966439793684,0.18861209964412812,0.1395979218432347,0.9927797833935018,0.5390280683800384,1,Myntra,Serums,Serums,deconstruct,Minimalist
0.31343283582089554,0.028251599147121553,0.2966101694915254,0.059322033898305065,-0.01728156014214756,-0.006380507511677815,0.18388952092323937,0.053276183183085996,486,-0.20573191099153132,-0.02238747847784351,0.128099173553719,0.14989733059548255,1.0,0.2279293035083493,1,Myntra,Perfumes,Perfumes,Giorgio Armani,SKINN
0.275,0.10178571428571428,0.35294117647058826,0.13165266106442577,-0.010943885926409075,0.01945298551874628,0.577120081333715,0.039595047035977826,298,0.3308163171046336,0.007759697044791293,0.175,0.14985649856498565,1.0,0.3402761570697709,1,Myntra,Shirts,Shirts,HIGHLANDER,MISCHIEF MONKEY
0.1,0.007142857142857145,0.07894736842105263,0.0037593984962406013,0.0007331133899174064,-0.0017575217747383145,0.6619887903335863,0.03388022087468991,486,0.1915762007976508,-0.0005235703548695091,0.014285714285714285,0.049918582459335004,1.0,0.21558845738286325,1,Myntra,Shirts,Shirts,HIGHLANDER,Snitch
0.19642857142857142,0.022959183673469385,0.2619047619047619,0.13775510204081634,0.010964284856465726,0.0027205097545121137,0.5524649439525762,0.19210723168721286,371,-0.08881201818799667,0.0033143799040819756,0.1134020618556701,0.06799024730059212,1.0,0.1120928375676164,1,Myntra,Mens Outerwear,Mens Outerwear,HRX by Hrithik Roshan,StyleCast x Revolte
0.39705882352941174,0.19537815126050417,0.38181818181818183,0.2428571428571429,0.015660315708473385,0.034378167024847445,0.5858686672981082,0.03840666379049662,397,-0.06867049796735046,0.02673214544561759,0.21551724137931033,0.094438369004843,0.9949622166246851,0.07986670644664254,1,Myntra,Mens Outerwear,Mens Outerwear,HRX by Hrithik Roshan,Roadster
0.3253012048192771,0.11876075731497418,0.33707865168539325,0.15650080256821827,0.05972059518947823,0.02293113154437981,0.48933646856443513,0.05557258927514933,389,-0.21508059306265975,0.015298144307428853,0.16455696202531644,0.10685645549318365,1.0,0.23497254565515618,1,Myntra,Jeans,Jeans,Louis Philippe Jeans,Mufti
0.3617021276595745,0.1010638297872341,0.44660194174757284,0.18307905686546472,0.0206330128106298,0.014017639331957217,0.2924295171534844,0.05902035210533148,389,-0.06459924371489452,0.029241268499776905,0.17032967032967034,0.11997354497354497,1.0,0.13909522420947015,1,Myntra,Jeans,Jeans,Louis Philippe Jeans,Mufti
0.07407407407407407,-0.029100529100529085,0.14705882352941177,0.03991596638655465,-0.07877720717857475,-0.003496330093235469,0.53435839066613,0.32953811420676565,298,0.23072561455689816,-0.09618581131262878,0.06557377049180328,0.0716533180778032,1.0,0.2528498627079864,1,Myntra,Shirts,Shirts,MISCHIEF MONKEY,Snitch
0.16666666666666666,0.06845238095238095,0.16981132075471697,0.068733153638814,0.012673162690159731,0.0023353706119240607,0.24113574134673368,0.05081051080200136,445,0.09362875388073441,0.016737427581693675,0.045454545454545456,0.033707865168539325,1.0,0.09501050785964148,1,Myntra,Casual Shoes,Casual Shoes,Nike,Puma
0.17543859649122806,0.07393483709273185,0.1724137931034483,0.07142857142857144,-0.04298436735329499,0.0037195049014302727,0.22342804832108615,0.14558597184237007,445,0.03155539154833788,-0.027337222989951115,0.06557377049180328,0.033707865168539325,1.0,0.054778579076487095,1,Myntra,Casual Shoes,Casual Shoes,Nike,Puma
0.12222222222222222,0.016666666666666663,0.11627906976744186,0.030730897009966784,0.07588976679887925,-0.00010254766864284566,0.25486163634271886,0.1040008906911696,421,0.3353984062107464,0.11963576964912485,0.06349206349206349,0.033707865168539325,1.0,0.3183957989403602,1,Myntra,Casual Shoes,Casual Shoes,Nike,Puma
0.22641509433962265,0.11859838274932616,0.10526315789473684,-0.0025062656641604286,0.0198189230283612,0.004190553619359042,0.28569829428533655,0.06807224384504057,433,0.08477308518226824,0.055723830307638646,0.08333333333333333,0.5174013921113689,1.0,0.074504998183098,1,Myntra,Casual Shoes,Casual Shoes,Nike,Red Tape
0.15789473684210525,-0.013784461152882205,0.22388059701492538,0.06929637526652455,0.01930135171739512,0.0052241500138036495,0.2421584135665055,0.04377846267041826,460,0.12627018390995445,0.007897083030233763,0.10077519379844961,0.06086956521739131,1.0,0.1365454698145079,1,Myntra,Casual Shoes,Casual Shoes,Nike,Puma
0.14864864864864866,-0.014478764478764478,0.2345679012345679,0.06966490299823636,-0.07363983069968257,-0.0026979455216989846,0.22391678300500437,0.15684733399474823,924,0.5026143349328828,-0.046256412366513164,0.1,0.18349619978284473,1.0,0.5107144565340886,1,Myntra,Casual Shoes,Casual Shoes,Nike,Puma
0.2153846153846154,0.04945054945054944,0.21705426356589147,0.05370985603543743,0.013372056372679937,0.005354463915222318,0.2841632082996561,0.070592646452657,1110,0.2802688593857344,0.058537631203257834,0.12403100775193798,0.03262786596119929,1.0,0.28042170979014946,1,Myntra,Casual Shoes,Casual Shoes,Nike,Puma
0.3114754098360656,0.13934426229508198,0.25,0.07247899159663865,-0.006990711199541991,0.00206239800096843,0.3000602524999752,0.05535045638253303,433,0.015316858199156402,0.03632305201978539,0.13333333333333333,0.5325581395348837,1.0,0.08911730280082292,1,Myntra,Casual Shoes,Casual Shoes,Nike,Red Tape
0.024390243902439025,0.0034843205574912883,0.04,-0.007142857142857152,-0.0009030780825366289,-0.001720146955764616,0.14709439297576354,0.027336134739441305,460,0.2058682691248772,0.009249322858109664,0.010101010101010102,0.2566079295154185,1.0,0.20686042384888587,1,Myntra,Casual Shoes,Casual Shoes,Nike,Puma
0.034482758620689655,-0.0024630541871921152,0.06153846153846154,-0.006593406593406584,-0.014886371874127752,-0.0018459731910955427,0.12106784839577892,0.1046569801523544,924,0.0738011793677068,-0.0054712519524975365,0.015151515151515152,0.09084109443613377,1.0,0.07219988461414799,1,Myntra,Casual Shoes,Casual Shoes,Nike,Puma
0.04195804195804196,-0.005494505494505496,0.034482758620689655,-0.017733990147783242,0.004618552432162712,-0.0004449881249247445,0.2881150810585887,0.049991454686297315,1544,0.06684918136075362,0.01823687804846881,0.026578073089700997,0.016251435132032147,1.0,0.06611656127297384,1,Myntra,Casual Shoes,Casual Shoes,Nike,Puma
0.06666666666666667,0.03968253968253969,0.0784313725490196,0.02801120448179272,0.00375202128601675,0.00041247960019368587,0.2503812197078801,0.05434562147877141,433,0.08279479752831033,0.0067158618907939265,0.01834862385321101,0.5069767441860465,1.0,0.07803607903923224,1,Myntra,Casual Shoes,Casual Shoes,Nike,Red Tape
0.0297029702970297,-0.009193776520509206,0.0898876404494382,0.04333868378812199,0.006782250366731142,-0.0023690373340722994,0.254745589073639,0.1886858508716504,455,0.09929041799870848,0.00945262954011798,0.004975124378109453,0.006593406593406593,1.0,0.12031363954431813,1,Myntra,Mens Sports Shoes,Mens Sports Shoes,Nike,Skechers
0.14473684210526316,0.03195488721804514,0.1864406779661017,0.029055690072639223,0.11391342096000454,0.0069082754629629615,0.24159928753150928,0.0989959205975644,306,0.24412010784777552,0.10816351535906309,0.043795620437956206,0.14491150442477876,1.0,0.25538274139334727,1,Myntra,Mens Sports Shoes,Mens Sports Shoes,Nike,Skechers
0.5507246376811594,0.08178053830227733,0.53,0.06678571428571428,-0.022130078446497354,0.008873966942148745,0.22356957905697092,0.10315209836859467,466,0.10284128810135125,-0.0013097953595839573,0.30538922155688625,0.39312638580931264,1.0,0.146735482913384,1,Myntra,Moisturizers,Moisturizers,Nivea,The Face Shop
0.24050632911392406,-0.027124773960216952,0.3181818181818182,0.05194805194805191,0.021973881973814946,-2.988982610099833e-06,0.26560060805510477,0.035430014559653396,433,0.060451911623598795,0.017930548775474814,0.1,0.5534883720930233,1.0,0.06695721773947212,1,Myntra,Casual Shoes,Casual Shoes,Puma,Red Tape
0.2840909090909091,0.0219155844155845,0.3010752688172043,0.035330261136712726,0.00880180151221703,0.0032669579928383957,0.24017713952499853,0.034736241293398216,433,0.14580691349999286,0.018817129406031762,0.12849162011173185,0.5593023255813954,1.0,0.13753484144596564,1,Myntra,Casual Shoes,Casual Shoes,Puma,Red Tape
0.44537815126050423,0.11344537815126055,0.46153846153846156,0.14163614163614174,0.047835889028095616,0.026375442739079095,0.29597310458094145,0.06447084176887836,409,0.1448258925099432,0.04234242218065265,0.2822966507177033,0.28167239404352806,1.0,0.13151432402867577,1,Myntra,Casual Shoes,Casual Shoes,Puma,Red Tape
0.3076923076923077,0.07783882783882787,0.24193548387096775,0.0633640552995392,0.0005123117044330585,0.006877512860226788,0.26143654673855715,0.048920010517765816,371,0.05678796588334308,0.005859976320820451,0.1791044776119403,0.20810313075506445,1.0,0.07235277871977648,1,Myntra,Mens Outerwear,Mens Outerwear,StyleCast x Revolte,Roadster
0.36036036036036034,0.041827541827541836,0.4424778761061947,0.1466498103666246,-0.07234349828943712,-0.002165787975545161,0.3057175453331702,0.06016368103419309,426,-0.008395278326149176,-0.058474322477667096,0.19095477386934673,0.16666666666666666,1.0,0.04713888973310059,1,Myntra,Mens Watches,Mens Watches,Timex,Titan
0.2972972972972973,0.08976833976833978,0.35135135135135137,0.1611969111969112,-0.021639546490705097,0.0031620504442959347,0.2804212522016828,0.08632092825079778,426,0.013945894018641497,-0.024745745471883417,0.16901408450704225,0.11943793911007025,1.0,0.07547082051822683,1,Myntra,Mens Watches,Mens Watches,Timex,WROGN
0.22857142857142856,0.019727891156462535,0.27522935779816515,0.0655307994757536,0.004717048027489047,-0.0007075095663265328,0.199716345043243,0.05506054032897006,476,0.10647651068567363,0.011392697228275506,0.11707317073170732,0.15723270440251572,1.0,0.1330659033042228,1,Myntra,Mens Watches,Mens Watches,Timex,Titan
0.20512820512820512,0.04487179487179491,0.26582278481012656,0.1283905967450271,-0.000978634334560491,0.009466666666666668,0.1819943492449305,0.05120835628639944,606,0.010401801341557658,0.02262525658505933,0.11320754716981132,0.09075907590759076,1.0,0.04146508527672839,1,Myntra,Mens Watches,Mens Watches,Timex,WROGN
0.22340425531914893,0.0075987841945288626,0.17391304347826086,-0.038819875776397506,0.021718826887677522,0.0029247050382653073,0.18155118939601605,0.06272890268705276,476,0.05654125384203314,0.06332930278002294,0.11979166666666667,0.15723270440251572,1.0,0.05635735983364243,1,Myntra,Mens Watches,Mens Watches,Titan,WROGN
0.0,0.0,0.0,-0.011904761904761904,2.8800839136630904e-05,-3.548064446366782e-05,0.11939845449181269,0.00011364266723635983,544,0.39420349533515675,-0.0002939346329313843,0.0,0.006303544862258247,1.0,0.3941158857510984,1,Tata Cliq,Earphones,Earphones,boAt,Mivi
0.06666666666666667,0.04285714285714286,0.09523809523809523,0.08163265306122448,-0.02233708846384101,-0.00024256837098692033,0.11317412517807521,0.04359023276871234,831,0.42967501490384097,-0.0005790250176348111,0.008130081300813009,0.08973945309349037,1.0,0.4322452365256177,1,Tata Cliq,Earphones,Earphones,boAt,Samsung
0.1111111111111111,0.10317460317460317,0.0,-0.01948051948051948,-0.0004121950164507318,-7.227153691800157e-05,0.17218263600986264,0.2966314495595383,597,0.13740123776788374,-0.00047465709994426176,0.0,0.1197988904299584,0.9596510359869138,0.14151427495413446,1,Tata Cliq,Earphones,Earphones,Mivi,Samsung
0.1111111111111111,0.09126984126984126,0.20833333333333334,0.16071428571428573,0.006678157181251146,0.002628099173553719,0.7347135763475292,0.008133688906163882,1360,0.7293471905168897,0.009554273889528002,0.0975609756097561,0.009120879120879121,0.9008023340627279,0.7427888738740374,1,Croma,Earphones,Earphones,GOBOULT,JBL
0.125,0.11607142857142858,0.0,-0.05357142857142858,-0.01746078192901766,-0.0002445872335655213,0.6501815075468078,0.19210281159860437,443,-0.5315944081207312,-0.017569448260563683,0.05,0.01704204204204204,1.0,0.5316332526782113,1,Croma,TWS Earbuds,TWS Earbuds,GOBOULT,Noise
0.0,-0.002857142857142857,0.0,0.0,4.382938255192164e-05,-0.00017930769688033843,0.23799195032215958,0.025687728190610166,1013,0.42905283808407657,-0.0002936713126449158,0.0,0.022768670309653915,1.0,0.432498503702015,1,Croma,TWS Earbuds,TWS Earbuds,GOBOULT,Sony
0.0,0.0,0.0,-0.006696428571428571,3.303355533575284e-05,-0.0002065936507534334,0.5916962494870485,0.026832465822741437,1013,0.43203855841411265,-0.00027874508351266196,0.0,0.0283363802559415,1.0,0.4347935450959334,1,Croma,TWS Earbuds,TWS Earbuds,GOBOULT,Sony
0.0,0.0,0.0,-0.01098901098901099,-0.0002021785395640761,-0.00016144311148359096,0.25318417490183837,0.002020026407004315,1492,0.40339240737791615,-4.5887482043374024e-05,0.0,0.003417634996582365,1.0,0.40618298831441574,1,Croma,Speakers,Speakers,Croma,Philips
0.0,-0.05952380952380952,0.0,-0.026785714285714284,0.0015540420950000706,-0.0002497398543184183,0.5645208201027715,0.4394689532140349,310,-0.30364871740409627,0.0001759432415997102,0.0,0.022768670309653915,1.0,0.3091873992068242,1,Croma,TWS Earbuds,TWS Earbuds,Noise,Sony
0.0,0.0,0.0,-0.03571428571428571,0.0007175268432595673,-0.0002497398543184183,0.5583061557423465,0.4872062064538265,310,-0.40131758979208215,0.0001670005936916829,0.0,0.0283363802559415,1.0,0.40782167560954496,1,Croma,TWS Earbuds,TWS Earbuds,Noise,Sony
0.3402061855670103,0.09351988217967602,0.3333333333333333,0.08678955453149004,0.10469989735628189,0.017458677685950413,0.12828772878404904,0.03438440583826571,503,0.48484479004635817,0.07383501442090297,0.1595744680851064,0.09940357852882704,1.0,0.48706649960349696,0,Amazon,Suitcases,Cleaning Supplies,American Tourister,Presto!
0.12727272727272726,-0.0038961038961038974,0.09302325581395349,-0.0033222591362126325,0.003716829997760993,-0.003824203453186187,0.20300764040535726,0.08768618667515073,444,0.2183812030283359,0.04814960754483779,0.02727272727272727,0.04719101123595506,1.0,0.22683016928699679,0,Flipkart,Womens Track Pants,Office Desks,REEBOK,NEUDOT
0.043478260869565216,0.005175983436853,0.11267605633802817,0.053319919517102625,-0.04031119626468641,0.0018734056122448974,0.1637439915700894,0.1726025182230643,476,0.12399210439886543,0.0034037284514913035,0.03355704697986577,0.15723270440251572,1.0,0.1494620814241009,0,Myntra,Casual Shoes,Mens Watches,Nike,Titan
0.09009009009009009,0.0456885456885457,0.03896103896103896,0.003710575139146563,-0.006928367759530014,0.0013056902123730375,1.0380145936757654,0.02010508175889055,958,-0.22235159643931862,-0.023335219987325368,0.01951219512195122,0.011482254697286013,1.0,0.25029497867780687,0,Amazon,Headphones,Drawing,Noise,Shuttle Art
0.03125,0.0078125,0.01694915254237288,0.00847457627118644,8.13968637156721e-05,-0.00041360259241551503,0.12790671828929592,0.0298140451922285,1506,-0.6209681373250061,0.011423507195450227,0.007352941176470588,0.005270092226613966,1.0,0.6284344186130775,0,Amazon,Gym Equipment,Fiction,Lifelong,unknown
0.0,0.0,0.058823529411764705,0.025210084033613446,-0.0018517552145213328,-0.0016276041666666665,0.14166897344406246,0.1789537618662062,104,0.2988720738723857,-0.005255308015226309,0.022222222222222223,0.2403846153846154,1.0,0.30924890980766084,0,Flipkart,Suitcases,Heat Guns \u0026 Blowers,ALFA by VIP,INGCO
0.3516483516483517,-0.011381475667189833,0.3764705882352941,0.07394957983193279,-0.0715313390507012,0.003336337960459103,0.11387841923998036,0.07090583009535198,668,-0.03638641062582685,-0.0558229807856585,0.22969187675070027,0.11808669656203288,1.0,0.05328969121613292,0,Flipkart,Heat Guns \u0026 Blowers,Table Tennis,INGCO,Crow
0.1,0.028571428571428567,0.25,0.12499999999999997,-0.08620287159050585,-0.014268727705112963,0.28550529722699486,0.22070584281369968,95,0.20501097976631064,0.12603901979555757,0.20454545454545456,0.09473684210526316,1.0,0.25978077606187383,0,Flipkart,Mens Sports Shoes,Backpacks,NIKE,Uppercase
0.08547008547008547,-0.05006105006105005,0.3076923076923077,0.08441558441558444,-0.010726324434979962,0.003482513226577764,0.18471955820660343,0.10654293170852122,1526,0.03368666835780146,0.014278652040636356,0.1357615894039735,0.28083989501312334,1.0,0.051164879771835335,0,Amazon,Moisturizers,Air Fryers,RAAGA PROFESSIONAL,MILTON
0.4049079754601227,0.003943908851884281,0.39072847682119205,0.03784295175023661,-0.023896704965854994,-0.0011565619673727726,0.25595515434696237,0.12266868365711298,473,0.2068568804169848,0.05475892817230048,0.2007042253521127,0.15756302521008403,1.0,0.2360076439430178,0,Myntra,Mens Watches,Mens Sports Shoes,Titan,Skechers
0.2,0.031868131868131894,0.21875,0.03292410714285715,-0.0031703650943381715,0.001491975950131997,0.1455944167503357,0.058377318275024646,771,0.2510942672863802,-0.0017176478632092952,0.09523809523809523,0.09987029831387809,1.0,0.25972758821142133,0,Amazon,Headphones,Perfumes,Noise,Wild Stone
0.0,-0.02976190476190476,0.13333333333333333,0.09047619047619047,-0.0009282041019029579,0.0018170488403877068,0.6731298166718923,0.003214304987358294,450,0.07092834340227847,0.005323728014585247,0.03571428571428571,0.004269449715370019,1.0,0.07483630369433625,0,Croma,Speakers,TWS Earbuds,Philips,Noise
0.0,0.0,0.0,0.0,0.0,0.0,0.032117385806138196,0.0,145,0.016614799775152556,0.01740603583372702,0.025,0.13725490196078433,1.0,0.053500847070592855,0,Croma,Earphones,Laptops,JBL,Lenovo
0.1956521739130435,0.07142857142857145,0.21052631578947367,0.03258145363408521,-0.012088745329784958,-0.004878744296766515,0.4404618032359778,0.05012215280083183,298,0.7368474946352489,-0.0017382075187416506,0.1,0.10738255033557047,1.0,0.7598105064010479,0,Myntra,Shirts,Casual Shoes,MISCHIEF MONKEY,Puma
0.0,-0.10714285714285712,0.13333333333333333,-0.014285714285714263,0.2695708282432517,0.003392,0.13020207078051593,0.0038004037984755807,133,0.06581970141964308,0.19118673564304114,0.07692307692307693,0.03759398496240601,1.0,0.16253869548120148,0,Flipkart,Mens Watches,Air Fryers,LEE COOPER,KENT
0.30833333333333335,0.0648809523809524,0.2992125984251969,0.037682789651293624,0.03568130248974436,-0.00402023392927656,0.13293078369557632,0.11570586589389983,569,0.21368473715185793,0.030153264285756327,0.16033755274261605,0.0912280701754386,1.0,0.20556149629862805,0,Amazon,Digital Safes \u0026 Lockers,Pens \u0026 Writing Instruments,BonKaso,Parker
0.46551724137931033,0.16625615763546792,0.5,0.19419642857142855,0.035024594686954395,0.009035820574420025,0.11167967107205452,0.06965528800429485,179,0.043021492900586294,0.04874766087631768,0.2982456140350877,0.18888888888888888,1.0,0.0489802420015344,0,Flipkart,Perfumes,Professional \u0026 Salon,Ajmal,Mizu
0.28735632183908044,0.04679802955665022,0.3711340206185567,0.10824742268041238,0.04044949886707782,0.010093794274304908,0.25913508829550497,0.03688332364902331,433,0.13163477178745847,0.041821983301639436,0.1590909090909091,0.25946878510672444,1.0,0.10799157376671947,0,Myntra,Cargos,Casual Shoes,HIGHLANDER,Red Tape
0.0,0.0,0.0,-0.008403361344537815,-0.000620977522526221,-0.00023523856971589062,0.28038225839525055,0.02758190555400491,1091,-0.391081021252912,-5.781049329809383e-07,0.0,0.0283363802559415,1.0,0.4174756872755778,0,Croma,Earphones,TWS Earbuds,JBL,Sony
0.2469879518072289,0.06368330464716007,0.2,0.011344537815126066,0.04046950017051142,0.006967639354090372,0.36072922273306035,0.041016359450776745,1413,0.4047512098138774,0.05530989296123783,0.11854103343465046,0.04314002828854314,1.0,0.4012953137394681,0,Myntra,Mens Watches,Sunscreen,WROGN,Lakme
0.0625,0.02232142857142857,0.19047619047619047,0.1020408163265306,-0.0029005292821361107,0.001506143479984146,0.5371226063947189,0.01278337029520214,450,0.7751519903591251,0.0006908102375395052,0.05,0.5028712059064807,1.0,0.7841607936206874,0,Croma,Earphones,TWS Earbuds,GOBOULT,Noise
0.06976744186046512,0.014950166112956804,0.11627906976744186,0.0664451827242525,0.011247942094861376,0.003559467310042698,0.14487508138696284,0.1412100723709067,1094,0.03980494984180207,0.014681283769879898,0.034482758620689655,0.0283363802559415,1.0,0.050394745122403446,0,Croma,Speakers,TWS Earbuds,Croma,Sony
0.1,0.0642857142857143,0.06666666666666667,0.052380952380952375,0.00028876846185693454,-5.54016620498615e-05,0.6803003814653177,0.008787087040347795,1146,0.08316370192244801,-0.0002269712733823592,0.0,0.00734094616639478,1.0,0.08480526538299626,0,Croma,TWS Earbuds,Speakers,GOBOULT,Philips
0.11363636363636363,-0.019480519480519473,0.10204081632653061,-0.03498542274052474,-0.0303600517556204,-0.010681449432125475,0.15898983739265354,0.11350124977512484,272,-0.019977542081013162,-0.01577346612278441,0.030927835051546393,0.11764705882352941,1.0,0.07467912779567251,0,Flipkart,Gas Stoves,Perfumes,Natraj Aatamaker,Em5
0.0851063829787234,0.03951367781155016,0.07692307692307693,0.015109890109890112,0.0187901184301688,0.002095276809679521,0.24155000188506784,0.022565932983413375,433,0.16126308198888392,0.014019587347679703,0.01818181818181818,0.013856812933025405,1.0,0.15789022258513574,0,Myntra,Mens Sports Shoes,Casual Shoes,Nike,Red Tape
0.2602739726027397,0.012720156555772966,0.33766233766233766,0.053803339517625226,0.02557650071900759,0.019576968855385832,0.3847145534397922,0.08201414603726835,298,-0.22165823286252342,0.042837256761150015,0.14285714285714285,0.1457796114835826,1.0,0.2578338149667004,0,Myntra,Shampoos,Shirts,MATRIX,MISCHIEF MONKEY
0.16981132075471697,0.04716981132075472,0.27906976744186046,0.1461794019933555,0.0454532323456934,0.003033046627433228,0.11206995219217673,0.08584957891042572,247,0.26179229923004005,0.06098781662302563,0.08163265306122448,0.12096774193548387,1.0,0.2640980970360943,0,Flipkart,Gourmet Food,Suitcases,joganiya dairy,Kamiliant by American Tourister
0.0,0.0,0.0,0.0,0.0,0.0,0.030517011356019752,0.0,145,0.016614799775152553,0.01740603583372702,0.025,0.13725490196078433,1.0,0.053500847070592855,0,Croma,Laptops,Earphones,Lenovo,JBL
0.06451612903225806,0.03225806451612903,0.05555555555555555,0.007936507936507929,-0.0007734122034859436,-6.694073897959231e-05,0.7479322625057849,0.1125759237275974,2869,0.28059688216986645,-0.00013507700707465653,0.03076923076923077,0.006966213862765587,1.0,0.3283158150968,0,Croma,Earphones,Speakers,JBL,Philips
0.19148936170212766,0.04559270516717326,0.35555555555555557,0.2523809523809524,0.03983921618706697,0.014544733066756204,0.27784510540959767,0.1454259330819468,384,-0.08822936111809188,0.02337656300564385,0.09900990099009901,0.1613154960981048,1.0,0.1454620688752479,0,Myntra,Protein \u0026 Sports Nutrition,Mens Watches,MuscleBlaze,Daniel Hechter
0.10810810810810811,0.03281853281853282,0.06451612903225806,-0.002304147465437764,-0.007571764616114275,-0.0019655451497282922,0.0631940724234006,0.09376356515596043,293,0.4614777857835553,-0.00012460745357256305,0.056818181818181816,0.034129692832764506,1.0,0.49316779788029036,0,Flipkart,Cycling,Televisions,FOXGLOVE,Coocaa
0.3404255319148936,0.14285714285714282,0.37254901960784315,0.16806722689075634,0.03338153422855778,0.011298024406229519,0.15690762518502524,0.058247877922110176,191,-0.027293804581892327,0.02786618912464396,0.23076923076923078,0.08900523560209424,1.0,0.08616861546130543,0,Flipkart,Wardrobes,Perfumes,Flipkart Perfect Homes,ARABIYAT
0.0,-0.009852216748768473,0.0,-0.025974025974025972,-0.021761704871568005,-0.00028125415917143866,0.4271113206885907,0.001312915797218812,1093,-0.08253546464633293,-0.05856879950635023,0.01639344262295082,0.022768670309653915,1.0,0.1001018959219751,0,Croma,TWS Earbuds,Speakers,Sony,Philips
0.3877551020408163,0.08965014577259472,0.41836734693877553,0.1494169096209913,0.0013015033886236696,0.010078541220409729,1.033673081901922,0.22915020847393205,373,-0.04814484087443838,0.001056114397682964,0.24324324324324326,0.1260053619302949,1.0,0.06924048185354685,0,Flipkart,Sarees,Wardrobes,Maasaree,Sasimo
0.12658227848101267,-0.010849909584086798,0.1095890410958904,-0.026418786692759294,0.010620276265749195,0.0015443655601546013,0.1627504916272882,0.06651668834011051,1046,-0.19553740753227017,0.024981638372025907,0.07100591715976332,0.055449330783938815,1.0,0.22037416757215444,0,Amazon,Cricket,Air Purifiers,Triumph,Eureka Forbes
0.2727272727272727,0.031746031746031717,0.29896907216494845,0.07437407952871866,-0.051933831463021045,9.125563607251946e-05,0.29520079381285824,0.0238468020851289,509,0.2889373606399142,-0.03266666704591731,0.15384615384615385,0.13948919449901767,1.0,0.3191031584927616,0,Amazon,Mens Grooming,Monitors,CULT,Lenovo
0.1,0.0642857142857143,0.06666666666666667,0.052380952380952375,0.00028876846185693454,-5.54016620498615e-05,0.28464393582895836,0.008787087040347795,1146,0.08316370192244801,-0.00022697127338235922,0.0,0.00734094616639478,1.0,0.08480526538299626,0,Croma,Speakers,TWS Earbuds,Philips,GOBOULT
0.0,0.0,0.0,-0.015527950310559006,-0.0004589272446986667,-8.608030315156276e-05,0.19105756850354236,0.00045986899297299793,1490,0.3538414922454159,2.023245128413397e-06,0.0,0.012056262558606833,1.0,0.35378006555314045,0,Croma,Speakers,Earphones,Croma,JBL
0.0,-0.011904761904761904,0.0,-0.017857142857142856,-0.0002976645515910761,-6.087168249330412e-05,0.08225953890810224,0.00029969291405712665,450,-0.06250950417969575,0.00011557563898293615,0.0,0.0021494288511180863,1.0,0.06412056080018591,0,Croma,Speakers,TWS Earbuds,Croma,Noise
0.16129032258064516,-0.013824884792626696,0.3333333333333333,0.1928571428571428,-0.2164542111814653,-0.010630151794964189,0.35151807292440007,0.1775398155679493,161,0.1386279550714825,-0.2118760236508285,0.1076923076923077,0.08695652173913043,1.0,0.2747478690794354,0,Flipkart,Cases \u0026 Covers,Laptops,Portronics,ASUS
0.13157894736842105,0.08082706766917293,0.1282051282051282,0.07692307692307693,-0.07712305789088693,0.003789622386946239,0.15196159250804625,0.22645755244622315,1094,0.10365662354314384,-0.07873632266211983,0.05405405405405406,0.022768670309653915,1.0,0.1395699678416508,0,Croma,Speakers,TWS Earbuds,Croma,Sony
0.12121212121212122,0.04978354978354979,0.06779661016949153,-0.012106537530266331,-0.009441824766246172,0.0014507517774376096,0.20720269958957668,0.12044586860957801,459,-0.10769087148428631,-0.005730907544473791,0.031496062992125984,0.013071895424836602,1.0,0.14919401484860842,0,Myntra,Mens Sports Shoes,Perfumes,Nike,SKINN
0.21739130434782608,0.0838509316770186,0.17391304347826086,0.0496894409937888,0.0584149540830889,0.0074115702479338845,0.0808478375014553,0.04899780710359222,570,0.13520907115494377,0.07684699323117537,0.125,0.0912280701754386,1.0,0.1510504921523561,0,Amazon,Digital Safes \u0026 Lockers,Cricket,BonKaso,Triumph
0.3891402714932127,0.022624434389140302,0.3893805309734513,0.0382427307206068,0.03582980726126995,0.01666509069312975,0.12112250256989143,0.08348132307521476,1120,0.2855259337132373,0.045353879783612376,0.2087378640776699,0.09455842997323818,1.0,0.3057754113244565,0,Flipkart,Hand Tools,Face Wash,ProHome,Aqualogica
0.23809523809523808,0.15646258503401358,0.13043478260869565,0.05900621118012424,0.06108577079960985,-0.00023805401662049808,0.1408706733576439,0.17332832974195703,152,0.40925007197182023,0.041970176642918106,0.06521739130434782,0.13725490196078433,1.0,0.419823757520829,0,Croma,Laptops,TWS Earbuds,Lenovo,Sony
0.11224489795918367,-0.026239067055393542,0.14150943396226415,0.0013477088948786742,-0.01814785018444312,-7.224569515306214e-05,0.1979818702486527,0.051566890671439644,496,0.14489508392773043,-0.035518074462609454,0.0947867298578199,0.11808491895701198,1.0,0.15542206402856035,0,Myntra,Serums,Kurtas \u0026 Kurtis,Minimalist,FUBAR
0.35119047619047616,0.04846938775510201,0.42567567567567566,0.1356177606177606,-0.02785750233553821,0.017336779669771527,0.2926350308484884,0.07338409124732416,1004,0.3754022782076261,-0.030621428695207918,0.20863309352517986,0.09722222222222222,1.0,0.3864688672697234,0,Myntra,Mens Sports Shoes,Perfumes,Skechers,SKINN
0.16666666666666666,0.13095238095238093,0.23076923076923078,0.15934065934065936,0.1194561958057837,0.01851851851851852,0.4754577450630318,0.9198783211663332,98,0.3254740674558403,0.015418512504531964,0.08,0.12244897959183673,1.0,0.3662286528067771,0,Flipkart,Air Conditioners,Smartwatches,LG,boAt
0.4491525423728814,0.02330508474576276,0.25888324873096447,-0.0344452501812908,0.012518355659647836,-0.0021143628116344973,0.26043079400769276,0.03672248347513645,749,0.08947376295774147,-0.016143827503981682,0.19543147208121828,0.09466666666666666,1.0,0.12241943595373858,0,Flipkart,Non-Fiction,Suitcases,Viz Media,SKYBAGS
0.0625,0.02232142857142857,0.19047619047619047,0.1020408163265306,-0.0029005292821361107,0.001506143479984146,0.5371226063947189,0.01278337029520214,450,0.7751519903591251,0.0006908102375395052,0.05,0.5028712059064807,1.0,0.7841607936206874,0,Croma,Earphones,TWS Earbuds,GOBOULT,Noise
0.3114754098360656,0.08782201405152226,0.2028985507246377,0.007246376811594207,-0.04361434019658341,0.004336062655749377,0.23860053928104577,0.10050033294152694,279,-0.02654018773090151,-0.015543076369211994,0.12096774193548387,0.07065217391304347,1.0,0.10317498144097485,0,Flipkart,Cases \u0026 Covers,Induction Cooktops,Ambrane,BharatVolt
0.2894736842105263,0.16729323308270677,0.3939393939393939,0.2424242424242424,0.11792596950571663,0.013822174296637582,0.17681892944437502,0.3937435383324998,109,-0.07061293284754845,0.1214717258249151,0.16666666666666666,0.11504424778761062,1.0,0.17242745979019622,0,Flipkart,Helmets,Sweets \u0026 Chocolates,SMK,Cadbury
0.08333333333333333,-0.01785714285714285,0.3225806451612903,0.16589861751152077,0.0681169962567847,0.005067567567567568,0.2315283380140616,0.04152255944338087,154,0.13812536171429238,0.09607609007309474,0.0784313725490196,0.5392156862745098,1.0,0.11806466356958399,0,Myntra,Smartwatches,Mens Watches,Fastrack,Timex
0.44565217391304346,0.11568322981366458,0.3625,0.06964285714285717,-0.008611807663257056,-0.005486843305660176,0.11946944188411286,0.11184487543057799,291,0.3226797035444096,0.017861649003779484,0.22527472527472528,0.1678082191780822,1.0,0.31814383018788717,0,Flipkart,Mixers \u0026 Grinders,Beds,Flipkart SmartBuy,SPYDER HOME DECORE
0.08602150537634409,-0.004608294930875556,0.13978494623655913,0.04838709677419355,0.10458073812603579,0.0017121004432260022,0.10094520728645386,0.1536223052943621,459,0.47075400596554395,0.16401287273979606,0.041666666666666664,0.023965141612200435,1.0,0.4552804798762491,0,Myntra,Shampoos,T-Shirts,MATRIX,Jack & Jones
0.05555555555555555,0.03968253968253968,0.0,-0.01680672268907563,0.001572523072525346,-0.000387396694214876,0.13210286578025002,0.2708872585590816,391,-0.20213316155654698,-0.0005700345232061035,0.0,0.07771935589878409,0.98,0.21545216189613864,0,Amazon,Eye Care,Pet Toys,LENSKART BLU,zest 4 toyz
0.27586206896551724,0.1354679802955665,0.3103448275862069,0.16748768472906406,-0.22597296082009807,0.0016435354273192093,0.22782966869966428,0.14391488375914263,148,-0.12211441666141029,-0.19639199247897765,0.18181818181818182,0.13725490196078433,1.0,0.13815388314666185,0,Croma,Speakers,Laptops,Croma,Lenovo
0.11666666666666667,0.005952380952380945,0.11538461538461539,0.01648351648351648,0.015176688817021822,-0.0008042714597786436,0.2411676180476692,0.038047620091996706,460,-0.09153461958316583,0.020991292613370932,0.08396946564885496,0.16014598540145986,1.0,0.13943594173946705,0,Amazon,Mens Watches,Drums,unknown,Clapbox
0.15862068965517243,0.015763546798029576,0.19642857142857142,0.08163265306122448,0.07529791734421193,0.004000109737523772,0.16071806237896488,0.054988447197272014,1089,0.3455919722688206,0.08986695893381644,0.08015267175572519,0.3746936274509804,1.0,0.3541964233049595,0,Amazon,Headphones,Mens Grooming,Noise,Lifelong
0.29523809523809524,0.07006802721088434,0.33653846153846156,0.13667582417582416,-0.010364047226210696,0.007896187775677379,0.350291434107254,0.09826151956118653,606,0.03376035313344614,-0.009879961783539549,0.15306122448979592,0.5454545454545454,1.0,0.0894566638163833,0,Myntra,Mens Outerwear,Mens Watches,Roadster,Timex
0.0,-0.011754068716094034,0.014084507042253521,-0.002012072434607647,-0.0018598683995871737,-0.0019131503331456974,0.4459668007052908,0.005950878546790924,1050,0.22098098302799765,8.250045772722532e-06,0.0,0.030965391621129327,1.0,0.22412760465503584,0,Myntra,Headphones,Shampoos,boAt,Bare Anatomy
0.18333333333333332,0.030952380952380898,0.1864406779661017,0.029055690072639223,0.013336757639792788,0.003381155136680538,0.11224846059935666,0.07908697058309799,577,-0.144124964529235,0.011219774533901243,0.06153846153846154,0.050173010380622836,1.0,0.15976143305418086,0,Flipkart,Refrigerators,Pressure Washers,Samsung,OEM
0.2222222222222222,-0.06878306878306883,0.2631578947368421,-0.04949874686716793,-0.013513222906463673,-0.008086535395408163,0.20479102679942449,0.054440108560805,476,0.04073006282218796,0.016527202314533338,0.13973799126637554,0.15723270440251572,1.0,0.08064474717203898,0,Myntra,Mens Watches,Perfumes,Titan,Ajmal
0.2,0.10634920634920637,0.19298245614035087,0.08646616541353384,0.030625175777429958,-0.0001259128682951395,0.24553315887419103,0.0463536565756443,444,0.419336020055767,0.03742739158063694,0.05555555555555555,0.033707865168539325,1.0,0.4094368616974344,0,Myntra,Perfumes,Casual Shoes,Ajmal,Nike
0.13157894736842105,0.08082706766917293,0.1282051282051282,0.07692307692307693,-0.07712305789088694,0.003789622386946239,0.21883744117157708,0.22645755244622315,1094,0.10365662354314382,-0.07873632266211983,0.05405405405405406,0.022768670309653915,1.0,0.1395699678416508,0,Croma,TWS Earbuds,Speakers,Sony,Croma
0.1286549707602339,0.03467000835421889,0.14285714285714285,0.06581632653061224,0.005989746627960765,0.0051994525326088704,0.22234427376649415,0.04265219008902972,1376,0.4395339945315892,0.03290763979841169,0.08157099697885196,0.030456852791878174,1.0,0.437461869404975,0,Amazon,Car Cleaning Kits,Headphones,Lyrovo,Noise
0.0,-0.01948051948051948,0.0,-0.009920634920634922,-0.0004900475272835296,-0.000443244170096022,0.3173416147539989,0.0035572840524904685,1080,-0.23151533533203028,4.509312615818903e-06,0.0,0.022768670309653915,1.0,0.2709144146493254,0,Croma,Earphones,TWS Earbuds,GOBOULT,Sony
0.1568627450980392,0.042016806722689065,0.17391304347826086,0.08385093167701863,0.04928171383338747,0.0021092137361606294,0.39989845001333335,0.009366066749225663,389,0.3575071781589327,0.059212716415729616,0.07692307692307693,0.038560411311053984,1.0,0.3543850524798168,0,Myntra,Jeans,Casual Shoes,Mufti,Nike
0.09090909090909091,0.022727272727272735,0.037037037037037035,-0.021164021164021163,-0.0008487474436347481,-0.00013898772123726325,1.1645647839111748,0.003959520385041872,1360,0.3659725320416824,-0.0005369414833881714,0.019230769230769232,0.007283321194464676,1.0,0.3757686757848239,0,Croma,Earphones,Speakers,GOBOULT,Philips
0.2753623188405797,0.08488612836438927,0.21212121212121213,0.03354978354978355,-0.04780334923474631,-0.0014375557372175978,0.2176243323155314,0.0915252704132162,488,0.2947100091848834,-0.0007590498150232682,0.1386861313868613,0.09016393442622951,1.0,0.31929670631137214,0,Amazon,Massage \u0026 Relaxation,Speakers,CULT,soundcore
0.014084507042253521,-0.009054325955734409,0.04225352112676056,0.029175050301810862,-0.002581783348190461,-0.0026041666666666665,0.5518539808764333,0.14363453673938076,417,0.13417437639016613,-0.046223995325604575,0.005952380952380952,0.004291845493562232,1.0,0.14798134060569623,0,Myntra,Moisturizers,Headphones,The Face Shop,boAt
0.13157894736842105,0.08082706766917293,0.1282051282051282,0.07692307692307693,-0.07712305789088693,0.003789622386946239,0.15196159250804625,0.22645755244622315,1094,0.10365662354314384,-0.07873632266211983,0.05405405405405406,0.022768670309653915,1.0,0.1395699678416508,0,Croma,Speakers,TWS Earbuds,Croma,Sony
0.2185430463576159,0.0014191106906338846,0.17094017094017094,-0.004273504273504258,-0.010185870812299274,0.0035196065767593102,0.22261266411232553,0.06173165094723196,951,-0.2669813350076061,-0.0030217465866053364,0.1292517006802721,0.0709812108559499,1.0,0.285463569930524,0,Amazon,Fiction,Headphones,unknown,Noise
0.11764705882352941,0.012605042016806733,0.15384615384615385,0.038461538461538464,-0.012795109758340207,-0.003861290562114799,0.14444873064106828,0.11734906294886491,209,-0.0014579529295799907,-0.01525333411065429,0.03333333333333333,0.09904601571268237,0.9009433962264151,0.19839372912266626,0,Amazon,Health Monitors,Headphones,DR VAKU,Noise
0.18604651162790697,0.06976744186046513,0.25,0.15714285714285714,0.09270361503898288,0.004907197532699168,0.11665027219326506,0.08992726216857151,504,0.24835705336832023,0.08173061272507284,0.0967741935483871,0.047619047619047616,1.0,0.24686960975197272,0,Flipkart,Mixers \u0026 Grinders,Office Chairs,Prisapure,Oakcraft
0.140625,-0.016741071428571425,0.15517241379310345,0.011083743842364546,0.004677647857428564,-0.0015029687352741293,0.2634581509078186,0.15827354738418586,467,0.11800397638997802,0.009630612672976938,0.05511811023622047,0.05353319057815846,1.0,0.12147032031002371,0,Amazon,Computer Accessories,Bath \u0026 Body,Ant Esports,Amazon Brand - Solimo
0.21621621621621623,0.07915057915057916,0.14705882352941177,0.02205882352941177,0.023832544730099235,0.00042760666875294156,0.12753202919880333,0.11181339869156483,674,0.2961490555087095,0.04402529520063927,0.12418300653594772,0.07709986642570912,0.9783236994219653,0.3155426087151232,0,Amazon,Speakers,Power Banks,boAt,Portronics
0.0,0.0,0.0,0.0,0.0,0.0,0.032117385806138196,0.0,145,0.016614799775152556,0.01740603583372702,0.025,0.13725490196078433,1.0,0.053500847070592855,0,Croma,Earphones,Laptops,JBL,Lenovo
0.39285714285714285,0.22066326530612246,0.24561403508771928,0.04887218045112779,-0.004718717107756592,0.010061111111111114,0.22057628404298812,0.1884730461216022,318,0.23043978695908005,0.012446197758545932,0.10619469026548672,0.09404388714733543,1.0,0.28717540935711156,0,Myntra,Womens Watches,Serums,CASIO,deconstruct
0.2138364779874214,0.030098831985624436,0.24203821656050956,0.08826205641492266,0.022523087055335858,0.0029827124421719017,0.18223292672805916,0.04167568590367504,1392,-0.024325939345869706,0.01648307137576017,0.07936507936507936,0.05671213208901651,1.0,0.037869176866880426,0,Flipkart,Office Desks,Formal Shoes,NEUDOT,RED CHIEF
0.06451612903225806,0.03225806451612903,0.05555555555555555,0.007936507936507929,-0.0007734122034859435,-6.694073897959231e-05,0.7693123334399031,0.1125759237275974,2869,0.28059688216986645,-0.00013507700707465653,0.03076923076923077,0.006966213862765587,1.0,0.3283158150968,0,Croma,Speakers,Earphones,Philips,JBL
0.0,0.0,0.0,-0.027777777777777783,0.001622197746724176,-0.0009467587435954556,0.3789756243194205,0.0021193095238907222,134,-0.18868371772878037,-0.003563440406904744,0.0,0.13725490196078433,1.0,0.3698824579836501,0,Croma,Earphones,Laptops,GOBOULT,Lenovo
0.33962264150943394,0.10714285714285707,0.27,0.045714285714285735,0.05505147536394913,0.004578189300411522,0.08791126182529725,0.05217107593918164,563,0.20633261188781374,0.04999382102972645,0.14150943396226415,0.11524822695035461,1.0,0.22108343390286112,0,Flipkart,Ayurvedic \u0026 Herbal Products,Mixers \u0026 Grinders,Kapiva,Faber
0.4090909090909091,0.0267857142857143,0.54,0.12214285714285722,-0.05228663837216484,0.0013120038361127406,0.20422896424338424,0.09006445950368773,288,0.21906274039628584,-0.031492699678942165,0.26785714285714285,0.27115076182838815,1.0,0.2568376188689379,0,Flipkart,Power Banks,Heat Guns \u0026 Blowers,Portronics,INGCO
0.2,0.1380952380952381,0.0625,-0.004464285714285712,-0.012165004810609708,0.0020918367346938783,0.11001220406917415,0.13132876314197645,152,0.26720607835793825,0.1367095373409416,0.10869565217391304,0.0784313725490196,1.0,0.2637900921991689,0,Flipkart,Small Appliances,Camping Equipment,HAVELLS,Strauss
0.0,-0.011904761904761904,0.0,-0.017857142857142856,-0.00029766455159107604,-6.087168249330412e-05,0.08225953890810231,0.00029969291405712665,450,-0.06250950417969577,0.00011557563898293616,0.0,0.0021494288511180863,1.0,0.06412056080018591,0,Croma,TWS Earbuds,Speakers,Noise,Croma
0.029411764705882353,0.018907563025210083,0.0,-0.02895752895752896,-0.02020925400449555,-0.00033398931401608335,0.4162275983281746,0.0012912426962752475,1093,-0.17647786428912524,-0.05538989252091308,0.0136986301369863,0.0283363802559415,1.0,0.2124529794389313,0,Croma,TWS Earbuds,Speakers,Sony,Philips
0.0,0.0,0.16666666666666666,0.1349206349206349,0.10732820728255524,0.006014702606371129,0.7572046219837085,0.7462994823310568,142,-0.11412146516777827,0.04416509090509351,0.030303030303030304,0.17023809523809522,1.0,0.21268843020850825,0,Myntra,Bath \u0026 Body,Mens Outerwear,Parachute,HRX by Hrithik Roshan
0.27450980392156865,0.12324929971988793,0.13043478260869565,0.03260869565217392,-0.01375668898388298,0.002869510480037928,0.24344466370471662,0.047434073837359605,1035,-0.24623307149426502,-0.005378416906273248,0.07547169811320754,0.04227142575039494,1.0,0.27731099852478625,0,Myntra,Casual Shoes,Protein \u0026 Sports Nutrition,Nike,MuscleBlaze
0.14285714285714285,0.13265306122448978,0.0,-0.011904761904761904,-0.010220890582680265,-3.7485158220167204e-05,0.7938615445290399,0.05281548666126789,1146,-0.3114244398557552,-0.029344009234233494,0.05555555555555555,0.01033946588884223,0.9869281045751634,0.31424269110346753,0,Croma,TWS Earbuds,Earphones,GOBOULT,JBL
0.33884297520661155,0.04250295159386075,0.3389830508474576,0.052663438256658535,-0.08781691518527897,-0.008258887604724183,0.17863760033907178,0.0683642987837471,486,-0.15301275895869265,-0.06412335168902496,0.15859030837004406,0.14989733059548255,1.0,0.16918935463221146,0,Myntra,Casual Shoes,Perfumes,Puma,Giorgio Armani
0.06504065040650407,-0.019744483159117296,0.07766990291262135,0.001386962552011109,0.0011679871352900655,-0.0017417518312854447,0.9887010082046953,0.06718077402582644,757,-0.16589497085700536,0.0019157477590613595,0.03056768558951965,0.05240153465106114,1.0,0.16973240838818998,0,Flipkart,Suitcases,Smartwatches,ARISTOCRAT,Fire-Boltt
0.09859154929577464,0.035211267605633784,0.06060606060606061,0.016233766233766246,0.00034698404623233317,0.000829260593804086,0.24011595490380425,0.06421289764592152,1104,-0.1115812421499615,-5.9592131274039803e-05,0.018072289156626505,0.010869565217391304,1.0,0.18888889645878448,0,Amazon,Drawing,Food Processors \u0026 Choppers,Shuttle Art,AGARO
0.29850746268656714,0.022388059701492546,0.4189189189189189,0.08687258687258692,-0.012083893173261726,0.008464755714209599,0.22030223196927706,0.09122970636329861,288,0.17763854029703818,-0.043308949379776085,0.2204724409448819,0.1423611111111111,1.0,0.21798286347699386,0,Flipkart,Power Banks,Backpacks,Portronics,SKYBAGS
0.15789473684210525,0.11654135338345864,0.11764705882352941,0.07142857142857142,-0.07443873070103828,-0.004129560471128986,0.18983985425544714,0.27969258771987876,166,-0.26809149319657705,-0.0524734267826629,0.04878048780487805,0.009302325581395349,1.0,0.3106163799926661,0,Amazon,Android Phones,Headphones,XIAOMI,Noise
0.18478260869565216,0.06599378881987578,0.11702127659574468,-0.002279635258358642,0.0652030607943076,0.0017021602467262118,0.4395864750147455,0.09598642376008634,466,-0.16031216276943477,-0.02008636612540671,0.06282722513089005,0.04291845493562232,1.0,0.20690339199289828,0,Myntra,Smartwatches,Moisturizers,Titan,The Face Shop
0.16129032258064516,-2.7755575615628914e-17,0.21212121212121213,0.015151515151515194,-0.03200131787925218,-0.0065969677095791095,0.07869946404415604,0.12647925337583618,169,0.046058231468202086,-0.025476825388953694,0.10256410256410256,0.13068181818181818,1.0,0.06614956489184595,0,Amazon,Fiction,Suitcases,unknown,Aristocrat
0.06976744186046512,0.014950166112956804,0.11627906976744186,0.0664451827242525,0.011247942094861376,0.003559467310042698,0.14487508138696284,0.1412100723709067,1094,0.03980494984180207,0.014681283769879898,0.034482758620689655,0.0283363802559415,1.0,0.050394745122403446,0,Croma,Speakers,TWS Earbuds,Croma,Sony
0.0,-0.04166666666666667,0.06896551724137931,0.03694581280788177,-0.08771986603409407,-0.0016101175103305785,0.25398082530039134,0.08858994337412654,370,-0.034654948640088924,-0.05710018657351615,0.0410958904109589,0.013477088948787063,1.0,0.06110990823513136,0,Myntra,Mens Outerwear,Tracksuits,StyleCast x Revolte,Nike
0.3137254901960784,0.11204481792717089,0.391304347826087,0.11076604554865421,0.04183494561783977,0.022013010525790064,0.3663823887053914,0.04889003232727957,297,0.12596291447051278,0.04269091426549847,0.152,0.12191754431030055,0.9966442953020134,0.14418123317382733,0,Myntra,Perfumes,Shirts,Ajmal,MISCHIEF MONKEY
0.0,-0.004608294930875576,0.0,-0.012987012987012988,-0.00034049868368350424,-0.00025789753638773055,0.24904944366693516,0.00034127592455431596,1360,0.13861600239753624,-0.0026259709598562596,0.014705882352941176,0.004682004816271374,1.0,0.13705695346329363,0,Croma,Earphones,Speakers,GOBOULT,Croma
0.3588516746411483,0.021531100478468956,0.3942307692307692,0.08310439560439564,-0.011446450630219616,0.002844023450938586,0.19099959871015645,0.09509751029494126,771,0.17595507476325994,0.0023330451231429335,0.19473684210526315,0.09987029831387809,1.0,0.21049722252859737,0,Amazon,Headphones,Bath \u0026 Body,Noise,Dove
0.0975609756097561,-0.0017421602787456303,0.05714285714285714,-0.04081632653061227,-0.044129547685887636,-0.006649934321636328,0.20211573343150074,0.025430556593241952,310,-0.16967948034061928,-0.024035913759502474,0.04938271604938271,0.5194805194805194,1.0,0.18665053616321434,0,Myntra,Mens Outerwear,Mens Sports Shoes,StyleCast x Revolte,Nike
0.0,0.0,0.0,0.0,-0.002728587842420954,-0.0005259697567389875,0.3689071065759662,0.029220723063246273,205,-0.00408546579932473,4.509929259819422e-20,0.0,0.002173913043478261,1.0,0.0038250278923007072,0,Myntra,Perfumes,Headphones,Ajmal,boAt
0.125,0.007142857142857131,0.18518518518518517,0.07760141093474424,0.017684016858031518,0.0046486367984693855,0.19073823831977685,0.06714118462596215,476,0.14649902900495743,0.07503726778546178,0.10465116279069768,0.15723270440251572,1.0,0.1398591545252127,0,Myntra,Kurtas \u0026 Kurtis,Mens Watches,FUBAR,Titan
0.0,0.0,0.0,0.0,-0.00029014786912832144,-6.510238206189524e-05,0.6525685789099192,0.00029090964208827974,1146,0.15669841803988127,-0.0002564580038353188,0.0,0.013039934800325998,1.0,0.15744824911819502,0,Croma,Speakers,TWS Earbuds,Croma,GOBOULT
0.2682926829268293,0.07055749128919861,0.20833333333333334,0.03869047619047619,0.061724680718025865,0.00995272558208427,0.09660173496368193,0.03795385619595297,571,0.18743133154216035,0.06315463033504665,0.14935064935064934,0.07517482517482517,1.0,0.16255804401526086,0,Amazon,Gym Equipment,Car Cleaning Kits,BOLDFIT,Phirki
0.21428571428571427,0.059523809523809534,0.14285714285714285,-0.04421768707482998,-0.11154644909115556,-0.006854080239119792,0.11600568050522195,0.21302159211723404,209,0.2148485819927186,-0.0364636153990659,0.10526315789473684,0.07655502392344497,1.0,0.29042499716992076,0,Flipkart,Tyre Inflators \u0026 Pumps,Electric Kettles,RETLATE,Longway
0.2978723404255319,0.1337386018237082,0.17391304347826086,0.003105590062111807,-0.09190241034544207,-0.0011611111111111093,0.1661515560106182,0.16913037884724647,318,-0.053752393377364184,-0.14734444444747485,0.11650485436893204,0.2973186119873817,1.0,0.05099068661964593,0,Myntra,Womens Watches,Mens Watches,CASIO,WROGN
0.3,0.16666666666666666,0.17857142857142858,0.07142857142857144,0.08565602120288326,0.011660074255623773,0.07525018604302833,0.09103692259654321,211,0.11553063310560331,0.14397974017427687,0.12121212121212122,0.12264150943396226,1.0,0.09244798516788857,0,Amazon,Dash Cameras,Health Monitors,NEXDIGITRON,DR VAKU
0.2857142857142857,0.12889366272824918,0.17266187050359713,0.04419321685508737,0.027851243783384168,0.0013485930893716285,0.3496009334319204,0.11468177364721696,1504,-0.2956303799333152,0.0412016930707932,0.09117647058823529,0.09308510638297872,1.0,0.31732417801701784,0,Amazon,Gym Equipment,Desktops,Lifelong,LG
0.36538461538461536,0.15384615384615377,0.20833333333333334,0.06101190476190477,0.013771728953263581,-0.003468609087755807,0.3004145865119502,0.16549173558969535,202,0.05153605255524894,-0.00569069880264684,0.102803738317757,0.19736842105263158,1.0,0.07404538885082294,0,Flipkart,Educational,Automotive Tools \u0026 Equipment,Dhanpat Rai & Co. Pvt. Ltd,EXIDE
0.0,-0.022959183673469385,0.02564102564102564,-0.005494505494505496,-0.07768356537649786,-0.002965856481481481,0.5783870076995101,0.025657081913213385,405,0.18322260429193316,-0.026655387656817194,0.018867924528301886,0.004415011037527594,1.0,0.20468232621822594,0,Myntra,Perfumes,Headphones,Ajmal,boAt
0.11764705882352941,0.0084033613445378,0.2222222222222222,0.1058201058201058,0.013186577514235307,0.002757352941176471,0.3618524954105973,0.17050265272730536,142,0.21931807119793487,0.02381158357859889,0.043478260869565216,0.08391608391608392,1.0,0.29810096735853053,0,Myntra,Bath \u0026 Body,Mens Watches,Parachute,Timex
0.2109375,0.05691964285714285,0.20300751879699247,0.04833512352309341,0.009579861139786205,0.003642056387993641,0.10946072155922008,0.07621775239145451,1101,0.38003493459550947,0.029797169107490033,0.11194029850746269,0.03176043557168784,1.0,0.38611972949970214,0,Amazon,Chairs,Pens \u0026 Writing Instruments,MAHARAJA,Parker
0.3567251461988304,0.07978279030910612,0.2571428571428571,0.032244897959183616,0.05147188003609199,0.01740726046419361,0.1768169701769126,0.043072407304930914,737,0.1310918554782836,0.0539291913487342,0.19672131147540983,0.11653116531165311,1.0,0.1255498793700903,0,Flipkart,Living Room,Cycling,Online Decor Shoppee,FOXGLOVE
0.05,0.01428571428571429,0.0,-0.008403361344537815,-0.077547489791661,-0.0008837268021714429,0.3810158604973349,0.17636719346671006,434,-0.30902074969328486,-0.031381787699969084,0.023255813953488372,0.03409090909090909,1.0,0.31920072771545105,0,Amazon,Washing Machines,Soft Toys,Crompton,DIKANG
0.0,0.0,0.0,-0.008403361344537815,-0.000620977522526221,-0.00023523856971589062,0.5980452674872269,0.02758190555400491,1091,-0.39108102125291194,-5.781049329809383e-07,0.0,0.0283363802559415,1.0,0.4174756872755778,0,Croma,TWS Earbuds,Earphones,Sony,JBL
0.13793103448275862,-0.012315270935960632,0.1111111111111111,-0.0026455026455026315,-0.030265493305309185,-0.0008812484500655407,0.13443805480175666,0.05259485279331018,609,-0.1772272675064109,-0.01940653198276623,0.06779661016949153,0.060755336617405585,1.0,0.18176141066074125,0,Amazon,Mens Watches,Gym Equipment,NAVIFORCE,amazon basics
0.32575757575757575,0.08549783549783554,0.3014705882352941,0.07878151260504199,0.019796618433545903,0.0065299232573915985,0.23191463746579405,0.08136245467124478,1086,-0.34379244179877017,0.009804778207742483,0.18587360594795538,0.07826887661141804,1.0,0.3563833904451981,0,Flipkart,Cricket,Mens Watches,HF,Mathey-Tissot
0.0,0.0,0.0,0.0,-0.002657735151622482,-0.0009614133499110872,0.7782083816115651,0.0026885321885470903,281,-0.3603045276908795,0.000869389359284854,0.0,0.00411522633744856,1.0,0.3651432827152048,0,Myntra,Mens Sports Shoes,Headphones,Nike,boAt
0.0,-0.004608294930875576,0.0,-0.012987012987012988,-0.00034049868368350424,-0.00025789753638773055,0.724524599569549,0.00034127592455431596,1360,0.13861600239753624,-0.0026259709598562596,0.014705882352941176,0.004682004816271374,1.0,0.13705695346329363,0,Croma,Speakers,Earphones,Croma,GOBOULT
0.18442622950819673,0.0038056206088993016,0.20078740157480315,0.006186726659167585,0.08891350329523148,0.0031736473960120616,0.13271083435200406,0.038591102070300934,1211,0.09282555904614125,0.08145896519533553,0.07283464566929133,0.054500412881915775,1.0,0.07519921163884373,0,Amazon,Suitcases,Perfumes,Aristocrat,Wild Stone
0.025,-0.0892857142857143,0.11320754716981132,0.013477088948787075,-0.07842805923312236,0.0020905420991926184,0.1848209119112562,0.09523418653055248,453,-0.10156056491000831,-0.06217892302784783,0.0625,0.12192384436315264,0.9911894273127754,0.141306016953694,0,Myntra,Shirts,Perfumes,Snitch,Ajmal
0.2222222222222222,0.010822510822510789,0.2857142857142857,0.07944606413994165,0.014970422451107867,0.0021236382169933544,0.3147019484734399,0.03535726220800968,460,-0.26856854959065596,-0.01936121084473038,0.11702127659574468,0.10652173913043478,1.0,0.29495060290330455,0,Myntra,Perfumes,Casual Shoes,SKINN,Puma
0.4444444444444444,0.4206349206349206,0.5,0.4642857142857143,0.007078192424713625,0.00871900826446281,1.0052054201731968,0.649838886323461,450,0.80824898085093,0.26547007606641737,0.15789473684210525,0.0028524857375713123,1.0,0.8155184708210069,0,Croma,TWS Earbuds,Earphones,Noise,JBL
0.3333333333333333,0.05004859086491742,0.4122137404580153,0.13249727371864778,0.019313878946879463,0.014701169684345459,0.2354954454259232,0.04742905956866917,1004,-0.41392990570896243,0.05487526929946154,0.18613138686131386,0.09731876861966236,1.0,0.44518136332042907,0,Myntra,Shampoos,Mens Sports Shoes,Bare Anatomy,Skechers
0.1919191919191919,-0.03391053391053389,0.2962962962962963,0.09259259259259256,0.00802255949214616,0.0017407407407407406,0.1623130215117744,0.01484215134310265,606,-0.21835288679088696,-0.0011465595974568896,0.08955223880597014,0.0764003207969271,1.0,0.2276176788628936,0,Myntra,Mens Watches,Casual Shoes,Timex,Puma
0.0,0.0,0.0,-0.008403361344537815,-0.000620977522526221,-0.00023523856971589062,0.5980452674872269,0.02758190555400491,1091,-0.39108102125291194,-5.781049329809383e-07,0.0,0.0283363802559415,1.0,0.4174756872755778,0,Croma,TWS Earbuds,Earphones,Sony,JBL
0.14285714285714285,0.13265306122448978,0.0,-0.011904761904761904,-0.010220890582680265,-3.7485158220167204e-05,0.7938615445290399,0.05281548666126789,1146,-0.3114244398557552,-0.029344009234233494,0.05555555555555555,0.01033946588884223,0.9869281045751634,0.31424269110346753,0,Croma,TWS Earbuds,Earphones,GOBOULT,JBL
0.27586206896551724,0.1354679802955665,0.3103448275862069,0.16748768472906406,-0.22597296082009807,0.0016435354273192093,0.22782966869966428,0.14391488375914263,148,-0.12211441666141029,-0.19639199247897765,0.18181818181818182,0.13725490196078433,1.0,0.13815388314666185,0,Croma,Speakers,Laptops,Croma,Lenovo
0.0,0.0,0.0,-0.015527950310559006,-0.0004589272446986667,-8.608030315156276e-05,0.19105756850354236,0.00045986899297299793,1490,0.3538414922454159,2.023245128413397e-06,0.0,0.012056262558606833,1.0,0.35378006555314045,0,Croma,Speakers,Earphones,Croma,JBL
0.38235294117647056,0.14705882352941174,0.3384615384615385,0.08681318681318678,0.08951286699704655,0.027950000000000003,0.3270976657634422,0.08340624203946648,318,0.15621125859346474,0.09015370591035994,0.14634146341463414,0.13856638061585058,1.0,0.16445791997975054,0,Myntra,Womens Watches,Mens Watches,CASIO,Timex
0.23809523809523808,0.15646258503401358,0.13043478260869565,0.05900621118012424,0.06108577079960984,-0.00023805401662049808,0.11096594518358727,0.17332832974195703,152,0.4092500719718203,0.041970176642918106,0.06521739130434782,0.13725490196078433,1.0,0.419823757520829,0,Croma,TWS Earbuds,Laptops,Sony,Lenovo
0.11363636363636363,-0.02759740259740258,0.19047619047619047,0.10714285714285712,0.06932923232433746,-1.1076323251417441e-05,0.1801463983962118,0.24488068703387988,380,0.08484941614873905,0.11926840545549694,0.07692307692307693,0.04473684210526316,1.0,0.08888228042322346,0,Amazon,Laptop Backpacks,Smartwatches,Safari,Apple
0.2692307692307692,0.14835164835164832,0.3125,0.16964285714285715,-0.05031245608268873,-0.012541183972792008,0.388366328108017,0.30939707096812447,105,-0.19833567354082146,-0.04040208487081817,0.125,0.11320754716981132,1.0,0.1883652051284409,0,Flipkart,Grains \u0026 Pulses,Backpacks,Yogabar,HRX by Hrithik Roshan
0.2647058823529412,0.11659663865546221,0.25333333333333335,0.07333333333333333,0.009085804051518284,0.002959719726784023,0.2124371130406792,0.09319535891966015,588,0.12818672725545152,0.01855776200285279,0.0979020979020979,0.2568379446640316,0.9965986394557823,0.1484628635441634,0,Amazon,Earphones,Laptop Backpacks,boAt,Safari
0.11594202898550725,0.008281573498964814,0.2097902097902098,0.08491508491508491,-0.010935261504974965,0.003972882344365068,0.3393177121604042,0.04705518188718087,1504,0.352592410481055,0.01627580878146612,0.0918918918918919,0.09302325581395349,1.0,0.35917193122928737,0,Amazon,Gaming Accessories,Desktops,Logitech G,LG
0.15,0.05357142857142856,0.15384615384615385,0.027472527472527458,0.05338886866409149,-0.0036332408508389508,0.49398455724298734,0.10687462142986405,95,0.09833868855940457,0.2012518958863117,0.061224489795918366,0.09473684210526316,1.0,0.11900810421735804,0,Flipkart,Mens Sports Shoes,Jeans,NIKE,DENIM LOOK
0.0,-0.004608294930875576,0.0,-0.012987012987012988,-0.00034049868368350424,-0.00025789753638773055,0.24904944366693516,0.00034127592455431596,1360,0.13861600239753624,-0.0026259709598562596,0.014705882352941176,0.004682004816271374,1.0,0.13705695346329363,0,Croma,Earphones,Speakers,GOBOULT,Croma
0.4696969696969697,0.19264069264069267,0.3384615384615385,0.07582417582417578,-0.01888427850553449,0.004897459442913987,0.12060968472961534,0.0443368248649226,311,-0.1652086734665836,-0.016043690935194255,0.20714285714285716,0.2722457627118644,1.0,0.17896476985590806,0,Flipkart,Cycling,Drills,FOXGLOVE,INGCO
0.10227272727272728,0.06737012987012989,0.10638297872340426,0.053951367781155016,0.003523683429961641,-0.00023308899176954691,0.2641855964425848,0.06145088485684263,458,0.20277909934893584,0.03185021071049403,0.026881720430107527,0.013071895424836602,1.0,0.20961589388637977,0,Myntra,Mens Sports Shoes,Serums,Nike,Minimalist
0.2894736842105263,0.0817669172932331,0.20512820512820512,-0.0283882783882784,0.024244275885835057,0.001743689142578067,0.3283199713140231,0.027477816778293564,384,-0.008170720493332643,0.003664342183605562,0.0963855421686747,0.3003978779840849,1.0,0.020318750798781284,0,Myntra,Mens Watches,Jeans,Daniel Hechter,Mufti
0.07692307692307693,0.028846153846153855,0.09090909090909091,0.014069264069264065,-0.006570779793876132,-0.006941842987628628,0.2556480557300103,0.08534240885110404,483,-0.28410203965683994,-0.015441330533452638,0.039735099337748346,0.05930470347648262,1.0,0.3190455695355907,0,Amazon,Console Games,Perfumes,Take 2,Ajmal
0.08860759493670886,-0.02260397830018085,0.09090909090909091,-0.027056277056277014,0.03975894173269898,0.0007621826287924735,0.25556408922967216,0.05434846803261206,1091,-0.032514286875683945,0.03262738761911659,0.054878048780487805,0.04216315307057745,1.0,0.064555177840218,0,Amazon,Mens Grooming,Speakers,Lifelong,soundcore
0.0,-0.015873015873015872,0.0,-0.011904761904761904,-0.0005705319456942049,-0.00019743237101155103,0.24554308802420874,0.059227107890568856,1091,-0.2576957058836879,-6.090618511881693e-07,0.0,0.022768670309653915,1.0,0.27624168061517695,0,Croma,TWS Earbuds,Earphones,Sony,JBL
0.06666666666666667,-0.10476190476190476,0.2702702702702703,0.05984555984555989,-0.010487743216863207,-0.013408304498269897,0.40602855238436003,0.07740791853378161,142,-0.054413229206808036,-0.003514930485050561,0.15384615384615385,0.2184959349593496,1.0,0.06009666955405224,0,Myntra,Bath \u0026 Body,Womens Slippers,Parachute,Red Tape
0.10526315789473684,0.07518796992481203,0.05263157894736842,0.04887218045112782,-0.004376308262126197,-0.0036786563614744352,0.7161046189266311,0.03543449473542878,126,0.40988884121982505,-0.0008668139465983406,0.022222222222222223,0.15,1.0,0.5379592236496216,0,Flipkart,Air Conditioners,TWS Earbuds,CARRIER,boAt
0.08823529411764706,0.025210084033613467,0.08196721311475409,0.03629976580796252,0.02113964323484109,0.00014208275175854384,0.09306002619802822,0.01836085240342676,1102,0.3017542110252178,0.043375489220696006,0.06164383561643835,0.03176043557168784,1.0,0.2984127855531532,0,Amazon,Gaming Accessories,Chairs,Logitech G,MAHARAJA
0.0,-0.13095238095238096,0.25,0.12857142857142856,0.033307615681779826,-0.0022400000000000007,0.1382726370277845,0.11858932226567312,133,-0.02674627377042332,0.007387117320069183,0.04878048780487805,0.08270676691729323,1.0,0.11404148963269611,0,Flipkart,Suitcases,Air Fryers,SKYBAGS,KENT
0.0,0.0,0.0,0.0,0.0,0.0,0.0884452830066869,0.0,237,0.0,0.0,0.0,0.0,1.0,0.0,0,Myntra,Headphones,Mens Sports Shoes,Boult Audio,Nike
0.0,-0.01948051948051948,0.0,-0.009920634920634922,-0.0004900475272835296,-0.000443244170096022,0.3173416147539989,0.0035572840524904685,1080,-0.23151533533203028,4.509312615818903e-06,0.0,0.022768670309653915,1.0,0.2709144146493254,0,Croma,Earphones,TWS Earbuds,GOBOULT,Sony
0.1935483870967742,0.031105990783410115,0.1694915254237288,0.0423728813559322,0.03303684708642991,0.005761445032700093,0.33532237717557883,0.032341915313132526,514,-0.205846540545537,0.016398005926610643,0.0743801652892562,0.06875644994840041,1.0,0.21115024840553304,0,Flipkart,Educational,Perfumes,Dhanpat Rai & Co. Pvt. Ltd,BELLAVITA
0.17647058823529413,0.12605042016806722,0.1111111111111111,0.035714285714285685,0.03141732836057282,0.0019431600765306123,0.18503463723808639,0.03539629626559868,234,0.21811486478312703,0.018742476104093613,0.041666666666666664,0.02564102564102564,1.0,0.22649573292005118,0,Myntra,Perfumes,Casual Shoes,Ajmal,Nike
0.2857142857142857,0.14285714285714285,0.3125,0.15401785714285715,-0.037617960935201526,0.005153288496811952,0.24759212517618778,0.1915972205674372,113,0.20144149224804242,0.006500798560614753,0.14754098360655737,0.20490328385065226,1.0,0.21505273862318122,0,Myntra,Suitcases,Casual Shoes,Aristocrat,Puma
0.15789473684210525,0.058270676691729334,0.2631578947368421,0.15789473684210525,-0.020740362913007692,0.0037388888888888897,0.1743949829597129,0.11142284621225516,318,0.03228049049473053,-0.010609132487844477,0.08791208791208792,0.09404388714733543,1.0,0.0368872468770751,0,Myntra,Womens Watches,Kurtas \u0026 Kurtis,CASIO,FUBAR
0.17647058823529413,0.12605042016806722,0.1111111111111111,0.035714285714285685,0.03141732836057282,0.0019431600765306123,0.18503463723808639,0.03539629626559868,234,0.21811486478312703,0.018742476104093613,0.041666666666666664,0.02564102564102564,1.0,0.22649573292005118,0,Myntra,Perfumes,Casual Shoes,Ajmal,Nike
0.14285714285714285,0.005102040816326536,0.1780821917808219,-0.019569471624266116,-0.0009385325372310304,-0.0064186129825155,0.5539399160223296,0.011320381085676746,389,-0.24663568817550918,-0.0014029578117759462,0.04,0.10365716534547703,1.0,0.2754838351439391,0,Myntra,Jeans,Shirts,Mufti,HIGHLANDER
0.1568627450980392,0.018207282913165257,0.26153846153846155,0.12637362637362637,0.034717737752388816,0.005448023674931682,0.1837695651055753,0.059092758066923025,497,0.2653420375792724,0.04871164742347563,0.08333333333333333,0.07847082494969819,1.0,0.25590855405680607,0,Amazon,Massage \u0026 Relaxation,USB Hubs \u0026 Adapters,Lifelong,ZEBRONICS
0.0,0.0,0.0,0.0,0.0,0.0,0.11847388203122225,0.0,617,0.0,0.0,0.0,0.0,1.0,0.0,0,Flipkart,Mixers \u0026 Grinders,Headphones,Grand plus,boAt
0.26666666666666666,0.14126984126984127,0.2619047619047619,0.11564625850340138,0.018964073939207494,0.010472222222222223,0.197121055494097,0.052029184935136405,318,-0.08243696643545316,0.08149345809654421,0.13793103448275862,0.09404388714733543,1.0,0.1533757660317857,0,Myntra,Casual Shoes,Womens Watches,ASIAN,CASIO
0.2857142857142857,0.08348794063079773,0.22058823529411764,0.07247899159663868,0.013877037919424988,0.0039187423989910375,0.18442308738926264,0.04138662159464449,475,0.07831183073386434,0.031237521232230003,0.11333333333333333,0.08519083969465649,0.9852631578947368,0.07082642238743486,0,Myntra,Casual Shoes,Mens Outerwear,ASIAN,Roadster
0.32608695652173914,0.07039337474120083,0.4358974358974359,0.09386446886446886,0.015550324876310681,0.001919606864514152,0.21459510159724407,0.05231579623504016,453,-0.10337427355167451,0.03865071880447879,0.19784172661870503,0.12582781456953643,1.0,0.14086164394351325,0,Myntra,Sunscreen,Perfumes,Lakme,Ajmal
0.2459016393442623,0.09250585480093676,0.07042253521126761,-0.07947686116700199,0.02435830560344065,0.002519484009674819,0.14234764741210018,0.07038581544994624,506,0.08300476494976942,0.021707018794388754,0.072992700729927,0.05058365758754864,1.0,0.11642481975686106,0,Amazon,Headphones,Power Banks,boAt,URBN
0.3142857142857143,0.08775510204081635,0.21052631578947367,0.02756892230576441,0.029223772292373218,0.007070115320723222,0.4560474979978054,0.025799847558118913,371,0.09444809151861139,0.031066636989168697,0.1111111111111111,0.08341087525443443,1.0,0.09353724672428565,0,Myntra,Mens Outerwear,Jeans,StyleCast x Revolte,Mufti
0.4166666666666667,0.04489087301587308,0.32,0.042285714285714315,-0.014415965165399938,0.0030206174418500667,0.2590117013658051,0.04252255321925109,1133,0.05377932391984242,3.45723527676418e-05,0.15120967741935484,0.1099476439790576,0.9982578397212544,0.08079138527455611,0,Flipkart,TWS Earbuds,Fiction,Mivi,MADE EASY Publications Pvt. Ltd.
0.1,0.0642857142857143,0.06666666666666667,0.052380952380952375,0.00028876846185693454,-5.54016620498615e-05,0.28464393582895836,0.008787087040347795,1146,0.08316370192244801,-0.00022697127338235922,0.0,0.00734094616639478,1.0,0.08480526538299626,0,Croma,Speakers,TWS Earbuds,Philips,GOBOULT
0.4187192118226601,0.04257565095003513,0.39285714285714285,0.014212827988338228,0.07869965007324836,0.006220886551465063,0.15766578532326078,0.06773678548410848,625,0.2371212221391754,0.07690414741558155,0.19726027397260273,0.30233457019171306,0.976,0.2322052202040062,0,Flipkart,Headphones,Mixers \u0026 Grinders,Goboult,Grand plus
0.3197278911564626,0.008746355685131268,0.3333333333333333,0.08549783549783543,0.034012537222485206,-0.00896978795271157,0.3997738323904804,0.05636581458883983,389,0.0946917024838926,0.04571000361896969,0.16731517509727625,0.10796915167095116,1.0,0.0971038743382146,0,Myntra,Moisturizers,Jeans,Nivea,Mufti
0.27586206896551724,0.1354679802955665,0.3103448275862069,0.16748768472906406,-0.22597296082009807,0.0016435354273192093,0.22782966869966428,0.14391488375914263,148,-0.12211441666141029,-0.19639199247897765,0.18181818181818182,0.13725490196078433,1.0,0.13815388314666185,0,Croma,Speakers,Laptops,Croma,Lenovo
0.3507853403141361,0.01421091997008228,0.398876404494382,0.08707865168539325,0.11704113246210754,0.021030036023951714,0.23347016076290492,0.12992478287144027,1020,-0.05408785514328648,0.10211544023124079,0.18361581920903955,0.2222222222222222,1.0,0.09994724094337036,0,Flipkart,Car Audio,Mens Watches,Hydra,Allen Solly
0.232,0.04914285714285713,0.2542372881355932,0.07445520581113804,-0.008274264555161785,0.002244667576977652,0.1347248320783463,0.05363095125720943,1329,-0.19281061472425093,0.009505353097196804,0.09561752988047809,0.06466165413533835,1.0,0.2023911924305853,0,Amazon,Gym Equipment,Air Fryers,BOLDFIT,MILTON
0.09523809523809523,0.0085034013605442,0.024390243902439025,-0.05923344947735191,-0.011405548039018665,-0.0027806712836851307,0.14362838579701287,0.06357996790209715,497,0.18660716181257161,0.036330049377189436,0.05555555555555555,0.08169007192836522,0.9839034205231388,0.1865313503731054,0,Amazon,USB Hubs \u0026 Adapters,Power Banks,ZEBRONICS,URBN
0.11764705882352941,0.021008403361344533,0.2631578947368421,0.18421052631578944,-0.09059419080988532,-0.014016620498614959,0.45905131315800646,0.16232390788900392,103,-0.1812636014622726,-0.07108250139588372,0.09523809523809523,0.13592233009708737,1.0,0.18615060789616922,0,Flipkart,Trolley Bags,Mixers \u0026 Grinders,ARISTOCRAT,Hindware Smart Appliances
0.16363636363636364,0.07012987012987014,0.11666666666666667,0.0035714285714285726,0.06910328252924532,0.0034876048637948907,0.6662819908218072,0.06237687918664547,432,0.0058629864452016565,0.006908121545199549,0.050359712230215826,0.12471131639722864,1.0,0.048961600956466116,0,Flipkart,PC Games,Mens Sneakers,unknown,NIKE
0.2900763358778626,0.05997818974918212,0.2846153846153846,0.03626373626373622,0.005263111416930762,0.002123348824431673,0.25439136359637105,0.054370394334938,438,0.11227164317540746,0.01764606409769832,0.13740458015267176,0.22613558743169399,1.0,0.1021675615164548,0,Flipkart,Headphones,Coffee Tables,boAt,SS CRAFTMAKERS
0.33043478260869563,0.11490683229813661,0.13385826771653545,-0.046681664791901,0.02821731515208988,0.0042130827595280905,0.21431723345494916,0.03922065977892141,1240,0.2302910712032195,0.04849889137768777,0.0945945945945946,0.0859437751004016,1.0,0.24103763052954083,0,Amazon,Desktops,Tool Kits \u0026 Sets,LG,Eastman
0.24271844660194175,0.04646324549237174,0.24778761061946902,0.04487989886219973,0.002185509559715284,-0.0029367483062271334,0.14036059911686039,0.06976431857176933,496,0.2417832852227979,-0.013645783476448656,0.12380952380952381,0.5362903225806451,1.0,0.2519421032884644,0,Amazon,USB Hubs \u0026 Adapters,Pens \u0026 Writing Instruments,ZEBRONICS,Parker
0.13513513513513514,0.02123552123552125,0.3,0.18035714285714283,0.05166426332246482,-0.0008503182251539607,0.5761296291062865,0.13995953617502455,209,-0.6283913836458098,0.16206006534975662,0.10465116279069768,0.029411764705882353,1.0,0.6391220124692228,0,Flipkart,Gym Equipment,Headphones,Adrenex,boAt
0.0,0.0,0.0,0.0,0.0,0.0,0.030517011356019752,0.0,145,0.016614799775152553,0.01740603583372702,0.025,0.13725490196078433,1.0,0.053500847070592855,0,Croma,Laptops,Earphones,Lenovo,JBL
0.25,0.17857142857142858,0.0,-0.019047619047619046,0.011104261402093278,0.00653517422748192,0.7499517649918861,0.005322021914308972,420,-0.17108925901466893,0.013557280625245874,0.11363636363636363,0.03409090909090909,1.0,0.18016832647311212,0,Amazon,Headphones,Washing Machines,PTron,Crompton
0.14285714285714285,-0.025778732545649802,0.14754098360655737,-0.002927400468384078,0.003915383379417991,-0.0035313857707680116,0.824936821362254,0.03855286693211573,820,0.15504995450266823,0.004109629951967247,0.0784313725490196,0.1308786741713571,1.0,0.164050274428153,0,Flipkart,Mens Watches,Office Desks,LEE COOPER,NEUDOT
0.20754716981132076,0.05929919137466308,0.17142857142857143,0.04217687074829932,0.025474333475618855,0.0028568709304767903,0.18072316227835034,0.03703437608440677,1130,-0.6636823777971591,0.05238848663245468,0.10588235294117647,0.06596306068601583,1.0,0.6787387793137953,0,Amazon,Cleaning Supplies,Fiction,Presto!,unknown
0.029850746268656716,-0.0042643923240938165,0.03968253968253968,0.0011337868480725544,0.0007919094459058545,-1.8581834398691786e-05,0.18192206508967515,0.06528959895181917,460,-0.06649013375490656,0.009106649700759747,0.022058823529411766,0.010845986984815618,1.0,0.11167415157422947,0,Myntra,Moisturizers,Tracksuits,Nivea,Nike
0.0,-0.015037593984962405,0.0,-0.010714285714285714,-0.0005333768877884428,-0.0005281207133058985,1.0326141547388965,0.0033392275719730403,1080,-0.38994946393507135,4.280116810876447e-06,0.0,0.0283363802559415,1.0,0.43677355585739625,0,Croma,TWS Earbuds,Earphones,Sony,GOBOULT
0.2389937106918239,0.04761904761904759,0.2085889570552147,0.03768624014022787,-0.07235664393070286,0.007279403715829593,0.38972633273841983,0.12654871965833164,1337,-0.081043372784289,-0.07324648987423432,0.10793650793650794,0.0954462624069479,1.0,0.08077679788515853,0,Flipkart,Drills,Casual Shoes,BOSCH,RED CHIEF
0.2127659574468085,0.00683890577507601,0.11827956989247312,-0.02534562211981567,0.00552264115684016,0.007898311943577294,0.5189508359659829,0.011707762151020545,396,-0.05222948271981726,0.0016983272399335313,0.08064516129032258,0.11011685440572691,1.0,0.10997868335506054,0,Myntra,Serums,Mens Outerwear,Minimalist,HRX by Hrithik Roshan
0.3888888888888889,0.04285714285714287,0.4,0.07222222222222224,0.04452704823436887,0.006932067202337473,0.20453369407453834,0.1070677856248833,388,0.15240484086950498,0.008814973069660134,0.15254237288135594,0.14690721649484537,1.0,0.2041029632958476,0,Flipkart,Car Cleaning Kits,Speakers,Car 101,boAt
0.2440944881889764,0.005061867266591691,0.22413793103448276,0.013546798029556661,0.034816504645283644,0.005486060384709033,0.28908714203865055,0.15398161259840787,511,0.15825597271606134,0.011972449740692188,0.13025210084033614,0.18482490272373542,1.0,0.17342397214307412,0,Myntra,Mens Sports Shoes,Medical Devices,Skechers,CULT
0.1891891891891892,0.05534105534105532,0.14563106796116504,0.03328710124826631,0.012433909799020251,0.0035754889650993554,0.4135535488538843,0.012190358435203932,1414,0.0888672552444427,0.007567281735129004,0.09865470852017937,0.16655502392344498,0.9992927864214993,0.08931276632708453,0,Myntra,Mens Watches,Mens Outerwear,WROGN,Roadster
0.23809523809523808,0.12244897959183672,0.0,-0.10714285714285714,0.054717223158416164,0.0053104575163398695,0.1194205405346658,0.061409314816350244,212,0.31259450458969174,0.05065760655728573,0.04,0.08018867924528301,1.0,0.32916247920200187,0,Amazon,Air Purifiers,Health Monitors,Eureka Forbes,DR VAKU
0.02666666666666667,-0.024761904761904752,0.02702702702702703,-0.013513513513513507,0.0008499392833272479,-0.001024063839586212,0.8054039136220031,0.0027777164576513985,1196,-0.2949003264621445,0.002587829584256533,0.033707865168539325,0.04177109440267335,1.0,0.30353111474121763,0,Amazon,Speakers,Mixers \u0026 Grinders,soundcore,GIGAWATTS
0.0,-0.011904761904761904,0.0,-0.017857142857142856,-0.00029766455159107604,-6.087168249330412e-05,0.08225953890810231,0.00029969291405712665,450,-0.06250950417969577,0.00011557563898293616,0.0,0.0021494288511180863,1.0,0.06412056080018591,0,Croma,TWS Earbuds,Speakers,Noise,Croma
0.10526315789473684,0.013157894736842118,0.13157894736842105,0.06578947368421052,-0.0056132377410094405,-0.0005432098765432098,0.24024744514484514,0.11036170345125441,477,0.02072489617416998,0.002244915282190908,0.03529411764705882,0.09378572595133106,1.0,0.05626052637921077,0,Amazon,USB Hubs \u0026 Adapters,Headphones,ZEBRONICS,PTron
0.23333333333333334,0.06428571428571428,0.2857142857142857,0.06122448979591835,0.0041481357965018,-0.003946799307958472,0.28936946180104434,0.10148794273264225,142,-0.03729180856907239,0.03456887228759321,0.12698412698412698,0.15430839002267574,1.0,0.042948208556762235,0,Myntra,Serums,Bath \u0026 Body,deconstruct,Parachute
0.29285714285714287,0.016836734693877586,0.3246753246753247,0.04962894248608535,-0.02765076015192612,0.0071206611570247946,0.2090882950590652,0.02696713289342945,845,0.14327797567029316,-0.033634670851399054,0.15714285714285714,0.2661124546553809,1.0,0.15366190041842626,0,Flipkart,Supplements,Perfumes,Kapiva,THE MAN COMPANY
0.36923076923076925,0.10439560439560441,0.3387096774193548,0.10023041474654382,0.002684604834134885,-0.00017343045438779,0.11452595392049907,0.16119876942223543,289,-0.021290397283072495,0.0016343680474758188,0.12605042016806722,0.12758620689655173,1.0,0.1484008036626832,0,Amazon,Kitchen Appliances,Headphones,Aquaguard,GOBOULT
0.4444444444444444,0.4206349206349206,0.5,0.4642857142857143,0.007078192424713625,0.00871900826446281,1.0052054201731968,0.649838886323461,450,0.80824898085093,0.26547007606641737,0.15789473684210525,0.0028524857375713123,1.0,0.8155184708210069,0,Croma,TWS Earbuds,Earphones,Noise,JBL
0.05263157894736842,-0.04887218045112782,0.22727272727272727,0.10064935064935066,-0.003361305206185005,0.001145124716553288,0.32133466946344097,0.01170645320484003,220,0.23406743892670542,-0.0018484855683763713,0.044444444444444446,0.02727272727272727,1.0,0.23489824539628704,0,Myntra,Bottoms,Mens Sports Shoes,Stylecast X Kotty,Nike
0.1651376146788991,0.05176933158584536,0.14583333333333334,0.0037202380952381098,0.0009961393185609825,-0.0016412444914752746,0.23109318497821582,0.052881070881310346,786,-0.13760403573753208,0.02661051909683023,0.05714285714285714,0.046954314720812185,1.0,0.16352702959586496,0,Amazon,Gym Equipment,Headphones,unknown,Noise
0.014084507042253521,0.007042253521126762,0.015625,-0.002232142857142856,-0.11874613856651706,-0.002170138888888889,0.2406092518016282,0.1523594911563755,438,0.1553402352544373,-0.015134996878968071,0.013333333333333334,0.15020576131687244,1.0,0.16384882261925382,0,Myntra,Headphones,Perfumes,boAt,Giorgio Armani
0.31333333333333335,0.0535714285714286,0.30434782608695654,0.029861442904921265,-0.006270015356147978,0.007894332849163329,0.20445840484336014,0.016333450773858584,1823,0.1309293654822223,0.0011955450469360875,0.15008431703204048,0.5415760869565217,0.9989148128052089,0.1299513209935547,0,Amazon,Perfumes,Headphones,Wild Stone,PTron
0.5076923076923077,0.24505494505494502,0.41509433962264153,0.18733153638814018,0.031097305626230313,0.027872530390787756,0.16511987538164521,0.14837670861769134,221,0.1929900007343607,0.041938490553131355,0.23529411764705882,0.19909502262443438,1.0,0.20583882795872355,0,Flipkart,Fans,Headphones,zigma,Noise
0.2247191011235955,-0.012841091492776846,0.2289156626506024,0.01807228915662648,0.01166561085740942,-0.0016886522568340737,0.16320523840157755,0.04089321363861629,592,0.03195398806226343,0.010601335950188572,0.1,0.09900990099009901,1.0,0.044895113507779666,0,Flipkart,Air Conditioners,Gas Stoves,CARRIER,Natraj Aatamaker
0.3238095238095238,0.05714285714285716,0.371900826446281,0.06729634002361273,0.027540104854367597,0.012080126754187414,0.09302114614880129,0.0856882020649415,488,0.34103807149128096,0.04185265201610532,0.2318181818181818,0.19130653828929692,0.9959100204498977,0.3340866623462217,0,Amazon,Pens \u0026 Writing Instruments,Perfumes,Parker,Ajmal
0.18181818181818182,0.06168831168831171,0.2727272727272727,0.15584415584415584,-0.12726212404997045,-0.001067995728017088,0.07432042858053667,0.33282165995183344,167,0.30894001689543305,-0.0844575297611069,0.11363636363636363,0.04790419161676647,1.0,0.42396070641967565,0,Amazon,Digital Safes \u0026 Lockers,Refrigerators,BonKaso,LG
0.13580246913580246,0.015873015873015858,0.16292134831460675,0.024478330658105923,0.03382102883846746,0.004213312420350947,0.1963379632866805,0.01642550517380893,1044,-0.23682808924222645,0.021840707770636344,0.0673854447439353,0.04928909952606635,1.0,0.26401428906360586,0,Amazon,Car Cleaning Kits,Shampoos,STARQ,Scalpe Pro
0.045454545454545456,0.03896103896103896,0.0,-0.013605442176870748,0.0005887070239947032,-0.0003567668224258403,0.14257795932470432,0.20316832839608043,363,0.39905861956307,0.022121904779571377,0.02,0.06382978723404255,1.0,0.40748070661236535,0,Amazon,Mens Watches,Fiction,TIMEX,unknown
0.41134751773049644,0.08308004052684903,0.47333333333333333,0.1071428571428571,0.026309591005547178,0.010467728758169932,0.25891004380935445,0.06243384000052518,432,0.2133460447668988,0.049451268045466325,0.22393822393822393,0.12471131639722864,1.0,0.22033092018986492,0,Myntra,Sunscreen,Casual Shoes,Lakme,Red Tape
0.4444444444444444,0.4206349206349206,0.5,0.4642857142857143,0.007078192424713625,0.00871900826446281,1.0052054201731968,0.649838886323461,450,0.80824898085093,0.26547007606641737,0.15789473684210525,0.0028524857375713123,1.0,0.8155184708210069,0,Croma,TWS Earbuds,Earphones,Noise,JBL
0.0,0.0,0.0,0.0,0.0,0.0,0.05691884195982576,0.0,147,0.0,0.0,0.0,0.13725490196078433,1.0,0.0,0,Croma,Laptops,Speakers,Lenovo,Philips
0.45714285714285713,0.20714285714285713,0.38461538461538464,0.17582417582417587,0.08285358857470675,0.029155586387636333,0.13868105935728944,0.11344413266954173,289,-0.030746789251910843,0.01977327651434207,0.1937984496124031,0.10344827586206896,1.0,0.037065363615015674,0,Amazon,Non-Fiction,Headphones,Robert Greene,GOBOULT
0.45528455284552843,0.1103368176538908,0.46218487394957986,0.10444177671068439,-0.05337757115724214,0.006337709370755999,0.18311962593278905,0.07511794065633484,443,0.07462697188991306,-0.101051786897731,0.2413793103448276,0.14864864864864866,1.0,0.09954839178548831,0,Flipkart,Mens Watches,Car Electronics,Mathey-Tissot,Costar
0.1875,0.11160714285714286,0.16129032258064516,0.08294930875576037,0.00159211091258353,0.000612745098039217,0.11350300225512196,0.1256129625199754,212,-0.030398656765926325,0.004556769140558771,0.045454545454545456,0.12735849056603774,1.0,0.06850068752984566,0,Amazon,Health Monitors,Power Banks,DR VAKU,Samsung
0.08695652173913043,-0.0007763975155279657,0.15463917525773196,0.050810014727540515,-0.002998408657524581,-0.0007766439909297033,0.632126575113027,0.013173023829996454,448,-0.18410459687106454,0.017739305475823124,0.03980099502487562,0.0273109243697479,1.0,0.18784578886822695,0,Myntra,Serums,Headphones,Minimalist,boAt
0.07317073170731707,0.01742160278745644,0.10714285714285714,0.012755102040816327,0.023291465499413102,0.0010475568889205772,0.09748334863610905,0.06518748745520415,453,0.16538555659174792,0.04494017310458032,0.03361344537815126,0.012168141592920354,1.0,0.16056303665358468,0,Myntra,Perfumes,T-Shirts,Ajmal,Jack & Jones
0.20149253731343283,0.02665245202558636,0.19469026548672566,0.041719342604298326,0.030902973053848107,0.0036776063345473464,0.0957376449606254,0.039937387926268136,1026,0.2126969416284406,0.03169677794590096,0.08727272727272728,0.08908045977011494,1.0,0.23696646370601115,0,Amazon,Speakers,Car Cleaning Kits,boAt,WOSCHER
0.1,0.03214285714285714,0.29411764705882354,0.15546218487394958,-0.11360335583212655,0.0031952662721893496,0.149521336286153,0.31784367442975564,136,0.3697149084314424,-0.10131929878465101,0.11764705882352941,0.38557213930348255,1.0,0.4718891381793903,0,Myntra,Jeans,Suitcases,Louis Philippe Jeans,Aristocrat
0.3488372093023256,0.16943521594684388,0.4,0.1825396825396826,0.1985603526127733,0.01314921293241587,0.12181761547429687,0.09249344129500123,214,0.13297162717108676,0.18693188117269993,0.12345679012345678,0.08837209302325581,1.0,0.10096460245624461,0,Amazon,Non-Fiction,Headphones,Robert Greene,Noise
0.044444444444444446,0.015873015873015883,0.02,-0.022857142857142864,-0.009574705923048512,-0.0017871732026143792,0.251803175861673,0.1585109830287143,432,-0.04491682549354104,-0.007428412198607969,0.018518518518518517,0.5058139534883721,1.0,0.07675592151678111,0,Myntra,Tracksuits,Casual Shoes,Nike,Red Tape
0.27586206896551724,0.1354679802955665,0.3103448275862069,0.16748768472906406,-0.22597296082009805,0.0016435354273192093,0.2670211666870059,0.14391488375914263,148,-0.12211441666141029,-0.19639199247897765,0.18181818181818182,0.13725490196078433,1.0,0.13815388314666185,0,Croma,Laptops,Speakers,Lenovo,Croma
0.05405405405405406,-0.032818532818532836,0.05,-0.037500000000000006,-0.0021963991542896556,-0.0027222546200406203,0.49942935896211976,0.08309577577204781,474,-0.19604554518791714,-0.0009287440059336825,0.021739130434782608,0.08,1.0,0.21289261552185823,0,Flipkart,Fitness Equipment,Sewing Machines,HRX,Onshoppy
0.03278688524590164,0.011709601873536302,0.03225806451612903,0.023041474654377878,-0.008249695067135422,-0.001899892529923656,0.8361884615243232,0.031612546924443166,875,-0.0933330494203951,-0.011959299339539273,0.00684931506849315,0.05655081650193382,1.0,0.09456295002171125,0,Myntra,Casual Shoes,Headphones,Puma,boAt
0.4027777777777778,0.022321428571428548,0.3860759493670886,0.04068716094032554,-0.026636670505931163,0.005198707310682157,0.17389698664789566,0.0979283066368345,564,0.039616214496123243,-0.015199953124273573,0.20567375886524822,0.11524822695035461,1.0,0.05479261862557473,0,Flipkart,Electric Trimmers \u0026 Shavers,Mixers \u0026 Grinders,PHILIPS,Faber
0.23076923076923078,0.1318681318681319,0.3076923076923077,0.2527472527472528,0.04250548109488738,0.009656476002629848,0.0741773816152056,0.21595096704129738,164,0.36096349664480754,0.04732038555506635,0.125,0.04790419161676647,1.0,0.41496876283832607,0,Amazon,Drills,Refrigerators,IBELL,LG
0.12307692307692308,0.05164835164835166,0.045454545454545456,-0.004870129870129858,-0.09377093562084157,-0.0024929224570647765,0.26184083672825237,0.05558597881453531,1226,0.11736504135888219,-0.06955254211217483,0.03558718861209965,0.08528703586364213,1.0,0.14376425725013656,0,Amazon,Tool Kits \u0026 Sets,Headphones,Eastman,PTron
0.22535211267605634,0.11569416498993965,0.14705882352941177,0.016806722689075626,-0.030862211379107964,-5.4197016996184594e-05,0.24845734021300397,0.04522800494042435,777,0.17785760218864521,-0.02731856596571635,0.0893854748603352,0.07766990291262135,1.0,0.18974022936977192,0,Amazon,Smart Bulbs \u0026 Lighting,Android Phones,Gesto,XIAOMI
0.1,0.0642857142857143,0.06666666666666667,0.052380952380952375,0.00028876846185693454,-5.54016620498615e-05,0.6803003814653177,0.008787087040347795,1146,0.08316370192244801,-0.0002269712733823592,0.0,0.00734094616639478,1.0,0.08480526538299626,0,Croma,TWS Earbuds,Speakers,GOBOULT,Philips
0.0,0.0,0.0,0.0,0.0,0.0,0.05691884195982576,0.0,147,0.0,0.0,0.0,0.13725490196078433,1.0,0.0,0,Croma,Laptops,Speakers,Lenovo,Philips
0.0,-0.009852216748768473,0.0,-0.025974025974025972,-0.021761704871568005,-0.00028125415917143866,0.4163210634629987,0.001312915797218812,1093,-0.08253546464633293,-0.05856879950635023,0.01639344262295082,0.022768670309653915,1.0,0.1001018959219751,0,Croma,Speakers,TWS Earbuds,Philips,Sony
0.44755244755244755,0.05444555444555438,0.49264705882352944,0.11712184873949588,0.05292639106074267,0.01155297035611065,0.13670651999181035,0.03516681450041749,465,0.272363555796273,0.08829277409552656,0.25,0.148068669527897,1.0,0.2348326746044778,0,Myntra,Moisturizers,Perfumes,The Face Shop,Giorgio Armani
0.4507042253521127,0.1338028169014085,0.5194805194805194,0.15398886827458252,0.07802561274613529,0.01159245737513645,0.13183830179363001,0.07067625862972013,175,0.2245001122786868,0.13065784744538872,0.2748091603053435,0.17142857142857143,1.0,0.1985313161420263,0,Flipkart,Face Wash,Dry Fruits,Aqualogica,KESARCO
0.27586206896551724,0.1354679802955665,0.3103448275862069,0.16748768472906406,-0.22597296082009805,0.0016435354273192093,0.2670211666870059,0.14391488375914263,148,-0.12211441666141029,-0.19639199247897765,0.18181818181818182,0.13725490196078433,1.0,0.13815388314666185,0,Croma,Laptops,Speakers,Lenovo,Croma
0.23809523809523808,0.15646258503401358,0.13043478260869565,0.05900621118012424,0.06108577079960984,-0.00023805401662049808,0.11096594518358727,0.17332832974195703,152,0.4092500719718203,0.041970176642918106,0.06521739130434782,0.13725490196078433,1.0,0.419823757520829,0,Croma,TWS Earbuds,Laptops,Sony,Lenovo
0.09523809523809523,-0.005102040816326522,0.2826086956521739,0.16304347826086957,-0.08124497413926489,0.0056458333333333326,0.4162479969494649,0.078517605844231,620,-0.34415383629829666,-0.09445829593551731,0.14130434782608695,0.048589341692789965,1.0,0.350681765748451,0,Flipkart,Painting,Educational,Asian Paints,Dhanpat Rai & Co. Pvt. Ltd
0.21379310344827587,0.033497536945812784,0.24087591240875914,0.06882168925964544,0.01738520044414291,0.002784584539986633,0.18559748913375473,0.1357738139162408,1094,0.35929380302893926,0.0324678238905094,0.11347517730496454,0.0776255707762557,1.0,0.38361356570560634,0,Flipkart,Bathroom Fittings,Car Care,Kyari,Woscher
0.3620689655172414,0.07450738916256161,0.36666666666666664,0.0928571428571428,-0.005562149684896869,0.008729272959183673,0.2010614597063453,0.08681409902564413,476,0.0842590070909331,-0.000257506315792538,0.19444444444444445,0.15723270440251572,1.0,0.11312342103499876,0,Myntra,Casual Shoes,Mens Watches,Puma,Titan
0.27586206896551724,0.1354679802955665,0.3103448275862069,0.16748768472906406,-0.22597296082009807,0.0016435354273192093,0.22782966869966428,0.14391488375914263,148,-0.12211441666141029,-0.19639199247897765,0.18181818181818182,0.13725490196078433,1.0,0.13815388314666185,0,Croma,Speakers,Laptops,Croma,Lenovo
0.25311203319502074,0.013040901007705996,0.3319838056680162,0.07663389242336616,0.08630186630956403,0.010800215493993699,0.28826021713963107,0.041903056002621876,1837,-0.12899579930214208,0.05614805905186701,0.16228070175438597,0.041916167664670656,1.0,0.13856799466805458,0,Myntra,Perfumes,Moisturizers,Ajmal,Nivea
0.5953488372093023,0.10764119601328909,0.569377990430622,0.12406015037593981,0.10184230773235026,0.03662672652921159,0.2602719832711038,0.09262393278629026,1004,-0.18158989544061693,0.1826579404435723,0.2869318181818182,0.09731876861966236,1.0,0.23679814875979274,0,Myntra,Sunscreen,Mens Sports Shoes,Lakme,Skechers
0.25742574257425743,0.021216407355021144,0.2376237623762376,0.007779349363507687,0.04802344239308673,0.002435542118081802,0.12561274107622464,0.09555478315346079,608,0.32218872461616743,0.056571837821572935,0.1111111111111111,0.060755336617405585,1.0,0.34693484019373,0,Amazon,Mens Watches,Non-Fiction,NAVIFORCE,Robert Greene
0.0,0.0,0.0,-0.02040816326530612,0.000366041274814489,-0.0002872737719046251,0.06882105362184271,0.13234138147780977,199,0.1203439108868885,-0.0025905148375431233,0.0,0.03349282296650718,1.0,0.14123679035572576,0,Amazon,Power Banks,Pet Toys,pTron,zest 4 toyz
0.14285714285714285,0.13265306122448978,0.0,-0.011904761904761904,-0.010220890582680265,-3.7485158220167204e-05,0.7938615445290399,0.05281548666126789,1146,-0.3114244398557552,-0.029344009234233494,0.05555555555555555,0.01033946588884223,0.9869281045751634,0.31424269110346753,0,Croma,TWS Earbuds,Earphones,GOBOULT,JBL
0.0,0.0,0.0,0.0,0.0,0.0,0.1667850831089074,0.0,387,0.0,0.0,0.0,0.5,1.0,0.0,0,Myntra,Casual Shoes,Headphones,Puma,Boult Audio
0.06976744186046512,0.014950166112956804,0.11627906976744186,0.0664451827242525,0.011247942094861376,0.003559467310042698,0.2112821570272177,0.1412100723709067,1094,0.039804949841802065,0.014681283769879896,0.034482758620689655,0.0283363802559415,1.0,0.050394745122403446,0,Croma,TWS Earbuds,Speakers,Sony,Croma
0.3893129770992366,0.03053435114503822,0.425531914893617,0.0557244174265451,-0.051179874255580834,-0.0031597180364065502,0.2858841529352283,0.11485018833061977,423,-0.023742711833794575,-0.04436962121846477,0.2073170731707317,0.1136890951276102,1.0,0.0363974776788009,0,Flipkart,Grains \u0026 Pulses,Educational,Yogabar,MISSION PARICHARIKA
0.08955223880597014,-0.02665245202558636,0.13636363636363635,0.02813852813852813,0.025610652352780757,0.002348632416199984,0.22376889930663021,0.05332764968817291,497,0.25410996785866846,0.02268467033779725,0.06040268456375839,0.08475263584752635,1.0,0.2728438596042952,0,Myntra,Kurtas \u0026 Kurtis,Serums,FUBAR,deconstruct
0.12345679012345678,0.01499118165784831,0.21428571428571427,0.07142857142857142,0.019593806456349554,0.004358521767686244,0.14944025043893466,0.04590567505344582,604,0.11334745403833042,0.0178629069069829,0.11299435028248588,0.06115702479338843,1.0,0.10879381019798133,0,Flipkart,Coffee Tables,Suitcases,Allie Wood,Mokobara
0.30303030303030304,0.08080808080808077,0.22448979591836735,-0.0007288629737609298,0.003429119469345607,0.001463003372346755,0.15498505919816666,0.09806371817788417,588,0.021369017492584137,-0.03932136165230753,0.12299465240641712,0.2650602409638554,1.0,0.05129731324568017,0,Amazon,Headphones,Laptop Backpacks,Noise,Safari
0.21686746987951808,0.07745266781411358,0.14102564102564102,0.00457875457875459,0.020235270022629884,0.0026084899036436134,0.09143095389172445,0.05757253480628706,744,0.5472930321488458,0.040334266306121545,0.0945273631840796,0.10080645161290322,1.0,0.5445601702291399,0,Flipkart,Cycling,Office Chairs,EAST COAST,Oakcraft
0.3673469387755102,0.1836734693877551,0.23076923076923078,0.08424908424908428,-0.08439929484696712,0.003882085595253125,0.16214915004790073,0.12140904745302139,190,-0.07895513385168276,-0.10270452376083686,0.14942528735632185,0.08900523560209424,1.0,0.08117244749527265,0,Flipkart,Wardrobes,Earphones,Flipkart Perfect Homes,Mivi
0.2727272727272727,0.17857142857142858,0.17391304347826086,0.08695652173913045,0.03501983759614133,0.004976260043827611,0.10511715193093843,0.17622835599086029,148,0.39440235187221595,0.024512190544688423,0.0625,0.13725490196078433,1.0,0.3922540391680114,0,Croma,TWS Earbuds,Laptops,Sony,Lenovo
0.0,0.0,0.030303030303030304,0.023809523809523808,0.06912751712238191,0.0020624513478159686,0.47030292879228913,0.1612165851149432,367,0.0975706087737626,0.05443949902470451,0.004901960784313725,0.0027247956403269754,1.0,0.05896434208444796,0,Flipkart,Bath \u0026 Body,Mens Watches,DOVE,LEE COOPER
0.1875,0.08035714285714286,0.2653061224489796,0.11807580174927115,-0.01938861504508439,0.005560908909835757,0.6390415161389604,0.03564832206743802,470,-0.11489987988439919,-5.974820394429695e-05,0.09473684210526316,0.06350189449140192,0.9876543209876543,0.12013945249642778,0,Myntra,Headphones,Shirts,NOISE,HIGHLANDER
0.4,0.24897959183673474,0.28125,0.09151785714285715,-0.04836805935081175,0.01673469387755102,0.34890801867976534,0.36638281998091,220,0.07196630613695638,-0.05784958772284917,0.23809523809523808,0.16666666666666666,1.0,0.12669641171598542,0,Myntra,Bottoms,Mens Outerwear,Stylecast X Kotty,Roadster
0.24242424242424243,-0.02380952380952378,0.3389830508474576,0.13801452784503634,0.06175142612857745,0.006020423715896967,0.2398034961919569,0.18222473514641774,388,0.013041458409316005,0.05294172314495775,0.11538461538461539,0.1131617055510861,1.0,0.13106948528948975,0,Flipkart,Jeans,Car Cleaning Kits,Tokyo Talkies,Car 101
0.13333333333333333,0.01904761904761905,0.0,-0.11428571428571428,-0.02441297233781688,-0.006493055555555555,0.25361130213316296,0.23818853726608763,128,0.011840540511611168,-0.040558223604939506,0.06666666666666667,0.06976744186046512,1.0,0.3186845084831815,0,Flipkart,TWS Earbuds,Air Fryers,TRIGGR,KENT
0.3023255813953488,0.04318936877076407,0.3218390804597701,0.09523809523809526,0.025437279996638924,0.004128354287858887,0.28639044733349245,0.07004749323489941,389,0.03508566659568402,0.015508655500220582,0.15432098765432098,0.3027704485488127,1.0,0.07384655794161438,0,Myntra,Jeans,Mens Watches,Mufti,Timex
0.29518072289156627,0.020223752151462993,0.2302158273381295,0.005652620760534466,-0.0063974097260034914,-0.003734722479584302,0.1550487287347907,0.05509316734677976,640,0.05938338045349489,-0.010392756095292267,0.12014134275618374,0.18115706228059797,0.9953125,0.06870260501849883,0,Flipkart,Perfumes,TWS Earbuds,Ajmal,Mivi
0.1111111111111111,-0.0013227513227513227,0.125,-0.007440476190476192,-0.0032677323104746514,-0.0015180796830335753,0.3815110420094989,0.10113542130665831,499,-0.025887787343689742,-0.0018878466283787129,0.07142857142857142,0.06832356832356833,1.0,0.04106313954181962,0,Myntra,Headphones,Medical Devices,NOISE,CULT
0.0,0.0,0.0,-0.015527950310559006,-0.00045892724469866674,-8.608030315156276e-05,0.22354347123343807,0.00045986899297299793,1490,0.3538414922454159,2.023245128413397e-06,0.0,0.012056262558606833,1.0,0.35378006555314045,0,Croma,Earphones,Speakers,JBL,Croma
0.0,0.0,0.0,0.0,0.0,0.0,0.061457329805472194,0.0,147,0.0,0.0,0.0,0.13725490196078433,1.0,0.0,0,Croma,Speakers,Laptops,Philips,Lenovo
0.17777777777777778,0.13015873015873017,0.021739130434782608,-0.023291925465838505,0.06529907153305703,0.002755252199505307,0.7170936869452094,0.09685151178364758,865,-0.2500528796198282,0.034477081200637145,0.039603960396039604,0.011560693641618497,1.0,0.3247769243830524,0,Amazon,Earphones,Drawing,boAt,Shuttle Art
0.2441860465116279,0.05066445182724255,0.2564102564102564,0.05860805860805862,0.11012378243992822,-0.0012316073453322793,0.2275879367646836,0.06583024768538913,295,0.31941505991524577,0.12039306937259084,0.16049382716049382,0.5473186119873817,1.0,0.3082583575966146,0,Myntra,Womens Watches,Casual Shoes,CASIO,Puma
0.06060606060606061,-0.004329004329004321,0.075,-0.04285714285714287,-0.009052500697132105,-0.0035675040444430877,0.2855932224071957,0.025723759475579866,384,-0.022603134648692264,-0.014679912233535711,0.046511627906976744,0.0987012987012987,1.0,0.06444862042146922,0,Myntra,Mens Watches,T-Shirts,Daniel Hechter,Jack & Jones
0.05263157894736842,0.01127819548872181,0.06349206349206349,0.027210884353741492,-0.005377678094157235,0.0006727344677483183,0.11472509475460776,0.05141095329407711,1378,-0.38118266077785445,-0.00452728675480609,0.040229885057471264,0.015228426395939087,1.0,0.401517191475666,0,Amazon,Gaming Accessories,Instruments,Logitech G,IBANEZ
0.0,-0.01948051948051948,0.0,-0.009920634920634922,-0.0004900475272835296,-0.000443244170096022,0.3173416147539989,0.0035572840524904685,1080,-0.23151533533203028,4.509312615818903e-06,0.0,0.022768670309653915,1.0,0.2709144146493254,0,Croma,Earphones,TWS Earbuds,GOBOULT,Sony
0.06976744186046512,0.014950166112956804,0.11627906976744186,0.0664451827242525,0.011247942094861376,0.003559467310042698,0.2112821570272177,0.1412100723709067,1094,0.039804949841802065,0.014681283769879896,0.034482758620689655,0.0283363802559415,1.0,0.050394745122403446,0,Croma,TWS Earbuds,Speakers,Sony,Croma
0.3776595744680851,0.06648936170212777,0.3988439306358382,0.08629232039636664,-0.034365414025255996,0.009874545954030704,0.15233945858682554,0.07639098054315525,748,-0.03931766934614042,-0.03833319312141515,0.21823204419889503,0.13770053475935828,1.0,0.04524334147204873,0,Flipkart,Mixers \u0026 Grinders,Drills,HAVELLS,BOSCH
0.11475409836065574,0.025370804059328636,0.10674157303370786,0.014044943820224726,0.01072292410274269,0.00037250977689588316,0.10635818698252411,0.0240138541777527,2145,0.047947152663976214,0.019826748201586072,0.039627039627039624,0.06433566433566433,1.0,0.04742502775835569,0,Amazon,Cleaning Supplies,Gaming Accessories,Presto!,Logitech G
0.28294573643410853,0.007336655592469488,0.3174946004319654,0.038414069731564304,0.012641332142768809,0.0014386491656924252,0.21531464005154546,0.046717138220354594,2110,0.14678245332114698,0.037794321962103423,0.14213709677419356,0.20677469942498694,0.9895734597156398,0.14248020307905213,0,Flipkart,Electric Trimmers \u0026 Shavers,Suitcases,Braun,ARISTOCRAT
0.08695652173913043,-0.0007763975155279657,0.15463917525773196,0.050810014727540515,-0.002998408657524581,-0.0007766439909297033,0.632126575113027,0.013173023829996454,448,-0.18410459687106454,0.017739305475823124,0.03980099502487562,0.0273109243697479,1.0,0.18784578886822695,0,Myntra,Serums,Headphones,Minimalist,boAt
0.0,0.0,0.15384615384615385,0.13186813186813187,0.09638961341858976,0.00892069404960298,0.5405815116905283,0.005328689701883857,109,0.1679817225793335,0.07418651840188198,0.041666666666666664,0.004672897196261682,1.0,0.13592176785558402,0,Flipkart,Keyboards,Speakers,HP,TRIGGR
0.2926829268292683,0.09407665505226473,0.3918918918918919,0.14189189189189189,-0.01028661629144079,0.0189030612244898,0.39693684510883337,0.024341222784719476,294,0.28067890854754446,-0.008730803397550295,0.17857142857142858,0.16778523489932887,1.0,0.28476915394194846,0,Myntra,Mens Sports Shoes,Shirts,Skechers,MISCHIEF MONKEY
0.1686746987951807,-0.052495697074010333,0.18072289156626506,-0.029259896729776302,-0.044958927842792956,-0.008896228425314297,0.10307877454783401,0.06833816899232041,569,0.17980550834774456,-0.05092467471401254,0.0935672514619883,0.0912280701754386,1.0,0.19284398661610339,0,Amazon,Gym Equipment,Digital Safes \u0026 Lockers,BOLDFIT,BonKaso
0.18032786885245902,0.021077283372365363,0.1935483870967742,0.017281105990783446,-0.00022254770281256059,0.0035148516732593886,0.2082758106692788,0.061002418871088974,533,0.13563800959006256,-0.000493586944224907,0.0703125,0.04191033138401559,1.0,0.13540291999081544,0,Flipkart,Perfumes,Ayurvedic \u0026 Herbal Products,BELLAVITA,Dharmani's International
0.058823529411764705,-0.05182072829131651,0.0784313725490196,-0.012605042016806733,0.044773646395112096,-1.3616372326084609e-05,0.16487463783041678,0.024744506043412478,562,0.31916815189617526,0.04160547193134879,0.022222222222222223,0.08185053380782918,1.0,0.30957506096766024,0,Amazon,Vacuum Cleaners,Mens Watches,acerpure,Fastrack
0.0,0.0,0.1111111111111111,0.09523809523809523,-0.00044287070820242004,-0.00023057725694444444,0.3859998634855337,0.3287174982605182,204,0.05752236124511008,-0.00017936339050155414,0.0,0.0784313725490196,1.0,0.15087512418087162,0,Flipkart,Mixers \u0026 Grinders,Perfumes,Beyond Appliances,VOKKA
0.0,0.0,0.03571428571428571,0.002551020408163268,0.0035210144654898713,-0.002205666111165572,0.16503319211612222,0.2103338381943125,109,0.21346858348348646,-0.0008767889819133495,0.0,0.009174311926605505,1.0,0.23588537780620228,0,Flipkart,Speakers,Coffee Tables,TRIGGR,MODERN CRAFTHOUSE
0.07692307692307693,-0.02014652014652013,0.05405405405405406,-0.03667953667953669,-0.010712599545385582,-0.004629875650972472,0.19230621033149245,0.03341006556481337,400,0.366134629898852,0.00010529988633580986,0.03488372093023256,0.06483790523690773,1.0,0.38196848022990126,0,Amazon,Eye Care,Power Banks,LENSKART BLU,Portronics
0.2,0.10634920634920637,0.19298245614035087,0.08646616541353384,0.030625175777429958,-0.0001259128682951395,0.24553315887419103,0.0463536565756443,444,0.419336020055767,0.03742739158063694,0.05555555555555555,0.033707865168539325,1.0,0.4094368616974344,0,Myntra,Perfumes,Casual Shoes,Ajmal,Nike
0.189873417721519,0.026220614828209754,0.3333333333333333,0.0643500643500643,0.018664820080340535,0.009485863973645186,0.21172274541261576,0.03961777244075078,875,0.129081047539192,0.023622007408206903,0.17194570135746606,0.07314285714285715,1.0,0.13918081117045628,0,Amazon,Power Banks,Moisturizers,Samsung,RAAGA PROFESSIONAL
0.07553956834532374,0.011305241521068862,0.11379310344827587,0.027339901477832523,-0.010977969640766775,0.0016143345834058755,0.2638826866781818,0.027054080663904755,2400,0.02159009067617679,-0.01167088228370349,0.045121951219512194,0.08298746074620639,0.9925311203319502,0.023594020320590856,0,Amazon,Washing Machines,Fiction,Orpat,unknown
0.0,0.0,0.0,0.0,0.0,0.0,0.16519321006856244,0.0,222,-0.15048065663015203,-0.0013996522333136478,0.0,0.09846390168970813,1.0,0.15507101644115906,0,Amazon,Pet Toys,Earphones,zest 4 toyz,unknown
0.4444444444444444,0.4206349206349206,0.5,0.4642857142857143,0.007078192424713624,0.00871900826446281,0.4704965767649887,0.649838886323461,450,0.80824898085093,0.26547007606641737,0.15789473684210525,0.0028524857375713123,1.0,0.8155184708210069,0,Croma,Earphones,TWS Earbuds,JBL,Noise
0.25,0.045807453416149085,0.18888888888888888,-0.005555555555555536,0.0070148681982467286,0.005349488078789811,0.17201820467788936,0.03464624096003308,1045,0.35051721410832365,0.006925925104829422,0.11290322580645161,0.055449330783938815,1.0,0.3541148933797754,0,Amazon,Gym Equipment,Air Purifiers,BOLDFIT,Eureka Forbes
0.30985915492957744,0.0845070422535211,0.3088235294117647,0.07563025210084032,0.04586402890004742,0.04068027210884355,0.3093275507101637,0.10698790002119751,220,0.2608566560839579,0.07609909422665548,0.18253968253968253,0.09492013616129877,1.0,0.24058504702975197,0,Myntra,Bottoms,Moisturizers,Stylecast X Kotty,Nivea
0.15384615384615385,0.057692307692307696,0.14285714285714285,0.04956268221574342,0.02016182927408575,-0.0001259128682951395,0.1978478140503871,0.1974487864319699,444,0.3310588957923894,0.01742624833053732,0.078125,0.033707865168539325,1.0,0.33481725779538923,0,Myntra,Casual Shoes,Shampoos,Nike,Bare Anatomy
0.4444444444444444,0.4206349206349206,0.5,0.4642857142857143,0.007078192424713624,0.00871900826446281,0.4704965767649887,0.649838886323461,450,0.80824898085093,0.26547007606641737,0.15789473684210525,0.0028524857375713123,1.0,0.8155184708210069,0,Croma,Earphones,TWS Earbuds,JBL,Noise
0.11475409836065574,0.03278688524590165,0.1323529411764706,0.04411764705882354,0.013636017487682908,9.630562010707212e-05,0.22500502997199165,0.094615260424844,1044,0.3410820289203386,0.01593218848618286,0.028985507246376812,0.04957102001906578,1.0,0.34221571313463334,0,Amazon,Car Cleaning Kits,Soft Toys,STARQ,DIKANG
0.0,-0.015873015873015872,0.0,-0.011904761904761904,-0.0005705319456942049,-0.00019743237101155103,0.24554308802420874,0.059227107890568856,1091,-0.2576957058836879,-6.090618511881693e-07,0.0,0.022768670309653915,1.0,0.27624168061517695,0,Croma,TWS Earbuds,Earphones,Sony,JBL
0.27586206896551724,0.1354679802955665,0.3103448275862069,0.16748768472906406,-0.22597296082009805,0.0016435354273192093,0.2670211666870059,0.14391488375914263,148,-0.12211441666141029,-0.19639199247897765,0.18181818181818182,0.13725490196078433,1.0,0.13815388314666185,0,Croma,Laptops,Speakers,Lenovo,Croma
0.2727272727272727,0.17857142857142858,0.17391304347826086,0.08695652173913045,0.03501983759614133,0.004976260043827611,0.12810241567615108,0.17622835599086029,148,0.39440235187221595,0.024512190544688423,0.0625,0.13725490196078433,1.0,0.3922540391680114,0,Croma,Laptops,TWS Earbuds,Lenovo,Sony
0.13157894736842105,0.08082706766917293,0.1282051282051282,0.07692307692307693,-0.07712305789088693,0.003789622386946239,0.15196159250804625,0.22645755244622315,1094,0.10365662354314384,-0.07873632266211983,0.05405405405405406,0.022768670309653915,1.0,0.1395699678416508,0,Croma,Speakers,TWS Earbuds,Croma,Sony
0.0,-0.03174603174603175,0.024390243902439025,-0.0017421602787456442,-0.0016021572628694678,-0.0030549821730155753,0.36039744253491124,0.028190771760323318,389,-0.21032583707807462,-7.065017645445345e-05,0.0,0.015424164524421594,1.0,0.27454926126377355,0,Myntra,Mens Sports Shoes,Jeans,Nike,Mufti
0.3684210526315789,0.021804511278195438,0.23717948717948717,-0.02747252747252743,-0.05356351943128976,0.00037256952030210663,0.19504147300718938,0.09602916459298441,736,-0.18310909789813895,-0.03654515445534655,0.17791411042944785,0.12364130434782608,1.0,0.19224057036682332,0,Flipkart,TWS Earbuds,Mixers \u0026 Grinders,Mivi,Hindware Smart Appliances
0.0,0.0,0.0,-0.027777777777777783,0.001622197746724176,-0.0009467587435954556,0.9298421612368323,0.0021193095238907222,134,-0.1886837177287804,-0.003563440406904744,0.0,0.13725490196078433,1.0,0.3698824579836501,0,Croma,Laptops,Earphones,Lenovo,GOBOULT
0.16666666666666666,0.028911564625850317,0.25,0.0957792207792208,0.05371264177396487,0.004077777777777779,0.2334612804931478,0.06196475562678708,318,0.27542804523794084,0.12442445884962224,0.11235955056179775,0.06131578947368421,1.0,0.267008254353625,0,Myntra,Casual Shoes,Womens Watches,Nike,CASIO
0.34146341463414637,0.13588850174216024,0.38095238095238093,0.19727891156462585,-0.1510784728190673,-0.01237216946676406,0.26920891596865926,0.24876008707622196,160,-0.05777713760963697,-0.11717903437503731,0.25925925925925924,0.2,1.0,0.16090173057070964,0,Flipkart,Mens Watches,Chimneys,Mathey-Tissot,AQUALYT
0.1485148514851485,0.03960396039603957,0.14285714285714285,0.027210884353741485,0.026631166579230196,0.0031852504168930684,0.13285115983293655,0.03496527256482322,1044,0.11865307978370901,0.0242151066605737,0.06912442396313365,0.04933586337760911,1.0,0.1306390937201469,0,Amazon,Perfumes,Car Cleaning Kits,WILD STONE CODE,STARQ
0.5379746835443038,0.1333634719710669,0.5151515151515151,0.11601731601731602,0.013712069235030272,0.0232512284597942,0.19303636530461835,0.058762148914594595,465,0.15843643815854377,0.04061838076806425,0.2357142857142857,0.19316699282452707,1.0,0.14823401946578915,0,Myntra,Serums,Moisturizers,Minimalist,The Face Shop
0.1452991452991453,-0.028693528693528675,0.18292682926829268,-0.0026132404181184454,0.001484312915904466,-0.0011624620296775065,0.3769135590061227,0.040103146132903694,1316,-0.20562831651398406,0.02995993084128262,0.06547619047619048,0.05167173252279635,1.0,0.22548416062473867,0,Amazon,Bath \u0026 Body,Massage \u0026 Relaxation,Dove,Lifelong
0.05,-0.030357142857142833,0.1111111111111111,0.01785714285714285,-0.013980313152687251,-0.003956375542697558,0.23116840015405848,0.23006970585725273,371,0.044253018231391904,-0.030496119055581812,0.036585365853658534,0.08086253369272237,1.0,0.087403811860723,0,Myntra,Mens Outerwear,T-Shirts,StyleCast x Revolte,Jack & Jones
0.2375,0.0580357142857143,0.2875,0.1651785714285714,0.026765874162908602,0.007733491969066031,0.38150010267107487,0.10703054361464258,479,-0.1641422246103336,0.03600085778055032,0.1111111111111111,0.04375,1.0,0.20473805450164412,0,Myntra,Jeans,Protein \u0026 Sports Nutrition,Louis Philippe Jeans,MuscleBlaze
0.0,0.0,0.0,0.0,0.0,0.0,0.061457329805472194,0.0,147,0.0,0.0,0.0,0.13725490196078433,1.0,0.0,0,Croma,Speakers,Laptops,Philips,Lenovo
0.2653061224489796,0.0860058309037901,0.23529411764705882,0.06302521008403364,-0.00632623255437022,-0.004261363636363636,0.24756848197060652,0.06310651589702683,278,-0.117977225653497,-0.011064113943964378,0.07142857142857142,0.1423611111111111,1.0,0.12901625286784674,0,Flipkart,Power Banks,Medical Devices,Portronics,Dr Trust
0.16279069767441862,-0.014950166112956798,0.19148936170212766,-0.024316109422492405,-0.005826666864707728,-0.004903540964094426,0.6102875727574109,0.1229298189536368,298,0.007563120352817771,-0.00028933250905080894,0.09,0.09797051328722242,1.0,0.06572223670425188,0,Myntra,Shirts,Mens Watches,MISCHIEF MONKEY,WROGN
0.09090909090909091,0.022727272727272735,0.037037037037037035,-0.021164021164021163,-0.0008487474436347481,-0.00013898772123726325,0.5148081763011501,0.003959520385041872,1360,0.3659725320416824,-0.0005369414833881713,0.019230769230769232,0.007283321194464676,1.0,0.3757686757848239,0,Croma,Speakers,Earphones,Philips,GOBOULT
0.30973451327433627,-0.012642225031605558,0.26785714285714285,-0.04017857142857145,0.03772416535188634,0.0014303877940241606,0.1130866091949671,0.065260688404115,592,0.1279682642096442,0.028790514952206928,0.12608695652173912,0.09900990099009901,1.0,0.14544315501874341,0,Flipkart,Water Heaters,Air Conditioners,CG,CARRIER
0.23809523809523808,0.15646258503401358,0.13043478260869565,0.05900621118012424,0.06108577079960984,-0.00023805401662049808,0.11096594518358727,0.17332832974195703,152,0.4092500719718203,0.041970176642918106,0.06521739130434782,0.13725490196078433,1.0,0.419823757520829,0,Croma,TWS Earbuds,Laptops,Sony,Lenovo
0.14285714285714285,0.13265306122448978,0.0,-0.011904761904761904,-0.010220890582680265,-3.7485158220167204e-05,0.3909257657796218,0.05281548666126789,1146,-0.3114244398557552,-0.029344009234233494,0.05555555555555555,0.01033946588884223,0.9869281045751634,0.31424269110346753,0,Croma,Earphones,TWS Earbuds,JBL,GOBOULT
0.2361111111111111,0.04712301587301593,0.14754098360655737,-0.03395784543325528,0.016280288506684205,0.002429835202001308,0.3683486698458667,0.041190615756834824,958,0.11564146540650809,0.04025418406939273,0.09328358208955224,0.06367432150313153,1.0,0.1194917744749753,0,Amazon,Headphones,Massage \u0026 Relaxation,Noise,Lifelong
0.0625,0.02232142857142857,0.19047619047619047,0.1020408163265306,-0.0029005292821361107,0.001506143479984146,0.8087670152889923,0.01278337029520214,450,0.7751519903591251,0.0006908102375395052,0.05,0.5028712059064807,1.0,0.7841607936206874,0,Croma,TWS Earbuds,Earphones,Noise,GOBOULT
0.029411764705882353,0.018907563025210083,0.0,-0.02895752895752896,-0.02020925400449555,-0.00033398931401608335,0.4162275983281746,0.0012912426962752475,1093,-0.17647786428912524,-0.05538989252091308,0.0136986301369863,0.0283363802559415,1.0,0.2124529794389313,0,Croma,TWS Earbuds,Speakers,Sony,Philips
0.10344827586206896,0.06280788177339902,0.14285714285714285,0.09566326530612243,0.004333944949588239,0.0016560971576999187,0.19689052191609113,0.09140915448812792,459,0.16680593102863514,0.0004494303486387747,0.025423728813559324,0.013071895424836602,1.0,0.18066399407388437,0,Myntra,Serums,Mens Sports Shoes,deconstruct,Nike
0.05405405405405406,-0.05212355212355212,0.17777777777777778,0.03968253968253971,0.019703548735406213,0.0036002864533090915,0.1152639876834421,0.030449266901368503,577,0.38134323651367835,0.007327737458117027,0.07446808510638298,0.05025766663850638,1.0,0.38170628555230984,0,Flipkart,Pressure Washers,Gym Equipment,OEM,Powermax Fitness
0.13157894736842105,0.08082706766917293,0.1282051282051282,0.07692307692307693,-0.07712305789088694,0.003789622386946239,0.21883744117157708,0.22645755244622315,1094,0.10365662354314382,-0.07873632266211983,0.05405405405405406,0.022768670309653915,1.0,0.1395699678416508,0,Croma,TWS Earbuds,Speakers,Sony,Croma
0.0,-0.00351288056206089,0.057692307692307696,0.042582417582417584,0.003919923249752717,0.0005443570435407519,0.3753830200750149,0.04285900587959904,1055,-0.03073100415602082,0.00581580934876017,0.006896551724137931,0.0035938903863432167,1.0,0.05029123569356731,0,Flipkart,Perfumes,Socks,Wild Stone,Dollar
0.16470588235294117,-0.011764705882352955,0.13095238095238096,-0.03911564625850336,0.0004808291629723772,0.003443873972449007,0.17449552560434523,0.05135692842225181,692,0.01515652867732428,0.018165486847218724,0.12154696132596685,0.07947976878612717,1.0,0.02400115623221884,0,Amazon,Power Banks,Air Purifiers,Portronics,Eureka Forbes
0.029411764705882353,0.018907563025210083,0.0,-0.02895752895752896,-0.020209254004495553,-0.00033398931401608335,0.38145957569474376,0.0012912426962752475,1093,-0.17647786428912524,-0.05538989252091309,0.0136986301369863,0.0283363802559415,1.0,0.2124529794389313,0,Croma,Speakers,TWS Earbuds,Philips,Sony
0.2642857142857143,0.08520408163265311,0.1366906474820144,-0.020041109969167525,-0.17907935209666517,-0.003209887326404051,0.17018623965258925,0.13346419359798287,448,-0.13476264418557599,-0.16052565267029942,0.12195121951219512,0.0625,1.0,0.16866032417211702,0,Flipkart,Face Wash,Televisions,Aqualogica,Coocaa
0.2413793103448276,0.07389162561576357,0.25882352941176473,0.12184873949579836,-0.06565205908163495,0.003332238736871572,0.377781626150943,0.1722753372457852,495,0.010364520846136325,0.005688027755904033,0.11904761904761904,0.13492829120843786,0.9843444227005871,0.019374756890594657,0,Myntra,Headphones,Cargos,NOISE,HIGHLANDER
0.31020408163265306,0.04810495626822159,0.3492063492063492,0.07426303854875282,0.08850605126409909,0.012254648274304638,0.26104304050281263,0.04891468138704516,1340,0.22158599382081082,0.1513361626759438,0.17034068136272545,0.07378079436902966,1.0,0.2225640880688668,0,Amazon,Shampoos,Pens \u0026 Writing Instruments,Scalpe Pro,Parker
0.2076923076923077,0.07252747252747255,0.08256880733944955,-0.032765399737876816,0.021536085513290042,0.00041857618842612923,0.2867820875202653,0.074460754256809,1151,-0.160427016752826,0.0171312601645003,0.07462686567164178,0.05426356589147287,1.0,0.16640942889959082,0,Amazon,Dash Cameras,Headphones,NEXDIGITRON,GOBOULT
0.21804511278195488,0.021482277121374876,0.2047244094488189,0.003937007874015713,0.005899076070135572,-0.0004043839161722018,0.3524967481223218,0.03416606257241601,732,0.08295239755984342,0.0006453975159640014,0.0948905109489051,0.12364130434782608,1.0,0.08925379562639989,0,Flipkart,Mixers \u0026 Grinders,Earphones,Hindware Smart Appliances,Noise
0.014084507042253521,-0.009054325955734409,0.04225352112676056,0.029175050301810862,-0.002581783348190461,-0.0026041666666666665,0.5518539808764333,0.14363453673938076,417,0.13417437639016613,-0.046223995325604575,0.005952380952380952,0.004291845493562232,1.0,0.14798134060569623,0,Myntra,Moisturizers,Headphones,The Face Shop,boAt
0.054945054945054944,-0.011773940345368925,0.0898876404494382,0.014446227929374,-0.02580787034314376,-0.0029756000793493354,0.3848613332722911,0.06728224810400324,616,-0.026266485843959946,-0.0011834472568795287,0.025510204081632654,0.1421875,1.0,0.06280723469838075,0,Myntra,Casual Shoes,Shirts,Puma,Snitch
0.16666666666666666,0.10119047619047619,0.2,0.07619047619047621,-0.14932736150247128,-0.009506172839506173,0.18412568684189745,0.3559462548296704,94,0.23702566499091815,-0.23573178906749329,0.1,0.08421052631578947,1.0,0.2888868012836266,0,Amazon,Suitcases,Speakers,LAttitude By Provogue,soundcore
0.2682926829268293,0.03484320557491283,0.37209302325581395,0.1611295681063123,0.1843279617122912,-0.013852757544224763,0.28398570706548787,0.26275552515803985,130,0.2856835697506451,0.12623101992797411,0.09523809523809523,0.23050742574257427,0.9675324675324676,0.2746939701887076,0,Myntra,Casual Shoes,Smartwatches,Puma,Fastrack
0.4589041095890411,0.04256360078277882,0.45695364238410596,0.06953642384105957,0.021074621132281368,0.012747600054083291,0.3070385197470121,0.09844736653842978,358,0.02441363868110486,0.0439755185043069,0.20912547528517111,0.30356911096690464,1.0,0.05418157886599706,0,Flipkart,Mens Watches,Power Banks,Titan,Portronics
0.18518518518518517,0.03968253968253968,0.27586206896551724,0.11330049261083747,0.04736269611738144,0.006224732461355529,0.29185913002783076,0.049202067071840716,310,0.02641999952077771,0.04220148676702663,0.05263157894736842,0.06451612903225806,1.0,0.04168165938496824,0,Myntra,Smartwatches,Mens Sports Shoes,Titan,Nike
0.4140127388535032,0.025022747952684277,0.38509316770186336,0.025732031943212108,-0.002279700971638149,0.00816159967353601,0.16608890227807036,0.10320874513597596,395,-0.1932849440361937,0.006566671516380102,0.25597269624573377,0.311694847020934,1.0,0.21466507379505928,0,Flipkart,Mens Watches,Fans,Titan,Longway
0.2403846153846154,-0.028846153846153882,0.22093023255813954,-0.020764119601328873,0.06026606448095441,-0.00770263973027055,0.2121423776125505,0.07021824924993926,430,0.1896237314720443,0.17791822174208166,0.155,0.09417199715707178,1.0,0.2124462285879562,0,Flipkart,Electric Kettles,Clocks,Longway,LUPPRA
0.23529411764705882,0.14285714285714288,0.2727272727272727,0.1185064935064935,0.019789017063438295,0.003761841250299238,0.10476203490886772,0.09153688437182708,183,0.530138811455394,0.016904949227585307,0.08791208791208792,0.24043715846994534,1.0,0.5306185508139148,0,Flipkart,Grinders,Electric Trimmers \u0026 Shavers,INGCO,BEARDO
0.11267605633802817,-0.031187122736418507,0.07792207792207792,-0.04452690166975881,-0.01071463880468,-0.004270544783010156,0.31340903306359696,0.09624389281746089,606,-0.14209512460874565,-0.015864089241607638,0.05194805194805195,0.02700348432055749,1.0,0.20494356105274397,0,Myntra,Casual Shoes,Mens Watches,Nike,Timex
0.32,0.20857142857142857,0.37037037037037035,0.21693121693121692,0.19271168955267493,0.021114864864864864,0.18422085660279458,0.2532641020576928,154,0.06421903518954727,0.184247233770102,0.11764705882352941,0.5629139072847682,1.0,0.09301142624528895,0,Myntra,Smartwatches,Perfumes,Fastrack,Ajmal
0.4791666666666667,0.22619047619047616,0.3333333333333333,0.0714285714285714,0.11359792206152171,0.02137409801306385,0.27754787991507235,0.10314269582333985,183,0.2546598316479797,0.12695777681287615,0.18,0.10326086956521739,1.0,0.23056964495269566,0,Flipkart,Grinders,Air Conditioners,INGCO,LG
0.03773584905660377,-0.06603773584905659,0.16393442622950818,0.03395784543325528,0.0016905393047330875,-0.008375074390001985,0.38104016193031115,0.059149998463955085,298,0.08639225623584885,0.008392066152348877,0.04424778761061947,0.058922558922558925,1.0,0.08184929452240293,0,Myntra,Mens Watches,Shirts,Timex,MISCHIEF MONKEY
0.0625,0.02232142857142857,0.19047619047619047,0.1020408163265306,-0.0029005292821361107,0.001506143479984146,0.8087670152889923,0.01278337029520214,450,0.7751519903591251,0.0006908102375395052,0.05,0.5028712059064807,1.0,0.7841607936206874,0,Croma,TWS Earbuds,Earphones,Noise,GOBOULT
0.06481481481481481,0.019179894179894186,0.08737864077669903,0.03952843273231624,0.05949175742063921,0.0017833087052763386,0.24651905335215588,0.10465347966153002,742,-0.13159030788068307,0.0063122808956755615,0.031818181818181815,0.016172506738544475,1.0,0.16032614813974913,0,Flipkart,Vacuum Cleaners,Non-Fiction,AGARO,Puffin Books
0.0,0.0,0.0,-0.008403361344537815,-0.000620977522526221,-0.00023523856971589062,0.5980452674872269,0.02758190555400491,1091,-0.39108102125291194,-5.781049329809383e-07,0.0,0.0283363802559415,1.0,0.4174756872755778,0,Croma,TWS Earbuds,Earphones,Sony,JBL
0.0,-0.02976190476190476,0.0,-0.01948051948051948,0.0041010828252528225,-0.0019463667820069203,0.14361094355241596,0.004193988176080883,143,0.22691239958358744,-0.0009173887468675711,0.0,0.013793103448275862,1.0,0.2220620673585414,0,Amazon,Gym Equipment,Vacuum Cleaners,Lifelong,acerpure
0.3684210526315789,0.23684210526315788,0.34782608695652173,0.2080745341614907,0.030316925486727583,0.01774078478002378,0.2957400876199165,0.316596787842105,157,0.18615957633897653,0.019022365295412572,0.12195121951219512,0.10994194484760522,1.0,0.1728821141887414,0,Flipkart,Bathroom Fittings,Perfumes,Kyari,AXE
0.14814814814814814,0.0026455026455026454,0.20833333333333334,0.09226190476190477,0.0006826712633548376,-0.0022664316293125155,0.45919673630657465,0.05386486338859556,219,-0.07824658178138813,-0.00043701444000098384,0.07272727272727272,0.04090909090909091,1.0,0.10087201716032451,0,Myntra,Bottoms,Protein \u0026 Sports Nutrition,Stylecast X Kotty,MuscleBlaze
0.057692307692307696,0.013736263736263736,0.14285714285714285,0.09948979591836735,0.02362369305134763,-0.00044534634686283067,0.10009166582953004,0.13462294573977907,609,0.45668481657119614,0.026676519511493097,0.01834862385321101,0.0361247947454844,1.0,0.46594549852280603,0,Amazon,Mens Watches,Home Projectors,NAVIFORCE,E GATE
0.1111111111111111,-0.009920634920634913,0.12195121951219512,0.05400696864111497,-0.0006426805301003663,-0.0010249289162203266,0.3598995013731353,0.03471661971581833,440,-0.3052575899629764,0.0260054698169807,0.060240963855421686,0.07954545454545454,1.0,0.3531940789228579,0,Amazon,Washing Machines,Massage \u0026 Relaxation,Crompton,Lifelong
0.028169014084507043,-0.006036217303822939,0.0684931506849315,0.03424657534246575,-0.006369976769363401,-0.0012910708086679872,0.9034338514737844,0.013117637604561494,905,-0.16299429835206103,-0.0011854014653411723,0.024539877300613498,0.07196547884187082,1.0,0.16337870321502956,0,Myntra,Headphones,Womens Slippers,boAt,Red Tape
0.0625,0.02232142857142857,0.19047619047619047,0.1020408163265306,-0.0029005292821361107,0.001506143479984146,0.8087670152889923,0.01278337029520214,450,0.7751519903591251,0.0006908102375395052,0.05,0.5028712059064807,1.0,0.7841607936206874,0,Croma,TWS Earbuds,Earphones,Noise,GOBOULT
0.203125,0.022879464285714274,0.22413793103448276,0.07142857142857145,-0.03644736447271981,0.005081816583572995,0.5535945766800269,0.1334597747883004,992,-0.26689164576806734,-0.019715925245287588,0.0912863070539419,0.2990890688259109,1.0,0.2839759740791721,0,Myntra,Headphones,Mens Sports Shoes,NOISE,Skechers
0.3780487804878049,0.1376306620209059,0.27380952380952384,0.020408163265306145,0.12083208358522124,0.011837117658097203,0.22478410350815942,0.046612080962272956,389,-0.08823249879139967,0.07210535036332409,0.13496932515337423,0.26455745341614906,1.0,0.1567337806831938,0,Myntra,Casual Shoes,Jeans,Puma,Mufti
0.06451612903225806,0.03225806451612903,0.05555555555555555,0.007936507936507929,-0.0007734122034859436,-6.694073897959231e-05,0.7479322625057849,0.1125759237275974,2869,0.28059688216986645,-0.00013507700707465653,0.03076923076923077,0.006966213862765587,1.0,0.3283158150968,0,Croma,Earphones,Speakers,JBL,Philips
0.07142857142857142,-0.0727040816326531,0.16923076923076924,0.034065934065934084,-0.0022869701360404495,-0.0036656564203550574,0.19725401299347234,0.04340783069191295,497,0.17647749597625412,0.019309558851189026,0.08552631578947369,0.13078470824949698,1.0,0.17799229006072356,0,Myntra,Kurtas \u0026 Kurtis,Perfumes,FUBAR,Ajmal
0.17647058823529413,0.13865546218487396,0.1,0.053571428571428575,-0.22786406913646143,0.002796782544378698,0.3212939520669489,0.024037589758251834,220,0.007972914426670414,-0.27786025615950033,0.075,0.5091743119266054,1.0,0.16197808222683935,0,Myntra,Mens Outerwear,Bottoms,HRX by Hrithik Roshan,Stylecast X Kotty
0.0,-0.01948051948051948,0.0,-0.009920634920634922,-0.0004900475272835295,-0.000443244170096022,1.0216140397157065,0.0035572840524904685,1080,-0.23151533533203028,4.509312615818904e-06,0.0,0.022768670309653915,1.0,0.2709144146493254,0,Croma,TWS Earbuds,Earphones,Sony,GOBOULT
0.2568306010928962,0.054254488680718166,0.22131147540983606,-0.011124121779859525,-0.015872951511843078,0.0025208714738950803,0.2717142435010901,0.07475389862612244,770,0.766141655367356,-0.014374170018202351,0.11991434689507495,0.27,1.0,0.7671516435930408,0,Amazon,Earphones,Mobile Chargers,boAt,Samsung
0.125,0.04464285714285714,0.0958904109589041,0.02446183953033268,0.10083553615343102,0.0028835063437139567,0.2633359700394056,0.09854739097861016,476,0.1403935561373294,0.06970379304377272,0.0392156862745098,0.15723270440251572,1.0,0.1305719361187154,0,Myntra,Mens Watches,Shirts,Titan,Snitch
0.0,0.0,0.0,0.0,0.0,0.0,0.0664733403910674,0.0,108,0.0,0.0,0.0,0.0,1.0,0.0,0,Myntra,Headphones,Suitcases,boAt,Aristocrat
0.1,0.0642857142857143,0.06666666666666667,0.052380952380952375,0.00028876846185693454,-5.54016620498615e-05,0.6803003814653177,0.008787087040347795,1146,0.08316370192244801,-0.0002269712733823592,0.0,0.00734094616639478,1.0,0.08480526538299626,0,Croma,TWS Earbuds,Speakers,GOBOULT,Philips
0.0625,0.021205357142857144,0.03333333333333333,-0.01904761904761905,0.005231104609597967,-0.0009714345725687879,0.241356442329865,0.015618463242244541,640,-0.012246430943269633,0.0033827230925657435,0.007194244604316547,0.05668085690744301,0.9984375,0.0334191738776886,0,Myntra,Shirts,Mens Outerwear,Snitch,Roadster
0.3951612903225806,0.09965437788018428,0.421875,0.1294642857142857,0.0024143278941119654,0.0093827479338843,0.15585331091297575,0.034515392842451004,466,0.07025803099179226,0.04174539773090398,0.18614718614718614,0.12017167381974249,1.0,0.06347810018034622,0,Myntra,Moisturizers,Casual Shoes,The Face Shop,Puma
0.2440944881889764,0.005061867266591691,0.22413793103448276,0.013546798029556661,0.034816504645283644,0.005486060384709033,0.3985499639971184,0.15398161259840787,511,0.15825597271606134,0.011972449740692188,0.13025210084033614,0.18482490272373542,1.0,0.17342397214307412,0,Myntra,Medical Devices,Mens Sports Shoes,CULT,Skechers
0.30625,0.009375000000000022,0.34,0.06428571428571433,0.012618468877379871,0.01129328980697004,0.12120489028299548,0.09835576480322894,878,0.0982976074197736,0.00514762961614659,0.15041782729805014,0.18792710706150342,1.0,0.10946343338774955,0,Amazon,Pressure Washers,Kitchen Storage \u0026 Containers,Bosch,MILTON
0.23809523809523808,0.11054421768707481,0.3181818181818182,0.21103896103896108,0.020087172597821435,-0.0011417583077940052,0.11881347504566875,0.06365003179107323,272,-0.04550106438566947,0.005739602305094821,0.12631578947368421,0.13970588235294118,1.0,0.16557705269783424,0,Flipkart,Perfumes,Cycling,Em5,EAST COAST
0.09090909090909091,-0.02597402597402594,0.28,0.1885714285714286,-0.016923632077993706,-0.009902670891806247,0.19805727374672302,0.17808093223053476,102,0.16628687663225192,-0.022121739723433894,0.12244897959183673,0.08737864077669903,1.0,0.2208331541125973,0,Flipkart,Multipurpose Sprays \u0026 Lubricants,Trolley Bags,Drasert,ARISTOCRAT
0.0,0.0,0.0,-0.015527950310559006,-0.00045892724469866674,-8.608030315156276e-05,0.22354347123343807,0.00045986899297299793,1490,0.3538414922454159,2.023245128413397e-06,0.0,0.012056262558606833,1.0,0.35378006555314045,0,Croma,Earphones,Speakers,JBL,Croma
0.13157894736842105,0.08082706766917293,0.1282051282051282,0.07692307692307693,-0.07712305789088693,0.003789622386946239,0.15196159250804625,0.22645755244622315,1094,0.10365662354314384,-0.07873632266211983,0.05405405405405406,0.022768670309653915,1.0,0.1395699678416508,0,Croma,Speakers,TWS Earbuds,Croma,Sony
0.16666666666666666,0.10119047619047619,0.2,0.07619047619047621,-0.14932736150247128,-0.009506172839506173,0.18412568684189745,0.3559462548296704,94,0.23702566499091815,-0.23573178906749329,0.1,0.08421052631578947,1.0,0.2888868012836266,0,Amazon,Suitcases,Speakers,LAttitude By Provogue,soundcore
0.0,-0.022959183673469385,0.02564102564102564,-0.005494505494505496,-0.07768356537649786,-0.002965856481481481,0.25055966015279757,0.025657081913213385,405,0.18322260429193316,-0.026655387656817197,0.018867924528301886,0.004415011037527594,1.0,0.20468232621822594,0,Myntra,Headphones,Perfumes,boAt,Ajmal
0.0,-0.011904761904761904,0.0,-0.017857142857142856,-0.0002976645515910761,-6.087168249330412e-05,0.08225953890810224,0.00029969291405712665,450,-0.06250950417969575,0.00011557563898293615,0.0,0.0021494288511180863,1.0,0.06412056080018591,0,Croma,Speakers,TWS Earbuds,Croma,Noise
0.12698412698412698,-0.07029478458049884,0.2571428571428571,0.04183673469387755,-0.044893513149005325,0.003388174964134183,0.2612732475659452,0.09384285156407468,384,0.0868718355549275,-0.006330606892961687,0.09090909090909091,0.5494791666666666,1.0,0.11392076787080822,0,Myntra,Mens Watches,Cargos,Daniel Hechter,HIGHLANDER
0.0,-0.01948051948051948,0.0,-0.009920634920634922,-0.0004900475272835296,-0.000443244170096022,0.3173416147539989,0.0035572840524904685,1080,-0.23151533533203028,4.509312615818903e-06,0.0,0.022768670309653915,1.0,0.2709144146493254,0,Croma,Earphones,TWS Earbuds,GOBOULT,Sony
0.0,-0.015037593984962405,0.0,-0.010714285714285714,-0.0005333768877884428,-0.0005281207133058985,1.0326141547388965,0.0033392275719730403,1080,-0.38994946393507135,4.280116810876447e-06,0.0,0.0283363802559415,1.0,0.43677355585739625,0,Croma,TWS Earbuds,Earphones,Sony,GOBOULT
0.09770114942528736,-0.03201970443349754,0.084070796460177,-0.008849557522123894,0.0024659626335804883,-0.005740798993394148,0.3249184396296194,0.0482126140011826,770,-0.3118686125972534,-0.0019671711453282275,0.05531914893617021,0.18678977272727273,1.0,0.33083093825746607,0,Amazon,Gaming Accessories,Mobile Chargers,Logitech G,Samsung
0.0,0.0,0.0,-0.027777777777777783,0.001622197746724176,-0.0009467587435954556,0.3789756243194205,0.0021193095238907222,134,-0.18868371772878037,-0.003563440406904744,0.0,0.13725490196078433,1.0,0.3698824579836501,0,Croma,Earphones,Laptops,GOBOULT,Lenovo
0.15217391304347827,0.07142857142857144,0.09302325581395349,0.03156146179401994,0.005734713793211616,0.008480314440480908,0.17208289725507617,0.007968785733557526,373,-0.03554745372634444,-0.01249349711548906,0.058823529411764705,0.14171322160148975,1.0,0.04046636967375961,0,Flipkart,Mens Watches,Wardrobes,LEE COOPER,Sasimo
0.20175438596491227,-0.019423558897243093,0.23148148148148148,0.03306878306878305,-0.03013436494130778,-0.008659441541468211,0.21484949937639145,0.041941304782908966,663,-0.46472346401132136,-0.04937225386215328,0.11155378486055777,0.11044776119402985,1.0,0.47998084340036967,0,Amazon,Fiction,Monitors,unknown,Lenovo
0.0,0.0,0.0,0.0,0.0,0.0,0.25928166799183194,0.0,654,0.0,0.0,0.0,0.030261348005502064,1.0,0.0,0,Myntra,Headphones,Smartwatches,Boult Audio,Titan
0.2777777777777778,0.04365079365079366,0.24742268041237114,0.04786450662739325,-0.01600038903200972,0.006369048894191394,0.0960320849332552,0.06933317042880457,1018,0.323601811983914,-0.0057483086755833294,0.13106796116504854,0.06385068762278978,1.0,0.330651891790308,0,Flipkart,Gas Stoves,Perfumes,Natraj Aatamaker,BELLAVITA
0.0,-0.015873015873015872,0.0,-0.011904761904761904,-0.000570531945694205,-0.00019743237101155103,0.2686355013721811,0.059227107890568856,1091,-0.2576957058836879,-6.090618511881693e-07,0.0,0.022768670309653915,1.0,0.27624168061517695,0,Croma,Earphones,TWS Earbuds,JBL,Sony
0.1951219512195122,0.05052264808362372,0.03225806451612903,-0.06221198156682027,-0.009993749285833391,-0.002004723458010655,0.5256400365759345,0.04546404492659739,381,0.06722886517103857,0.01251586307496779,0.06493506493506493,0.042605848309473046,1.0,0.1316896099150838,0,Myntra,Headphones,Mens Outerwear,NOISE,HRX by Hrithik Roshan
0.0,-0.009852216748768473,0.0,-0.025974025974025972,-0.021761704871568005,-0.00028125415917143866,0.4271113206885907,0.001312915797218812,1093,-0.08253546464633293,-0.05856879950635023,0.01639344262295082,0.022768670309653915,1.0,0.1001018959219751,0,Croma,TWS Earbuds,Speakers,Sony,Philips
0.12280701754385964,0.05263157894736842,0.22641509433962265,0.1253369272237197,0.21998345904492633,0.008744331065759637,0.5821114673402555,0.061576884453667734,448,-0.09415852817644771,0.2218573371120019,0.07317073170731707,0.09731182795698924,1.0,0.12574103518098056,0,Myntra,Headphones,Mens Outerwear,boAt,Roadster
0.07407407407407407,0.018518518518518524,0.0967741935483871,0.050691244239631346,-0.07666860937081674,0.001375055745503196,0.6273695958516492,0.03382624291816297,460,0.19808668624826212,-0.029382173569673965,0.05172413793103448,0.010845986984815618,1.0,0.20750080750184732,0,Myntra,Shirts,Tracksuits,HIGHLANDER,Nike
0.13157894736842105,0.08082706766917293,0.1282051282051282,0.07692307692307693,-0.07712305789088694,0.003789622386946239,0.21883744117157708,0.22645755244622315,1094,0.10365662354314382,-0.07873632266211983,0.05405405405405406,0.022768670309653915,1.0,0.1395699678416508,0,Croma,TWS Earbuds,Speakers,Sony,Croma
0.17560975609756097,0.01428571428571429,0.24855491329479767,0.09207266721717586,0.014785436522123288,0.003900456890128346,0.2101912320240426,0.053164081655269604,1163,0.4129248928484436,0.015225826613473508,0.08179419525065963,0.045714285714285714,1.0,0.44075683576385083,0,Flipkart,Power Banks,TWS Earbuds,Ambrane,Mivi
0.25311203319502074,0.013040901007705996,0.3319838056680162,0.07663389242336616,0.08630186630956405,0.010800215493993699,0.25333200297461284,0.041903056002621876,1837,-0.12899579930214208,0.05614805905186701,0.16228070175438597,0.041916167664670656,1.0,0.13856799466805458,0,Myntra,Moisturizers,Perfumes,Nivea,Ajmal
0.16216216216216217,0.09266409266409269,0.17073170731707318,0.10801393728222998,-0.17888886718807062,-0.0005688518903919529,0.10547621690751778,0.09562584790677635,486,0.13414213327330848,-0.10636994201372726,0.13580246913580246,0.03219315895372234,1.0,0.19467595509290406,0,Amazon,Car Cleaning Kits,USB Hubs \u0026 Adapters,STARQ,ZEBRONICS
0.125,-0.02806122448979595,0.21568627450980393,0.09243697478991597,-0.010659939911664914,-0.0014873544017872942,0.2767187894896818,0.06654421232446411,513,-0.05383386142243121,0.010708704580863185,0.06578947368421052,0.06583629893238434,1.0,0.060182664534634195,0,Amazon,Android Phones,Vacuum Cleaners,XIAOMI,acerpure
0.2459016393442623,0.12177985948477753,0.2542372881355932,0.12469733656174334,-0.14360036097771958,0.007562567184968736,0.15375668131303172,0.12938746884576793,562,0.3531897378680182,-0.023830163702517865,0.12686567164179105,0.08185053380782918,1.0,0.3709101234068378,0,Amazon,Vacuum Cleaners,Lingerie \u0026 Sleepwear,acerpure,PLETHEON
0.21052631578947367,0.015664160401002547,0.16964285714285715,-0.0006377551020407823,-0.03541154159392597,0.002128998761468023,0.20550933664219487,0.04404721046228533,1045,0.019740263783588778,-0.03829639063853397,0.12389380530973451,0.055449330783938815,1.0,0.05987021423198442,0,Amazon,Perfumes,Air Purifiers,WILD STONE CODE,Eureka Forbes
0.2727272727272727,0.17857142857142858,0.17391304347826086,0.08695652173913045,0.03501983759614133,0.004976260043827611,0.10511715193093843,0.17622835599086029,148,0.39440235187221595,0.024512190544688423,0.0625,0.13725490196078433,1.0,0.3922540391680114,0,Croma,TWS Earbuds,Laptops,Sony,Lenovo
0.0379746835443038,0.004520795660036159,0.06666666666666667,0.015873015873015872,0.0012838937833557656,-0.00043714887583579,0.2680477874348829,0.024650310989211905,1786,-0.166298837731758,0.013112360153268098,0.02072538860103627,0.017357222844344905,1.0,0.2029537370552119,0,Myntra,Perfumes,Casual Shoes,Ajmal,Nike
0.08403361344537816,0.003601440576230505,0.061946902654867256,-0.02465233881163084,0.01897998171522686,0.00013513451726749866,0.18477003279879364,0.0678047300881396,1461,-0.3116246078884696,0.016592965585280582,0.03529411764705882,0.06339468302658487,1.0,0.32101860980088043,0,Amazon,Soft Toys,Air Fryers,DIKANG,MILTON
0.4166666666666667,0.35714285714285715,0.25,0.13839285714285715,0.14423730611448818,0.01098901098901099,0.15069417222113565,0.3157871247177607,95,0.25567895869065876,0.09829329210781203,0.10714285714285714,0.07368421052631578,1.0,0.26769757086173857,0,Amazon,Suitcases,Headphones,LAttitude By Provogue,Noise
0.2549019607843137,0.02240896358543415,0.34,0.17571428571428574,-0.020022433999932462,0.00618681152859514,0.40593464662757905,0.06123953841929653,296,-0.08954442153357203,-0.011543029802726376,0.16304347826086957,0.07903008531656938,1.0,0.09749972408596629,0,Flipkart,Suitcases,Mens Watches,TOMMY HILFIGER,LEE COOPER
0.06896551724137931,-0.07389162561576354,0.05714285714285714,-0.08163265306122452,-0.0031700637002489676,-0.005172171139050478,0.5862029478616646,0.00559462763973241,310,0.5606452856688267,-0.00710924624799309,0.04838709677419355,0.03870967741935484,1.0,0.5707541971780269,0,Myntra,Shirts,Mens Sports Shoes,HIGHLANDER,Nike
0.19377162629757785,0.03583786455758775,0.2268370607028754,0.061387494294842554,0.018661466194003454,0.010316506410256412,0.1844803916118946,0.0580570236959805,1296,0.4009858224619518,0.05793472184410318,0.10987261146496816,0.04639175257731959,1.0,0.40306205450692006,0,Flipkart,Supplements,Power Banks,HORLICKS,Ambrane
0.39,0.09857142857142859,0.3763440860215054,0.1505376344086022,0.04094063547662218,0.017654344154625634,0.3472059144802927,0.06912853004850247,389,0.2150744200334322,0.016255758279675025,0.2215909090909091,0.10796915167095116,1.0,0.24152056375060893,0,Myntra,Moisturizers,Jeans,The Face Shop,Mufti
0.2289156626506024,0.05765920826161791,0.21951219512195122,0.044425087108013905,0.034631145672750045,0.0025639120095124895,0.1557800062915554,0.05581574652133063,244,-0.14711385731200638,0.03326317281876816,0.09411764705882353,0.07692307692307693,1.0,0.23184271069221135,0,Flipkart,Sweets \u0026 Chocolates,Gourmet Food,Cadbury,joganiya dairy
0.13157894736842105,0.08082706766917293,0.1282051282051282,0.07692307692307693,-0.07712305789088694,0.003789622386946239,0.21883744117157708,0.22645755244622315,1094,0.10365662354314382,-0.07873632266211983,0.05405405405405406,0.022768670309653915,1.0,0.1395699678416508,0,Croma,TWS Earbuds,Speakers,Sony,Croma
0.18518518518518517,0.03350970017636687,0.17105263157894737,0.03383458646616541,0.034599495889130694,0.00045453207721159183,0.13525413127822583,0.10865167078079957,878,-0.06254882105777897,0.030447972846883893,0.0963855421686747,0.043886626215609674,1.0,0.09436981909997165,0,Amazon,Kitchen Storage \u0026 Containers,Cricket,MILTON,Triumph
0.0,0.0,0.0,-0.027777777777777783,0.001622197746724176,-0.0009467587435954556,0.9298421612368323,0.0021193095238907222,134,-0.1886837177287804,-0.003563440406904744,0.0,0.13725490196078433,1.0,0.3698824579836501,0,Croma,Laptops,Earphones,Lenovo,GOBOULT
0.0,-0.015037593984962405,0.0,-0.010714285714285714,-0.0005333768877884428,-0.0005281207133058985,0.3155400275748778,0.0033392275719730403,1080,-0.3899494639350713,4.280116810876446e-06,0.0,0.0283363802559415,1.0,0.43677355585739625,0,Croma,Earphones,TWS Earbuds,GOBOULT,Sony
0.22727272727272727,0.03246753246753248,0.23529411764705882,0.07773109243697476,0.06623618789153186,0.009698109567901233,0.06485883564311376,0.0524232481214177,740,0.27058080777181653,0.09220440977470488,0.1414141414141414,0.09176788124156546,1.0,0.26336077867740465,0,Flipkart,Cycling,Sewing Machines,Crow,Rilson
0.3252032520325203,0.03426248548199762,0.35964912280701755,0.07456140350877194,0.031139029005145893,-0.00024458723356552553,0.11381778248374617,0.1081396972147406,486,0.08246258663500904,0.07164202850715813,0.18807339449541285,0.14989733059548255,1.0,0.08853532388556774,0,Myntra,Serums,Perfumes,deconstruct,Giorgio Armani
0.23809523809523808,0.11904761904761904,0.22727272727272727,0.11363636363636363,0.06483384702548722,0.010180788897005114,0.11811996417700796,0.07857724538039328,160,0.05455863920642902,0.05014098545075057,0.10714285714285714,0.08125,1.0,0.04382088537948846,0,Flipkart,Office Chairs,Chimneys,Oakcraft,AQUALYT
0.0625,0.02232142857142857,0.19047619047619047,0.1020408163265306,-0.0029005292821361107,0.001506143479984146,0.8087670152889923,0.01278337029520214,450,0.7751519903591251,0.0006908102375395052,0.05,0.5028712059064807,1.0,0.7841607936206874,0,Croma,TWS Earbuds,Earphones,Noise,GOBOULT
0.0,-0.010714285714285716,0.0,0.0,-0.002029980575626821,-9.918212890625e-05,0.8722872433264834,0.0036371063578811993,589,0.11158573375818757,-2.8649286725114872e-05,0.0,0.03033924795439919,1.0,0.13182257006859055,0,Flipkart,Learning \u0026 Education,Mens Watches,LEGO,LEE COOPER
0.25311203319502074,0.013040901007705996,0.3319838056680162,0.07663389242336616,0.08630186630956405,0.010800215493993699,0.25333200297461284,0.041903056002621876,1837,-0.12899579930214208,0.05614805905186701,0.16228070175438597,0.041916167664670656,1.0,0.13856799466805458,0,Myntra,Moisturizers,Perfumes,Nivea,Ajmal
0.27586206896551724,0.1354679802955665,0.3103448275862069,0.16748768472906406,-0.22597296082009805,0.0016435354273192093,0.2670211666870059,0.14391488375914263,148,-0.12211441666141029,-0.19639199247897765,0.18181818181818182,0.13725490196078433,1.0,0.13815388314666185,0,Croma,Laptops,Speakers,Lenovo,Croma
0.2523364485981308,0.022696929238985336,0.1926605504587156,-0.016382699868938422,0.003684830072381228,-0.007509437812468116,0.11483857391899223,0.06006985925416833,513,0.18214092020347844,0.041066398027029105,0.14418604651162792,0.07782101167315175,1.0,0.1786119695329784,0,Amazon,Pens \u0026 Writing Instruments,Suitcases,Parker,unknown
0.4444444444444444,0.4206349206349206,0.5,0.4642857142857143,0.007078192424713624,0.00871900826446281,0.4704965767649887,0.649838886323461,450,0.80824898085093,0.26547007606641737,0.15789473684210525,0.0028524857375713123,1.0,0.8155184708210069,0,Croma,Earphones,TWS Earbuds,JBL,Noise
0.296875,0.14174107142857142,0.3114754098360656,0.15222482435597193,0.16625591669672662,0.014703485740153916,0.11991579552786273,0.12136204972781882,488,0.2594094084377257,0.21496921791167772,0.15748031496062992,0.07975460122699386,1.0,0.2135405996257192,0,Amazon,Massage \u0026 Relaxation,Suitcases,CULT,unknown
0.06666666666666667,-0.06031746031746031,0.075,0.0,-0.2568760597793264,-0.003586523366743147,0.6563990408962188,0.250112268147846,726,-0.26082814070024135,-0.1870174104436492,0.021739130434782608,0.037621329847747687,1.0,0.26226062879071094,0,Myntra,Smartwatches,Protein \u0026 Sports Nutrition,Titan,MuscleBlaze
0.21212121212121213,0.019480519480519543,0.325,0.1098214285714286,-0.006409054807996149,0.006249968998169653,0.6351120830623324,0.014384606058807179,486,0.1170623209663596,0.005474071456278426,0.09433962264150944,0.10926640926640926,1.0,0.11888259787000123,0,Myntra,Shirts,Perfumes,HIGHLANDER,Ajmal
0.358695652173913,0.06444099378881984,0.44785276073619634,0.15249780893952675,-0.08847899824698245,0.014635167214301624,0.29300154094664693,0.1342687776610469,1094,0.1937107857902003,-0.04485280163558884,0.23270440251572327,0.4389908256880734,1.0,0.22105969914175355,0,Flipkart,Car Care,Helmets,Woscher,Probiker
0.30809399477806787,0.07832898172323757,0.2814207650273224,0.048594847775175615,0.04094536836314435,0.0070644924927986096,0.17951188532310353,0.0748606912535777,2274,0.00583528256882107,0.047804409904660915,0.16750629722921914,0.09310496267018006,1.0,0.00873150504175231,0,Amazon,Pens \u0026 Writing Instruments,Drums,Parker,Clapbox
0.0,0.0,0.0,0.0,0.0,0.0,0.032117385806138196,0.0,145,0.016614799775152556,0.01740603583372702,0.025,0.13725490196078433,1.0,0.053500847070592855,0,Croma,Earphones,Laptops,JBL,Lenovo
0.1891891891891892,0.007722007722007707,0.25961538461538464,0.06730769230769235,0.07912949275256859,0.006958167909938459,0.16251908295859493,0.036861317258749866,731,0.20429672620290698,0.10548072702091488,0.11650485436893204,0.106703146374829,1.0,0.19675777665020106,0,Flipkart,T-Shirts,Innerwear \u0026 Sleepwear,PUMA,FREECULTR
0.16129032258064516,0.02304147465437789,0.2054794520547945,0.06066536203522502,-0.025446219727070084,-0.004400050138095878,0.15610072239877487,0.09730631082909565,499,0.01701555195413493,-0.023462523479769928,0.07692307692307693,0.05952380952380952,1.0,0.031999395859697494,0,Amazon,Guitars,Headphones,amazon basics,boAt
0.1388888888888889,0.09126984126984128,0.18421052631578946,0.12406015037593984,0.32947997887995933,0.00645226845501194,0.23157014938510054,0.29865332093798264,514,0.0819467773505603,0.19792043203981335,0.060240963855421686,0.017475728155339806,1.0,0.1484962071058437,0,Myntra,Casual Shoes,Medical Devices,Nike,CULT
0.27607361963190186,0.014460999123575846,0.3564356435643564,0.010254596888260303,0.0477258179010078,0.004450500197210369,0.25766596818889126,0.07079336225505008,857,-0.4232531583581192,0.05144387329122762,0.27895595432300163,0.4601156069364162,1.0,0.4281635324581581,0,Amazon,Console Games,Tablets,Take 2,Samsung
0.0,-0.004608294930875576,0.0,-0.012987012987012988,-0.00034049868368350424,-0.00025789753638773055,0.24904944366693516,0.00034127592455431596,1360,0.13861600239753624,-0.0026259709598562596,0.014705882352941176,0.004682004816271374,1.0,0.13705695346329363,0,Croma,Earphones,Speakers,GOBOULT,Croma
0.43575418994413406,0.13647246608140462,0.3942857142857143,0.08367346938775516,0.08884101901378556,0.012894697598721576,0.14033758262767201,0.11983792139418278,946,0.2345649266603386,0.07792900772180894,0.21676300578034682,0.0970464135021097,1.0,0.21820298923310455,0,Flipkart,Sewing Machines,Diapers,SINGER,Huggies
0.0,-0.02976190476190476,0.13333333333333333,0.09047619047619047,-0.0009282041019029579,0.0018170488403877068,0.6731298166718923,0.003214304987358294,450,0.07092834340227847,0.005323728014585247,0.03571428571428571,0.004269449715370019,1.0,0.07483630369433625,0,Croma,Speakers,TWS Earbuds,Philips,Noise
0.0,0.0,0.0,-0.015527950310559006,-0.00045892724469866674,-8.608030315156276e-05,0.22354347123343807,0.00045986899297299793,1490,0.3538414922454159,2.023245128413397e-06,0.0,0.012056262558606833,1.0,0.35378006555314045,0,Croma,Earphones,Speakers,JBL,Croma
0.3767123287671233,0.023972602739726123,0.3828125,0.06417410714285715,-0.07297422078814801,-0.00798631766805473,0.18661386835429009,0.11337782684289499,430,-0.06405471822749996,-0.09613784635231842,0.19318181818181818,0.28249008909997253,0.9791183294663574,0.06377122728555966,0,Flipkart,Protein \u0026 Sports Nutrition,Ready-to-Eat,Nutrabay,Yogabar
0.2,0.15714285714285714,0.2857142857142857,0.26530612244897955,-0.03085439810683836,-0.0007181844297615628,0.1777938997169542,0.23271756903039012,163,-0.25970829933093154,-0.01705006588965628,0.08333333333333333,0.009433962264150943,1.0,0.2841823897027446,0,Amazon,Android Phones,Health Monitors,XIAOMI,DR VAKU
0.09090909090909091,0.022727272727272735,0.037037037037037035,-0.021164021164021163,-0.0008487474436347481,-0.00013898772123726325,1.1645647839111748,0.003959520385041872,1360,0.3659725320416824,-0.0005369414833881714,0.019230769230769232,0.007283321194464676,1.0,0.3757686757848239,0,Croma,Earphones,Speakers,GOBOULT,Philips
0.1702127659574468,-0.019756838905775065,0.23170731707317074,0.07229965156794427,0.02146548987515197,0.009563519127038254,0.17774840331507624,0.08493296987898198,605,0.24336049524728376,0.05795510430306387,0.12359550561797752,0.08589986863231645,1.0,0.24049310145503563,0,Amazon,Air Fryers,Sunscreen,MILTON,Deconstruct
0.30392156862745096,0.07352941176470582,0.34,0.095,-0.05060511644904501,0.00035261441854848516,0.3832746933123257,0.02559454410044523,475,0.15343250347569853,-0.049489449770367455,0.14507772020725387,0.13822299651567946,0.9957894736842106,0.2166668885610058,0,Flipkart,Cases \u0026 Covers,Keyboards,Portronics,HP
0.0,-0.02976190476190476,0.13333333333333333,0.09047619047619047,-0.0009282041019029579,0.0018170488403877068,1.2467001999400609,0.003214304987358294,450,0.07092834340227845,0.005323728014585248,0.03571428571428571,0.004269449715370019,1.0,0.07483630369433625,0,Croma,TWS Earbuds,Speakers,Noise,Philips
0.09090909090909091,0.022727272727272735,0.037037037037037035,-0.021164021164021163,-0.0008487474436347481,-0.00013898772123726325,1.1645647839111748,0.003959520385041872,1360,0.3659725320416824,-0.0005369414833881714,0.019230769230769232,0.007283321194464676,1.0,0.3757686757848239,0,Croma,Earphones,Speakers,GOBOULT,Philips
0.33088235294117646,0.05409663865546216,0.36879432624113473,0.11043566362715296,0.04452270087457842,0.02118585932497942,0.26743934231357464,0.04752329214530585,845,-0.19290400522231274,0.03679101072053852,0.16091954022988506,0.10271546635182999,1.0,0.21205358830755597,0,Flipkart,Supplements,Casual Shoes,Kapiva,NIKE
0.0,0.0,0.0,-0.027777777777777783,0.001622197746724176,-0.0009467587435954556,0.3789756243194205,0.0021193095238907222,134,-0.18868371772878037,-0.003563440406904744,0.0,0.13725490196078433,1.0,0.3698824579836501,0,Croma,Earphones,Laptops,GOBOULT,Lenovo
0.06382978723404255,0.04711246200607902,0.0,-0.022167487684729065,0.06882221098740773,0.0016449762715812154,0.04861107694404066,0.11783226767187353,327,0.5394178741207235,0.03211445393756815,0.0022522522522522522,0.33896103896103896,1.0,0.545214081154807,0,Amazon,Headphones,Mobile Chargers,Boult Audio,Samsung
0.020833333333333332,-0.0007440476190476233,0.0,-0.030612244897959183,-0.028917304619037035,0.0004501028806584361,0.15550313653487263,0.04655958324651498,661,-0.12587140026674254,-0.03364507347774556,0.022857142857142857,0.09466666666666666,1.0,0.1277706840015116,0,Flipkart,Suitcases,TWS Earbuds,SKYBAGS,boAt
0.32,0.06357142857142861,0.37362637362637363,0.11067503924646782,0.029136116994115887,0.020126869762706553,0.36727905872695227,0.08573488903020722,361,0.13763783931211637,0.015595603871656984,0.17010309278350516,0.18240312319259688,0.9973958333333334,0.14771857105277714,0,Myntra,Mens Watches,Casual Shoes,Daniel Hechter,Puma
0.27586206896551724,0.1354679802955665,0.3103448275862069,0.16748768472906406,-0.22597296082009805,0.0016435354273192093,0.2670211666870059,0.14391488375914263,148,-0.12211441666141029,-0.19639199247897765,0.18181818181818182,0.13725490196078433,1.0,0.13815388314666185,0,Croma,Laptops,Speakers,Lenovo,Croma
0.03409090909090909,6.938893903907228e-18,0.0,-0.01675485008818342,-0.0014130069952342343,-0.00232052708827277,0.8743938410331604,0.004713862538202444,1050,-0.060844608814514756,0.0012545959899601434,0.005128205128205128,0.01796014984027762,0.9881710646041856,0.0618287131374522,0,Myntra,Mens Outerwear,Headphones,Roadster,boAt
0.25663716814159293,0.0777496839443742,0.2032520325203252,0.02206736353077815,0.10309064408747032,0.009516026580894957,0.24500067004636283,0.10963580619008212,1133,0.11733907671540722,0.15854603742760692,0.10256410256410256,0.03262786596119929,1.0,0.10762890650522988,0,Myntra,Casual Shoes,Serums,Nike,Minimalist
0.15254237288135594,0.06537530266343826,0.07142857142857142,-0.0063775510204081565,-0.1407731007872246,-0.0010514221297259797,0.1627921628137986,0.0673222714595049,777,0.08405402555364261,-0.0005681575580951879,0.05660377358490566,0.5387878787878788,1.0,0.08531080868655018,0,Amazon,Office Desks,Android Phones,ABOUT SPACE,XIAOMI
0.06976744186046512,0.014950166112956804,0.11627906976744186,0.0664451827242525,0.011247942094861376,0.003559467310042698,0.14487508138696284,0.1412100723709067,1094,0.03980494984180207,0.014681283769879898,0.034482758620689655,0.0283363802559415,1.0,0.050394745122403446,0,Croma,Speakers,TWS Earbuds,Croma,Sony
0.14814814814814814,-0.054673721340388004,0.20481927710843373,0.034423407917383825,-0.025348798968241857,0.001493926699998498,0.16936963240510214,0.04627846406471303,475,0.11456578583467043,0.0032865527659737357,0.10975609756097561,0.22075798383993844,1.0,0.1223154840660389,0,Myntra,Cargos,Casual Shoes,HIGHLANDER,ASIAN
0.01818181818181818,-0.019480519480519487,0.0,-0.044973544973544964,4.104846095512384e-05,-0.0018581834398691838,0.11886635625860904,0.12076340482652484,460,0.44417327437684,0.03926666613300751,0.017094017094017096,0.010845986984815618,1.0,0.48560229096990104,0,Myntra,Serums,Tracksuits,deconstruct,Nike
0.10227272727272728,0.06737012987012989,0.10638297872340426,0.053951367781155016,0.003523683429961641,-0.00023308899176954691,0.2641855964425848,0.06145088485684263,458,0.20277909934893584,0.03185021071049403,0.026881720430107527,0.013071895424836602,1.0,0.20961589388637977,0,Myntra,Mens Sports Shoes,Serums,Nike,Minimalist
0.0,-0.004608294930875576,0.0,-0.012987012987012988,-0.00034049868368350424,-0.00025789753638773055,0.724524599569549,0.00034127592455431596,1360,0.13861600239753624,-0.0026259709598562596,0.014705882352941176,0.004682004816271374,1.0,0.13705695346329363,0,Croma,Speakers,Earphones,Croma,GOBOULT
0.1,0.0642857142857143,0.06666666666666667,0.052380952380952375,0.00028876846185693454,-5.54016620498615e-05,0.28464393582895836,0.008787087040347795,1146,0.08316370192244801,-0.00022697127338235922,0.0,0.00734094616639478,1.0,0.08480526538299626,0,Croma,Speakers,TWS Earbuds,Philips,GOBOULT
0.13333333333333333,0.10476190476190476,0.0,-0.03246753246753247,-0.002429130350350629,-0.0016855046599246481,0.028591198209463,0.06001712267541424,207,-0.29737026879018597,-0.029108453741730152,0.0053475935828877,0.08559498956158663,1.0,0.29932875878922305,0,Amazon,Sunscreen,Headphones,unknown,Noise
0.40594059405940597,0.02828854314002821,0.3404255319148936,-0.005319148936170193,-0.020091801063896783,-0.003485836938885885,0.893287298809571,0.11392414275124349,358,-0.11259615055149243,-0.0899033033547501,0.16292134831460675,0.07973020944266951,1.0,0.11450634652297309,0,Flipkart,Kurta Sets,Power Banks,FABUNNA COTTON,Portronics
0.14285714285714285,0.03061224489795919,0.2222222222222222,0.09126984126984125,0.15158234537916154,0.0008320000000000003,0.09131860514021617,0.05865672375230087,133,0.2140490737196535,0.13845806363620947,0.08823529411764706,0.07518796992481203,1.0,0.23420742704738978,0,Flipkart,Gas Stoves,Air Fryers,Natraj Aatamaker,KENT
0.0,0.0,0.0,-0.008403361344537815,-0.000620977522526221,-0.00023523856971589062,0.28038225839525055,0.02758190555400491,1091,-0.391081021252912,-5.781049329809383e-07,0.0,0.0283363802559415,1.0,0.4174756872755778,0,Croma,Earphones,TWS Earbuds,JBL,Sony
0.0,-0.03571428571428571,0.2,0.2,-0.006006106920551985,-0.0009468501451836889,0.42568806972573514,0.6656884459502873,98,0.5384622401962095,-0.007112534828436627,0.0,0.02040816326530612,1.0,0.6113568036812529,0,Flipkart,Innerwear \u0026 Sleepwear,Smartwatches,FREECULTR,boAt
0.3188405797101449,0.0579710144927536,0.38666666666666666,0.11238095238095236,0.08981410934182131,0.011300631803864508,0.31965537035868624,0.1831064005645214,245,-0.2405025000687891,0.10157579330705978,0.145985401459854,0.17146476278212805,1.0,0.2974443554579026,0,Flipkart,Smartwatches,Induction Cooktops,Noise,KAPLI
0.1,0.0642857142857143,0.06666666666666667,0.052380952380952375,0.00028876846185693454,-5.54016620498615e-05,0.6803003814653177,0.008787087040347795,1146,0.08316370192244801,-0.0002269712733823592,0.0,0.00734094616639478,1.0,0.08480526538299626,0,Croma,TWS Earbuds,Speakers,GOBOULT,Philips
0.27586206896551724,0.1354679802955665,0.3103448275862069,0.16748768472906406,-0.22597296082009807,0.0016435354273192093,0.22782966869966428,0.14391488375914263,148,-0.12211441666141029,-0.19639199247897765,0.18181818181818182,0.13725490196078433,1.0,0.13815388314666185,0,Croma,Speakers,Laptops,Croma,Lenovo
0.3655913978494624,0.07066052227342556,0.3333333333333333,0.08201058201058198,0.03335836221508968,0.005260454702308827,0.10780228513806094,0.037228312635197484,369,0.1738624112830274,0.023617032342208813,0.22727272727272727,0.1260053619302949,1.0,0.18320707604973246,0,Flipkart,Wardrobes,Drills,Sasimo,LEOFAST PROFESSIONAL
0.2112676056338028,0.03219315895372235,0.19285714285714287,0.006632653061224486,0.00982674874722087,0.002766005986493362,0.15201339840262912,0.08509145450501744,1326,-0.03926564524621866,0.00815460649008729,0.11604095563139932,0.07853623089674591,0.9525959367945824,0.06928526052179754,0,Amazon,Pens \u0026 Writing Instruments,Gym Equipment,Parker,BOLDFIT
0.39849624060150374,0.08378088077336199,0.35833333333333334,0.07857142857142857,-0.02817581929353677,0.010582455047615926,0.18137030509062632,0.07319975721726675,514,-0.005081310253328968,-0.030196019655803603,0.17256637168141592,0.3884514435695538,1.0,0.046195615399709934,0,Flipkart,Formal Shoes,Backpacks,RED CHIEF,NASHER MILES
0.1509433962264151,0.08355795148247978,0.19672131147540983,0.07845433255269323,0.0888022709354548,0.004152506585694464,0.2587575961516128,0.09021410594348278,466,0.2715260931587475,0.07133862639990712,0.056910569105691054,0.17580645161290323,1.0,0.28153177305560995,0,Flipkart,Keyboards,Painting,HP,Asian Paints
0.25,0.1607142857142857,0.29411764705882354,0.22689075630252103,-0.05046339416771124,0.007831968672125312,0.10658322053054477,0.12179862846142792,167,0.3240742018539601,0.05299257429783242,0.24242424242424243,0.04790419161676647,1.0,0.2977034004480063,0,Amazon,Refrigerators,Chairs,LG,MAHARAJA
0.06976744186046512,0.014950166112956804,0.11627906976744186,0.0664451827242525,0.011247942094861376,0.003559467310042698,0.2112821570272177,0.1412100723709067,1094,0.039804949841802065,0.014681283769879896,0.034482758620689655,0.0283363802559415,1.0,0.050394745122403446,0,Croma,TWS Earbuds,Speakers,Sony,Croma
0.11267605633802817,-0.031187122736418507,0.07792207792207792,-0.04452690166975881,-0.01071463880468,-0.004270544783010156,0.29941826160969714,0.09624389281746089,606,-0.14209512460874565,-0.015864089241607638,0.05194805194805195,0.02700348432055749,1.0,0.20494356105274397,0,Myntra,Mens Watches,Casual Shoes,Timex,Nike
0.30985915492957744,0.0845070422535211,0.3088235294117647,0.07563025210084032,0.04586402890004743,0.04068027210884355,0.2175650813890146,0.10698790002119751,220,0.2608566560839579,0.07609909422665548,0.18253968253968253,0.09492013616129877,1.0,0.24058504702975197,0,Myntra,Moisturizers,Bottoms,Nivea,Stylecast X Kotty
0.0,0.0,0.0,0.0,0.0,0.0,0.061457329805472194,0.0,147,0.0,0.0,0.0,0.13725490196078433,1.0,0.0,0,Croma,Speakers,Laptops,Philips,Lenovo
0.1320754716981132,0.0013477088948787297,0.11320754716981132,-0.03504043126684639,-0.008811184617729234,-0.003492861860488746,0.16730429402293506,0.06393289139737546,504,0.15889466577227127,0.02014497386184282,0.06956521739130435,0.05917159763313609,1.0,0.15962930598951883,0,Amazon,Guitars,Earphones,amazon basics,boAt
0.29439252336448596,0.00867823765020026,0.38073394495412843,0.08256880733944955,0.0065725666853705894,0.008147848914509757,0.257345504175902,0.05103029927169057,1330,-0.07928945925201354,0.0024677819898272888,0.1580246913580247,0.06616541353383458,1.0,0.08149376985529086,0,Flipkart,Bath \u0026 Body,Keyboards,DOVE,HP
0.25609756097560976,0.04616724738675956,0.2926829268292683,0.08623693379790934,0.07211968461283279,0.00979365404609582,0.14581774591882102,0.09707610762879745,379,0.25099136561694413,0.06362029370547215,0.12422360248447205,0.07086614173228346,1.0,0.2494907456585188,0,Flipkart,Sewing Machines,Grains \u0026 Pulses,Rilson,Yogabar
0.4,0.27714285714285714,0.35714285714285715,0.1836734693877551,0.04685717435917243,-0.014973958333333332,0.08639885356104368,0.26594723089069433,104,0.42509287486841935,0.030932438490012547,0.15873015873015872,0.1346153846153846,1.0,0.40140186467843164,0,Flipkart,Heat Guns \u0026 Blowers,Wardrobes,INGCO,Flipkart Perfect Homes
0.21153846153846154,0.046703296703296704,0.2631578947368421,0.0864661654135338,0.012852492117638802,0.004755555555555556,0.17060805152656275,0.05005983635726998,318,0.2828869302684297,0.027994222529098445,0.1,0.15949820788530467,1.0,0.2879831477631778,0,Myntra,Casual Shoes,Womens Watches,Puma,CASIO
0.5147058823529411,0.1165966386554621,0.3170731707317073,0.03614982578397208,0.05470756268481354,0.015902366863905323,0.17635384409063826,0.05313487517766964,748,0.06155933809152256,0.06418403271087825,0.2132132132132132,0.09466666666666666,1.0,0.056144365303862374,0,Flipkart,Suitcases,Diapers,SKYBAGS,Huggies
0.13157894736842105,-0.010338345864661674,0.11688311688311688,-0.009276437847866428,0.0005301549748302201,-0.0011530628591929902,0.07468486908190532,0.04853230153285501,1085,0.21231920043961705,0.0005038325739638989,0.031914893617021274,0.020276497695852536,1.0,0.2133621772405056,0,Flipkart,Refrigerators,Cricket,LG,HF
0.38372093023255816,0.10049833887043191,0.37362637362637363,0.08398744113029821,0.0518273863257609,0.015523291545786772,0.1547686073833961,0.02520199862767879,423,0.09145434781817995,0.03977635613938291,0.20754716981132076,0.30697674418604654,1.0,0.12700306916624357,0,Flipkart,Educational,Keyboards,MISSION PARICHARIKA,Portronics
0.18292682926829268,0.07970383275261321,0.14367816091954022,0.024630541871921152,-0.010418321042661192,0.002341569129952443,0.2601988947307056,0.055795758421972576,1886,-0.03017270950346593,0.002633640278187746,0.0792838874680307,0.04336329984135378,1.0,0.044189421630433594,0,Flipkart,Bathroom Fittings,Tool Kits \u0026 Sets,Prestige,STANLEY
0.0,-0.009852216748768473,0.0,-0.025974025974025972,-0.021761704871568005,-0.00028125415917143866,0.4271113206885907,0.001312915797218812,1093,-0.08253546464633293,-0.05856879950635023,0.01639344262295082,0.022768670309653915,1.0,0.1001018959219751,0,Croma,TWS Earbuds,Speakers,Sony,Philips
0.22807017543859648,0.047619047619047616,0.35294117647058826,0.1582633053221289,0.12268496038145446,0.01370298802903195,0.26874683741061506,0.1207683773716356,216,0.35482456250977695,0.2632935661726701,0.1320754716981132,0.17272727272727273,1.0,0.29841435149825385,0,Myntra,Mens Sports Shoes,Bottoms,Skechers,Stylecast X Kotty
0.128,-0.004571428571428615,0.1417910447761194,0.018656716417910432,0.024441493917986612,0.003000923361034165,0.2265988360304947,0.0752040955079485,496,0.21957181727720973,0.021131769284981228,0.11026615969581749,0.3238589211618257,1.0,0.24231464336203404,0,Myntra,Sunscreen,Kurtas \u0026 Kurtis,Lakme,FUBAR
0.043478260869565216,-0.0434782608695652,0.08333333333333333,0.008928571428571425,-0.08487519889218322,-0.0047609045718686556,0.10763145687724891,0.11516707246869655,215,-0.07072764793526544,-0.04497263475713336,0.057692307692307696,0.08837209302325581,1.0,0.09211026620205069,0,Amazon,Headphones,Power Banks,Noise,Portronics
0.3812154696132597,0.024072612470402543,0.3503184713375796,0.03730664240218379,-0.008048303850141795,0.008541409289370097,0.3113737340494115,0.06344244643795553,742,-0.20002814870627,-0.0008325193644152884,0.1848184818481848,0.24881467738610596,1.0,0.21140468704808732,0,Flipkart,Suitcases,Non-Fiction,Kamiliant by American Tourister,Puffin Books
0.3469387755102041,0.15014577259475217,0.2549019607843137,0.05742296918767506,0.2394076527878773,0.0036047564058549926,0.8751560447148656,0.09199938413095445,191,-0.1605766603663484,0.15243808054249522,0.125,0.08900523560209424,1.0,0.3436074463369574,0,Flipkart,Perfumes,Wardrobes,THE MAN COMPANY,Flipkart Perfect Homes
0.14754098360655737,-0.010538641686182681,0.17307692307692307,0.03708791208791207,0.012119777792808577,-0.002957394664907155,0.16174288564858055,0.06416618540353318,432,0.11081399088269116,0.006483863966702936,0.050359712230215826,0.0625,1.0,0.11161610524378467,0,Flipkart,Perfumes,Televisions,BELLAVITA,Coocaa
0.06,-0.031428571428571445,0.10344827586206896,0.022167487684729037,0.002120896615581141,-0.0006101160212498946,0.22177487427235748,0.02259811736992369,640,0.17835319667876182,0.02268308334305517,0.03816793893129771,0.05405405405405406,0.9390625,0.17352743439317714,0,Myntra,Shirts,Perfumes,Snitch,Ajmal
0.0,-0.009852216748768473,0.0,-0.025974025974025972,-0.021761704871568005,-0.00028125415917143866,0.4271113206885907,0.001312915797218812,1093,-0.08253546464633293,-0.05856879950635023,0.01639344262295082,0.022768670309653915,1.0,0.1001018959219751,0,Croma,TWS Earbuds,Speakers,Sony,Philips
0.0,0.0,0.0,-0.015527950310559006,-0.0004589272446986667,-8.608030315156276e-05,0.19105756850354236,0.00045986899297299793,1490,0.3538414922454159,2.023245128413397e-06,0.0,0.012056262558606833,1.0,0.35378006555314045,0,Croma,Speakers,Earphones,Croma,JBL
0.23636363636363636,0.025974025974025983,0.2413793103448276,0.019704433497536922,0.017866744760127833,0.004267011830262879,0.4336249866986598,0.05868507361215535,577,-0.025225278619065875,0.04425430180603938,0.0975609756097561,0.08164905587586,1.0,0.04976484827179357,0,Flipkart,Casual Shoes,Pressure Washers,RED CHIEF,OEM
0.34615384615384615,0.21840659340659338,0.0975609756097561,-0.0017421602787456442,-0.005448208092974817,0.0016675128236550473,0.10134967942619186,0.15394239606254828,496,0.33758447397348745,-0.009798908175833237,0.0784313725490196,0.11201298701298701,0.8346303501945526,0.3680736145853065,0,Amazon,Speakers,Power Banks,boAt,URBN
0.14285714285714285,0.005102040816326536,0.15625,-0.003348214285714274,-0.08310511665190486,-0.004465860238115665,0.09093655042901201,0.04225817338911454,604,0.2799778342102264,-0.040623092525841197,0.0196078431372549,0.5105807086614174,1.0,0.28674044121319053,0,Amazon,Power Banks,Pens \u0026 Writing Instruments,unknown,Parker
0.20689655172413793,0.11330049261083745,0.14285714285714285,0.0433673469387755,0.04256566350485756,0.006287866709183672,0.1331424259266681,0.11818805629086698,234,0.14473333574569958,0.07081549037662285,0.08695652173913043,0.07692307692307693,1.0,0.13726067943827971,0,Myntra,Perfumes,Smartwatches,Ajmal,Titan
0.13392857142857142,-0.058035714285714246,0.14814814814814814,-0.05291005291005296,-0.006064013431840869,-0.01102978141527077,0.2957298956918006,0.03209738773916318,606,-0.22907039943867946,-0.0037215751715392793,0.06511627906976744,0.09075907590759076,1.0,0.24187965360400315,0,Myntra,Perfumes,Mens Watches,SKINN,Timex
0.09090909090909091,0.022727272727272735,0.037037037037037035,-0.021164021164021163,-0.0008487474436347481,-0.00013898772123726325,1.1645647839111748,0.003959520385041872,1360,0.3659725320416824,-0.0005369414833881714,0.019230769230769232,0.007283321194464676,1.0,0.3757686757848239,0,Croma,Earphones,Speakers,GOBOULT,Philips
0.24096385542168675,0.06626506024096385,0.11842105263157894,-0.03195488721804511,0.011143722496351606,-0.00044616299821534713,0.14345620884326615,0.0787829955260795,430,0.18750066371420557,0.02146436302564265,0.1144578313253012,0.0951276102088167,1.0,0.22507393525584576,0,Flipkart,Mixers \u0026 Grinders,Ready-to-Eat,Beyond Appliances,Yogabar
0.0,0.0,0.0,0.0,0.0,0.0,0.032117385806138196,0.0,145,0.016614799775152556,0.01740603583372702,0.025,0.13725490196078433,1.0,0.053500847070592855,0,Croma,Earphones,Laptops,JBL,Lenovo
0.3228346456692913,-0.012935883014623228,0.4126984126984127,0.10884353741496594,-0.015066340611249127,-0.005680552461572737,0.35402490710543516,0.11523303983024731,426,-0.19355973672770535,-0.012689303164273245,0.14102564102564102,0.11943793911007025,1.0,0.22450960957089058,0,Myntra,Shampoos,Mens Watches,MATRIX,Timex
0.1794871794871795,-0.026556776556776573,0.2777777777777778,0.08630952380952384,0.019079594579415347,0.0025441376188320517,0.1312812694356224,0.04924024107914475,488,0.23821695646012866,0.04197350189683824,0.1118421052631579,0.11424269798253538,0.9161554192229039,0.2518598657322815,0,Amazon,Suitcases,Massage \u0026 Relaxation,American Tourister,CULT
0.19230769230769232,0.053571428571428575,0.23636363636363636,0.1,0.1510105555874412,0.0021436004162330904,0.09393130189774127,0.08336796515489182,497,0.3886231608587066,0.13078068536263174,0.14814814814814814,0.07243460764587525,1.0,0.3715931361940495,0,Amazon,Lingerie \u0026 Sleepwear,USB Hubs \u0026 Adapters,PLETHEON,ZEBRONICS
0.0625,0.02232142857142857,0.19047619047619047,0.1020408163265306,-0.0029005292821361107,0.001506143479984146,0.5371226063947189,0.01278337029520214,450,0.7751519903591251,0.0006908102375395052,0.05,0.5028712059064807,1.0,0.7841607936206874,0,Croma,Earphones,TWS Earbuds,GOBOULT,Noise
0.0,-0.012422360248447204,0.0,-0.02100840336134454,-0.0015747839935312635,-0.00014467592592592592,0.6204041889333601,0.002995241255815909,348,0.5121838100733033,6.621714322675543e-07,0.0,0.026019026019026018,1.0,0.5121237376125051,0,Myntra,Mens Outerwear,Headphones,HRX by Hrithik Roshan,boAt
0.22807017543859648,0.10150375939849623,0.234375,0.07477678571428573,-0.03107249877404801,0.0035300237812128446,1.1037415896402056,0.19544690599541675,245,0.3778412187739148,0.024021037049945314,0.08264462809917356,0.08727272727272727,1.0,0.4736097795278646,0,Flipkart,Induction Cooktops,Smartwatches,KAPLI,Fire-Boltt
0.18666666666666668,0.0380952380952381,0.15789473684210525,-0.016917293233082692,-0.13792195507856492,-0.011926328502415456,0.19651161814902163,0.10107589418003991,290,0.0986339465934586,-0.0837435351702166,0.11612903225806452,0.058419243986254296,1.0,0.10679727990800456,0,Flipkart,Electric Trimmers \u0026 Shavers,Diapers,BEARDO,Huggies
0.0,-0.011904761904761904,0.0,-0.017857142857142856,-0.00029766455159107604,-6.087168249330412e-05,0.08225953890810231,0.00029969291405712665,450,-0.06250950417969577,0.00011557563898293616,0.0,0.0021494288511180863,1.0,0.06412056080018591,0,Croma,TWS Earbuds,Speakers,Noise,Croma
0.375,0.2857142857142857,0.3333333333333333,0.18650793650793648,-0.27284739582327,-0.016419753086419752,0.19338041788990162,0.3845821206079286,94,-0.24070978036392016,-0.19596750867975782,0.17647058823529413,0.12631578947368421,1.0,0.20019362257842388,0,Amazon,Suitcases,Perfumes,LAttitude By Provogue,WILD STONE CODE
0.14285714285714285,0.13265306122448978,0.0,-0.011904761904761904,-0.010220890582680265,-3.7485158220167204e-05,0.3909257657796218,0.05281548666126789,1146,-0.3114244398557552,-0.029344009234233494,0.05555555555555555,0.01033946588884223,0.9869281045751634,0.31424269110346753,0,Croma,Earphones,TWS Earbuds,JBL,GOBOULT
0.15384615384615385,0.037087912087912095,0.1,0.008928571428571438,0.16374130132822848,0.006626989619377163,0.1753565977531942,0.024741521236990287,445,0.2887446952143149,0.18793496952880023,0.07368421052631578,0.038202247191011236,1.0,0.2950946177072851,0,Flipkart,Refrigerators,Womens Track Pants,LG,REEBOK
0.029411764705882353,0.018907563025210083,0.0,-0.02895752895752896,-0.020209254004495553,-0.00033398931401608335,0.38145957569474376,0.0012912426962752475,1093,-0.17647786428912524,-0.05538989252091309,0.0136986301369863,0.0283363802559415,1.0,0.2124529794389313,0,Croma,Speakers,TWS Earbuds,Philips,Sony
0.1,0.08571428571428572,0.0,0.0,0.004874442780621268,-0.0015432098765432098,0.19661675208142265,0.0994907985983702,144,0.0826927960766201,0.1064686746047389,0.041666666666666664,0.07006369426751592,1.0,0.09815759763851438,0,Amazon,Computer Accessories,Fiction,KARNAGE,unknown
0.0,0.0,0.0,-0.015527950310559006,-0.0004589272446986667,-8.608030315156276e-05,0.19105756850354236,0.00045986899297299793,1490,0.3538414922454159,2.023245128413397e-06,0.0,0.012056262558606833,1.0,0.35378006555314045,0,Croma,Speakers,Earphones,Croma,JBL
0.0,0.0,0.0,0.0,-0.00029014786912832144,-6.510238206189524e-05,0.6525685789099192,0.00029090964208827974,1146,0.15669841803988127,-0.0002564580038353188,0.0,0.013039934800325998,1.0,0.15744824911819502,0,Croma,Speakers,TWS Earbuds,Croma,GOBOULT
0.21951219512195122,-0.00871080139372829,0.2545454545454545,0.03051948051948053,0.04447077127298502,0.00978251375665997,0.12199001744609707,0.08603406473083985,878,-0.1479301839506778,0.03311150153947757,0.13991769547325103,0.09339407744874716,1.0,0.16710612411014208,0,Amazon,Car Cleaning Kits,Kitchen Storage \u0026 Containers,WOSCHER,MILTON
0.2727272727272727,0.17857142857142858,0.17391304347826086,0.08695652173913045,0.03501983759614133,0.004976260043827611,0.12810241567615108,0.17622835599086029,148,0.39440235187221595,0.024512190544688423,0.0625,0.13725490196078433,1.0,0.3922540391680114,0,Croma,Laptops,TWS Earbuds,Lenovo,Sony
0.3770491803278688,0.05093676814988285,0.38524590163934425,0.0550351288056205,0.0008460886468962249,0.006138392857142856,0.858634111720188,0.09428150354170878,476,0.11086771396446034,0.009323707219661866,0.17391304347826086,0.15723270440251572,1.0,0.11287065051389657,0,Myntra,Womens Slippers,Mens Watches,Red Tape,Titan
0.029411764705882353,-0.008403361344537806,0.028037383177570093,-0.015353805073431242,-0.027102716932449623,-0.0036294077124559045,0.34216899156830516,0.04673361254472896,1043,-0.11199812533883288,-0.03396266814854314,0.02040816326530612,0.0812720848056537,1.0,0.11707336836825583,0,Flipkart,TWS Earbuds,Casual Shoes,boAt,NIKE
0.3,0.06428571428571431,0.21621621621621623,0.038610038610038616,0.0164136881925122,0.0030943508947958998,0.1394824499970293,0.05539177053910625,533,-0.003596247556639827,-0.0037010789154438956,0.1407035175879397,0.12222222222222222,1.0,0.01542469139508368,0,Flipkart,Cycling,Perfumes,Crow,BELLAVITA
0.09574468085106383,0.015957446808510647,0.10638297872340426,0.0075987841945288626,-0.043156579162502144,-0.008115079365079365,0.6073176586265006,0.0706452619345943,448,0.11228022426233795,-0.05077308172616577,0.06153846153846154,0.11123953766440813,1.0,0.15192679069918685,0,Myntra,Headphones,Casual Shoes,boAt,Puma
0.3064516129032258,0.16359447004608296,0.16666666666666666,0.028571428571428553,0.10221465561285199,0.00810394303326602,0.2576764876801288,0.17355548809274818,400,-0.09912035727092353,0.1438465062896403,0.07751937984496124,0.12027519893899205,0.9800498753117207,0.196410556847093,0,Amazon,Cleaning Supplies,Eye Care,Presto!,LENSKART BLU
0.11842105263157894,0.019266917293233085,0.15300546448087432,0.04137392661982828,0.009708947822887637,-0.003903639451993764,0.21901390283439898,0.04835488203303026,1098,0.11014244976896796,0.011745248043205531,0.0725,0.15760869565217392,1.0,0.12030116605368184,0,Amazon,Food Processors \u0026 Choppers,Console Games,AGARO,Take 2
0.29357798165137616,0.030144167758846707,0.2549019607843137,0.011204481792717075,-0.042708782325923816,0.0042935147861007765,0.19701029180458413,0.04593465815671336,875,0.038279321374721634,-0.02646760220138561,0.1497584541062802,0.07314285714285715,1.0,0.04154732518047348,0,Amazon,Kitchen Storage \u0026 Containers,Power Banks,MILTON,Samsung
0.3,0.058571428571428524,0.26732673267326734,0.0728429985855728,0.057523055957530586,0.0072363991567422,0.26050982599693995,0.0584282265149586,713,0.05493550077602915,0.037254050537910026,0.12698412698412698,0.12184873949579832,1.0,0.055752082701504155,0,Flipkart,Jeans,Car Electronics,Tokyo Talkies,AGARO
0.3096774193548387,0.08202764976958524,0.24025974025974026,0.006493506493506496,-0.05404698525150087,-0.00017472538992882765,0.14690834586417525,0.051426456956020807,916,-0.330267811813591,-0.08392824369488722,0.132013201320132,0.10010881392818281,1.0,0.3438917659994224,0,Amazon,Pens \u0026 Writing Instruments,Kitchen Appliances,Parker,Aquaguard
0.08130081300813008,0.024390243902439025,0.04580152671755725,-0.029989094874591067,0.0031331234989723485,0.0009742508301303612,0.15025457561436845,0.03477603648821891,1709,0.054877238009880945,0.01628365788413329,0.02702702702702703,0.011695906432748537,1.0,0.07295663679499831,0,Myntra,Serums,Casual Shoes,Minimalist,Nike
0.0,-0.01948051948051948,0.0,-0.009920634920634922,-0.0004900475272835295,-0.000443244170096022,1.0216140397157065,0.0035572840524904685,1080,-0.23151533533203028,4.509312615818904e-06,0.0,0.022768670309653915,1.0,0.2709144146493254,0,Croma,TWS Earbuds,Earphones,Sony,GOBOULT
0.0,0.0,0.0,0.0,0.0,0.0,0.030517011356019752,0.0,145,0.016614799775152553,0.01740603583372702,0.025,0.13725490196078433,1.0,0.053500847070592855,0,Croma,Laptops,Earphones,Lenovo,JBL
0.0,0.0,0.0,0.0,-0.00029014786912832144,-6.510238206189524e-05,0.8878404819102405,0.00029090964208827974,1146,0.1566984180398813,-0.0002564580038353188,0.0,0.013039934800325998,1.0,0.15744824911819502,0,Croma,TWS Earbuds,Speakers,GOBOULT,Croma
0.0,0.0,0.0,-0.015527950310559006,-0.0004589272446986667,-8.608030315156276e-05,0.19105756850354236,0.00045986899297299793,1490,0.3538414922454159,2.023245128413397e-06,0.0,0.012056262558606833,1.0,0.35378006555314045,0,Croma,Speakers,Earphones,Croma,JBL
0.05405405405405406,-0.03474903474903476,0.08823529411764706,0.006302521008403367,0.022039701279334595,-0.0007366804430071544,0.4680002960939897,0.1694022750468376,297,-0.10184873988570262,0.04724100026825761,0.024691358024691357,0.11409395973154363,1.0,0.14709981948630563,0,Flipkart,Dishwashers,Fitness Equipment,Beyond Appliances,HRX
0.06896551724137931,-0.03201970443349755,0.0625,-0.037946428571428575,-0.0476491398336828,-0.01822314049586777,0.3868662121412887,0.10074523040955408,118,0.2350407017674324,-0.038256978498402795,0.03125,0.0423728813559322,1.0,0.2552180666146586,0,Flipkart,Mixers \u0026 Grinders,Laptops,AGARO,ASUS
0.421875,0.109375,0.3697478991596639,0.05582232893157263,-0.020089779704602764,0.006457496455576563,0.16857377278837066,0.05951051428948048,384,-0.3767864395306154,0.023084195386949575,0.23580786026200873,0.17142857142857143,1.0,0.388595535713749,0,Flipkart,Tool Kits \u0026 Sets,Office Desks,INGCO,WUDYHOME
0.23809523809523808,0.15646258503401358,0.13043478260869565,0.05900621118012424,0.06108577079960985,-0.00023805401662049808,0.1408706733576439,0.17332832974195703,152,0.40925007197182023,0.041970176642918106,0.06521739130434782,0.13725490196078433,1.0,0.419823757520829,0,Croma,Laptops,TWS Earbuds,Lenovo,Sony
0.018867924528301886,-0.008086253369272236,0.0,-0.04582210242587601,-0.007444383901365476,-0.004182275729932226,0.7440487281696824,0.08880544974530195,398,-0.27688680919022857,5.100680719799984e-05,0.0,0.06109922948466294,1.0,0.298945282200936,0,Myntra,Mens Watches,Headphones,Timex,boAt
0.4453125,0.1049107142857143,0.44881889763779526,0.10292463442069733,0.02272621720447026,0.01714307507484602,0.11902420811383102,0.07018729132308779,486,0.1809336191463195,0.03899183798555829,0.2345132743362832,0.14989733059548255,1.0,0.17507246506450044,0,Myntra,Perfumes,Cargos,Giorgio Armani,HIGHLANDER
0.0,0.0,0.14285714285714285,0.13265306122448978,-0.0006841960872574394,-0.0005391628271738065,0.3275927213046772,0.4976734397583191,109,0.08511675607929475,-0.002356514360662188,0.0,0.07339449541284404,1.0,0.27278459822933065,0,Flipkart,Gas Stoves,Speakers,Natraj Aatamaker,TRIGGR
0.4367816091954023,0.029556650246305438,0.45614035087719296,0.059314954051796154,-0.020440731380292364,-0.010380622837370242,0.3736859847844048,0.12950332781692284,502,0.2871145322869845,-0.006790639914208177,0.2453416149068323,0.11145703611457036,1.0,0.3167144004347764,0,Flipkart,Grains \u0026 Pulses,Sarees,Yogabar,Maasaree
0.06944444444444445,-0.005952380952380945,0.13114754098360656,0.06088992974238876,-0.0046790605789958015,7.560361929646181e-06,0.3171501210557296,0.01990079785101548,1020,0.26073926359712224,-0.005009016578465267,0.041666666666666664,0.07347140039447732,1.0,0.26398282701664055,0,Amazon,Headphones,Power Banks,PTron,URBN
0.19444444444444445,0.011904761904761946,0.19736842105263158,0.045112781954887216,0.0006060352906905516,0.001777506463659869,0.5507842018605091,0.13324306893325338,514,-0.1511453458275679,0.0032956969858818474,0.05128205128205128,0.0970873786407767,1.0,0.26144374088349603,0,Myntra,Medical Devices,Mens Watches,CULT,Timex
0.30952380952380953,0.14625850340136057,0.2127659574468085,0.022796352583586643,-0.09761945916878338,-0.003837429111531192,0.2367700957146723,0.15735419251508737,242,-0.13716128992744125,-0.15099565709429855,0.17777777777777778,0.12757201646090535,1.0,0.13403051838889324,0,Flipkart,Keyboards,Garden Tools,HP,ProHome
0.07142857142857142,0.028061224489795915,0.05405405405405406,-0.023166023166023147,-0.016660950399560153,0.0008962453042466773,0.6323887355017469,0.060107109564961514,486,0.1389566957242733,0.007549697244615779,0.046153846153846156,0.5061855670103093,1.0,0.15479115690674827,0,Myntra,Shirts,Casual Shoes,HIGHLANDER,Nike
0.10144927536231885,0.0031055900621117932,0.1076923076923077,0.06043956043956044,0.019450969620017723,0.0014384640087080403,0.1446848418860194,0.17783736035076209,1378,-0.3247397639875731,0.004145239309928295,0.05625,0.015228426395939087,1.0,0.3499792528191652,0,Amazon,Cleaning Supplies,Instruments,Presto!,IBANEZ
0.15254237288135594,0.05690072639225181,0.2909090909090909,0.15844155844155844,-0.005939996323279064,0.0035045583766297426,0.6214306315099433,0.14349409387169895,214,0.5053991068962116,0.031979544967531984,0.10526315789473684,0.14693813131313133,1.0,0.5250452288208249,0,Flipkart,Console Games,Gym Equipment,EA Games,Adrenex
0.29473684210526313,0.03834586466165413,0.2777777777777778,0.015873015873015817,0.0065322781318520665,0.0042356949378841505,0.18366197273143026,0.06324012649190337,377,0.1875180583773683,0.030948755284878234,0.1497326203208556,0.16528554313099042,1.0,0.18788940564893528,0,Flipkart,Office Desks,Mixers \u0026 Grinders,EuroQon,Flipkart SmartBuy
0.0,-0.05357142857142857,0.0,-0.028571428571428574,-0.006782623305519114,-0.0037182260681449435,0.11265731041211406,0.03837842653893836,90,0.6023473468658763,-0.03667970565082031,0.15,0.1588235294117647,0.9574468085106383,0.6225582607455467,0,Amazon,Tool Kits \u0026 Sets,Vehicles,Eastman,Storio
0.1411764705882353,-0.011764705882352927,0.1919191919191919,-0.007936507936507964,-0.005428447727418991,-0.015005841089459165,0.1797437668858157,0.11085670234254741,453,-0.07355290780042023,0.03454641582535536,0.09045226130653267,0.22131603336422614,1.0,0.12388266098889786,0,Myntra,Cargos,Perfumes,HIGHLANDER,Ajmal
0.0,-0.01477832512315271,0.041666666666666664,0.020833333333333332,0.0006319741413977516,-0.001638766899783654,0.6817444512875427,0.020400236042345164,397,-0.22108096748638342,-7.295969354800979e-06,0.0,0.01624031007751938,1.0,0.26175491705208453,0,Myntra,Mens Outerwear,Shirts,HRX by Hrithik Roshan,Snitch
0.08823529411764706,0.029411764705882366,0.058823529411764705,0.019957983193277316,-0.0022386909835169513,0.0011529411764705884,0.33834038883177203,0.02584672419015911,872,-0.3303606187277964,-0.000904840593482219,0.027586206896551724,0.0567960088691796,1.0,0.3436869365997354,0,Amazon,Kitchen Storage \u0026 Containers,Soft Toys,MILTON,DIKANG
0.0,-0.06190476190476191,0.10526315789473684,0.06015037593984962,-0.6624583182160599,-0.004919982698961937,0.24910785721695744,0.20294878700960695,142,-0.22305430674566495,-0.3620567850133252,0.09302325581395349,0.1307843137254902,1.0,0.18356443090891883,0,Myntra,Kurtas \u0026 Kurtis,Bath \u0026 Body,FUBAR,Parachute
0.4634146341463415,0.09988385598141702,0.4583333333333333,0.08988095238095245,0.041244593333490516,0.0049867436343740135,0.35350647131142354,0.09690113123889448,385,0.05596993057547953,0.07513818629379451,0.24583333333333332,0.25373790677220753,1.0,0.04917602288310591,0,Flipkart,Office Desks,Electric Trimmers \u0026 Shavers,WUDYHOME,PHILIPS
0.28125,0.04910714285714285,0.3048128342245989,0.08861726508785334,0.08906129980369429,0.010307241050004416,0.3353194359970739,0.05865331561080228,1544,0.20590474049884766,0.06384216598621457,0.14565826330532214,0.37742279020234293,1.0,0.20442427389015816,0,Myntra,Perfumes,Casual Shoes,SKINN,Puma
0.06451612903225806,0.03225806451612903,0.05555555555555555,0.007936507936507929,-0.0007734122034859435,-6.694073897959231e-05,0.7693123334399031,0.1125759237275974,2869,0.28059688216986645,-0.00013507700707465653,0.03076923076923077,0.006966213862765587,1.0,0.3283158150968,0,Croma,Speakers,Earphones,Philips,JBL
0.1694915254237288,0.01937046004842613,0.15384615384615385,0.030219780219780223,0.04141816102959547,0.002095717116293249,0.12346390697160659,0.06272922726726082,504,0.1760925036683504,0.003715895229352362,0.10743801652892562,0.07889546351084813,1.0,0.1725905550969267,0,Amazon,Suitcases,Guitars,unknown,amazon basics
0.0625,0.02232142857142857,0.19047619047619047,0.1020408163265306,-0.0029005292821361107,0.001506143479984146,0.8087670152889923,0.01278337029520214,450,0.7751519903591251,0.0006908102375395052,0.05,0.5028712059064807,1.0,0.7841607936206874,0,Croma,TWS Earbuds,Earphones,Noise,GOBOULT
0.3163265306122449,0.0962099125364432,0.17777777777777778,0.023015873015873045,0.030126153535366306,0.00700788476881168,0.5450759069874062,0.05622201226753059,397,0.3362851329615121,0.005581789182431359,0.11475409836065574,0.1559353567780534,1.0,0.3602428656257917,0,Myntra,Mens Outerwear,Shampoos,HRX by Hrithik Roshan,MATRIX
0.09375,0.05133928571428571,0.16666666666666666,0.1357142857142857,-0.009363976190587528,0.0020710776213453187,0.062329714912745096,0.12424924981080593,381,-0.16759552465213967,-0.005704976559339679,0.045454545454545456,0.05249343832020997,1.0,0.20362449545920697,0,Amazon,Mens Watches,Smartwatches,Fastrack,Apple
0.13793103448275862,-0.027093596059113295,0.2,0.1,-0.011313166078531705,-0.014993752603082049,0.6176885672350656,0.05865978126279884,153,-0.1379473928476844,-0.01242603213480226,0.03773584905660377,0.18984547461368653,1.0,0.1791107886535208,0,Myntra,Smartwatches,Protein \u0026 Sports Nutrition,Fastrack,MuscleBlaze
0.3524590163934426,0.08489461358313816,0.3391304347826087,0.0993788819875776,0.06473624949516003,0.01012939906032545,0.1328426907977813,0.07308826187506837,1017,0.4801682748367572,0.07073262677092602,0.16595744680851063,0.08644400785854617,1.0,0.48757648393765235,0,Flipkart,Non-Fiction,Perfumes,CBS Publishers and Distributors Private Limited,BELLAVITA
0.5384615384615384,0.22747252747252739,0.5522388059701493,0.2196162046908316,0.09443115554137302,0.044928107856144,0.13894016981758353,0.21219502269201374,179,0.130577181776428,0.11715530155319774,0.3333333333333333,0.09497206703910614,1.0,0.1553675826481479,0,Flipkart,Professional \u0026 Salon,Drills,Mizu,BOSCH
0.03278688524590164,0.013466042154566746,0.058333333333333334,0.01785714285714285,0.0004782205050490286,-0.0039725286160249736,0.24620175710624115,0.013700814626917133,814,0.6276301141886064,0.0019379112305422308,0.013651877133105802,0.025766871165644172,1.0,0.6279330550167009,0,Flipkart,Coffee Tables,Suitcases,MODERN CRAFTHOUSE,NASHER MILES
0.2717391304347826,0.07531055900621117,0.3170731707317073,0.11324041811846686,-0.015187730052013832,-0.0038844534765568265,0.1398492916935412,0.11981118676489227,435,0.15938635093105963,-0.013777140793193253,0.12365591397849462,0.3197940503432494,1.0,0.19678872477375633,0,Flipkart,Headphones,Drills,boAt,LEOFAST PROFESSIONAL
0.0392156862745098,-0.0196078431372549,0.1016949152542373,0.025423728813559324,-0.00515756313590515,-0.0030300453514739223,0.7511759233697257,0.2026301171749546,448,-0.3767218252242288,0.00041647972872593933,0.028985507246376812,0.11766735679779157,1.0,0.3992635716636492,0,Myntra,Perfumes,Headphones,Ajmal,boAt
0.4166666666666667,0.2857142857142857,0.20689655172413793,0.03448275862068967,-0.11358506083373572,0.003816568047337276,0.15554658277550523,0.3498600915714327,136,0.33045449566218327,-0.13647566855562754,0.11320754716981132,0.10218978102189781,1.0,0.3946699000938429,0,Myntra,Moisturizers,Suitcases,The Face Shop,Aristocrat
0.20535714285714285,-0.001275510204081648,0.3275862068965517,0.10714285714285712,-0.04568478541802259,0.0065362421112162075,0.3974147515659841,0.12335733492951359,486,-0.33064758440531294,-0.04502984252963376,0.1095890410958904,0.06378600823045268,1.0,0.36856224384735065,0,Myntra,Shampoos,Shirts,MATRIX,HIGHLANDER
0.17391304347826086,0.07608695652173912,0.02631578947368421,-0.007518796992481196,-0.030254267636618887,0.0018845467169212459,0.18299241586690132,0.1052618433063907,508,-0.07245696221772244,-0.01676169364849008,0.08695652173913043,0.023575638506876228,1.0,0.10140955115217767,0,Amazon,Mens Grooming,Instruments,CULT,IBANEZ
0.3076923076923077,0.13324175824175824,0.2037037037037037,0.03306878306878305,-0.006550357979818541,0.0008347942232239756,0.22157170068008986,0.009748539958444992,375,0.011944414894596706,-0.004073291701816035,0.09433962264150944,0.06382978723404255,1.0,0.0856790224343517,0,Amazon,Mens Watches,Gym Equipment,TIMEX,BOLDFIT
0.3389830508474576,0.06174334140435833,0.28448275862068967,0.027709359605911366,-0.0024392771200456237,0.0007388572680625122,0.1664518462254637,0.02730956898428605,476,0.37555073161033514,0.04017752808934835,0.1590909090909091,0.15723270440251572,1.0,0.37169882181296865,0,Myntra,Serums,Mens Watches,deconstruct,Titan
0.13157894736842105,0.08082706766917293,0.1282051282051282,0.07692307692307693,-0.07712305789088694,0.003789622386946239,0.21883744117157708,0.22645755244622315,1094,0.10365662354314382,-0.07873632266211983,0.05405405405405406,0.022768670309653915,1.0,0.1395699678416508,0,Croma,TWS Earbuds,Speakers,Sony,Croma
0.1323529411764706,0.04726890756302522,0.07692307692307693,0.024725274725274728,-0.010151672059189187,-0.00215136239817804,0.7020702886051197,0.07008164171999456,732,0.3182743221947416,-0.0021009615040334167,0.025,0.08465608465608465,1.0,0.3197526180636083,0,Flipkart,Cycling,Non-Fiction,XCi,Simon & Schuster
0.2323943661971831,0.0643863179074447,0.17482517482517482,0.029970029970029927,-0.01571435354788636,0.0023231926586338237,0.37802972199343204,0.113405626974082,1497,-0.2394366320511305,0.0005282253797663681,0.10919540229885058,0.09345794392523364,1.0,0.2611768862234551,0,Amazon,Bath \u0026 Body,Desktops,Amazon Brand - Solimo,LG
0.05194805194805195,0.028756957328385898,0.0375,0.006250000000000002,0.011889896815236504,0.0018953471086665678,0.15791430443552804,0.11903433935053284,460,0.21612910178733433,0.018751021502270832,0.023668639053254437,0.010845986984815618,1.0,0.19540199537153283,0,Myntra,Moisturizers,Tracksuits,The Face Shop,Nike
0.24242424242424243,0.07575757575757577,0.26865671641791045,0.14392324093816633,0.0015764865006337363,0.009632335037740443,0.23960293581924977,0.11559505950617947,587,0.13283204879236946,0.012481272842244467,0.14285714285714285,0.06972789115646258,1.0,0.13683239886815599,0,Amazon,Dash Cameras,Laptop Backpacks,NEXDIGITRON,Safari
0.3333333333333333,0.13095238095238096,0.29411764705882354,0.07282913165266106,0.011857508468308348,0.009454911746525952,0.35434454095978474,0.05389237978502886,219,0.0598854622437146,0.01409557579804722,0.16326530612244897,0.16818181818181818,1.0,0.061906808874025915,0,Myntra,Mens Watches,Bottoms,Timex,Stylecast X Kotty
0.09090909090909091,0.035714285714285726,0.1,-0.0035714285714285587,-0.0477393015484459,-0.007796388511644285,0.12471220539024779,0.13882968466808684,153,0.18974523429237888,-0.08152713228620478,0.08163265306122448,0.0784313725490196,1.0,0.2921490939328313,0,Flipkart,TWS Earbuds,Small Appliances,Mivi,HAVELLS
0.0,-0.015037593984962405,0.0,-0.010714285714285714,-0.0005333768877884428,-0.0005281207133058985,1.0326141547388965,0.0033392275719730403,1080,-0.38994946393507135,4.280116810876447e-06,0.0,0.0283363802559415,1.0,0.43677355585739625,0,Croma,TWS Earbuds,Earphones,Sony,GOBOULT
0.14285714285714285,0.13265306122448978,0.0,-0.011904761904761904,-0.010220890582680265,-3.7485158220167204e-05,0.7938615445290399,0.05281548666126789,1146,-0.3114244398557552,-0.029344009234233494,0.05555555555555555,0.01033946588884223,0.9869281045751634,0.31424269110346753,0,Croma,TWS Earbuds,Earphones,GOBOULT,JBL
0.3467741935483871,0.07258064516129042,0.28688524590163933,0.03512880562060888,0.011445984824558018,0.004930051931142029,0.20817433894518245,0.08666628304225678,640,-0.0958657239250505,-0.0038210314183289205,0.14163090128755365,0.1979130960782337,0.99375,0.10205076495142203,0,Flipkart,Perfumes,Cases \u0026 Covers,Ajmal,Portronics
0.43670886075949367,0.0497287522603978,0.4520547945205479,0.10273972602739723,0.009291776406551766,-0.005817226496528424,0.27465871196076636,0.0279345193752111,389,0.048599201179119825,0.016611453724016324,0.22761194029850745,0.14652956298200515,1.0,0.08587325557404966,0,Myntra,Jeans,Moisturizers,Mufti,Nivea
0.08333333333333333,0.05654761904761904,0.0,-0.035714285714285705,0.008720050746153235,0.005478662053056517,0.5704796030641233,0.20590004878687895,110,0.16741625046782355,-5.039053658876676e-05,0.016666666666666666,0.0045871559633027525,1.0,0.19502800440740917,0,Flipkart,Coffee Tables,Speakers,MODERN CRAFTHOUSE,TRIGGR
0.3364485981308411,0.04138851802403204,0.33663366336633666,0.04950495049504944,0.011413346082136311,-0.0030310314300957403,0.18870953431878826,0.08358337340431947,433,-0.12623192819661125,-0.025268806901073793,0.17050691244239632,0.16859122401847576,1.0,0.1888241599678805,0,Flipkart,Mixers \u0026 Grinders,Mens Sneakers,Hindware Smart Appliances,NIKE
0.6164383561643836,0.2690802348336595,0.7058823529411765,0.3539915966386555,-0.05822932566559668,0.02433747971876693,0.13839669554758624,0.14005743133246953,139,0.44576533786219735,-0.010672859450464795,0.42857142857142855,0.4620098039215686,1.0,0.4606143674090916,0,Flipkart,Facial Kits \u0026 Combos,Tool Kits \u0026 Sets,Pilgrim,INGCO
0.31958762886597936,0.07363770250368185,0.3163265306122449,0.07798833819241988,0.035020347754139834,0.00716171667531516,0.3056329033293846,0.053187683217107484,384,-0.07339740131180525,0.05735639262458396,0.17553191489361702,0.0987012987012987,1.0,0.17082331219619326,0,Myntra,Mens Watches,Shampoos,Daniel Hechter,MATRIX
0.20987654320987653,-0.02204585537918871,0.3111111111111111,0.09047619047619046,-0.03971686526438096,0.004168289191516433,0.320024071514664,0.02446926202966407,453,0.02399810639384365,-0.027253939728871798,0.1358695652173913,0.17319511292114032,0.9757709251101322,0.08971165902107428,0,Myntra,Mens Outerwear,Perfumes,Roadster,Ajmal
0.42857142857142855,0.15612244897959182,0.42028985507246375,0.10351966873705992,-0.05676211332061253,-0.010384516460905352,0.1341699144180383,0.10450594242220754,228,0.2824822963475484,-0.06527453734289229,0.21014492753623187,0.09868421052631579,1.0,0.3697469404669805,0,Flipkart,Car Cleaning Kits,Automotive Tools \u0026 Equipment,Car 101,EXIDE
0.22950819672131148,0.09016393442622953,0.19047619047619047,0.0442176870748299,-0.025761929255089838,0.004532863258625033,0.2407693683792088,0.04002959138428676,444,-0.14046241839519794,-0.016166640658196795,0.0967741935483871,0.18565891472868218,1.0,0.13889352787581544,0,Myntra,Casual Shoes,Headphones,Puma,NOISE
0.1794871794871795,0.051282051282051266,0.15217391304347827,0.029503105590062126,-0.2802381596959643,-0.0003786268466361986,0.3938016596961419,0.0879605260073779,400,0.10986606841416553,-0.20653609297621556,0.10465116279069768,0.08478802992518704,1.0,0.12938440879432117,0,Amazon,Eye Care,Massage \u0026 Relaxation,LENSKART BLU,Lifelong
0.27586206896551724,0.1354679802955665,0.3103448275862069,0.16748768472906406,-0.22597296082009807,0.0016435354273192093,0.22782966869966428,0.14391488375914263,148,-0.12211441666141029,-0.19639199247897765,0.18181818181818182,0.13725490196078433,1.0,0.13815388314666185,0,Croma,Speakers,Laptops,Croma,Lenovo
0.0,-0.02976190476190476,0.13333333333333333,0.09047619047619047,-0.0009282041019029579,0.0018170488403877068,1.2467001999400609,0.003214304987358294,450,0.07092834340227845,0.005323728014585248,0.03571428571428571,0.004269449715370019,1.0,0.07483630369433625,0,Croma,TWS Earbuds,Speakers,Noise,Philips
0.1111111111111111,-0.019047619047619035,0.047619047619047616,-0.06462585034013603,0.010506657506987961,-0.002415744808237203,0.23239948597340976,0.03431516804911351,475,-0.009448328267691267,-0.009731973442828062,0.0425531914893617,0.042105263157894736,1.0,0.03410178706500309,0,Myntra,Casual Shoes,Smartwatches,ASIAN,Titan
0.0,-0.004608294930875576,0.0,-0.012987012987012988,-0.00034049868368350424,-0.00025789753638773055,0.724524599569549,0.00034127592455431596,1360,0.13861600239753624,-0.0026259709598562596,0.014705882352941176,0.004682004816271374,1.0,0.13705695346329363,0,Croma,Speakers,Earphones,Croma,GOBOULT
0.0,0.0,0.0,0.0,0.0,0.0,0.06588763714185931,0.0,253,0.35539571836624834,-0.0005031059669899402,0.0,0.1607717041800643,1.0,0.37393602531041137,0,Flipkart,Perfumes,Drills,Wild Stone,INGCO
0.48484848484848486,0.2900432900432901,0.35135135135135137,0.16023166023166027,0.2136753805039643,0.03290295710120783,0.22379449953085004,0.10536521497262032,153,0.1515586393421063,0.18572344591438164,0.22033898305084745,0.12337662337662338,1.0,0.1202942933153475,0,Myntra,Smartwatches,Womens Watches,Fastrack,CASIO
0.1951219512195122,-0.005226480836236974,0.14285714285714285,-0.029684601113172587,0.02271158861329063,-0.0019368658949011457,0.35347265471854816,0.03655133925827576,524,-0.15761994729543807,0.002057698781310231,0.0851063829787234,0.11428571428571428,1.0,0.2273602542405102,0,Amazon,Desktops,Light Bulbs,LG,Crompton
0.375,0.24999999999999997,0.19047619047619047,0.07142857142857142,-0.04407759583779815,0.0019185744016649315,0.5131093903547952,0.3127242660902704,136,0.4608066446071509,0.038935320100423707,0.12962962962962962,0.13125,1.0,0.4639042203227906,0,Flipkart,Non-Fiction,Chimneys,Simon & Schuster,AQUALYT
0.03333333333333333,-0.009523809523809525,0.034482758620689655,-0.014778325123152712,0.0010495819927818294,-0.0009476735543332838,0.40403061551792985,0.006198995580301782,460,0.02325892023836355,-0.0003764442234348084,0.012987012987012988,0.010845986984815618,1.0,0.023903348991453303,0,Myntra,Mens Watches,Tracksuits,WROGN,Nike
0.078125,0.012276785714285712,0.017857142857142856,-0.04336734693877551,0.015259809655411903,-0.00045744599743617435,0.14728504925823702,0.06707248336087229,773,-0.060338284588851744,0.012823662872295208,0.023076923076923078,0.04398447606727038,1.0,0.07027485274076556,0,Amazon,Home Projectors,Smartwatches,E GATE,Fastrack
0.0,0.0,0.0,0.0,0.0,0.0,0.030517011356019752,0.0,145,0.016614799775152553,0.01740603583372702,0.025,0.13725490196078433,1.0,0.053500847070592855,0,Croma,Laptops,Earphones,Lenovo,JBL
0.2109375,0.05691964285714285,0.20300751879699247,0.04833512352309341,0.009579861139786205,0.003642056387993641,0.10946072155922008,0.07621775239145451,1101,0.38003493459550947,0.029797169107490033,0.11194029850746269,0.03176043557168784,1.0,0.38611972949970214,0,Amazon,Chairs,Pens \u0026 Writing Instruments,MAHARAJA,Parker
0.4088397790055249,0.0887924230465667,0.45251396648044695,0.12928970470869905,0.04470596501726829,0.02067901234567901,0.2934092120040591,0.0459169372325351,1413,-0.22776929652236852,0.056049772631454775,0.2598684210526316,0.04738330975954738,1.0,0.23688783071113115,0,Myntra,Sunscreen,Perfumes,Lakme,SKINN
0.2916666666666667,0.04687499999999997,0.36363636363636365,0.06558441558441558,-0.010406667191909929,-0.002390861156442676,0.21482802400557954,0.18512385456528554,480,0.20309090278936495,0.00913632234368575,0.16666666666666666,0.15427927927927926,1.0,0.22563656953478037,0,Myntra,Jeans,Perfumes,Louis Philippe Jeans,Ajmal
0.1282051282051282,0.029304029304029297,0.16666666666666666,0.04315476190476189,0.039641368074394,0.007978581703873408,0.21020695822599178,0.024318925392450487,288,0.25087296367413764,0.035636452687105045,0.06741573033707865,0.034722222222222224,1.0,0.24295525426640024,0,Flipkart,Power Banks,Gym Equipment,Portronics,Powermax Fitness
0.054945054945054944,0.010204081632653052,0.0898876404494382,0.04012841091492776,-0.005810336683991065,-0.0002506813733072341,0.14128427216447,0.11275112119965848,459,0.009195196811312133,0.03945002854036994,0.02127659574468085,0.013071895424836602,1.0,0.14723132000227152,0,Myntra,Mens Sports Shoes,Shampoos,Nike,MATRIX
0.2,0.0904761904761905,0.25,0.1607142857142857,-0.0974457605796478,0.0020173252640322773,0.07980864180085713,0.13630542638662027,167,0.008175403120178214,-0.09278553468411478,0.09375,0.04790419161676647,1.0,0.1296722778322139,0,Amazon,Refrigerators,Power Banks,LG,URBN
0.16417910447761194,0.02665245202558636,0.24285714285714285,0.07959183673469386,0.00509284357504171,0.009461280138349855,0.6636172982610051,0.011544196431022596,485,-0.02709379255983393,0.007652388959776664,0.06790123456790123,0.06378600823045268,1.0,0.050642164898641207,0,Myntra,Shirts,Shampoos,HIGHLANDER,Bare Anatomy
0.18292682926829268,-0.006097560975609789,0.22666666666666666,0.06095238095238095,-0.025323630007652073,0.0016696382183506858,0.143404995589906,0.05134790272953154,773,-0.07475071875928924,-0.011537098687592196,0.09146341463414634,0.040103492884864166,1.0,0.08499773554106699,0,Amazon,Smartwatches,Kitchen Storage \u0026 Containers,Fastrack,MILTON
0.0,0.0,0.0,0.0,-0.00029014786912832144,-6.510238206189524e-05,0.6525685789099192,0.00029090964208827974,1146,0.15669841803988127,-0.0002564580038353188,0.0,0.013039934800325998,1.0,0.15744824911819502,0,Croma,Speakers,TWS Earbuds,Croma,GOBOULT
0.2777777777777778,0.1865079365079365,0.125,0.07142857142857142,0.04492274160831376,0.0018321240505714772,0.07994809435338496,0.19220914565863756,211,0.10789161790868008,0.07969710673782401,0.11428571428571428,0.05188679245283019,1.0,0.12231686316776995,0,Amazon,Gym Equipment,Health Monitors,Cockatoo,DR VAKU
0.3891402714932127,0.030704589528118942,0.4260089686098655,0.09096732863549012,-0.05247458756648532,0.0048113123817213055,0.1370887053212274,0.08218008798700042,1216,0.17965753874190307,-0.042955115800581097,0.18632075471698112,0.1388888888888889,1.0,0.19242260084750173,0,Flipkart,Casual Shoes,Cleaning Tools,PUMA,BOSCH
0.22435897435897437,0.05952380952380951,0.19205298013245034,0.03122043519394513,-0.005221011690782346,0.0006900873848246919,0.2693661722531666,0.06960451034793487,1474,-0.10016738864330255,0.0013684270848384262,0.09763313609467456,0.06219702308497235,1.0,0.11341011938554581,0,Flipkart,Car Speakers,Hand Tools,Pioneer,ProHome
0.21153846153846154,0.046703296703296704,0.2631578947368421,0.0864661654135338,0.012852492117638802,0.004755555555555556,0.16189802547552665,0.05005983635726998,318,0.2828869302684297,0.027994222529098445,0.1,0.15949820788530467,1.0,0.2879831477631778,0,Myntra,Womens Watches,Casual Shoes,CASIO,Puma
0.0,0.0,0.0,-0.031746031746031744,0.006212500728953683,-0.0008332516419958828,0.19376036703038196,0.006404037874490189,109,0.13991051519297198,-0.0010892131498093235,0.0,0.5046296296296297,1.0,0.1483577380357772,0,Flipkart,Speakers,Power Banks,TRIGGR,boAt
0.0,0.0,0.0,-0.008403361344537815,-0.000620977522526221,-0.00023523856971589062,0.5980452674872269,0.02758190555400491,1091,-0.39108102125291194,-5.781049329809383e-07,0.0,0.0283363802559415,1.0,0.4174756872755778,0,Croma,TWS Earbuds,Earphones,Sony,JBL
0.14563106796116504,0.053051317614424415,0.0825242718446602,-0.00866851595006933,-0.0019423495025435902,-0.0011826256549849088,3.1552902123022153,0.014637441499079282,1139,0.034264751234911475,-0.0001489611033504118,0.06338028169014084,0.027216856892010536,1.0,0.03455518278061795,0,Amazon,Office Desks,Perfumes,ABOUT SPACE,Wild Stone
0.14285714285714285,0.001275510204081648,0.12280701754385964,0.018796992481202993,0.016236285092714915,0.000320503037147828,0.10943706081614567,0.04121041810384755,374,0.08057229313632262,0.04466696408992725,0.08130081300813008,0.04473684210526316,1.0,0.09213780702450668,0,Amazon,Smartwatches,Tool Kits \u0026 Sets,Apple,Eastman
0.2711864406779661,-0.0012106537530265915,0.36134453781512604,0.08703481392557022,-0.01441744531134328,-0.0005259770797752528,0.3664415934683572,0.075907618447178,426,-0.09957067389695522,-0.024199945942558792,0.15,0.11943793911007025,1.0,0.18265833404811352,0,Myntra,Moisturizers,Mens Watches,The Face Shop,Timex
0.05555555555555555,0.011904761904761904,0.09523809523809523,0.06462585034013604,-0.0011554892951139138,-0.0007627114124028609,0.21415757605086974,0.07840420095349887,459,0.05836808521244438,-0.0021096067515124204,0.01818181818181818,0.013071895424836602,1.0,0.06049148814162982,0,Myntra,Kurtas \u0026 Kurtis,Mens Sports Shoes,FUBAR,Nike
0.43478260869565216,0.20031055900621117,0.39215686274509803,0.15126050420168066,-0.16426559482969444,0.023467198614927173,0.2445428143201968,0.023984230410745905,175,-0.02041558869811767,-0.19956910176495846,0.24444444444444444,0.31936416184971095,1.0,0.11354630259421657,0,Flipkart,Drills,Car Care,Flipkart SmartBuy,Woscher
0.38392857142857145,0.08099489795918374,0.3269230769230769,0.09134615384615383,-0.005137891901827645,0.010988928504409828,0.32688134547000147,0.04804257004108693,389,0.3987842769083052,-0.0465702643277791,0.18686868686868688,0.10796915167095116,1.0,0.4344036102711583,0,Myntra,Shampoos,Jeans,MATRIX,Mufti
0.07563025210084033,0.010804321728691474,0.08661417322834646,0.011811023622047237,0.18492939077673567,0.0017697753154816871,0.22583376031923325,0.05859171984996215,639,0.022454308791945904,0.15677138018593223,0.03137254901960784,0.0140625,1.0,0.01689379384686002,0,Myntra,Shirts,Sunscreen,Snitch,Lakme
0.11428571428571428,0.07346938775510203,0.10810810810810811,0.07528957528957529,0.06562900113109273,0.014705882352941178,0.19041545935859255,0.10925215359527936,143,0.1186233555424049,0.06486806288049879,0.04054054054054054,0.013793103448275862,1.0,0.14925801682918438,0,Amazon,Gym Equipment,Bath \u0026 Body,Lifelong,Dove
0.3150684931506849,0.14187866927592951,0.24615384615384617,0.07142857142857142,0.006826951083446265,0.007510166601075693,0.11373212392064141,0.05882697618317608,504,0.13287484480667147,0.03938406639478063,0.14285714285714285,0.05917159763313609,1.0,0.12383884714201561,0,Amazon,Guitars,Diapers,amazon basics,unknown
0.2571428571428571,0.17142857142857143,0.24324324324324326,0.0945945945945946,0.025631338962686847,0.007669961384490027,0.12933780091839644,0.1492010791875982,309,0.41341481336224234,0.020003326632234406,0.0821917808219178,0.11791938997821351,0.3935483870967742,0.4070471987769446,0,Myntra,Womens Watches,Mens Sports Shoes,CASIO,Nike
0.0,-0.004608294930875576,0.0,-0.012987012987012988,-0.00034049868368350424,-0.00025789753638773055,0.24904944366693516,0.00034127592455431596,1360,0.13861600239753624,-0.0026259709598562596,0.014705882352941176,0.004682004816271374,1.0,0.13705695346329363,0,Croma,Earphones,Speakers,GOBOULT,Croma
0.2,0.06160714285714286,0.16216216216216217,0.02413127413127414,0.08963970953447206,0.0013310815037217735,0.1440212336381905,0.1047375960001051,1138,-0.09942552613118436,0.10667509341290428,0.07329842931937172,0.038630377524143986,1.0,0.14064886257879383,0,Myntra,Shampoos,Mens Watches,Bare Anatomy,WROGN
0.06451612903225806,0.03225806451612903,0.05555555555555555,0.007936507936507929,-0.0007734122034859436,-6.694073897959231e-05,0.7479322625057849,0.1125759237275974,2869,0.28059688216986645,-0.00013507700707465653,0.03076923076923077,0.006966213862765587,1.0,0.3283158150968,0,Croma,Earphones,Speakers,JBL,Philips
0.1951219512195122,0.040940766550522645,0.2441860465116279,0.0830564784053156,-0.006287428341325171,0.0030164222453296988,0.1624466455579415,0.04458911948612037,692,0.3236863795563174,-0.023609555748028237,0.08522727272727272,0.07225433526011561,1.0,0.36500349140732796,0,Amazon,Power Banks,Perfumes,Portronics,Wild Stone
0.06451612903225806,0.03225806451612903,0.05555555555555555,0.007936507936507929,-0.0007734122034859435,-6.694073897959231e-05,0.7693123334399031,0.1125759237275974,2869,0.28059688216986645,-0.00013507700707465653,0.03076923076923077,0.006966213862765587,1.0,0.3283158150968,0,Croma,Speakers,Earphones,Philips,JBL
0.18421052631578946,0.08082706766917293,0.0,-0.07603686635944698,0.01867327609020934,-0.0006281822389737485,0.0932230639930143,0.2274613242271791,440,0.15842938770206744,0.036274115092236735,0.05333333333333334,0.03409090909090909,1.0,0.18255426676712969,0,Amazon,Smartwatches,Washing Machines,Fastrack,Crompton
0.49390243902439024,0.07012195121951215,0.4110429447852761,-0.00744960560911484,0.007920794640328487,0.004314560524006722,0.13322177649607883,0.09399692937276917,443,0.18800474496857159,-0.006909234403238971,0.2691029900332226,0.3246909340659341,1.0,0.20781487416753944,0,Flipkart,Supplements,Car Electronics,HORLICKS,Costar
0.40625,0.07198660714285715,0.44776119402985076,0.10554371002132201,-0.007645737585738108,0.005965909090909091,0.21160452560549342,0.15664310007084117,466,0.12110237142338402,0.004549447930354391,0.19327731092436976,0.1351931330472103,1.0,0.1556158178859307,0,Myntra,Cargos,Moisturizers,HIGHLANDER,The Face Shop
0.034482758620689655,0.004926108374384237,0.02857142857142857,-0.016326530612244896,-0.0019301145420460937,-0.0016788254326791001,0.18720019189902373,0.007021977587533696,384,0.08894814332941796,0.002966300636900418,0.02531645569620253,0.2088235294117647,1.0,0.08739245271601463,0,Myntra,Casual Shoes,Mens Watches,Nike,Daniel Hechter
0.043859649122807015,-0.004385964912280688,0.05217391304347826,0.005590062111801242,-0.033936504127564514,-0.004023076218674644,0.1535464747498308,0.05591588133568307,925,0.009464302510479368,-0.04484537055642642,0.024096385542168676,0.1108786610878661,1.0,0.03032306348409157,0,Flipkart,Drills,Power Banks,BOSCH,Ambrane
0.2661290322580645,0.03398617511520732,0.32558139534883723,0.10354374307862685,0.09075913245448833,0.011656631379437867,0.29590786693692867,0.1029872193243787,859,0.18405865765560378,0.11625817044189589,0.13147410358565736,0.21506916305714685,1.0,0.18710832248460135,0,Flipkart,Office Desks,Engine Oils \u0026 Lubricants,EuroQon,Shell
0.0945945945945946,-0.027027027027027042,0.11538461538461539,0.0018315018315018389,0.022473623452032753,0.0006941477054118704,0.27639806300142267,0.024503660825320402,773,0.008721398058461014,0.04192800660539779,0.042682926829268296,0.07761966364812418,1.0,0.015311915879533997,0,Amazon,Smartwatches,Massage \u0026 Relaxation,Fastrack,Lifelong
0.2,0.1285714285714286,0.375,0.33482142857142855,0.07875075496821975,0.010083102493074791,0.21737076118479817,0.2531717010452348,103,-0.08839243788559965,-0.015642826090027165,0.12121212121212122,0.1755050505050505,1.0,0.1735921878266481,0,Flipkart,Air Coolers,Trolley Bags,BAJAJ,ARISTOCRAT
0.06060606060606061,0.008658008658008656,0.03225806451612903,0.009216589861751157,7.372251020537951e-05,-0.002181122448979592,0.42663395818951805,0.04595424450757462,290,0.0438769677321295,0.007603624010767564,0.015151515151515152,0.2569444444444444,1.0,0.2950520051234805,0,Amazon,Headphones,Car Cleaning Kits,GOBOULT,Lyrovo
0.047619047619047616,0.01360544217687075,0.058823529411764705,0.02100840336134454,-0.05623102409480407,-0.0004990142624667529,0.30426208876071004,0.05782129015624385,471,-0.35480218379011236,-0.06242172724201652,0.017857142857142856,0.047619047619047616,1.0,0.3844617933854413,0,Flipkart,Power Banks,Mixers \u0026 Grinders,Ambrane,Prisapure
0.06451612903225806,0.03225806451612903,0.05555555555555555,0.007936507936507929,-0.0007734122034859436,-6.694073897959231e-05,0.7479322625057849,0.1125759237275974,2869,0.28059688216986645,-0.00013507700707465653,0.03076923076923077,0.006966213862765587,1.0,0.3283158150968,0,Croma,Earphones,Speakers,JBL,Philips
0.0,0.0,0.0,0.0,0.0,0.0,0.0690818849745395,0.0,381,0.0,0.0,0.0,0.0,1.0,0.0,0,Myntra,Perfumes,Headphones,Ajmal,Boult Audio
0.28,0.14857142857142858,0.28,0.17142857142857143,0.07941511869225067,0.02299311007851306,0.10862924217357284,0.03265383310529483,166,0.38820297922374986,0.08770962836271011,0.16326530612244897,0.04790419161676647,1.0,0.3360660270560571,0,Amazon,Gym Equipment,Refrigerators,BOLDFIT,LG
0.5232558139534884,0.08098006644518263,0.5031055900621118,0.08961845607808339,0.10306715092344641,0.021862637825098896,0.24750503077934524,0.07908507859896789,462,0.23004724129981063,0.1496246919274293,0.2867383512544803,0.19957081545064378,1.0,0.20160231097740566,0,Myntra,Moisturizers,Mens Sports Shoes,The Face Shop,Skechers
0.045454545454545456,0.03896103896103896,0.041666666666666664,-0.005952380952380952,-0.020706260103104904,-0.00774793388429752,0.12900023133009983,0.1755565456997393,96,0.4176575580337461,-0.058075884001417645,0.017241379310344827,0.030612244897959183,1.0,0.5377146083391706,0,Flipkart,Smartwatches,TV Units,boAt,Shivi Aanaya Enterprises
0.0,-0.011904761904761904,0.0,-0.017857142857142856,-0.00029766455159107604,-6.087168249330412e-05,0.08225953890810231,0.00029969291405712665,450,-0.06250950417969577,0.00011557563898293616,0.0,0.0021494288511180863,1.0,0.06412056080018591,0,Croma,TWS Earbuds,Speakers,Noise,Croma
0.23809523809523808,0.04875283446712017,0.23931623931623933,0.07631257631257632,-0.06814656065533228,0.003361285691777103,0.14673358318163185,0.04804194579316857,496,-0.05211564047340154,-0.07298075769680092,0.12903225806451613,0.05847953216374269,1.0,0.07296625775260746,0,Amazon,Speakers,Cleaning Supplies,boAt,Ariel
0.06976744186046512,0.014950166112956804,0.11627906976744186,0.0664451827242525,0.011247942094861376,0.003559467310042698,0.2112821570272177,0.1412100723709067,1094,0.039804949841802065,0.014681283769879896,0.034482758620689655,0.0283363802559415,1.0,0.050394745122403446,0,Croma,TWS Earbuds,Speakers,Sony,Croma
0.36129032258064514,0.043778801843318005,0.3900709219858156,0.09169199594731514,-0.0949185392646701,0.011035030708694344,0.33057823517566903,0.045694323043149854,1004,0.10224394102610207,-0.04852339873518421,0.17777777777777778,0.09722222222222222,1.0,0.127639334098735,0,Myntra,Mens Sports Shoes,Serums,Skechers,deconstruct
0.24705882352941178,-0.03361344537815125,0.20512820512820512,-0.010989010989011033,-0.004944441263879861,0.0026878932806815962,0.1998330897368514,0.03636928630777573,533,0.1314086211918183,-0.0022090853615454476,0.08928571428571429,0.14299065420560747,1.0,0.15320376944008646,0,Flipkart,Camping Equipment,Perfumes,Strauss,BELLAVITA
0.04411764705882353,-0.019957983193277302,0.12698412698412698,0.05782312925170066,-0.01613297497723204,0.0020321192176607694,0.17005649503885173,0.21287676259750765,459,0.17942332732845695,0.03455803408472863,0.05303030303030303,0.29000000000000004,1.0,0.28086722756248733,0,Myntra,T-Shirts,Perfumes,Jack & Jones,SKINN
0.25,0.15178571428571427,0.37037037037037035,0.27248677248677244,-0.22621853241931814,-0.024067063277447273,0.19942964507811467,0.12422337817481784,94,-0.1405440006875845,-0.1926643028114797,0.14893617021276595,0.09574468085106383,1.0,0.10335214142397266,0,Flipkart,Memory Cards,Smartwatches,SanDisk,Fastrack
0.10869565217391304,0.035714285714285726,0.1111111111111111,0.020634920634920617,0.08753938509836712,-0.003778272346151853,0.26745184609461276,0.2025681297154714,151,-0.05599855225887037,0.11463202596681633,0.15053763440860216,0.0784313725490196,1.0,0.1749332473567217,0,Flipkart,Small Appliances,Non-Fiction,HAVELLS,S. Chand Publishing
0.0,0.0,0.0,0.0,-0.003336261414611442,-0.0006126850308793256,0.6309380688373694,0.0035572774389626624,430,-0.2210899575275002,0.0,0.0,0.0069605568445475635,1.0,0.22315627472445154,0,Myntra,Headphones,Mens Sports Shoes,boAt,Nike
0.27586206896551724,0.022167487684729037,0.3508771929824561,0.11215538847117792,-0.0029099388894442053,0.006677745550650302,0.209333311504017,0.06499060668095842,924,0.835979676965276,-0.03142888887001207,0.14953271028037382,0.06601731601731602,1.0,0.8549337359328792,0,Myntra,Casual Shoes,Perfumes,Puma,SKINN
0.14285714285714285,0.05782312925170069,0.2692307692307692,0.15659340659340656,0.02373829530004569,0.0009418282548476452,0.9296403302982379,0.18836635695345696,103,-0.1380190184515449,-0.0013909917771070543,0.12244897959183673,0.08737864077669903,1.0,0.1695070495183415,0,Flipkart,Jeans,Trolley Bags,DENIM LOOK,ARISTOCRAT
0.21978021978021978,0.03846153846153849,0.2127659574468085,0.020516717325227973,0.009430228436807681,0.006759768810753099,0.26097038314618726,0.04026493705462279,1138,-0.29438732994651007,0.010689096463400055,0.1336405529953917,0.05970149253731343,1.0,0.3338454442606525,0,Myntra,Perfumes,Shampoos,Ajmal,Bare Anatomy
0.35507246376811596,0.08954451345755693,0.183206106870229,-0.001090512540894234,-0.03995569501421513,0.001118394641966218,0.1307937592912337,0.051499191971869904,904,-0.11535636939934969,-0.045339729514008366,0.17064846416382254,0.07894736842105263,1.0,0.14241697627345626,0,Flipkart,Face Wash,Cycling,Aqualogica,Crow
0.24358974358974358,0.07783882783882781,0.21052631578947367,0.0780075187969925,0.0060156160727581915,-0.0004226542688081144,0.3406945434646551,0.03687185344954614,923,-0.6124990700930846,0.0205987930424158,0.08974358974358974,0.13722222222222222,1.0,0.631403384205904,0,Myntra,Casual Shoes,Protein \u0026 Sports Nutrition,Puma,MuscleBlaze
0.2376237623762376,-0.00848656294200853,0.25773195876288657,0.022091310751104515,0.022437663846260333,0.004318956790452341,0.10660911961357816,0.05720687581320069,570,0.1573566587951888,0.0388371839501416,0.12371134020618557,0.0912280701754386,1.0,0.1668868009155852,0,Amazon,Headphones,Digital Safes \u0026 Lockers,Noise,BonKaso
0.26785714285714285,0.00829081632653067,0.3548387096774194,0.06528417818740401,0.03810571631391535,0.0034062429683196158,0.28388931973874565,0.14092443758381865,381,0.026285573899709667,0.027015655528629633,0.16666666666666666,0.18024710424710425,1.0,0.04374223455677864,0,Myntra,Mens Sports Shoes,Mens Watches,Skechers,Daniel Hechter
0.16176470588235295,0.021008403361344546,0.19047619047619047,0.04988662131519275,-0.03468726347716734,0.004626945080433521,0.10260660723460648,0.0983963401646218,421,0.1613780526433313,-0.025169127773273108,0.12213740458015267,0.06132075471698113,1.0,0.2002556348694517,0,Amazon,Headphones,Drills,Noise,IBELL
0.0,-0.06632653061224489,0.0,-0.044642857142857144,3.211483565447115e-05,-0.0011083223869393882,0.13585736902504156,0.09082230101087052,310,-0.11439736329766444,-0.0006106826578285482,0.0,0.03870967741935484,1.0,0.33543277002414407,0,Myntra,T-Shirts,Mens Sports Shoes,Jack & Jones,Nike
0.17346938775510204,0.04737609329446063,0.09803921568627451,-0.023809523809523808,0.005425507045042334,-0.0011148404841982004,0.1249551465025616,0.05054494579851261,572,0.057336791509813016,0.004722730445059364,0.04484304932735426,0.04886561954624782,1.0,0.07255665175650858,0,Amazon,Pens \u0026 Writing Instruments,Mens Watches,Parker,Fastrack
0.11428571428571428,0.004081632653061218,0.06896551724137931,0.0024630541871921152,-0.020697769091577285,-0.0019203641252837841,0.0886747250767029,0.13059830793306013,466,0.019084665334174203,-0.008262966440432297,0.05263157894736842,0.02569593147751606,1.0,0.10235193222360121,0,Amazon,Computer Accessories,Instruments,Ant Esports,IBANEZ
0.09090909090909091,0.07792207792207792,0.14285714285714285,0.12755102040816327,0.07262224335003264,0.005207100591715977,0.1650965294004552,0.04560081786259316,136,0.3585613069169912,0.07801913606436242,0.07407407407407407,0.022058823529411766,1.0,0.30929118860554117,0,Myntra,Suitcases,Tracksuits,Aristocrat,Nike
0.0,-0.011904761904761904,0.0,-0.017857142857142856,-0.00029766455159107604,-6.087168249330412e-05,0.08225953890810231,0.00029969291405712665,450,-0.06250950417969577,0.00011557563898293616,0.0,0.0021494288511180863,1.0,0.06412056080018591,0,Croma,TWS Earbuds,Speakers,Noise,Croma
0.1111111111111111,-2.7755575615628914e-17,0.22580645161290322,0.08064516129032256,0.004245432567334502,0.005059407980586525,0.24401365727479007,0.06589429536279663,219,0.09382692749162318,0.00038862600966435746,0.09859154929577464,0.1,1.0,0.09675565020429712,0,Myntra,Mens Watches,Bottoms,Daniel Hechter,Stylecast X Kotty
0.10256410256410256,-0.018315018315018305,0.1276595744680851,-0.018237082066869303,-0.009341256068843852,-0.0009988175762516436,0.6310322987190188,0.07670701324913441,381,0.2233103983707783,-0.12885035785080173,0.047058823529411764,0.05249343832020997,1.0,0.2862622348928217,0,Amazon,Smartwatches,Printers,Apple,HP
0.07692307692307693,-0.016483516483516467,0.1875,0.07589285714285714,0.027990966534952692,0.0007694675284702981,0.38994123034110373,0.15748062519417783,122,-0.10978964029126513,0.07820657372287336,0.05405405405405406,0.07241153342070773,1.0,0.3123066299799369,0,Flipkart,Smartwatches,Garden Tools,boAt,ProHome
0.08695652173913043,0.03571428571428572,0.1509433962264151,0.08625336927223719,-0.0006011660203761967,-0.00018401079529999087,0.1802839285809943,0.056531016135166964,459,0.15259921078234964,0.0036266795393813133,0.024793388429752067,0.013071895424836602,1.0,0.15282591181095107,0,Myntra,Mens Sports Shoes,Perfumes,Nike,Ajmal
0.3387096774193548,0.10253456221198157,0.26717557251908397,-0.006543075245365293,-0.03409023292716588,0.00788600406397715,0.21747094223275823,0.04001054027400912,762,-0.14154865460712274,0.018215545141022867,0.12396694214876033,0.08136482939632546,1.0,0.15447499358570044,0,Flipkart,Backpacks,Cases \u0026 Covers,SKYBAGS,Ambrane
0.0,-0.015037593984962405,0.0,-0.010714285714285714,-0.0005333768877884428,-0.0005281207133058985,0.3155400275748778,0.0033392275719730403,1080,-0.3899494639350713,4.280116810876446e-06,0.0,0.0283363802559415,1.0,0.43677355585739625,0,Croma,Earphones,TWS Earbuds,GOBOULT,Sony
0.4722222222222222,0.3015873015873015,0.5476190476190477,0.3486394557823129,-0.18479490189059236,-0.01453488372093023,0.07923612877053793,0.2052153063997167,94,0.21408453299903762,-0.11362053719405334,0.2923076923076923,0.2553191489361702,1.0,0.28038280042635877,0,Flipkart,Memory Cards,Induction Cooktops,SanDisk,BharatVolt
0.2653061224489796,0.06559766763848399,0.20754716981132076,0.012129380053908317,-0.027593903144844553,-0.00550486014679627,0.13647464546788066,0.041898637675490465,294,0.0202541141051034,-0.01885917717172202,0.07079646017699115,0.11258278145695365,1.0,0.04672362914407793,0,Amazon,Headphones,Dishwashers,boAt,BEYOND BY MUKUNDA FOODS
0.0,-0.011904761904761904,0.0,-0.017857142857142856,-0.00029766455159107604,-6.087168249330412e-05,0.08225953890810231,0.00029969291405712665,450,-0.06250950417969577,0.00011557563898293616,0.0,0.0021494288511180863,1.0,0.06412056080018591,0,Croma,TWS Earbuds,Speakers,Noise,Croma
0.24475524475524477,-0.002997002997002979,0.1888111888111888,-0.0454545454545455,0.012594930098297694,0.0036547532456082353,0.15933831205226515,0.048973750131494666,874,0.08060622813091929,0.041636700683568006,0.12056737588652482,0.07314285714285715,1.0,0.09203088546148308,0,Amazon,Power Banks,Pens \u0026 Writing Instruments,Samsung,Parker
0.10810810810810811,0.04826254826254828,0.05263157894736842,-0.013157894736842105,-0.001912350975356664,-0.00272816107062961,0.19437166779280496,0.08105905986483708,459,0.7578806485366968,-0.0009406566786981518,0.01818181818181818,0.02716297786720322,1.0,0.7583164812133549,0,Amazon,Car Cleaning Kits,Headphones,Lyrovo,boAt
0.3881278538812785,-0.009784735812133183,0.38860103626943004,0.04811250925240562,0.017606350308013042,0.0052041282725245296,0.21318365734991435,0.10836165370045207,946,-0.07679172366335547,0.05689030859583431,0.1806282722513089,0.165818454864008,1.0,0.11925437675260621,0,Flipkart,Diapers,Mens Watches,Huggies,Allen Solly
0.03333333333333333,-0.014285714285714284,0.13333333333333333,0.10714285714285715,-0.004648885691052559,-0.0009939771947873799,0.3691839665844474,0.03236267394720331,460,0.06831278902550478,0.009658930424540241,0.0273972602739726,0.010869565217391304,1.0,0.09684044262065875,0,Myntra,Medical Devices,Tracksuits,CULT,Nike
0.5523012552301255,0.08696951583980872,0.5551181102362205,0.05989876265466815,-0.02525142223953177,0.01545745069393719,0.22183916688490848,0.07882735690800355,894,0.10499866542802379,-0.027699148380495118,0.29024390243902437,0.19874188311688312,0.9921787709497206,0.13166059235311978,0,Flipkart,Face Wash,Grains \u0026 Pulses,Aqualogica,Yogabar
0.2913907284768212,0.027436140018921473,0.25165562913907286,0.0066225165562914245,0.027711364629535114,0.0015098636172371956,0.17160597393320698,0.05811099167369568,623,0.327019513871772,-0.027687294886144846,0.12025316455696203,0.1856,1.0,0.3616110282511636,0,Flipkart,Mixers \u0026 Grinders,Rice,Grand plus,VKR Sivaji
0.06451612903225806,0.03225806451612903,0.05555555555555555,0.007936507936507929,-0.0007734122034859436,-6.694073897959231e-05,0.7479322625057849,0.1125759237275974,2869,0.28059688216986645,-0.00013507700707465653,0.03076923076923077,0.006966213862765587,1.0,0.3283158150968,0,Croma,Earphones,Speakers,JBL,Philips
0.0547945205479452,-0.04403131115459882,0.17073170731707318,0.045296167247386776,-0.03855266607096414,0.0006364764662826587,0.15438011086912815,0.03834501035460503,497,0.15289315152319688,0.015249796404531201,0.05813953488372093,0.14285714285714285,1.0,0.15106609166630466,0,Myntra,Kurtas \u0026 Kurtis,Cargos,FUBAR,HIGHLANDER
0.26,0.07857142857142854,0.2857142857142857,0.15014577259475217,-0.03793793570026263,0.004998321174567321,0.31697486338706465,0.07892592181601263,384,-0.10623830341951165,-0.052698708472414584,0.12037037037037036,0.0987012987012987,1.0,0.10381238692021924,0,Myntra,Mens Watches,Casual Shoes,Daniel Hechter,ASIAN
0.023809523809523808,-0.044217687074829926,0.06382978723404255,-0.03191489361702125,0.00021889772203931128,-0.008250844436104335,0.2309956098101336,0.03531595863403548,310,0.12035474609969136,-0.00045682617049798007,0.0,0.047174329501915704,0.5129032258064516,0.1082493620715213,0,Myntra,Mens Sports Shoes,Mens Watches,Nike,Timex
0.2571428571428571,0.1489795918367347,0.4358974358974359,0.2985347985347986,0.14656706522858048,0.02144970414201184,0.15464279741545417,0.23132655901385818,112,0.032133940170504506,0.1807384667223433,0.19718309859154928,0.11504424778761062,1.0,0.12983804588067868,0,Flipkart,Helmets,T-Shirts,SMK,LOUIS PHILIPPE
0.06976744186046512,-0.00996677740863787,0.05405405405405406,-0.009652509652509647,-0.007537094175864266,-0.00032045627212138445,0.6626825254384731,0.13176837390360555,550,-0.10372664292710464,-0.004653375389600936,0.056179775280898875,0.06349206349206349,1.0,0.10799764663758292,0,Amazon,Headphones,Camera Accessories,PTron,unknown
0.16981132075471697,0.026954177897574122,0.15789473684210525,-0.040100250626566414,0.03197987849768754,-0.0004245277129193738,0.6008497128771012,0.07913598671692065,297,-0.10579364451820868,0.030351692313649897,0.07142857142857142,0.1174496644295302,1.0,0.1332884041783162,0,Myntra,Shirts,Perfumes,MISCHIEF MONKEY,Giorgio Armani
0.23809523809523808,0.15646258503401358,0.13043478260869565,0.05900621118012424,0.06108577079960984,-0.00023805401662049808,0.11096594518358727,0.17332832974195703,152,0.4092500719718203,0.041970176642918106,0.06521739130434782,0.13725490196078433,1.0,0.419823757520829,0,Croma,TWS Earbuds,Laptops,Sony,Lenovo
0.13157894736842105,0.08082706766917293,0.1282051282051282,0.07692307692307693,-0.07712305789088694,0.003789622386946239,0.21883744117157708,0.22645755244622315,1094,0.10365662354314382,-0.07873632266211983,0.05405405405405406,0.022768670309653915,1.0,0.1395699678416508,0,Croma,TWS Earbuds,Speakers,Sony,Croma
0.16666666666666666,0.0853174603174603,0.05555555555555555,0.0029761904761904795,0.034286266176289874,0.0023884424590671777,0.08908059698675844,0.03869506648239183,1210,-0.08675801164243481,0.020639106236273325,0.06790123456790123,0.017341040462427744,1.0,0.14957424398434543,0,Amazon,Suitcases,Instruments,Aristocrat,IBANEZ
0.0,-0.015873015873015872,0.0,-0.011904761904761904,-0.000570531945694205,-0.00019743237101155103,0.2686355013721811,0.059227107890568856,1091,-0.2576957058836879,-6.090618511881693e-07,0.0,0.022768670309653915,1.0,0.27624168061517695,0,Croma,Earphones,TWS Earbuds,JBL,Sony
0.0,-0.004608294930875576,0.0,-0.012987012987012988,-0.00034049868368350424,-0.00025789753638773055,0.24904944366693516,0.00034127592455431596,1360,0.13861600239753624,-0.0026259709598562596,0.014705882352941176,0.004682004816271374,1.0,0.13705695346329363,0,Croma,Earphones,Speakers,GOBOULT,Croma
0.0,-0.015037593984962405,0.0,-0.010714285714285714,-0.0005333768877884428,-0.0005281207133058985,0.3155400275748778,0.0033392275719730403,1080,-0.3899494639350713,4.280116810876446e-06,0.0,0.0283363802559415,1.0,0.43677355585739625,0,Croma,Earphones,TWS Earbuds,GOBOULT,Sony
0.35714285714285715,0.22193877551020408,0.42857142857142855,0.2306122448979592,0.16735551446846417,0.01951773356401385,0.4077562742487328,0.11654765544847535,142,0.09612776116578534,0.03560830191655318,0.1864406779661017,0.16666666666666669,1.0,0.12381653094488113,0,Myntra,Bath \u0026 Body,Moisturizers,Parachute,The Face Shop
0.03125,-0.029017857142857144,0.08108108108108109,0.0077220077220077205,0.01302078061700602,0.00024419279020786904,0.32419911383046096,0.053328284861506606,384,0.11602332097288923,0.013094897657319015,0.024096385542168676,0.0987012987012987,1.0,0.1107152916291559,0,Myntra,Mens Watches,Shirts,Daniel Hechter,Snitch
0.2708333333333333,0.1294642857142857,0.09375,0.0,-0.050476322920959785,-0.0002969804512617958,0.10695949396529193,0.08602889505923182,379,-0.14852358129827256,-0.04653864742813558,0.08256880733944955,0.05249343832020997,1.0,0.1767317277670298,0,Amazon,Smartwatches,Cricket,Apple,Li-Ning
0.17105263157894737,0.025375939849624052,0.22857142857142856,0.11632653061224489,-0.03521467075642436,0.0028010628972167436,0.35832870217338514,0.18784379985875965,1039,0.3053750688376598,0.00034462969312539605,0.10179640718562874,0.030360531309297913,1.0,0.35158743711567625,0,Myntra,Headphones,Shampoos,NOISE,Bare Anatomy
0.06976744186046512,0.014950166112956804,0.11627906976744186,0.0664451827242525,0.011247942094861376,0.003559467310042698,0.14487508138696284,0.1412100723709067,1094,0.03980494984180207,0.014681283769879898,0.034482758620689655,0.0283363802559415,1.0,0.050394745122403446,0,Croma,Speakers,TWS Earbuds,Croma,Sony
0.38095238095238093,0.08211856171039844,0.3333333333333333,0.08803986710963455,-0.013219061154441792,0.0035677122045488317,0.21545953998325693,0.04429655035610905,1112,-0.22753069634768053,0.002266554323794772,0.1828358208955224,0.08086253369272237,1.0,0.26125037292135894,0,Flipkart,Non-Fiction,Socks,CBS Publishers and Distributors Private Limited,Dollar
0.16129032258064516,0.10368663594470046,0.24242424242424243,0.170995670995671,0.04809003926173417,0.009810705573278289,0.05689168714580703,0.09725552188829405,302,0.11581716823443688,0.03397002840758908,0.056338028169014086,0.5132890365448505,1.0,0.09796205471217959,0,Amazon,Dishwashers,Home Projectors,BEYOND BY MUKUNDA FOODS,E GATE
0.42105263157894735,0.19360902255639093,0.3157894736842105,0.09210526315789475,0.01982017320136863,-0.005067567567567564,0.3921377741417691,0.238682468368842,154,-0.2628555565786035,0.022177013447446988,0.09859154929577464,0.12337662337662338,1.0,0.34717864525479664,0,Myntra,Smartwatches,Serums,Fastrack,deconstruct
0.029411764705882353,0.018907563025210083,0.0,-0.02895752895752896,-0.020209254004495553,-0.00033398931401608335,0.38145957569474376,0.0012912426962752475,1093,-0.17647786428912524,-0.05538989252091309,0.0136986301369863,0.0283363802559415,1.0,0.2124529794389313,0,Croma,Speakers,TWS Earbuds,Philips,Sony
0.12903225806451613,-0.027649769585253448,0.16129032258064516,0.010368663594470084,-0.01127293515757761,0.0001107266435986156,0.09988710937936122,0.1464413030845602,443,0.16103619814334463,0.003926812244782785,0.08571428571428572,0.06473214285714286,1.0,0.1594475948602302,0,Amazon,Diapers,Guitars,HUGGIES,amazon basics
0.0,0.0,0.0,0.0,-0.00029014786912832144,-6.510238206189524e-05,0.6525685789099192,0.00029090964208827974,1146,0.15669841803988127,-0.0002564580038353188,0.0,0.013039934800325998,1.0,0.15744824911819502,0,Croma,Speakers,TWS Earbuds,Croma,GOBOULT
0.14285714285714285,0.13265306122448978,0.0,-0.011904761904761904,-0.010220890582680265,-3.7485158220167204e-05,0.7938615445290399,0.05281548666126789,1146,-0.3114244398557552,-0.029344009234233494,0.05555555555555555,0.01033946588884223,0.9869281045751634,0.31424269110346753,0,Croma,TWS Earbuds,Earphones,GOBOULT,JBL
0.14925373134328357,0.0,0.21052631578947367,0.06390977443609022,-0.021077112322891875,0.002146007148440765,0.8708159949930017,0.07852259575086161,931,-0.37108094498254185,0.035634291931866964,0.0718954248366013,0.023630504833512353,1.0,0.3875867189143217,0,Flipkart,Keyboards,Smartwatches,HP,Fire-Boltt
0.0,0.0,0.0,0.0,0.0,0.0,0.21440283881002872,0.0,107,0.3326741141543637,-0.003328692839971011,0.0,0.34259259259259256,1.0,0.3593055645992232,0,Flipkart,Speakers,Car Speakers,TRIGGR,Pioneer
0.04,-0.06571428571428573,0.18518518518518517,0.05555555555555555,0.001954510693293681,-0.0021428571428571434,0.2169321083023931,0.029983050181885445,220,0.08429837038843506,-0.00015581644781252594,0.09230769230769231,0.5410958904109588,1.0,0.09093868291822872,0,Myntra,Perfumes,Bottoms,Ajmal,Stylecast X Kotty
0.10606060606060606,-0.048701298701298676,0.125,-0.035714285714285726,-0.008738468185972325,-0.004613555291319857,0.22086236763440603,0.06727142309159954,453,0.3139496441995558,-0.0036662610862628724,0.07586206896551724,0.39828693790149894,1.0,0.3225901300174968,0,Amazon,Tablets,Computer Accessories,Samsung,Ant Esports
0.2903225806451613,0.12903225806451615,0.43243243243243246,0.24903474903474906,-0.091131543845163,0.0031197222743479074,0.36134379471380396,0.16352867360775503,158,0.01605964932451274,-0.02914272421096786,0.19696969696969696,0.17721518987341772,1.0,0.10760690299760572,0,Flipkart,Perfumes,Wardrobes,AXE,Sasimo
0.2923076923076923,0.03736263736263734,0.359375,0.0541294642857143,0.05626687810249183,0.012432137771448921,0.24712893083635545,0.08314625635813733,450,0.15249143510521904,0.09291302574480684,0.17670682730923695,0.19646799116997793,1.0,0.13946785008462434,0,Myntra,Perfumes,Mens Sports Shoes,Ajmal,Skechers
0.0,0.0,0.0,-0.017857142857142856,-0.1519634482805081,-0.0006094182825484764,0.18500958776398943,0.07838124057607554,103,0.11119511773803245,-0.04584415608292121,0.0625,0.009708737864077669,1.0,0.1357111107649361,0,Flipkart,Casual Shoes,Trolley Bags,ADIDAS ORIGINALS,ARISTOCRAT
0.19642857142857142,0.0012755102040816757,0.1702127659574468,-0.004559270516717312,-0.0023389836805253563,0.0013241419159129748,0.45208510359229576,0.008117199982537614,371,-0.08533661315362072,0.0002784335418042257,0.11403508771929824,0.16632231404958678,1.0,0.09021890629824697,0,Myntra,Mens Watches,Mens Outerwear,WROGN,StyleCast x Revolte
0.22,0.08999999999999997,0.21052631578947367,0.05513784461152885,0.0564155827226248,0.005510734072022161,0.21749991738435592,0.095887075183706,788,0.06831748024701013,0.07011732473037155,0.13392857142857142,0.046894803548795945,1.0,0.05222242246970481,0,Amazon,Lingerie \u0026 Sleepwear,Gym Equipment,PLETHEON,unknown
0.14594594594594595,0.0038610038610038533,0.11494252873563218,-0.022167487684729065,0.02025962468630447,0.001446101442415873,0.21094918348353242,0.020917716941520267,1495,-0.0611005540515176,0.031713753578642444,0.06262626262626263,0.32085561497326204,1.0,0.07141427268439872,0,Amazon,Bath \u0026 Body,Washing Machines,Amazon Brand - Solimo,Orpat
0.13541666666666666,0.037202380952380945,0.15789473684210525,0.04962406015037593,0.02376331511149336,0.005952244683042972,0.6247958740309851,0.06737656373507603,448,0.1705330501245635,0.034645465549268444,0.04950495049504951,0.027253668763102725,1.0,0.18302216158777734,0,Myntra,Shampoos,Headphones,MATRIX,boAt
0.0,0.0,0.07142857142857142,-0.005102040816326522,0.0010078773100520382,-0.004039893952783739,0.15092661806090532,0.06801670773815419,97,0.2203741790420354,-0.001602080518684915,0.0,0.010526315789473684,1.0,0.23810993427146473,0,Flipkart,Smartwatches,Hand Tools,boAt,ProHome
0.0,0.0,0.0,-0.027777777777777783,0.001622197746724176,-0.0009467587435954556,0.9298421612368323,0.0021193095238907222,134,-0.1886837177287804,-0.003563440406904744,0.0,0.13725490196078433,1.0,0.3698824579836501,0,Croma,Laptops,Earphones,Lenovo,GOBOULT
0.054945054945054944,-0.011773940345368925,0.0898876404494382,0.014446227929374,-0.02580787034314376,-0.0029756000793493354,0.3848613332722911,0.06728224810400324,616,-0.026266485843959946,-0.0011834472568795287,0.025510204081632654,0.1421875,1.0,0.06280723469838075,0,Myntra,Casual Shoes,Shirts,Puma,Snitch
0.05,0.012500000000000004,0.0392156862745098,-0.01400560224089635,0.08149326607550125,-0.0014509959108297051,0.5506638769461596,0.02819567853274614,425,0.4334721083158296,0.04752267452057547,0.01639344262295082,0.024282560706401765,1.0,0.45186180821461347,0,Myntra,Headphones,Perfumes,boAt,Ajmal
0.25,0.13095238095238093,0.1875,0.05357142857142855,0.11714142161319074,0.010942665335573077,0.22796701209283432,0.0767327391395287,421,-0.14818804356949294,0.09975382048562566,0.09523809523809523,0.10874704491725769,1.0,0.214534273433381,0,Amazon,Desktops,Drills,LG,IBELL
0.0,-0.007936507936507936,0.2727272727272727,0.22727272727272724,-0.012202691618009565,-0.0027777777777777775,0.18179132274947576,0.3516443177756036,98,0.27475774371656114,-0.006171281758034741,0.045454545454545456,0.2552083333333333,1.0,0.2612217246416639,0,Flipkart,Smartwatches,Suitcases,boAt,ARISTOCRAT
0.0,-0.02976190476190476,0.13333333333333333,0.09047619047619047,-0.0009282041019029579,0.0018170488403877068,1.2467001999400609,0.003214304987358294,450,0.07092834340227845,0.005323728014585248,0.03571428571428571,0.004269449715370019,1.0,0.07483630369433625,0,Croma,TWS Earbuds,Speakers,Noise,Philips
0.23076923076923078,0.11263736263736265,0.18181818181818182,0.0957792207792208,0.15157246933199425,0.007125767958412098,0.09847358538456398,0.22179436874004882,380,0.26624220718315167,0.2601253997351518,0.08,0.04473684210526316,1.0,0.2259387807981572,0,Amazon,Suitcases,Smartwatches,American Tourister,Apple
0.0,-0.015873015873015872,0.0,-0.011904761904761904,-0.000570531945694205,-0.00019743237101155103,0.2686355013721811,0.059227107890568856,1091,-0.2576957058836879,-6.090618511881693e-07,0.0,0.022768670309653915,1.0,0.27624168061517695,0,Croma,Earphones,TWS Earbuds,JBL,Sony
0.05555555555555555,-0.05423280423280423,0.19672131147540983,0.028103044496487123,-0.0013439315219903767,-0.0013766453326892894,0.17948679800230866,0.04815072104784181,459,-0.17216682668569067,0.00033965721853916055,0.031791907514450865,0.04468351548269581,1.0,0.17247349654344424,0,Amazon,Headphones,Shampoos,boAt,Scalpe Pro
0.20430107526881722,0.000768049155146,0.21428571428571427,0.03401360544217685,-0.010257540068500538,-0.003898497664436309,0.3743343091360161,0.05430629206263012,514,0.22141357178671273,-0.009426146584713744,0.1005586592178771,0.10440870734988383,1.0,0.28747088694729883,0,Myntra,Medical Devices,Perfumes,CULT,SKINN
0.38461538461538464,0.09183673469387765,0.275,0.041964285714285704,0.011701192791919019,-0.0014453266513706105,0.34618704241338616,0.23249636830827994,388,0.13560644390413829,-0.017263051420318982,0.17073170731707318,0.13881748071979436,1.0,0.15389710497993989,0,Myntra,Perfumes,Jeans,Giorgio Armani,Mufti
0.32,0.11857142857142852,0.3617021276595745,0.1565349544072949,-0.06967590219037498,-0.003455812854442339,0.1600038851551228,0.30766015606352587,196,0.25368239965550654,-0.10967955644354792,0.17475728155339806,0.2131979695431472,1.0,0.3323299705186245,0,Flipkart,Mixers \u0026 Grinders,Power Banks,Amplesta,boAt
0.1,0.0380952380952381,0.21875,0.13392857142857142,-0.08517044999719971,-0.0029944444444444445,0.16823089521845178,0.09586571599607885,318,0.2348339067018038,-0.07628916467971135,0.030303030303030304,0.05970873786407767,1.0,0.254784440325447,0,Myntra,Mens Sports Shoes,Womens Watches,Nike,CASIO
0.0,-0.02976190476190476,0.13333333333333333,0.09047619047619047,-0.0009282041019029579,0.0018170488403877068,0.6731298166718923,0.003214304987358294,450,0.07092834340227847,0.005323728014585247,0.03571428571428571,0.004269449715370019,1.0,0.07483630369433625,0,Croma,Speakers,TWS Earbuds,Philips,Noise
0.07317073170731707,-0.02700348432055752,0.10126582278481013,1.3877787807814457e-17,-0.02308534488763708,0.0003386304973627273,0.1409816936696531,0.027069732177648853,1280,-0.07910454602545464,-0.023081885046264364,0.05527638190954774,0.06070063694267516,1.0,0.08099422501998954,0,Flipkart,Coffee Tables,Refrigerators,Allie Wood,Samsung
0.0,0.0,0.0,0.0,0.0,0.0,0.030517011356019752,0.0,145,0.016614799775152553,0.01740603583372702,0.025,0.13725490196078433,1.0,0.053500847070592855,0,Croma,Laptops,Earphones,Lenovo,JBL
0.2894736842105263,0.12969924812030076,0.3181818181818182,0.15422077922077918,-0.0010280428173107304,0.011803213648085696,0.4823239945769352,0.04451870767561765,298,0.009600940429575702,0.007230306642040516,0.15789473684210525,0.06375838926174497,1.0,0.016591900329934156,0,Myntra,Smartwatches,Shirts,Titan,MISCHIEF MONKEY
0.23417721518987342,0.0054249547920434404,0.2229299363057325,0.04185623293903548,0.03369814814216368,0.0019579719053798676,0.19392916426412862,0.03141360105218455,755,-0.0025409767403593462,0.02365954347439541,0.11854103343465046,0.08465608465608465,1.0,0.01612131800982824,0,Flipkart,Cycling,Grains \u0026 Pulses,XCi,Yogabar
0.2830188679245283,-0.0040431266846361336,0.3,0.0357142857142857,-0.057058230841856204,-0.018162287705037014,0.5552648698241998,0.12819939971152158,435,0.10699546161974935,-0.049008496204436126,0.1645021645021645,0.14593114241001565,1.0,0.2541460444087205,0,Flipkart,Mixers \u0026 Grinders,Speakers,HAVELLS,boAt
0.0,-0.009852216748768473,0.0,-0.025974025974025972,-0.021761704871568005,-0.00028125415917143866,0.4163210634629987,0.001312915797218812,1093,-0.08253546464633293,-0.05856879950635023,0.01639344262295082,0.022768670309653915,1.0,0.1001018959219751,0,Croma,Speakers,TWS Earbuds,Philips,Sony
0.0,0.0,0.0,-0.027777777777777783,0.001622197746724176,-0.0009467587435954556,0.3789756243194205,0.0021193095238907222,134,-0.18868371772878037,-0.003563440406904744,0.0,0.13725490196078433,1.0,0.3698824579836501,0,Croma,Earphones,Laptops,GOBOULT,Lenovo
0.23809523809523808,0.15646258503401358,0.13043478260869565,0.05900621118012424,0.06108577079960984,-0.00023805401662049808,0.11096594518358727,0.17332832974195703,152,0.4092500719718203,0.041970176642918106,0.06521739130434782,0.13725490196078433,1.0,0.419823757520829,0,Croma,TWS Earbuds,Laptops,Sony,Lenovo
0.2878787878787879,0.035714285714285754,0.2878787878787879,0.035714285714285754,-0.03574553484981199,-0.014329389250624287,0.19516175112832673,0.09736238487803979,215,-0.22907915019752864,-0.05097593479369577,0.0967741935483871,0.08837209302325581,1.0,0.2642208796819911,0,Amazon,Bath \u0026 Body,Headphones,Dove,Noise
0.36363636363636365,0.09632034632034636,0.40298507462686567,0.13059701492537312,-0.09789072835913523,0.020125954980884295,0.12355149202370122,0.20109650340700386,1138,-0.12688202213194835,-0.06124589958327857,0.21568627450980393,0.12910898810684343,1.0,0.18317026142923504,0,Myntra,Serums,Shampoos,Minimalist,Bare Anatomy
0.05555555555555555,-0.035714285714285726,0.10526315789473684,0.02631578947368421,-0.08603188605928941,-0.00275031887755102,0.2940234091846359,0.1314058234506689,234,0.03187979986772279,-0.08760598300636549,0.08163265306122448,0.08547008547008547,1.0,0.06806304080755111,0,Myntra,Perfumes,Shirts,Ajmal,Snitch
0.15555555555555556,0.0380952380952381,0.15,0.05,-0.01770320559255531,-0.0021745867768595047,0.186246228823216,0.04311087035574819,458,-0.1105252315418644,-0.01707587436618767,0.05357142857142857,0.06349206349206349,1.0,0.1074122080830849,0,Amazon,Guitars,Android Phones,amazon basics,XIAOMI
0.23684210526315788,0.10902255639097744,0.2571428571428571,0.12142857142857141,0.05894361237275018,0.007981903698979591,0.1280158194457594,0.1381974604533158,234,0.17889838439749084,0.018222557124941207,0.18705035971223022,0.08547008547008547,1.0,0.22384601338537125,0,Myntra,Perfumes,Moisturizers,Ajmal,Nivea
0.2,0.04571428571428571,0.20833333333333334,0.05059523809523808,-0.029205614887495714,0.0034893797742233564,0.12089406049422873,0.047548377569369304,743,0.2848515587166478,-0.03032543831573875,0.12562814070351758,0.10349462365591398,1.0,0.3214130200339713,0,Flipkart,Sofas,Office Chairs,Flipkart Perfect Homes,Oakcraft
0.171875,0.04129464285714285,0.08196721311475409,-0.03981264637002342,0.14120576116848793,0.007892662788515668,0.22641657065053408,0.08078540054300845,389,0.21146439238913525,0.11220640645302447,0.09219858156028368,0.14652956298200515,1.0,0.19107529638537518,0,Myntra,Jeans,Kurtas \u0026 Kurtis,Mufti,FUBAR
0.1796875,0.047991071428571425,0.08791208791208792,0.003139717425431718,0.0649354354251546,0.002004625900057306,0.2476121263398486,0.04011942957515244,714,-0.008010537418426859,0.013668864767053613,0.056338028169014086,0.10201612903225805,0.9943977591036415,0.0236272571405985,0,Flipkart,Jeans,Headphones,Tokyo Talkies,Noise
0.3310344827586207,0.06009852216748768,0.2867647058823529,0.004201680672268893,0.029950902659776818,0.0025166003799291826,0.15224435644106335,0.09844193903947317,743,0.23705470614206628,0.0336977061114313,0.1936619718309859,0.13844086021505375,1.0,0.24759781016186197,0,Flipkart,Womens Watches,Perfumes,NAVIFORCE,Wild Stone
0.06598984771573604,-0.0090645395213923,0.08287292817679558,0.009865824782951851,0.003874030145516631,-0.004111966198883356,0.37154477737815045,0.007821707157820034,1154,0.06748475775652372,0.0158861276581287,0.040100250626566414,0.17477249747219414,0.9991379310344828,0.06559789377991541,0,Flipkart,TWS Earbuds,Non-Fiction,Mivi,S. Chand Publishing
0.26036866359447003,0.03867676102699144,0.2356020942408377,0.03534031413612565,0.022078773421576665,0.004315359120623648,0.26600332714499664,0.02894405689351659,2282,0.004321407476587233,0.04715238393814196,0.1275626423690205,0.1355581404859164,0.9991235758106923,0.0355727832913022,0,Flipkart,Mens Watches,Duffle Bags,Titan,SAFARI
0.42201834862385323,0.12516382699868944,0.43,0.11285714285714282,0.037502614595287836,0.006363622017422042,0.1439650107264322,0.08875087842043881,372,0.09494819342928909,0.04086572753381944,0.19289340101522842,0.1260053619302949,1.0,0.18182080746078513,0,Flipkart,T-Shirts,Wardrobes,LOUIS PHILIPPE,Sasimo
0.47333333333333333,0.11095238095238097,0.42758620689655175,0.05763546798029562,0.051843500993984076,0.0026653995500746097,0.27267016373637437,0.07942454970274859,383,0.2835543151536112,0.0452290378961276,0.2819548872180451,0.17142857142857143,1.0,0.3215011327844465,0,Flipkart,Non-Fiction,Office Desks,S. Chand Publishing,WUDYHOME
0.20481927710843373,0.052495697074010306,0.17721518987341772,0.03435804701627487,-0.010837174133216165,-0.005951064376707457,0.06947476295615214,0.05239180138230818,421,0.4136041847228491,-0.0018066090273368388,0.09821428571428571,0.2665094339622642,1.0,0.43617715345039826,0,Amazon,Drills,Pressure Washers,IBELL,Bosch
0.0,0.0,0.0,0.0,0.0,0.0,0.17734962788924055,0.0,312,0.0,0.0,0.0,0.21428571428571427,1.0,0.0,0,Myntra,Headphones,Mens Watches,Boult Audio,Daniel Hechter
0.25,0.09709821428571427,0.15942028985507245,0.010351966873705987,0.015790870847687648,0.008918517183910634,0.29041757817424,0.028970579153958568,588,-0.027266964785944477,0.02683611427488504,0.11851851851851852,0.05782312925170068,1.0,0.06872306666210211,0,Amazon,Laptop Backpacks,Chairs,Safari,MAHARAJA
0.14285714285714285,0.018950437317784244,0.11764705882352941,-0.0025210084033613495,0.01905393380582326,0.00023839931885908912,0.25208147193819125,0.02812491790053828,1337,-0.15638634549342728,0.0135210818740745,0.07329842931937172,0.030414712047110493,1.0,0.16914461281930196,0,Amazon,Cricket,Bath \u0026 Body,Triumph,Amazon Brand - Solimo
0.08823529411764706,-0.031932773109243695,0.1746031746031746,0.03628117913832199,0.020986258164297368,0.0007842656220231189,0.16364649579202337,0.03614676583819075,1280,-0.005599257925764197,-0.0004148826598799773,0.06896551724137931,0.04296875,1.0,0.018834041991487936,0,Flipkart,Coffee Tables,Cleaning Tools,Allie Wood,BOSCH
0.23333333333333334,0.14047619047619048,0.15384615384615385,0.038461538461538464,0.11663948593515755,0.009511634452993058,0.16543820058661377,0.18133617159875648,310,-0.41268497936529897,0.16381017023127925,0.06779661016949153,0.03870967741935484,1.0,0.4805762018230383,0,Myntra,Mens Sports Shoes,Casual Shoes,Nike,ASIAN
0.0,-0.0510204081632653,0.09090909090909091,0.05844155844155844,-0.0008285935557812612,-0.002453896490184414,0.06709662174203887,0.39943714749662146,95,0.16803510983427913,-0.00699583653208457,0.0,0.021052631578947368,1.0,0.17302557615009373,0,Amazon,Mens Watches,Suitcases,Fastrack,LAttitude By Provogue
0.20833333333333334,0.010912698412698457,0.25,0.019480519480519487,0.0415785859621433,-0.00044069503903298654,0.216646199021145,0.03949305859104818,453,-0.06683349430375153,0.020482182094088076,0.1130952380952381,0.09911894273127753,1.0,0.10268721862287562,0,Myntra,Perfumes,Mens Watches,Ajmal,Timex
0.25925925925925924,0.10317460317460317,0.25806451612903225,0.0990783410138249,-0.17726557764406353,0.0008230452674897124,0.536170960765414,0.1444225400530251,142,-0.1298900919675272,-0.07690856525562169,0.1016949152542373,0.1258741258741259,1.0,0.1506861231285952,0,Myntra,Bath \u0026 Body,Jeans,Parachute,Mufti
0.40625,0.13950892857142855,0.36666666666666664,0.07380952380952382,-0.0474170726513075,0.007871092299695556,0.1416806049974831,0.195533753288754,213,-0.21680011563583867,-0.06887571003109096,0.22033898305084745,0.1839622641509434,1.0,0.32680871144669743,0,Flipkart,Automotive Tools \u0026 Equipment,Perfumes,EXIDE,BELLAVITA
0.0,-0.015873015873015872,0.0,-0.011904761904761904,-0.000570531945694205,-0.00019743237101155103,0.2686355013721811,0.059227107890568856,1091,-0.2576957058836879,-6.090618511881693e-07,0.0,0.022768670309653915,1.0,0.27624168061517695,0,Croma,Earphones,TWS Earbuds,JBL,Sony
0.203125,0.059151785714285726,0.15254237288135594,0.03995157384987895,0.042413200886669965,0.0072487716747086164,0.1542051356249941,0.06987416822482095,381,-0.060304711980858655,0.05368429410023096,0.08943089430894309,0.05249343832020997,1.0,0.15073522817219862,0,Amazon,Smartwatches,Kitchen Storage \u0026 Containers,Apple,MILTON
0.39473684210526316,0.08552631578947367,0.31645569620253167,0.013562386980108532,0.159607685791876,0.002662869348522605,0.1430727656951849,0.18663628334002616,279,0.19724379943965145,0.14540798624655607,0.17142857142857143,0.13978494623655913,1.0,0.21555500991330181,0,Flipkart,Grains \u0026 Pulses,Induction Cooktops,Yogabar,BharatVolt
0.0967741935483871,0.01958525345622121,0.15,0.052380952380952375,-0.0005787385023182219,-7.540871523658253e-05,0.21187893014269593,0.19599205819050264,726,-0.03751333233604174,0.000658591509133324,0.032467532467532464,0.030261348005502064,1.0,0.07999049742106873,0,Myntra,Shampoos,Smartwatches,Bare Anatomy,Titan
0.0,0.0,0.0,0.0,0.0,0.0,0.061457329805472194,0.0,147,0.0,0.0,0.0,0.13725490196078433,1.0,0.0,0,Croma,Speakers,Laptops,Philips,Lenovo
0.1452991452991453,-0.07997557997558002,0.1557377049180328,-0.08489461358313818,0.027290630874379183,-0.002964951156330952,0.16815277738556497,0.10485412758131825,736,0.28629960141792404,0.02722020166660922,0.09433962264150944,0.12364130434782608,1.0,0.2878749277040698,0,Flipkart,Perfumes,Mixers \u0026 Grinders,French Factor,Hindware Smart Appliances
0.0,0.0,0.14285714285714285,0.13265306122448978,-0.0019595205701876113,-0.00018988715277777778,0.1476088540508,0.8628747601500548,204,0.21892285344794557,-0.0030747714746634657,0.0,0.2524752475247525,1.0,0.49959534972027403,0,Flipkart,Perfumes,Power Banks,VOKKA,Ambrane
0.3230769230769231,0.15934065934065936,0.23809523809523808,0.11564625850340132,0.06128080467847753,0.010299255880590032,0.11210941354008201,0.06627504890895829,471,0.15555291390685239,0.08181562342360746,0.13245033112582782,0.05930470347648262,1.0,0.15050195295873944,0,Amazon,Speakers,Perfumes,boAt,Ajmal
0.30833333333333335,0.07083333333333333,0.373134328358209,0.09328358208955223,0.015107222027592496,0.009720994823885871,0.14690128594517976,0.04978517380032864,747,0.27315864027898656,0.011323669124031077,0.15289256198347106,0.12032085561497326,1.0,0.2789272443054482,0,Flipkart,Car Electronics,Perfumes,AGARO,French Factor
0.4444444444444444,0.4206349206349206,0.5,0.4642857142857143,0.007078192424713625,0.00871900826446281,1.0052054201731968,0.649838886323461,450,0.80824898085093,0.26547007606641737,0.15789473684210525,0.0028524857375713123,1.0,0.8155184708210069,0,Croma,TWS Earbuds,Earphones,Noise,JBL
0.1956521739130435,0.03260869565217395,0.19289340101522842,0.0275562001450326,-0.010591394849940447,0.0013193896291555738,0.2008545419964799,0.09017265749196617,1385,-0.04643968641938469,-0.007042808798989608,0.11617312072892938,0.05483405483405483,1.0,0.05298481684295393,0,Amazon,Dash Cameras,Irons,NEXDIGITRON,Havells
0.2,0.15918367346938778,0.14634146341463414,0.057491289198606285,0.011266157426481786,0.010395782282616766,0.10091161095216392,0.13455674609202972,209,0.030555991178674868,0.014620709296162222,0.07228915662650602,0.03349282296650718,1.0,0.13829495542997744,0,Amazon,Power Banks,Perfumes,pTron,Wild Stone
0.203125,0.005022321428571425,0.2222222222222222,0.03637566137566137,-0.0401604949789342,-0.005541950113378689,0.6715879908802086,0.11681035491185814,584,0.20022394499022209,-0.0013778453015635885,0.09051724137931035,0.07705479452054795,1.0,0.22847456527527774,0,Flipkart,Smartwatches,T-Shirts,boAt,PUMA
0.2916666666666667,0.2142857142857143,0.09090909090909091,0.04220779220779221,-0.0775914609604619,0.010185185185185186,0.16952266059200696,0.11622180529251155,94,0.15421391536404702,-0.1471114881655672,0.14583333333333334,0.044444444444444446,0.9473684210526315,0.20654479206455084,0,Amazon,Cleaning Supplies,Vehicles,Ariel,Storio
0.4396551724137931,0.17056650246305416,0.44776119402985076,0.13965884861407252,0.030926678272975676,0.03752008731468938,0.2625671737351012,0.09062689616202055,453,0.08933891808921039,0.07128821309647951,0.22510822510822512,0.12582781456953643,1.0,0.0724334212436328,0,Myntra,Perfumes,Serums,Ajmal,Minimalist
0.0,-0.004608294930875576,0.0,-0.012987012987012988,-0.00034049868368350424,-0.00025789753638773055,0.724524599569549,0.00034127592455431596,1360,0.13861600239753624,-0.0026259709598562596,0.014705882352941176,0.004682004816271374,1.0,0.13705695346329363,0,Croma,Speakers,Earphones,Croma,GOBOULT
0.16666666666666666,-0.028273809523809534,0.2696629213483146,0.05216693418940613,0.0043565777748538195,0.0046768707482993215,0.1363783252741491,0.08102203128590532,440,0.1775705710596661,-0.014422148870540543,0.0970873786407767,0.075,1.0,0.22359664112065578,0,Flipkart,Recliners,Womens Watches,Flipkart Perfect Homes,NAVIFORCE
0.28440366972477066,0.06553079947575358,0.3473684210526316,0.15639097744360902,0.03799679676615479,0.01255205234979179,0.1510004519872725,0.06303874357952066,635,0.19549781781367864,0.08316651309469758,0.15384615384615385,0.11949685534591195,1.0,0.19876337864812782,0,Flipkart,Table Tennis,Camping Equipment,EAST COAST,Strauss
0.0,-0.016326530612244896,0.0,-0.02264808362369338,0.0015823938527719551,-0.0013744212962962963,0.29561727476968,0.07790139382230996,411,-0.4333340902012137,7.734942310954725e-06,0.0,0.0680204847378562,1.0,0.4442893478544177,0,Myntra,Headphones,Casual Shoes,boAt,Puma
0.13157894736842105,0.08082706766917293,0.1282051282051282,0.07692307692307693,-0.07712305789088694,0.003789622386946239,0.21883744117157708,0.22645755244622315,1094,0.10365662354314382,-0.07873632266211983,0.05405405405405406,0.022768670309653915,1.0,0.1395699678416508,0,Croma,TWS Earbuds,Speakers,Sony,Croma
0.25663716814159293,0.03666245259165615,0.24778761061946902,0.02591656131479142,-0.045896154179033456,-0.008588938533993479,0.2556364107682993,0.0411150373172204,376,0.004214201982690536,-0.01846377246717249,0.12217194570135746,0.06382978723404255,1.0,0.03227046195386413,0,Amazon,Mens Watches,Bath \u0026 Body,TIMEX,Dove
0.2967741935483871,0.039631336405529904,0.23684210526315788,-0.007988721804511295,-0.04160648091570101,-0.0011801422557700687,0.18013604037579112,0.05897873196434457,852,0.09036656643845854,-0.0199827701690787,0.1461794019933555,0.07445589919816724,1.0,0.1078954056438314,0,Amazon,Mens Sneakers,Pens \u0026 Writing Instruments,Skechers,Parker
0.17647058823529413,-0.03711484593837533,0.1941747572815534,-0.02565880721220523,-0.0271623628421942,-0.008976036847658467,0.23830675199514328,0.05219525740234357,606,0.04030095835112112,-0.0717929532858952,0.09137055837563451,0.09075907590759076,1.0,0.04365388908133071,0,Myntra,Serums,Mens Watches,deconstruct,Timex
0.16666666666666666,0.06547619047619048,0.0,-0.11428571428571428,0.18291259281462652,0.002148760330578513,0.8682600218204365,0.07051432137345418,119,0.2620593819901035,0.0954935062006257,0.06451612903225806,0.06504065040650407,1.0,0.28054505569213783,0,Flipkart,Light Bulbs,Smartwatches,Orient Electric,boAt
0.21333333333333335,-0.0028571428571428636,0.2235294117647059,-0.006722689075630256,-0.045294604170655985,-0.005876068376068374,0.07559502971366606,0.09990397687799212,489,0.26514150206951737,-0.04095784345186597,0.12849162011173185,0.10020449897750511,1.0,0.2816482531707799,0,Amazon,Perfumes,Digital Safes \u0026 Lockers,Ajmal,BonKaso
0.3111111111111111,0.04444444444444445,0.2682926829268293,0.039198606271777015,-0.03270184302288356,-0.002937187522570602,0.17966771632674594,0.13586514930581078,371,-0.13090493227479966,-0.0244763408044185,0.16463414634146342,0.08086253369272237,1.0,0.14197438474135154,0,Myntra,Moisturizers,Mens Outerwear,The Face Shop,StyleCast x Revolte
0.0,-0.005494505494505495,0.0,-0.012422360248447204,0.0022513501853084527,-0.000543272864701436,0.1264611014835883,0.0022648628348705567,642,-0.07950704307586082,-0.0005246684950912498,0.0,0.08258258258258258,1.0,0.10105470342861655,0,Flipkart,Lighting \u0026 Electrical,Wrenches,Longway,Emergity
0.18518518518518517,0.021164021164021163,0.2191780821917808,0.07925636007827791,-0.07548385409496049,0.002232131685759902,0.11162010081473626,0.08707331798627964,800,-0.10326471523137574,0.032320722390325095,0.12658227848101267,0.0425,1.0,0.16550598593719254,0,Amazon,Diapers,Chairs,unknown,MAHARAJA
0.20677966101694914,0.026392251815980594,0.1782178217821782,0.026166902404526154,0.00042239361811565704,0.003714583561996167,0.16957724652557246,0.027094392486175553,1518,-0.23711660843832574,0.00760505961469552,0.08099173553719008,0.16085561416672636,0.97761685319289,0.24561980766325917,0,Amazon,Perfumes,Gym Equipment,Wild Stone,Lifelong
0.0,0.0,0.0,-0.004201680672268907,-0.003911834479357022,-0.0004563492063492063,0.6121853450227794,0.003940153767395596,448,-0.18441653952932777,0.0002396017997273238,0.0,0.013108614232209739,1.0,0.18606745701382166,0,Myntra,Headphones,Casual Shoes,boAt,Nike
0.16,0.0857142857142857,0.21739130434782608,0.17080745341614906,0.1924332885990617,0.008841268997768095,0.24710673052097737,0.07345610697924153,400,-0.020128474580187423,0.22319951263002377,0.10204081632653061,0.022443890274314215,1.0,0.089842068799634,0,Amazon,Car Cleaning Kits,Eye Care,Lyrovo,LENSKART BLU
0.336,0.0017142857142857792,0.2903225806451613,0.005760368663594528,-0.026613694270223674,0.0046740577138227705,0.14057788401717947,0.1419317253840232,664,0.022127677536078687,-0.02794498904120691,0.14173228346456693,0.06797583081570997,1.0,0.02232644853265941,0,Flipkart,Lighting \u0026 Electrical,Football,Longway,Hundred
0.0625,0.02232142857142857,0.19047619047619047,0.1020408163265306,-0.0029005292821361107,0.001506143479984146,0.8087670152889923,0.01278337029520214,450,0.7751519903591251,0.0006908102375395052,0.05,0.5028712059064807,1.0,0.7841607936206874,0,Croma,TWS Earbuds,Earphones,Noise,GOBOULT
0.0,-0.056390977443609026,0.045454545454545456,-0.012987012987012984,0.006073145448195976,-0.012949473927621693,0.48673277525927133,0.16865049356907882,101,0.009952743504796628,-8.925891149336991e-05,0.022222222222222223,0.04950495049504951,1.0,0.10235202673368948,0,Flipkart,Mens Sports Shoes,Jeans,NIKE,DENIM LOOK
0.12727272727272726,0.03116883116883115,0.06451612903225806,0.00592495062541145,0.00507527545301974,-0.0010961702909155612,0.3147039726713138,0.026481329472445962,769,-0.10244701647311177,-0.01865904110808091,0.05263157894736842,0.02077922077922078,1.0,0.1437770937253711,0,Amazon,Instruments,Mobile Chargers,IBANEZ,Samsung
0.1875,0.09821428571428571,0.25,0.16517857142857142,-0.13871861610246497,-0.0008317580340264658,0.25235751583924604,0.1445398170435952,121,-0.48786538509733457,-0.11827029728949308,0.08823529411764706,0.15239551478083588,1.0,0.5219374031047329,0,Myntra,Suitcases,Headphones,Aristocrat,NOISE
0.3013698630136986,0.0004892367906066397,0.2589928057553957,-0.018499486125385434,-0.08535477445280754,-0.012493912831750671,0.27222845061671797,0.1056085053794206,602,-0.08634387011172055,-0.04949220561758509,0.13584905660377358,0.09865187159188883,1.0,0.10305183338516521,0,Myntra,Mens Watches,Mens Sports Shoes,Timex,Skechers
0.2054794520547945,0.003913894324853229,0.19298245614035087,0.03007518796992481,0.07647052880740411,0.004015800947401204,0.10736097731881333,0.1538205487114352,512,0.13837974463878866,0.03348702406971602,0.1366906474820144,0.07782101167315175,1.0,0.18740119834863211,0,Amazon,Suitcases,Car Cleaning Kits,unknown,Phirki
0.17647058823529413,0.1092436974789916,0.05555555555555555,-0.003968253968253982,2.0601892423252106e-05,-0.000820583767361111,0.05291380807716276,0.049527996480131245,388,0.006588289269604568,-0.00013918933793170078,0.011363636363636364,0.013632365875109938,1.0,0.007114056757533985,0,Amazon,Sunscreen,Office Desks,unknown,ABOUT SPACE
0.0,0.0,0.0,0.0,0.0,0.0,0.07611512850371359,0.0,134,-0.12002502460542198,0.0007493220104256459,0.0,0.013986013986013986,1.0,0.13525397733482408,0,Amazon,Car Cleaning Kits,Gym Equipment,STARQ,Lifelong
0.0,-0.015306122448979591,0.0,-0.0016611295681063123,-0.000780408475773801,-0.0006725210872723143,0.14161152318825987,0.0014452172447901887,557,-0.010538438579913897,0.0001269843182783098,0.0,0.0912280701754386,1.0,0.015717068010019174,0,Amazon,Fiction,Digital Safes \u0026 Lockers,unknown,BonKaso
0.3838383838383838,0.09812409812409811,0.28888888888888886,0.03492063492063485,0.022872086430770603,0.005987039819684448,0.1398577260168497,0.047381445338016755,502,0.08810708766983769,0.013718461528435515,0.1590909090909091,0.09940357852882704,1.0,0.07782656602351214,0,Amazon,Gym Equipment,Suitcases,Lifelong,American Tourister
0.1952191235059761,0.05577689243027892,0.20318725099601595,0.04695503699487763,0.006545171372835671,0.0030524546339085554,0.2972732814876984,0.08816257635020502,1497,0.12313076571966498,0.03396869844074753,0.09171075837742504,0.0520694259012016,1.0,0.1387643441152187,0,Amazon,Non-Fiction,Massage \u0026 Relaxation,Robert Greene,Lifelong
0.057692307692307696,0.028846153846153848,0.11363636363636363,0.08441558441558442,-0.0049066693237963385,0.002434710455061577,0.06297083487634729,0.1480284000883541,448,0.11491449934565605,-0.0050524628674062716,0.02857142857142857,0.10267857142857142,1.0,0.11954133394561946,0,Flipkart,Casual Shoes,Gas Stoves,ADIDAS ORIGINALS,Natraj Aatamaker
0.3523809523809524,0.09727891156462587,0.27102803738317754,0.024699599465954652,0.012358672824231844,0.012205393479524755,0.3072514875966605,0.0826901698619277,541,0.637735729650226,0.00814619178763058,0.15458937198067632,0.07195571955719557,1.0,0.6518557401960623,0,Flipkart,Pressure Washers,Backpacks,OEM,Uppercase
0.0,-0.015037593984962405,0.0,-0.010714285714285714,-0.0005333768877884428,-0.0005281207133058985,0.3155400275748778,0.0033392275719730403,1080,-0.3899494639350713,4.280116810876446e-06,0.0,0.0283363802559415,1.0,0.43677355585739625,0,Croma,Earphones,TWS Earbuds,GOBOULT,Sony
0.17391304347826086,-0.0010351966873705654,0.09210526315789473,-0.0798872180451128,-0.075248427022218,-0.009016777066142708,0.15160613104962234,0.08182852037806185,537,0.0724379462338412,-0.06382153773055026,0.08609271523178808,0.05321100917431193,1.0,0.14150528630882708,0,Amazon,Headphones,Smartwatches,boAt,Fastrack
0.2692307692307692,0.06135531135531136,0.29577464788732394,0.10362173038229375,0.00571323360223534,0.0029879598898382882,0.11668227584203701,0.03780342642230074,503,0.1296604898978245,0.02023863801695417,0.11920529801324503,0.09940357852882704,1.0,0.12974437930791904,0,Amazon,Sunscreen,Suitcases,Deconstruct,American Tourister
0.0,0.0,0.14285714285714285,0.11224489795918366,0.0007683538806065643,-0.0011890606420927466,0.12018447581663592,0.02180315678550708,95,0.023318436783525437,-0.06772587839780479,0.09523809523809523,0.07766990291262135,1.0,0.09544366498709508,0,Flipkart,Perfumes,Suitcases,BELLAVITA,ARISTOCRAT
0.1919191919191919,-0.03391053391053389,0.2962962962962963,0.09259259259259256,0.00802255949214616,0.0017407407407407406,0.1623130215117744,0.01484215134310265,606,-0.21835288679088696,-0.0011465595974568896,0.08955223880597014,0.0764003207969271,1.0,0.2276176788628936,0,Myntra,Mens Watches,Casual Shoes,Timex,Puma
0.3482142857142857,0.07589285714285715,0.3333333333333333,0.043452380952380854,0.005548116562549408,0.0010804009428953681,0.21956285600193284,0.13578345546357504,460,0.06928760097117985,0.010024212995711565,0.14479638009049775,0.10652173913043478,1.0,0.08505884512563874,0,Myntra,Casual Shoes,Moisturizers,Puma,The Face Shop
0.17391304347826086,0.034161490683229795,0.3076923076923077,0.1813186813186813,-0.007518728851973109,-0.00032839181835241094,0.3591781876398822,0.2083572561853339,158,0.13764976396080988,-0.0008681877520906381,0.12244897959183673,0.0949367088607595,1.0,0.14495175057330126,0,Flipkart,Perfumes,Smartwatches,AXE,Fastrack
0.35714285714285715,0.201530612244898,0.26666666666666666,0.0952380952380952,0.017020647411341325,-0.0042229729729729715,0.17221833310143664,0.07407684117100068,154,0.41461346568679897,0.017048749855550105,0.1346153846153846,0.07792207792207792,1.0,0.4713579405401861,0,Myntra,Smartwatches,Mens Sports Shoes,Fastrack,Nike
0.17073170731707318,-0.01742160278745647,0.13636363636363635,-0.04383116883116883,-0.07153211156137512,-0.007296786389413992,0.14817769389896548,0.07077585838203398,242,0.017661512210507276,-0.03228601875806149,0.08421052631578947,0.13771794305892737,1.0,0.07503874773424118,0,Flipkart,Garden Tools,Smartwatches,ProHome,Fastrack
0.10655737704918032,-0.020491803278688506,0.15748031496062992,0.05174353205849268,-0.006970137670435826,-2.42665437161782e-05,0.21107675112893945,0.045947269181324614,1392,-0.09151632858541822,0.016185553438856738,0.08424908424908426,0.050969131371141424,1.0,0.11524518450142693,0,Flipkart,Tool Kits \u0026 Sets,Office Desks,STANLEY,NEUDOT
0.06976744186046512,0.014950166112956804,0.11627906976744186,0.0664451827242525,0.011247942094861376,0.003559467310042698,0.14487508138696284,0.1412100723709067,1094,0.03980494984180207,0.014681283769879898,0.034482758620689655,0.0283363802559415,1.0,0.050394745122403446,0,Croma,Speakers,TWS Earbuds,Croma,Sony
0.14285714285714285,0.06122448979591835,0.2,0.1642857142857143,0.009631853695445277,-0.0043471715156761645,0.15661837356559305,0.24577339274425367,175,-0.3007210488266114,0.006509376174813216,0.2,0.07344632768361582,1.0,0.38723702169658747,0,Flipkart,Televisions,Drills,Coocaa,Flipkart SmartBuy
0.23076923076923078,0.05384615384615388,0.18518518518518517,-0.012345679012345678,0.031217190811314733,0.003502508553423397,0.16116017167022234,0.0935153468624469,489,-0.0008586244077112945,0.020897506737657494,0.058823529411764705,0.14,0.8551307847082495,0.05123983001223435,0,Amazon,Headphones,USB Hubs \u0026 Adapters,boAt,ZEBRONICS
0.10526315789473684,-0.06578947368421051,0.13157894736842105,-0.044172932330827086,-0.0071738001893156145,-0.007989931542113995,0.4137779271633307,0.02440334491873219,486,0.09259108088571025,-0.0025210933248700643,0.056962025316455694,0.0838494018296974,1.0,0.10037963633568726,0,Myntra,Mens Outerwear,Shirts,Roadster,HIGHLANDER
0.3838383838383838,0.1327561327561328,0.3068181818181818,0.08766233766233766,-0.0038917032178105732,0.018721765667051138,0.2521430743754735,0.09811612023833975,428,0.1004611695825428,-0.0019498112636364613,0.20786516853932585,0.06103286384976526,1.0,0.1061266371161257,0,Flipkart,Ready-to-Eat,Milk \u0026 Cream,Yogabar,Anveshan
0.20689655172413793,0.06403940886699508,0.19230769230769232,0.07967032967032966,-0.00747574268128406,0.0015967484395412977,0.06160502671952462,0.10612501139550741,174,0.3851265192565411,0.13475212983986298,0.1206896551724138,0.13068181818181818,1.0,0.3861675503794371,0,Amazon,Suitcases,Car Cleaning Kits,Aristocrat,Phirki
0.0,0.0,0.0,0.0,0.0,0.0,0.0,0.0,203,0.10990876225904052,-9.369215929999851e-05,0.0,0.020179372197309416,1.0,0.11077344971749682,0,Flipkart,Jeans,Earphones,Tokyo Talkies,boAt
0.09392265193370165,0.010260457774269927,0.10191082802547771,0.0145586897179254,-0.00365827953480532,-0.00021641843742840026,0.3756170319620688,0.028933764712979322,1461,0.4398793582959771,-0.002698207590573763,0.04456824512534819,0.09494535519125682,1.0,0.44915675411125,0,Amazon,Headphones,Soft Toys,Noise,DIKANG
0.1346153846153846,0.0,0.14814814814814814,0.015873015873015872,-0.011530031469465622,-0.004526823116075852,0.7062115851102984,0.059763209296310696,475,-0.3563351216512657,-0.008351268107972352,0.036036036036036036,0.08481729879740982,0.9852631578947368,0.3985284260299906,0,Myntra,Shirts,Casual Shoes,HIGHLANDER,ASIAN
0.11428571428571428,0.03673469387755102,0.029411764705882353,-0.052521008403361345,-0.0005216766619152931,-0.0023121356452911906,0.12438136767645352,0.010268655286592971,459,0.2392127880222143,1.4714655046532085e-05,0.0,0.1787812041116006,0.9956427015250545,0.2779368474122863,0,Myntra,Casual Shoes,T-Shirts,ASIAN,Jack & Jones
0.0967741935483871,0.008064516129032265,0.06741573033707865,-0.040930979133226325,0.02800437204739154,0.001599059933541089,0.19822292798154387,0.029954291427650777,1091,-0.19177744544010392,0.017118284508916202,0.08866995073891626,0.07107261316337149,0.9972527472527473,0.21179757461056653,0,Amazon,Moisturizers,Mens Grooming,RAAGA PROFESSIONAL,Lifelong
0.25668449197860965,-0.0007639419404125714,0.27807486631016043,0.07639419404125289,-0.013130597379184266,0.006122919990622228,0.32525559947076427,0.09143851156179313,1073,-0.004106465302999544,-0.013713489999030357,0.14720812182741116,0.10123851344477977,1.0,0.008415277622634488,0,Flipkart,Coffee Tables,Camping Equipment,MODERN CRAFTHOUSE,Strauss
0.2077922077922078,0.08441558441558446,0.1956521739130435,0.053571428571428575,0.02830616217592934,0.013072590073334046,0.137379861116866,0.035346682772099826,309,0.293781210992662,0.0442336121553088,0.0783132530120482,0.03870967741935484,1.0,0.29103220865372853,0,Myntra,Mens Sports Shoes,Sunscreen,Nike,Lakme
0.12162162162162163,-0.04922779922779924,0.22535211267605634,0.06941649899396377,-0.017267542049692424,-0.005389378870332147,0.4436634678430904,0.2346821565616751,389,0.004882208827343271,-0.011494485293605347,0.08125,0.1551348999129678,1.0,0.04577419930838079,0,Myntra,Mens Watches,Jeans,WROGN,Mufti
0.0,-0.004608294930875576,0.0,-0.012987012987012988,-0.00034049868368350424,-0.00025789753638773055,0.724524599569549,0.00034127592455431596,1360,0.13861600239753624,-0.0026259709598562596,0.014705882352941176,0.004682004816271374,1.0,0.13705695346329363,0,Croma,Speakers,Earphones,Croma,GOBOULT
0.06422018348623854,-0.054390563564875496,0.16666666666666666,0.03630952380952382,0.0008248470019043611,-0.0002862885207975071,0.26510519290824563,0.01951706162782245,1498,0.046103175596229784,0.024402702271518903,0.056,0.0520694259012016,1.0,0.04319738536838684,0,Amazon,Massage \u0026 Relaxation,Cleaning Supplies,Lifelong,Presto!
0.0,-0.02040816326530612,0.0,-0.026785714285714284,-0.000495774551859596,-0.0010330578512396695,0.03892951277301985,0.001721874989223138,139,0.0429638583342549,-0.0015958267269088058,0.0,0.013986013986013986,1.0,0.04392279809279318,0,Amazon,Soft Toys,Gym Equipment,DIKANG,Lifelong
0.07692307692307693,-0.03708791208791205,0.1320754716981132,0.008086253369272225,-0.064267962351019,-0.0029619377162629764,0.10939381069504638,0.16674189717749766,443,-0.03947163953553458,-0.0830844177900698,0.024539877300613498,0.037694013303769404,1.0,0.0721425240643966,0,Amazon,Diapers,Mens Watches,HUGGIES,Fastrack
0.014084507042253521,0.007042253521126762,0.015625,-0.002232142857142856,-0.11874613856651706,-0.002170138888888889,0.2406092518016282,0.1523594911563755,438,0.1553402352544373,-0.015134996878968071,0.013333333333333334,0.15020576131687244,1.0,0.16384882261925382,0,Myntra,Headphones,Perfumes,boAt,Giorgio Armani
0.21794871794871795,-0.03205128205128205,0.3037974683544304,0.08770343580470166,0.08599976943698702,0.004371291503598027,0.0981328045214025,0.11799424617745324,371,0.06027427510557995,0.09723841912594164,0.12418300653594772,0.07277628032345014,1.0,0.1006134419662985,0,Flipkart,Mens Watches,Multipurpose Sprays \u0026 Lubricants,DANIEL HECHTER,Drasert
0.19047619047619047,0.03996598639455784,0.21686746987951808,0.06798623063683304,-0.010423081093310006,0.0031694391146785115,0.5659050342936414,0.1394268124002013,938,0.02902728319754771,0.05996004136283678,0.08771929824561403,0.07641588193577925,0.9664570230607966,0.03190892917931492,0,Myntra,Headphones,Womens Slippers,NOISE,Red Tape
0.057692307692307696,-0.04395604395604395,0.10526315789473684,-0.006265664160401002,0.02571303754952805,0.0007226562500000002,0.28786285134174017,0.07574516933049465,245,0.1696949015366975,0.0014727368378374532,0.043478260869565216,0.02040816326530612,1.0,0.23565862068418422,0,Flipkart,Induction Cooktops,Mens Watches,KAPLI,LEE COOPER
0.2631578947368421,0.15037593984962405,0.3,0.15000000000000002,-0.05227961611061401,-0.004384661117717003,0.3113261111485604,0.09211840290523055,124,0.22197739760896668,0.004358955853156532,0.14285714285714285,0.064,1.0,0.2428663006946432,0,Flipkart,Office Desks,Casual Shoes,Lukzar,NIKE
0.2564102564102564,0.08791208791208788,0.37777777777777777,0.18095238095238098,-0.057891737241409516,-0.0011894463667820043,0.4384154065934391,0.033296575386927194,142,-0.12276396565334914,-0.1060400482739606,0.17105263157894737,0.35583941605839414,1.0,0.18615884385936352,0,Myntra,Bath \u0026 Body,Perfumes,Parachute,SKINN
0.1875,0.02053571428571427,0.13333333333333333,-0.029523809523809508,0.017588175502520162,0.0006768879042548968,0.1358936544653041,0.053738999242752446,878,0.2148796736778244,0.02979351579317772,0.0783132530120482,0.061812425801345466,0.8895216400911162,0.20957823093383263,0,Amazon,Kitchen Storage \u0026 Containers,Lingerie \u0026 Sleepwear,MILTON,PLETHEON
0.2727272727272727,0.17857142857142858,0.17391304347826086,0.08695652173913045,0.03501983759614133,0.004976260043827611,0.10511715193093843,0.17622835599086029,148,0.39440235187221595,0.024512190544688423,0.0625,0.13725490196078433,1.0,0.3922540391680114,0,Croma,TWS Earbuds,Laptops,Sony,Lenovo
0.527363184079602,0.11194029850746257,0.46632124352331605,0.07438934122871949,-0.003496478296813812,0.0038215481505101956,0.20558666846289841,0.05362621649718367,476,0.06756349564896338,-0.00276892819689036,0.27794561933534745,0.15723270440251572,1.0,0.0838168094155076,0,Myntra,Moisturizers,Mens Watches,Nivea,Titan
0.05555555555555555,0.011904761904761904,0.09523809523809523,0.06462585034013604,-0.001155489295113914,-0.0007627114124028609,0.18003946892602113,0.07840420095349887,459,0.05836808521244438,-0.002109606751512421,0.01818181818181818,0.013071895424836602,1.0,0.06049148814162982,0,Myntra,Mens Sports Shoes,Kurtas \u0026 Kurtis,Nike,FUBAR
0.17647058823529413,0.050420168067226934,0.16129032258064516,0.07142857142857144,-0.14429017705633831,0.00434424487193113,0.26335199085602806,0.18866629367764956,400,-0.1603860969802166,-0.07996428413445547,0.12121212121212122,0.05,1.0,0.19007993150755614,0,Amazon,Eye Care,Gym Equipment,LENSKART BLU,Cockatoo
0.37349397590361444,0.04489386115892141,0.3709677419354839,0.029233870967741937,0.00498194751050322,0.008974250857367742,0.29631694014184967,0.07300306995395638,1937,-0.3691599999479821,-0.007748782957512636,0.21806853582554517,0.16915799099606077,0.999484004127967,0.36963802918057864,0,Amazon,Non-Fiction,Perfumes,Robert Greene,Wild Stone
0.2926829268292683,0.03353658536585363,0.3924050632911392,0.13517179023508136,-0.03732929247358869,0.00591781428018362,0.6047142080023903,0.05491680068867847,926,-0.02501757395547607,-0.01869504252764309,0.16065573770491803,0.29728260869565215,1.0,0.03393179307977913,0,Flipkart,Mens Watches,Sofas,LEE COOPER,Flipkart Perfect Homes
0.06557377049180328,0.0011709601873536313,0.06779661016949153,0.008474576271186439,0.0044353931255886984,-0.0010779360441522602,0.23290190701421082,0.08319002174214161,640,0.32209563058657675,0.040805967294604256,0.023809523809523808,0.0407103825136612,1.0,0.3576157182774584,0,Myntra,Serums,Shirts,deconstruct,Snitch
0.569620253164557,0.18535262206148284,0.5529411764705883,0.14957983193277313,0.02613955462561531,0.006307670126874276,0.3894246986339943,0.14059061834120173,216,0.004761782021439899,0.028311480566594507,0.3049645390070922,0.2534562211981567,1.0,0.1321391519694805,0,Flipkart,Tyre Inflators \u0026 Pumps,Cleaning Tools,Portronics,BOSCH
0.15584415584415584,0.01345083487940632,0.12337662337662338,-0.017625231910946212,0.06976715374805821,-0.0015523925518602238,0.15955887464713067,0.021480027764888686,1230,-0.24993209932486443,0.1045257980179893,0.09259259259259259,0.16227710596433695,1.0,0.3078952509040326,0,Amazon,Pens \u0026 Writing Instruments,Smart Bulbs \u0026 Lighting,Parker,Gesto
0.5641025641025641,0.3250915750915751,0.42105263157894735,0.2095864661654135,-0.016849935311420663,0.035910518053375196,0.4578359118002438,0.08681419582193539,389,0.023947553709990396,-0.01541373974670079,0.25,0.10824742268041238,0.9974293059125964,0.04647651877044906,0,Myntra,Jeans,Cargos,Mufti,HIGHLANDER
0.20754716981132076,0.05929919137466308,0.17142857142857143,0.04217687074829932,0.025474333475618855,0.0028568709304767903,0.18072316227835034,0.03703437608440677,1130,-0.6636823777971591,0.05238848663245468,0.10588235294117647,0.06596306068601583,1.0,0.6787387793137953,0,Amazon,Cleaning Supplies,Fiction,Presto!,unknown
0.5526315789473685,0.4041353383458647,0.5714285714285714,0.3928571428571428,0.03406504720086303,0.028808864265927978,0.7283623065421024,0.21860686899278536,103,0.0406037659711404,0.05682127150170157,0.39705882352941174,0.2403846153846154,1.0,0.1623315508733583,0,Flipkart,Fiction,Heat Guns \u0026 Blowers,Pearson Education (US),INGCO
0.3013698630136986,-0.01418786692759294,0.3469387755102041,0.04324586977648204,0.004760244925316414,0.0044077846862769846,0.2810346268702635,0.06980655001339743,742,0.2136081564627154,-0.006670596122286578,0.13553113553113552,0.13923025894152172,0.9973045822102425,0.21823188877118924,0,Flipkart,Non-Fiction,Keyboards,Puffin Books,Portronics
0.30097087378640774,0.08252427184466021,0.26,0.043571428571428594,-0.016906620672893835,0.00749440342143072,0.35500532884270947,0.037081764539333456,953,0.044282101390814704,-0.040524236188125,0.1461187214611872,0.07023060796645703,1.0,0.08266593518797642,0,Myntra,Shampoos,Womens Slippers,Bare Anatomy,Red Tape
0.0,-0.011904761904761904,0.0,-0.017857142857142856,-0.00029766455159107604,-6.087168249330412e-05,0.08225953890810231,0.00029969291405712665,450,-0.06250950417969577,0.00011557563898293616,0.0,0.0021494288511180863,1.0,0.06412056080018591,0,Croma,TWS Earbuds,Speakers,Noise,Croma
0.04938271604938271,0.004409171075837749,0.04819277108433735,-0.008605851979345942,0.047126311485769026,-0.002468899635941918,0.29712989722680117,0.062407767448074455,466,-0.050853607163971776,-0.02510281314049323,0.022727272727272728,0.1034928122192273,1.0,0.13842342917822845,0,Myntra,Moisturizers,Shirts,The Face Shop,Snitch
0.0,-0.02976190476190476,0.13333333333333333,0.09047619047619047,-0.0009282041019029579,0.0018170488403877068,0.6731298166718923,0.003214304987358294,450,0.07092834340227847,0.005323728014585247,0.03571428571428571,0.004269449715370019,1.0,0.07483630369433625,0,Croma,Speakers,TWS Earbuds,Philips,Noise
0.0,-0.011904761904761904,0.0,-0.017857142857142856,-0.0002976645515910761,-6.087168249330412e-05,0.08225953890810224,0.00029969291405712665,450,-0.06250950417969575,0.00011557563898293615,0.0,0.0021494288511180863,1.0,0.06412056080018591,0,Croma,Speakers,TWS Earbuds,Croma,Noise
0.27184466019417475,0.04923717059639393,0.25,0.05714285714285716,0.02873288673701519,0.005637913223140497,0.14508884947594677,0.06514299146156448,466,0.16307225880443438,0.0443743812908536,0.10891089108910891,0.06223175965665236,1.0,0.17427542138087174,0,Myntra,Moisturizers,Casual Shoes,The Face Shop,ASIAN
0.19480519480519481,-0.012987012987013019,0.2112676056338028,0.005030181086519064,-0.05656526509760059,-0.00865204480229592,0.1699760169685751,0.09284444927887825,468,0.21593015071466193,-0.008590348085932783,0.08860759493670886,0.09615384615384616,1.0,0.2312881912331364,0,Flipkart,Bike Parts,Smartwatches,MOXZILLA,Noise
0.4067796610169492,0.08898305084745767,0.3275862068965517,0.022167487684729037,-0.060495876273024315,-0.005637788908604932,0.08135138365924652,0.08816499039616964,443,0.0651482866730615,-0.046700245472419626,0.2140221402214022,0.1981981981981982,1.0,0.07494272381778366,0,Flipkart,Tool Kits \u0026 Sets,Car Electronics,TAPARIA,Costar
0.3402061855670103,0.12518409425625915,0.12048192771084337,-0.009466437177280573,-0.012894975828821724,0.008538517746159723,0.6061189305876107,0.0753834944411249,373,0.15275474637793565,-0.09306535122104077,0.11413043478260869,0.12609161311583456,0.9395465994962217,0.1824948176548103,0,Myntra,Mens Outerwear,Casual Shoes,HRX by Hrithik Roshan,Puma
0.28125,0.12723214285714285,0.12903225806451613,-0.05069124423963134,0.029182683287191626,0.0018549346016646859,0.3649876875225988,0.1395084317688423,157,-0.264191086814936,0.04696113050962444,0.14492753623188406,0.14556962025316456,1.0,0.32511112029829237,0,Flipkart,Dash Cameras,Sofas,CP PLUS,Flipkart Perfect Homes
0.27586206896551724,0.1354679802955665,0.3103448275862069,0.16748768472906406,-0.22597296082009807,0.0016435354273192093,0.22782966869966428,0.14391488375914263,148,-0.12211441666141029,-0.19639199247897765,0.18181818181818182,0.13725490196078433,1.0,0.13815388314666185,0,Croma,Speakers,Laptops,Croma,Lenovo
0.0,-0.02976190476190476,0.13333333333333333,0.09047619047619047,-0.0009282041019029579,0.0018170488403877068,0.6731298166718923,0.003214304987358294,450,0.07092834340227847,0.005323728014585247,0.03571428571428571,0.004269449715370019,1.0,0.07483630369433625,0,Croma,Speakers,TWS Earbuds,Philips,Noise
0.18442622950819673,0.0038056206088993016,0.20078740157480315,0.006186726659167585,0.08891350329523148,0.0031736473960120616,0.12187628488675342,0.038591102070300934,1211,0.09282555904614125,0.08145896519533552,0.07283464566929133,0.054500412881915775,1.0,0.07519921163884373,0,Amazon,Perfumes,Suitcases,Wild Stone,Aristocrat
0.42771084337349397,0.025387263339070543,0.42105263157894735,0.05169172932330818,0.014364688353986629,0.00555319796475616,1.090027115888503,0.025854513852162437,503,-0.13312062307376382,0.07822112585273489,0.24092409240924093,0.08280922431865828,1.0,0.15246740084562063,0,Flipkart,Sarees,Womens Watches,Maasaree,NAVIFORCE
0.2809917355371901,0.12042502951593864,0.26153846153846155,0.09285714285714286,0.009003550454394544,0.004687335906322201,0.12286268455390391,0.0724733170253072,1133,-0.044512944326301075,0.01650018494148902,0.10441767068273092,0.0582010582010582,1.0,0.07482007250102582,0,Amazon,Suitcases,Perfumes,Aristocrat,WILD STONE CODE
0.0,-0.015037593984962405,0.0,-0.010714285714285714,-0.0005333768877884428,-0.0005281207133058985,1.0326141547388965,0.0033392275719730403,1080,-0.38994946393507135,4.280116810876447e-06,0.0,0.0283363802559415,1.0,0.43677355585739625,0,Croma,TWS Earbuds,Earphones,Sony,GOBOULT
0.2222222222222222,-0.010317460317460364,0.16981132075471697,-0.07412398921832886,-0.027027519011617897,-5.158541164558637e-05,0.31327662282142166,0.17750033388448494,946,0.2662176137696084,0.018361758580469106,0.09137055837563451,0.0649895178197065,1.0,0.2686027216244925,0,Flipkart,Non-Fiction,Cases \u0026 Covers,Oxford University Press,Ambrane
0.0,0.0,0.0,0.0,0.0,0.0,0.061457329805472194,0.0,147,0.0,0.0,0.0,0.13725490196078433,1.0,0.0,0,Croma,Speakers,Laptops,Philips,Lenovo
0.0,-0.015037593984962405,0.0,-0.010714285714285714,-0.0005333768877884428,-0.0005281207133058985,1.0326141547388965,0.0033392275719730403,1080,-0.38994946393507135,4.280116810876447e-06,0.0,0.0283363802559415,1.0,0.43677355585739625,0,Croma,TWS Earbuds,Earphones,Sony,GOBOULT
0.13157894736842105,0.08082706766917293,0.1282051282051282,0.07692307692307693,-0.07712305789088694,0.003789622386946239,0.21883744117157708,0.22645755244622315,1094,0.10365662354314382,-0.07873632266211983,0.05405405405405406,0.022768670309653915,1.0,0.1395699678416508,0,Croma,TWS Earbuds,Speakers,Sony,Croma
0.2826086956521739,0.10248447204968941,0.28888888888888886,0.08571428571428572,-0.02742885087038284,-0.022923875432525945,0.3959012823094693,0.04656862287851979,142,-0.13238099268358083,0.007680001927477196,0.15476190476190477,0.16319875776397516,1.0,0.18228039423472542,0,Myntra,Bath \u0026 Body,Moisturizers,Parachute,Nivea
0.2857142857142857,0.08348794063079773,0.22058823529411764,0.07247899159663868,0.013877037919424988,0.0039187423989910375,0.311941948991584,0.04138662159464449,475,0.07831183073386434,0.03123752123223,0.11333333333333333,0.08519083969465649,0.9852631578947368,0.07082642238743486,0,Myntra,Mens Outerwear,Casual Shoes,Roadster,ASIAN
0.3389830508474576,0.13075060532687655,0.32,0.08666666666666664,0.07421318034604886,0.005585952702548018,0.23519556079356713,0.06570303625952818,219,0.1395565926113768,0.0705814308398,0.1774193548387097,0.54337899543379,1.0,0.12976491824454034,0,Myntra,Sunscreen,Bottoms,Lakme,Stylecast X Kotty
0.26582278481012656,0.09674502712477392,0.16911764705882354,0.035189075630252115,0.053582950381798125,0.0101813871723844,0.07954514017960412,0.0435193788713,1012,0.4114878393944636,0.04654178604510818,0.10410958904109589,0.17292490118577075,1.0,0.4093187959813595,0,Amazon,Pressure Washers,Gym Equipment,Bosch,amazon basics
0.2318840579710145,0.05693581780538304,0.18309859154929578,0.049295774647887314,-0.047198217178845404,0.0029247971416036583,0.3835303538310526,0.0508715300337063,1035,-0.4309721163305041,-0.03982968341808037,0.0949367088607595,0.021235521235521235,1.0,0.4442887595265071,0,Myntra,Perfumes,Protein \u0026 Sports Nutrition,Ajmal,MuscleBlaze
0.18723404255319148,0.049544072948328244,0.15450643776824036,0.02912323727774374,0.03755196072848019,0.00472809367145117,0.19038026178938275,0.021512258914741032,1316,0.33369390852825104,0.04074324645291158,0.09937888198757763,0.04559270516717325,1.0,0.3321704690583406,0,Amazon,Gaming Accessories,Bath \u0026 Body,Logitech G,Dove
0.32142857142857145,0.04795918367346941,0.21100917431192662,-0.05504587155963303,-0.04330901017976266,0.0014732915224913434,0.3730434440468314,0.08363535259564371,566,-0.1989340998718291,-0.08726917467164488,0.1346938775510204,0.08358711851227889,1.0,0.19463173478984963,0,Flipkart,Rice,Earphones,VKR Sivaji,Mivi
0.046511627906976744,0.03986710963455149,0.0,-0.013937282229965157,0.019197340756785086,0.002096691285880475,0.12551399230252214,0.034247502957944355,444,0.2478556808275641,0.0034162636543986786,0.010869565217391304,0.09615384615384616,1.0,0.24707120567363616,0,Flipkart,Wrenches,Smartwatches,Emergity,Noise
0.25,0.06302521008403364,0.2,0.03846153846153841,-0.03290332188381004,-0.004988829851467211,0.43122280389532436,0.050594818849508054,388,0.20481267695946062,0.0002086054017763695,0.12162162162162163,0.10796915167095116,1.0,0.22552029357896816,0,Myntra,Jeans,Shampoos,Mufti,Bare Anatomy
0.3150684931506849,0.11741682974559686,0.41333333333333333,0.16095238095238096,0.0012119396462595292,0.022004437869822487,0.38304017040852273,0.07450854763486701,274,0.42394417802398515,0.02013184385263338,0.1736111111111111,0.17034521788341822,1.0,0.43065504847938707,0,Myntra,Casual Shoes,Shirts,Puma,MISCHIEF MONKEY
0.35344827586206895,0.09421182266009848,0.358974358974359,0.09768009768009767,-0.00586783476322948,0.014358108108108107,0.25853265142533816,0.07708531865920516,511,0.10224436398441374,0.00933128452401473,0.17289719626168223,0.14090019569471623,1.0,0.10557295400480131,0,Myntra,Cargos,Serums,HIGHLANDER,deconstruct
0.08333333333333333,0.01785714285714285,0.35294117647058826,0.24789915966386558,-0.1129151261689357,0.00016620498614958353,0.3832584809679553,0.22380107839891833,103,0.2939622635700241,-0.033499979232838234,0.1724137931034483,0.08737864077669903,1.0,0.2938736548748417,0,Flipkart,Trolley Bags,Perfumes,ARISTOCRAT,Em5
0.5643153526970954,0.0714285714285714,0.5442477876106194,0.09987357774968386,-0.016580628228453395,0.023161554542690765,0.41475261410218267,0.05997695643527767,946,-0.00982055667835334,-0.04452392220085342,0.34025974025974026,0.12684989429175475,1.0,0.03859790081096246,0,Flipkart,Diapers,Non-Fiction,Huggies,S. Chand Publishing
0.25443786982248523,0.04480135249366021,0.24675324675324675,0.09786641929499074,-0.01286334055984928,0.00874908411723694,0.16941929946520684,0.029476900867650296,1035,0.5589764525402138,-0.018196940533405617,0.09872611464968153,0.021235521235521235,1.0,0.5795412925960917,0,Myntra,Protein \u0026 Sports Nutrition,Moisturizers,MuscleBlaze,Nivea
0.12857142857142856,0.031632653061224494,0.109375,0.020089285714285712,0.14016317980165768,-0.004368279569892473,0.5872262506217356,0.08968166308331033,396,-0.1797796199522278,0.051133288603320406,0.05185185185185185,0.12090680100755667,1.0,0.24813784246191783,0,Myntra,Mens Watches,Mens Outerwear,Timex,HRX by Hrithik Roshan
0.25396825396825395,0.05668934240362811,0.1896551724137931,-0.013957307060755347,-0.007128460425892639,-0.0032666708437523173,0.2520493902380457,0.03907233641594614,433,0.19647714510266337,-0.030822243029718907,0.159375,0.31050201278711814,0.9953810623556582,0.22663263594841218,0,Amazon,Mobile Chargers,Clotheslines \u0026 Drying Racks,Samsung,Lifelong
0.2,0.07293233082706771,0.2,0.07593984962406015,0.04594184152367026,0.005681355794270833,0.8260961390014658,0.04401060198155968,931,0.1159519776540509,0.020386386897808077,0.08021390374331551,0.2618918918918919,1.0,0.12293436865114604,0,Flipkart,Formal Shoes,Smartwatches,RED CHIEF,Fire-Boltt
0.047619047619047616,0.030612244897959183,0.0,-0.05590062111801242,0.0013235041387758694,-0.004615384615384616,0.5325978252791104,0.23075023895375005,140,0.32208659442777365,-0.0008830164311284835,0.018867924528301886,0.02857142857142857,1.0,0.31334413824626883,0,Flipkart,Perfumes,TWS Earbuds,French Factor,boAt
0.1111111111111111,0.03968253968253968,0.2,0.14761904761904762,-0.02420996264451756,-0.0030688702306302476,0.051021524347361145,0.12405879224451322,207,0.09001630054619214,-0.02144393467397662,0.015873015873015872,0.1339712918660287,1.0,0.1587245516892051,0,Amazon,Cricket,Power Banks,Li-Ning,pTron
0.3181818181818182,0.2207792207792208,0.19230769230769232,0.09340659340659341,0.024457767379313513,0.001276538564901909,0.18059226047561566,0.19736975468637646,130,0.0754467264636223,0.0013564175426408372,0.1111111111111111,0.1824110671936759,1.0,0.23166378748808097,0,Flipkart,Car Speakers,Air Fryers,Pioneer,KENT
0.11538461538461539,-0.019230769230769246,0.041666666666666664,-0.1160714285714286,-0.054431853825511294,-0.0059590242346938774,0.11176389076104548,0.10646422907293836,234,-0.04808822800087504,-0.0428432108168565,0.06349206349206349,0.5429184549356223,1.0,0.05298843108576095,0,Myntra,Perfumes,Casual Shoes,Ajmal,ASIAN
0.4013605442176871,0.13508260447035958,0.35135135135135137,0.09025096525096526,-0.12454093771450006,0.007545946777362526,0.14772985914080336,0.09605496371888535,993,0.3752365675156668,-0.11488009435897317,0.1870967741935484,0.09264853977844914,1.0,0.4126888367705677,0,Flipkart,Mixers \u0026 Grinders,Sewing Machines,AGARO,SINGER
0.11764705882352941,-0.019607843137254916,0.19230769230769232,0.053571428571428575,-0.0062758389746856765,0.0019859893317460678,0.14992390249234508,0.140933092494168,432,0.21147570779061084,0.034795721767847995,0.08620689655172414,0.17190866006031882,1.0,0.22839223359398558,0,Amazon,Massage \u0026 Relaxation,Clotheslines \u0026 Drying Racks,CULT,Lifelong
0.0,-0.015873015873015872,0.0,-0.011904761904761904,-0.0005705319456942049,-0.00019743237101155103,0.24554308802420874,0.059227107890568856,1091,-0.2576957058836879,-6.090618511881693e-07,0.0,0.022768670309653915,1.0,0.27624168061517695,0,Croma,TWS Earbuds,Earphones,Sony,JBL
0.234375,0.07366071428571427,0.22950819672131148,0.05971896955503511,7.559641595514195e-05,0.0020207612456747404,0.0966138811474576,0.057834139494931124,443,-0.0022124403311556268,0.055628973041354966,0.10588235294117647,0.057649667405764965,1.0,0.02136232546253509,0,Amazon,Diapers,Smartwatches,HUGGIES,Fastrack
0.13432835820895522,-0.037846481876332605,0.1864406779661017,0.05024213075060535,0.024281929799187897,0.0008215549184313331,0.1534143540216531,0.009983809385207218,1313,0.5074613241984514,0.04720051611762939,0.10197368421052631,0.06127080181543117,1.0,0.5070677909982564,0,Flipkart,Cycling,Medical Devices,Crow,Dr Trust
0.1568627450980392,0.042016806722689065,0.17391304347826086,0.08385093167701863,0.04928171383338747,0.0021092137361606294,0.39989845001333335,0.009366066749225663,389,0.3575071781589327,0.059212716415729616,0.07692307692307693,0.038560411311053984,1.0,0.3543850524798168,0,Myntra,Jeans,Casual Shoes,Mufti,Nike
0.17647058823529413,0.08403361344537816,0.3333333333333333,0.2312925170068027,0.03216612958452969,0.01432742214532872,0.3711737482251163,0.0862382957363023,142,-0.07644825277106883,0.032280768009919567,0.10526315789473684,0.2685185185185185,1.0,0.10617147653021129,0,Myntra,Bath \u0026 Body,Casual Shoes,Parachute,ASIAN
0.045454545454545456,-0.02813852813852813,0.1111111111111111,0.023809523809523808,-0.018714792517167587,-0.0005756024169477542,0.1557783142152827,0.04201787247489701,1040,0.03728565610756634,0.07813965595743871,0.043795620437956206,0.05368150419725552,0.9942307692307693,0.02755612141082427,0,Amazon,Power Banks,Gaming Accessories,URBN,Logitech G
0.3620689655172414,0.07450738916256161,0.36666666666666664,0.0928571428571428,-0.005562149684896869,0.008729272959183673,0.2010614597063453,0.08681409902564413,476,0.0842590070909331,-0.000257506315792538,0.19444444444444445,0.15723270440251572,1.0,0.11312342103499876,0,Myntra,Casual Shoes,Mens Watches,Puma,Titan
0.0,-0.009852216748768473,0.0,-0.025974025974025972,-0.021761704871568005,-0.00028125415917143866,0.4271113206885907,0.001312915797218812,1093,-0.08253546464633293,-0.05856879950635023,0.01639344262295082,0.022768670309653915,1.0,0.1001018959219751,0,Croma,TWS Earbuds,Speakers,Sony,Philips
0.0,0.0,0.03571428571428571,0.010204081632653062,0.006642102065245178,-0.0024997549259876484,0.5235631325334702,0.052211436354152624,109,0.20580642662265253,-0.0011475989075541587,0.0,0.14351851851851852,1.0,0.20917589158340702,0,Flipkart,Drills,Speakers,INGCO,TRIGGR
0.13333333333333333,0.08571428571428572,0.2222222222222222,0.14682539682539683,-0.07617114602876812,-0.007431629013079666,0.22138242496124494,0.22576081676234896,124,0.4708102675349068,0.07068426469235717,0.0975609756097561,0.2784552845528455,1.0,0.4746224557708081,0,Flipkart,Office Desks,Mens Sports Shoes,Lukzar,NIKE
0.140625,0.04464285714285714,0.12903225806451613,0.025345622119815656,-0.028820386734857425,-0.0017429839201189325,0.4050912219955008,0.08106948657189945,445,-0.3668968532574587,-0.017128959842440904,0.050724637681159424,0.033707865168539325,1.0,0.4003532200160412,0,Myntra,Casual Shoes,Womens Slippers,Nike,Red Tape
0.22580645161290322,0.036866359447004615,0.16176470588235295,-0.012605042016806733,0.02293003232023523,-0.0005757891085674642,0.08479877525223324,0.12132582181056546,489,0.10220375072809726,0.06018382148993861,0.1032258064516129,0.12474437627811862,1.0,0.10600118802661218,0,Amazon,Lingerie \u0026 Sleepwear,Perfumes,PLETHEON,Ajmal
0.23148148148148148,0.02711640211640215,0.3,0.08035714285714288,-0.01786003462534018,0.01631257971938775,0.6700907063882184,0.035038154888686814,485,0.08468590217198982,-0.02274867815229939,0.1267605633802817,0.06378600823045268,1.0,0.08938555897871822,0,Myntra,Shirts,Serums,HIGHLANDER,Minimalist
0.3591549295774648,0.060865191146881326,0.30708661417322836,0.03599550056242973,0.027340581475453183,0.021408688865764823,0.223467561362862,0.18706266408456482,846,-0.11371637841370168,0.0148891022338974,0.1814516129032258,0.09692671394799054,1.0,0.13842165023947342,0,Flipkart,Socks,Suitcases,Dollar,NASHER MILES
0.3695652173913043,0.13198757763975152,0.26,0.01571428571428571,-0.02775172292223999,-0.00916284881299459,0.2637689139170336,0.17566971238286447,153,-0.12297726092273456,-0.025880135861956484,0.13636363636363635,0.22077922077922077,1.0,0.15008210495005636,0,Myntra,Smartwatches,Mens Watches,Fastrack,Titan
0.25,0.18452380952380953,0.125,0.07142857142857142,-0.03361625347343111,-0.0012345679012345668,0.19923853532864608,0.05172652399838612,94,-0.1380736575462659,-0.03208167268722988,0.12244897959183673,0.18156645569620253,1.0,0.20973302860152998,0,Amazon,Pens \u0026 Writing Instruments,Vehicles,Parker,Storio
0.2345679012345679,0.05731922398589065,0.22077922077922077,0.03153988868274582,-0.14373270901634164,0.0017545094411711495,0.1454383068390417,0.16798622182581469,575,0.2787653987890629,-0.08698572737265393,0.12359550561797752,0.06759098786828423,1.0,0.31802624694036213,0,Flipkart,Milk \u0026 Cream,Pressure Washers,Anveshan,OEM
0.25,0.007839721254355364,0.2388888888888889,0.03769841269841273,-0.004450233444785927,-0.0032672379791315598,0.2671760228283914,0.07525130172314988,857,-0.35388264761118204,-0.013154240999147805,0.18454258675078863,0.4569460390355913,1.0,0.35792763083540213,0,Amazon,Tablets,Irons,Samsung,Havells
0.2619047619047619,0.055442176870748316,0.1837837837837838,-0.007722007722007762,0.005749523171234396,0.002246948409661248,0.15489424576936694,0.03731818360417489,1113,0.17859983782391087,0.006962360811189635,0.08831168831168831,0.11669658886894076,1.0,0.1774369410478177,0,Flipkart,Suitcases,Bathroom Fittings,ARISTOCRAT,Kyari
0.29411764705882354,0.18907563025210083,0.2857142857142857,0.2193877551020408,-0.06387232348868635,0.008844172177370279,0.06735579565265,0.0720733049365169,165,0.2954624579248349,-0.07525752658228334,0.22580645161290322,0.04790419161676647,1.0,0.34291158471844024,0,Amazon,Car Cleaning Kits,Refrigerators,Phirki,LG
0.3333333333333333,0.0431145431145431,0.32673267326732675,0.053041018387552985,0.012277043815466867,0.0046549672813801235,0.15735031234026944,0.09523070002777599,430,0.21857385033488566,0.01358336560421151,0.17535545023696683,0.16937354988399073,1.0,0.23920090586770817,0,Flipkart,Mixers \u0026 Grinders,Ready-to-Eat,Hindware Smart Appliances,Yogabar
0.0,-0.009852216748768473,0.0,-0.025974025974025972,-0.021761704871568005,-0.00028125415917143866,0.4271113206885907,0.001312915797218812,1093,-0.08253546464633293,-0.05856879950635023,0.01639344262295082,0.022768670309653915,1.0,0.1001018959219751,0,Croma,TWS Earbuds,Speakers,Sony,Philips
0.0,-0.004608294930875576,0.0,-0.012987012987012988,-0.00034049868368350424,-0.00025789753638773055,0.724524599569549,0.00034127592455431596,1360,0.13861600239753624,-0.0026259709598562596,0.014705882352941176,0.004682004816271374,1.0,0.13705695346329363,0,Croma,Speakers,Earphones,Croma,GOBOULT
0.4482758620689655,0.12684729064039407,0.4666666666666667,0.15918367346938772,-0.06442408013726393,0.01271564544913742,0.2247271844294148,0.08841273080966518,430,-0.1871673808718253,-0.023895075231310885,0.20772946859903382,0.1697674418604651,1.0,0.21783089198866196,0,Flipkart,Non-Fiction,Ready-to-Eat,CBS Publishers and Distributors Private Limited,Yogabar
0.2992125984251969,0.06017997750281215,0.265625,0.02901785714285715,-0.03670490337024236,-0.005006067570318115,0.23847458760637652,0.0407644479939795,643,-0.05208409660678176,0.02150546661860754,0.10384615384615385,0.2659937888198758,0.9969742813918305,0.07919819551739547,0,Flipkart,Headphones,Face Wash,boAt,LOTUS HERBALS
0.06666666666666667,0.0380952380952381,0.18181818181818182,0.13636363636363635,0.0028802926931858733,-0.0019250000000000003,0.07331787553523522,0.32274155263146387,208,0.12343124104821564,0.001579387522840424,0.029411764705882353,0.0430622009569378,1.0,0.14330804178805276,0,Amazon,Instruments,Power Banks,IBANEZ,pTron
0.045454545454545456,-0.016233766233766232,0.06,0.0014285714285714249,0.08535798890496345,0.0001113004270857879,0.464285585712974,0.13278444474329604,1313,-0.34233267504982856,0.1912910948145583,0.007142857142857143,0.039640987284966345,1.0,0.3557082648835795,0,Flipkart,Non-Fiction,Refrigerators,Simon & Schuster,Samsung
0.32608695652173914,0.07039337474120083,0.4358974358974359,0.09386446886446886,0.01555032487631068,0.001919606864514152,0.18578987915875192,0.05231579623504016,453,-0.10337427355167451,0.03865071880447879,0.19784172661870503,0.12582781456953643,1.0,0.14086164394351325,0,Myntra,Perfumes,Sunscreen,Ajmal,Lakme
0.0,-0.04081632653061224,0.0,-0.07142857142857142,-0.007316562979194307,-0.0018282548476454294,0.23725695218709533,0.20071414458810688,103,0.08339046235904898,-0.009828274339695636,0.0,0.04081632653061224,0.9902912621359223,0.09357016965982944,0,Flipkart,Vacuum Cleaners,Suitcases,AGARO,ARISTOCRAT
0.22033898305084745,0.03389830508474578,0.25,0.12165178571428573,-0.06986366291344968,0.00272584174761009,0.1899565031709616,0.05190297884207405,453,0.29005238143356044,-0.040467350120766944,0.10144927536231885,0.04415011037527594,1.0,0.2972648360281145,0,Myntra,Protein \u0026 Sports Nutrition,Perfumes,MuscleBlaze,Ajmal
0.0,0.0,0.0,0.0,0.0,0.0,0.032117385806138196,0.0,145,0.016614799775152556,0.01740603583372702,0.025,0.13725490196078433,1.0,0.053500847070592855,0,Croma,Earphones,Laptops,JBL,Lenovo
0.05555555555555555,0.011904761904761904,0.09523809523809523,0.06462585034013604,-0.0011554892951139138,-0.0007627114124028609,0.21415757605086974,0.07840420095349887,459,0.05836808521244438,-0.0021096067515124204,0.01818181818181818,0.013071895424836602,1.0,0.06049148814162982,0,Myntra,Kurtas \u0026 Kurtis,Mens Sports Shoes,FUBAR,Nike
0.09090909090909091,0.022727272727272735,0.037037037037037035,-0.021164021164021163,-0.0008487474436347481,-0.00013898772123726325,1.1645647839111748,0.003959520385041872,1360,0.3659725320416824,-0.0005369414833881714,0.019230769230769232,0.007283321194464676,1.0,0.3757686757848239,0,Croma,Earphones,Speakers,GOBOULT,Philips
0.3625,0.13749999999999996,0.35064935064935066,0.13172541743970315,-0.0075006036458348455,0.0027172077312816664,0.5743804528429435,0.0390161573062834,389,0.03772343509219028,-0.003755422836932772,0.15584415584415584,0.2819525904203323,1.0,0.04123230271207456,0,Myntra,Casual Shoes,Jeans,Red Tape,Mufti
0.0,-0.015873015873015872,0.0,-0.011904761904761904,-0.0005705319456942049,-0.00019743237101155103,0.24554308802420874,0.059227107890568856,1091,-0.2576957058836879,-6.090618511881693e-07,0.0,0.022768670309653915,1.0,0.27624168061517695,0,Croma,TWS Earbuds,Earphones,Sony,JBL
0.125,0.04241071428571429,0.16129032258064516,0.10138248847926268,-0.043219677289812006,-0.0011138338159946536,0.9440365694906908,0.22748895496173163,302,0.18741198298807463,-0.016067910552688403,0.056338028169014086,0.0786345221491665,1.0,0.2076001286176419,0,Amazon,Dishwashers,Drawing,BEYOND BY MUKUNDA FOODS,Shuttle Art
0.24342105263157895,0.02819548872180455,0.2233502538071066,0.012690355329949249,0.01361795350978722,-0.0019991670137442727,0.25192303888782236,0.07675322162808083,508,-0.022280831540367387,0.004037351923594682,0.11375661375661375,0.20459081836327345,1.0,0.0621809666982175,0,Amazon,Water Bottles,Mobile Chargers,MILTON,Samsung
0.06976744186046512,-0.04318936877076411,0.16666666666666666,0.05952380952380955,-0.002637203428136473,-0.0013777777777777777,0.4849972803728853,0.04068487681692924,497,-0.03842635333671028,-0.0014384732023133195,0.061946902654867256,0.07645875251509054,1.0,0.05623895847381572,0,Myntra,Mens Watches,Kurtas \u0026 Kurtis,WROGN,FUBAR
0.06451612903225806,-0.011520737327188932,0.1717171717171717,0.0800865800865801,-0.06829245224242499,0.003093622569741464,0.2073110774237043,0.055272164493830295,718,-0.13726603147864522,-0.052279361368556265,0.04975124378109453,0.020833333333333332,1.0,0.15497645345284544,0,Amazon,Diapers,Pens \u0026 Writing Instruments,BEBE,Parker
0.2549019607843137,0.05322128851540614,0.2653061224489796,0.032069970845481105,-0.012879554198388028,-0.009985207100591715,0.7481545996936871,0.09507546543372127,220,-0.033125434198270486,-2.661816801383699e-05,0.1452991452991453,0.09502262443438914,1.0,0.07113831621639027,0,Flipkart,Mens Watches,Fans,LEE COOPER,zigma
0.0,-0.022132796780684104,0.03125,0.004464285714285716,0.005637927518609508,-1.8581834398691353e-05,0.10279914051403702,0.04119967259015419,460,0.06621243707952638,0.021464067503198965,0.02054794520547945,0.15,1.0,0.05586534110381114,0,Myntra,Tracksuits,Perfumes,Nike,Giorgio Armani
0.16666666666666666,0.042517006802721094,0.15,0.04464285714285715,-0.045075536111146446,-0.005665011102480208,0.993122597991109,0.05827934698469031,504,-0.4025373063874023,-0.057888921990139175,0.04597701149425287,0.055113636363636365,1.0,0.4247645859807424,0,Flipkart,Mixers \u0026 Grinders,Smartwatches,Prisapure,Fire-Boltt
0.10869565217391304,0.0062111801242235865,0.0,-0.08333333333333334,-0.05058421142559375,-0.0006598949835835938,0.13154271340926124,0.055005970432047344,573,0.0707725297516164,-0.032713335531531613,0.037383177570093455,0.04886561954624782,1.0,0.1036558096311416,0,Amazon,Mens Watches,Gym Equipment,Fastrack,amazon basics
0.0,-0.011904761904761904,0.0,-0.017857142857142856,-0.00029766455159107604,-6.087168249330412e-05,0.08225953890810231,0.00029969291405712665,450,-0.06250950417969577,0.00011557563898293616,0.0,0.0021494288511180863,1.0,0.06412056080018591,0,Croma,TWS Earbuds,Speakers,Noise,Croma
0.3,0.059999999999999915,0.32608695652173914,0.08152173913043478,0.03626456571528027,0.0032914242822293105,0.25285562410418344,0.04508905170637538,389,0.23157419110575236,0.026400892670003107,0.16022099447513813,0.5734536082474226,1.0,0.23182581978063058,0,Myntra,Perfumes,Jeans,SKINN,Mufti
0.2222222222222222,0.037698412698412676,0.3076923076923077,0.11813186813186816,0.001989339720981912,0.0016890545280612238,0.28836959012717545,0.05529607455490887,514,0.10114078841062961,0.0031273957047532686,0.09826589595375723,0.10185622148812333,1.0,0.1057047157011336,0,Myntra,Perfumes,Medical Devices,Ajmal,CULT
0.1,0.04642857142857144,0.0,-0.04658385093167701,4.954277914365131e-05,-0.0008966947830297523,0.22099099908571,0.09380900481698194,497,0.2822661362212133,-0.00038935286074561463,0.0,0.014084507042253521,1.0,0.2957395041409812,0,Myntra,Kurtas \u0026 Kurtis,Shirts,FUBAR,Snitch
0.21428571428571427,0.09183673469387756,0.15789473684210525,0.07142857142857144,0.00526538580292229,-0.00019199999999999946,0.3288178852321021,0.08227879240923669,133,-0.017710309325113686,0.0009629769853451737,0.058823529411764705,0.0991543917075832,1.0,0.0936768138885468,0,Flipkart,Air Fryers,Casual Shoes,KENT,NIKE
0.0,0.0,0.0,-0.027777777777777783,0.001622197746724176,-0.0009467587435954556,0.9298421612368323,0.0021193095238907222,134,-0.1886837177287804,-0.003563440406904744,0.0,0.13725490196078433,1.0,0.3698824579836501,0,Croma,Laptops,Earphones,Lenovo,GOBOULT
0.2,0.12142857142857143,0.09523809523809523,0.003401360544217691,-0.13408120112411878,0.003401360544217691,0.22077245632581916,0.13315546805367165,113,-0.2909400673353841,-0.18593068651632613,0.15,0.11504424778761062,1.0,0.3118567971835948,0,Flipkart,TWS Earbuds,Helmets,Mivi,SMK
0.25,0.13988095238095238,0.2,0.11071428571428572,0.018710455694760413,0.002716161158895428,0.16001985296377394,0.6996590948881333,149,0.0657858089313099,0.03474575168100755,0.14814814814814814,0.07006369426751592,1.0,0.1851803475235353,0,Amazon,Computer Accessories,Diapers,KARNAGE,HUGGIES
0.0625,0.02232142857142857,0.19047619047619047,0.1020408163265306,-0.0029005292821361107,0.001506143479984146,0.5371226063947189,0.01278337029520214,450,0.7751519903591251,0.0006908102375395052,0.05,0.5028712059064807,1.0,0.7841607936206874,0,Croma,Earphones,TWS Earbuds,GOBOULT,Noise
0.1346153846153846,0.0,0.14814814814814814,0.015873015873015872,-0.011530031469465624,-0.004526823116075852,0.41356844651950725,0.059763209296310696,475,-0.3563351216512657,-0.008351268107972352,0.036036036036036036,0.08481729879740982,0.9852631578947368,0.3985284260299906,0,Myntra,Casual Shoes,Shirts,ASIAN,HIGHLANDER
0.14772727272727273,0.0405844155844156,0.060240963855421686,-0.07314974182444059,-0.008793771336333365,-0.0003285651977566859,0.2234294298273386,0.030549323885984962,1044,0.2003919868756007,-0.0016172503866410703,0.06806282722513089,0.055449330783938815,1.0,0.20261349277448182,0,Amazon,Smart Bulbs \u0026 Lighting,Air Purifiers,Gesto,Eureka Forbes
0.3,0.18428571428571425,0.16,0.009999999999999953,-0.11085131481847052,0.009367028061224487,0.19097950516965487,0.20307715936417184,234,0.007815137659646892,-0.09941682190958541,0.16346153846153846,0.2934782608695652,1.0,0.16590167198618522,0,Myntra,Perfumes,Womens Slippers,Ajmal,Red Tape
0.029411764705882353,0.018907563025210083,0.0,-0.02895752895752896,-0.02020925400449555,-0.00033398931401608335,0.4162275983281746,0.0012912426962752475,1093,-0.17647786428912524,-0.05538989252091308,0.0136986301369863,0.0283363802559415,1.0,0.2124529794389313,0,Croma,TWS Earbuds,Speakers,Sony,Philips
0.11627906976744186,0.04817275747508305,0.1,0.01714285714285714,0.051231631396156004,0.0023135181590073746,0.09610609994075511,0.05075910994352413,742,0.20838096333942913,0.04746045317759168,0.05357142857142857,0.05241935483870968,1.0,0.20897012573902374,0,Flipkart,Football,Office Chairs,Hundred,Oakcraft
0.12,0.09714285714285714,0.0,-0.017857142857142856,0.4536110654880896,0.005280671296296296,0.27339739422446263,0.25390939190022394,336,-0.13836873100867148,0.09027208210066373,0.013513513513513514,0.062237394957983194,1.0,0.1786862430570466,0,Myntra,Headphones,Mens Watches,boAt,Daniel Hechter
0.35714285714285715,0.10276967930029157,0.4485981308411215,0.17690253671562084,-0.07165371908064663,0.018520581173733328,0.3213048863455351,0.09932444881278044,426,0.2783719027001725,-0.039896567807802354,0.192090395480226,0.11943793911007025,1.0,0.3229946764700605,0,Myntra,Jeans,Mens Watches,Louis Philippe Jeans,Timex
0.0,-0.03296703296703297,0.08333333333333333,0.04166666666666666,0.00837915070013966,-0.0043598890210067385,0.15967381696757374,0.4787858545268841,95,0.40315265645851,-0.0025480335913125518,0.03571428571428571,0.005376344086021506,1.0,0.42655016827185116,0,Flipkart,Speakers,Bike Parts,TRIGGR,MOXZILLA
0.2647058823529412,0.0546218487394958,0.28125,0.08928571428571427,-0.06591519764006652,0.00024075307562054088,0.2513789390048102,0.13011641429690265,371,-0.027848808721687966,-0.008617466018613419,0.140625,0.5405405405405406,1.0,0.05943764024414021,0,Myntra,Mens Outerwear,Cargos,StyleCast x Revolte,HIGHLANDER
0.29411764705882354,0.12100840336134455,0.24705882352941178,0.0722689075630252,-0.0005856528710556279,0.006766528925619835,0.13589717166110452,0.023255111591100417,605,0.3025934351081894,0.016167892216187515,0.13636363636363635,0.03322259136212625,1.0,0.3074396776596581,0,Amazon,Sunscreen,Cleaning Supplies,Deconstruct,Presto!
0.14893617021276595,0.024316109422492405,0.19047619047619047,0.09863945578231292,-0.034614664562259714,0.0005760005049867444,0.15795140929979548,0.060461345627850695,368,-0.1038649653956469,-0.031460831205114496,0.0625,0.09940357852882704,1.0,0.11996739949051441,0,Amazon,Suitcases,Headphones,American Tourister,GOBOULT
0.17391304347826086,0.043478260869565244,0.3076923076923077,0.12637362637362637,-0.27907219465801775,-0.001838235294117644,0.40000535989570174,0.2857497926297163,142,0.1328553383384966,-0.22847493782289438,0.2,0.16783216783216784,1.0,0.3327931092652524,0,Myntra,Bath \u0026 Body,Jeans,Parachute,Louis Philippe Jeans
0.14285714285714285,0.06802721088435373,0.2608695652173913,0.19565217391304346,0.04552949853102022,0.0055782312925170075,0.23668497786340215,0.20293771355651244,220,-0.008375544568446964,0.08603246545112633,0.15517241379310345,0.08487850309033951,1.0,0.0762933366270455,0,Myntra,Kurtas \u0026 Kurtis,Bottoms,FUBAR,Stylecast X Kotty
0.038461538461538464,0.008241758241758244,0.05333333333333334,0.02095238095238096,-0.015926745384051783,-0.00171603949043215,0.13574397900723598,0.07197795294857534,1043,0.09000078339935837,-0.018371534019180173,0.01694915254237288,0.045053003533568906,1.0,0.1089550423454055,0,Flipkart,TWS Earbuds,Gas Stoves,boAt,Natraj Aatamaker
0.10869565217391304,-0.045031055900621106,0.2608695652173913,0.11490683229813661,-0.013745167593141094,-0.005580357142857143,0.3800714917756617,0.07057777406106475,290,0.0708025907943345,0.0005831098492889948,0.125,0.2864583333333333,1.0,0.0713250607972454,0,Amazon,Headphones,Mens Watches,GOBOULT,unknown
0.2112676056338028,0.03923541247484913,0.19444444444444445,0.020833333333333315,-0.007172428873536162,-0.0026050072512854554,0.1164444460450888,0.13358169390306643,488,0.08712261598085415,-0.010832774449488889,0.08387096774193549,0.07975460122699386,1.0,0.10104635825241262,0,Amazon,Massage \u0026 Relaxation,Food Processors \u0026 Choppers,CULT,AGARO
0.38011695906432746,0.05680868838763575,0.37888198757763975,0.0922803904170364,-0.02197167256303293,0.012076449627470037,0.25165610667184174,0.05284009200528836,760,0.20412059054811724,-0.030434320684538333,0.16927899686520376,0.5657030223390276,1.0,0.233204201516691,0,Flipkart,Backpacks,Car Audio,SKYBAGS,DODJ
0.18181818181818182,0.01948051948051946,0.24390243902439024,0.09756097560975613,-0.08026611667080574,0.0013762150366990675,0.23203301373966836,0.12793431779437542,298,0.16927660346032627,-0.052714347194431674,0.1511627906976744,0.11409395973154363,1.0,0.1866409574075233,0,Flipkart,Casual Shoes,Dishwashers,NIKE,Beyond Appliances
0.2696629213483146,0.08186195826645265,0.1643835616438356,-0.014677103718199608,0.03617065076427158,0.0023837401863142527,0.0773006172324585,0.08881406620309645,571,0.2404189844044709,0.02947658519381027,0.10465116279069768,0.07504363001745201,1.0,0.2506909946752228,0,Amazon,Diapers,Car Cleaning Kits,unknown,Phirki
0.0,0.0,0.0,-0.027777777777777783,0.001622197746724176,-0.0009467587435954556,0.9298421612368323,0.0021193095238907222,134,-0.1886837177287804,-0.003563440406904744,0.0,0.13725490196078433,1.0,0.3698824579836501,0,Croma,Laptops,Earphones,Lenovo,GOBOULT
0.06382978723404255,0.03951367781155015,0.043478260869565216,0.027950310559006212,-0.00047200630686340455,-0.0013227247235572358,0.2521377124569641,0.12975949506317935,692,-0.23204993058008233,-0.0012365378410604205,0.017699115044247787,0.2565217391304348,1.0,0.297272945923803,0,Amazon,Drawing,Power Banks,Shuttle Art,Portronics
0.203125,0.022879464285714274,0.22413793103448276,0.07142857142857145,-0.03644736447271981,0.005081816583572995,0.28487388597156293,0.1334597747883004,992,-0.26689164576806734,-0.019715925245287588,0.0912863070539419,0.2990890688259109,1.0,0.2839759740791721,0,Myntra,Mens Sports Shoes,Headphones,Skechers,NOISE
0.23076923076923078,0.12637362637362637,0.23076923076923078,0.14560439560439564,-0.1380326340409155,0.011522451688149773,0.06508755082294711,0.253174154710846,233,0.07963186842153107,-0.1542100250411726,0.1724137931034483,0.08547008547008547,1.0,0.271096031279044,0,Myntra,Shampoos,Perfumes,Bare Anatomy,Ajmal
0.0,0.0,0.0,0.0,-0.00029014786912832144,-6.510238206189524e-05,0.8878404819102405,0.00029090964208827974,1146,0.1566984180398813,-0.0002564580038353188,0.0,0.013039934800325998,1.0,0.15744824911819502,0,Croma,TWS Earbuds,Speakers,GOBOULT,Croma
0.2185792349726776,0.01912568306010934,0.21264367816091953,0.05008210180623973,-0.027088716904059746,-0.003307381197841106,0.19842380172831484,0.03637882613311953,946,-0.026191719487509254,-0.02605501675079116,0.09695290858725762,0.0781414994720169,1.0,0.03185792534718135,0,Flipkart,Office Desks,Diapers,NEUDOT,Huggies
0.28735632183908044,0.04679802955665022,0.3711340206185567,0.10824742268041238,0.04044949886707782,0.010093794274304908,0.25913508829550497,0.03688332364902331,433,0.13163477178745847,0.041821983301639436,0.1590909090909091,0.25946878510672444,1.0,0.10799157376671947,0,Myntra,Cargos,Casual Shoes,HIGHLANDER,Red Tape
0.18461538461538463,0.028296703296703335,0.20229007633587787,0.038167938931297746,-0.03186335593830588,0.004847593179417534,0.38378785118514425,0.05347383386777857,1154,0.19572550911301845,-0.034147801956009874,0.0905587668593449,0.15618004006127018,0.9948364888123924,0.21581214002922064,0,Flipkart,TWS Earbuds,Supplements,Mivi,HORLICKS
0.208,0.005428571428571366,0.16666666666666666,-0.023809523809523836,8.534493780439993e-05,-0.0027383667383009524,0.16236154725259652,0.020444048866647198,1240,0.0629163019571273,0.0037492023563009845,0.09213051823416507,0.05698234349919743,1.0,0.07227870328371168,0,Amazon,Perfumes,Tool Kits \u0026 Sets,Wild Stone,Eastman
0.39622641509433965,0.215633423180593,0.375,0.1849489795918367,0.08348695867198945,0.01717474489795918,0.11090922800020292,0.10124862614230422,290,0.18000563046730494,0.020900406511718962,0.14563106796116504,0.3055555555555556,1.0,0.1792015752605837,0,Amazon,Suitcases,Headphones,Aristocrat,GOBOULT
0.2708333333333333,0.04538690476190474,0.3394495412844037,0.09436435124508519,-0.13282342926409185,-0.017499999999999998,0.19222622739684592,0.15273555994794127,318,0.17709210510939546,-0.06513888696860638,0.164021164021164,0.09433962264150944,1.0,0.29442889003335115,0,Myntra,Sunscreen,Womens Watches,Lakme,CASIO
0.26666666666666666,0.06349206349206352,0.18055555555555555,0.0009920634920634885,-0.0005785362806296969,0.0012552052349791808,0.6186585137209261,0.11164074863248614,430,0.5370705763908932,0.02255213637514806,0.11627906976744186,0.07674418604651163,1.0,0.5475915960432993,0,Flipkart,Smartwatches,Clocks,boAt,LUPPRA
0.09090909090909091,0.022727272727272735,0.037037037037037035,-0.021164021164021163,-0.0008487474436347481,-0.00013898772123726325,0.5148081763011501,0.003959520385041872,1360,0.3659725320416824,-0.0005369414833881713,0.019230769230769232,0.007283321194464676,1.0,0.3757686757848239,0,Croma,Speakers,Earphones,Philips,GOBOULT
0.0,0.0,0.0,-0.027777777777777783,0.001622197746724176,-0.0009467587435954556,0.3789756243194205,0.0021193095238907222,134,-0.18868371772878037,-0.003563440406904744,0.0,0.13725490196078433,1.0,0.3698824579836501,0,Croma,Earphones,Laptops,GOBOULT,Lenovo
0.33088235294117646,0.035714285714285754,0.30344827586206896,-0.009852216748768461,-0.002271987843001155,-0.006397480867346941,0.11157606971619038,0.10823144978268107,513,0.027334735030037857,0.02299315525458334,0.16176470588235295,0.10700389105058365,1.0,0.05247075888183576,0,Amazon,Suitcases,Cleaning Supplies,Aristocrat,Ariel
0.2127659574468085,-0.002279635258358642,0.22580645161290322,0.016129032258064557,0.06894146284221907,0.005220188264341655,0.11616127581046214,0.06534569467154897,664,0.10703343615817225,0.05896537140930626,0.11764705882352941,0.0858433734939759,1.0,0.09497486036095967,0,Flipkart,Mixers \u0026 Grinders,Perfumes,Beyond Appliances,Wild Stone
0.19298245614035087,0.04197994987468673,0.16470588235294117,0.02857142857142858,0.020850580802675656,0.0030848309588335926,0.3555556548305452,0.09930186476383966,541,-0.26908332383236777,0.01143518498783371,0.07692307692307693,0.10930834856794638,0.9858906525573192,0.27726401709206433,0,Flipkart,Educational,Earphones,Dhanpat Rai & Co. Pvt. Ltd,Mivi
0.06666666666666667,-0.04444444444444445,0.17142857142857143,0.07346938775510206,-0.06082794033930565,-0.001329655973290753,0.3248568490089651,0.03335399117067269,429,0.11948653836929797,-0.044616773773699304,0.060240963855421686,0.03409090909090909,1.0,0.14908088022221383,0,Amazon,Headphones,Washing Machines,GOBOULT,Crompton
0.18478260869565216,0.06599378881987578,0.11702127659574468,-0.002279635258358642,0.0652030607943076,0.0017021602467262118,0.2427918757531391,0.09598642376008634,466,-0.16031216276943477,-0.02008636612540671,0.06282722513089005,0.04291845493562232,1.0,0.20690339199289828,0,Myntra,Moisturizers,Smartwatches,The Face Shop,Titan
0.125,0.03296703296703296,0.14150943396226415,0.06064690026954178,-0.0008259876803798323,0.0022197873549224907,0.23935731129496027,0.000808180911818271,1136,-0.03772013761336522,-0.0001068209935157041,0.07092198581560284,0.013632365875109938,1.0,0.038075944921460485,0,Amazon,Washing Machines,Office Desks,Orpat,ABOUT SPACE
0.14018691588785046,0.004005340453938577,0.09523809523809523,-0.0272108843537415,-0.04782224561811894,-0.007326997282404698,0.3882786538093354,0.08576614294786819,727,-0.06053759474764915,-0.07293072143270876,0.055299539170506916,0.030261348005502064,1.0,0.07033622916326103,0,Myntra,Smartwatches,Shampoos,Titan,MATRIX
0.03896103896103896,-0.003710575139146577,0.04225352112676056,-0.008048289738430588,-0.02792197311739731,-0.004108996539792387,0.2604680547534988,0.0693721947908621,486,0.03615979584478743,-0.018150828768699237,0.006172839506172839,0.14989733059548255,1.0,0.04950872664384879,0,Myntra,Perfumes,Shirts,Giorgio Armani,Snitch
0.26153846153846155,0.014285714285714263,0.12903225806451613,-0.15092165898617516,0.13436300442238577,-0.012530630429939854,0.1412481296326627,0.19663050451485564,291,-0.09769460473195576,0.09915405940806211,0.13157894736842105,0.3646853146853147,1.0,0.13682280565324445,0,Flipkart,Beds,Pressure Washers,SPYDER HOME DECORE,OEM
0.16129032258064516,0.11059907834101382,0.08333333333333333,0.030952380952380933,0.004163542402433203,0.0020499822000711997,0.4468920233968878,0.0826141425001242,1373,0.38905384485698885,0.008753583903585568,0.04827586206896552,0.030456852791878174,1.0,0.40368848557607223,0,Amazon,Car Cleaning Kits,Soft Toys,Lyrovo,DIKANG
0.2647058823529412,0.09243697478991594,0.39473684210526316,0.18233082706766918,-0.005337380338611635,0.015419501133786847,0.3911081591649123,0.06865242075232926,220,0.015376057387279523,-0.012501455066173995,0.2647058823529412,0.5593607305936072,1.0,0.03760298923613303,0,Myntra,Bottoms,Casual Shoes,Stylecast X Kotty,Red Tape
0.0,0.0,0.0,0.0,0.0,0.0,0.05691884195982576,0.0,147,0.0,0.0,0.0,0.13725490196078433,1.0,0.0,0,Croma,Laptops,Speakers,Lenovo,Philips
0.296875,0.0345982142857143,0.3008849557522124,0.0941845764854615,0.031108575331790102,0.014010519395134778,0.20107069360671548,0.020703601528437726,820,0.08081042405626016,0.05457838307564088,0.16470588235294117,0.0876979293544458,1.0,0.07472613920427912,0,Flipkart,Cycling,Car Care,Tungsten,Woscher
0.03571428571428571,0.0,0.0,-0.018633540372670808,1.6054063785028036e-05,-0.0007990188791437491,0.21190706866763506,0.21387451677104852,460,0.10266631776794372,-0.0007323512191968902,0.0,0.029725670013439797,1.0,0.13782640441362773,0,Myntra,Protein \u0026 Sports Nutrition,Tracksuits,MuscleBlaze,Nike
0.18571428571428572,0.002040816326530581,0.2,0.008163265306122464,-0.23078762257716118,-0.004685472303804386,0.14140025332004505,0.10205812662186683,628,0.22427370754418605,-0.1202245295681712,0.07534246575342465,0.08121019108280254,1.0,0.278805181767001,0,Flipkart,Air Conditioners,Smartwatches,LG,Fastrack
0.0,-0.0037593984962406013,0.01818181818181818,0.002597402597402595,-0.004695957544808088,-0.00029217797812839134,0.15752520802242065,0.018706344958378397,1373,0.03846956681223489,-0.0025941579027721207,0.006211180124223602,0.054873646209386284,1.0,0.038661542452182854,0,Amazon,Dash Cameras,Fiction,NEXDIGITRON,unknown
0.022727272727272728,0.006493506493506492,0.0,-0.02222222222222222,-0.00017928298950919142,-0.00022241922210465779,0.14309215713903836,0.001961698131458981,1845,-0.12172008195110463,1.5255464432959474e-06,0.0,0.01686691312384473,1.0,0.12637293417284584,0,Flipkart,Milk \u0026 Cream,Perfumes,Anveshan,Wild Stone
0.4430379746835443,0.1509945750452079,0.47692307692307695,0.22197802197802197,0.11386754462420803,-0.00027736686390531645,0.16106562696506985,0.10689447146036789,220,0.10613320127353608,0.12789925687103432,0.23943661971830985,0.19909502262443438,1.0,0.14014551227261424,0,Flipkart,Earphones,Fans,Mivi,zigma
0.06,-0.031428571428571445,0.10344827586206896,0.022167487684729037,0.002120896615581141,-0.0006101160212498946,0.289679628579059,0.02259811736992369,640,0.1783531966787618,0.02268308334305517,0.03816793893129771,0.05405405405405406,0.9390625,0.17352743439317714,0,Myntra,Perfumes,Shirts,Ajmal,Snitch
0.06349206349206349,0.0022675736961451295,0.07476635514018691,0.03604806408544726,0.09509478771676744,-0.0033085478398384425,1.1519123648517198,0.11107382971201687,757,-0.23414473066755687,0.12959780803565413,0.02681992337164751,0.019815059445178335,1.0,0.25459447110494815,0,Flipkart,Protein \u0026 Sports Nutrition,Smartwatches,Nutrabay,Fire-Boltt
0.26666666666666666,0.18571428571428572,0.0,-0.07563025210084033,-0.09210064374770997,0.0023040020199469762,0.3233545449448076,0.15969563437780349,206,0.11896353002044235,-0.07090092339429951,0.0967741935483871,0.023696682464454975,1.0,0.20581814616149338,0,Amazon,Health Monitors,Soft Toys,DR VAKU,DIKANG
0.14285714285714285,0.005102040816326536,0.15625,-0.003348214285714274,-0.08310511665190486,-0.004465860238115665,0.09093655042901201,0.04225817338911454,604,0.2799778342102264,-0.040623092525841197,0.0196078431372549,0.5105807086614174,1.0,0.28674044121319053,0,Amazon,Power Banks,Pens \u0026 Writing Instruments,unknown,Parker
0.0,0.0,0.0,-0.008403361344537815,-0.000620977522526221,-0.00023523856971589062,0.5980452674872269,0.02758190555400491,1091,-0.39108102125291194,-5.781049329809383e-07,0.0,0.0283363802559415,1.0,0.4174756872755778,0,Croma,TWS Earbuds,Earphones,Sony,JBL
0.14545454545454545,0.020779220779220772,0.14173228346456693,-0.010686164229471329,-0.08849362141927274,0.002495749065180679,0.29810799172906155,0.028944835369714872,1498,0.2892117840717824,-0.06781887648835862,0.09053497942386832,0.0520694259012016,1.0,0.2903522746047983,0,Amazon,Printers,Massage \u0026 Relaxation,HP,Lifelong
0.0423728813559322,-0.007263922518159806,0.008547008547008548,-0.027472527472527476,0.030996373786118796,-0.0008664174771374654,0.12391160691919766,0.03659439585062819,1376,0.09850608954306692,0.01246785330963186,0.03581267217630854,0.015239477503628448,1.0,0.09726388085956249,0,Amazon,Washing Machines,Instruments,Orpat,IBANEZ
0.22580645161290322,0.06605222734254992,0.26506024096385544,0.11273666092943205,0.1086085027816673,0.010954028670291646,0.12365267996407371,0.056653827106102624,752,0.14346154399114588,0.11456297823436314,0.10256410256410256,0.042328042328042326,1.0,0.14493183515102281,0,Flipkart,Drills,Office Chairs,LEOFAST PROFESSIONAL,Oakcraft
0.0,0.0,0.05555555555555555,0.04365079365079365,0.02208011537497695,0.004403900597672224,0.4338155797919821,0.005449684510906487,199,0.11755672449577828,0.012018221321147405,0.013333333333333334,0.19095477386934673,1.0,0.1117267392632367,0,Flipkart,Mens Watches,Suitcases,Mathey-Tissot,ALFA by VIP
0.041666666666666664,-0.0029761904761904795,0.06451612903225806,-0.002304147465437778,-0.0007568618018345461,-0.0020395258877206903,0.37599375460588425,0.023968696748668847,298,-0.20636422043703928,-6.132760549102353e-05,0.0,0.041736694677871146,1.0,0.27061431747707737,0,Myntra,T-Shirts,Shirts,Jack & Jones,MISCHIEF MONKEY
0.14814814814814814,0.06084656084656086,0.0,-0.029761904761904764,0.002763952072134239,0.000920184724933566,0.2916569014377818,0.00814734146786635,356,-0.009181986545121666,0.0036253920880557123,0.05084745762711865,0.06382978723404255,1.0,0.015247486937587651,0,Amazon,Mens Watches,Headphones,TIMEX,PTron
0.0,-0.02857142857142857,0.0,-0.04081632653061224,-0.0022384243824201456,-0.002242476851851852,1.316305826574145,0.01418573685973601,249,-0.3630872036539115,6.381031857247638e-06,0.0,0.013060802833530106,1.0,0.3691030168686856,0,Myntra,Shirts,Headphones,MISCHIEF MONKEY,boAt
0.010101010101010102,-0.01515151515151515,0.0,-0.011564625850340137,-0.005918706687693405,-0.0009661117717003567,0.25021342083296694,0.009750142699327051,857,-0.12037847720878528,-0.0020397129487500195,0.008787346221441126,0.46386946386946387,1.0,0.13632072816305335,0,Amazon,Tablets,Fiction,Samsung,unknown
0.0,0.0,0.0,0.0,-0.002657735151622482,-0.0009614133499110872,0.41025306816374474,0.0026885321885470903,281,-0.3603045276908795,0.000869389359284854,0.0,0.00411522633744856,1.0,0.3651432827152048,0,Myntra,Headphones,Mens Sports Shoes,boAt,Nike
0.0990990990990991,-0.02960102960102963,0.14563106796116504,0.005547850208044408,-0.01016436502177334,0.0013924397370343317,0.2911293570330424,0.03693555892966219,493,-0.01879868168846178,0.004834571071932512,0.07488986784140969,0.19114688128772636,1.0,0.028078849025561313,0,Myntra,Mens Sports Shoes,Kurtas \u0026 Kurtis,Skechers,FUBAR
0.1907514450867052,-0.008670520231213896,0.25888324873096447,0.03226976069615664,0.0059351019474613706,0.00026850743429958704,0.7908913489106615,0.0678625977835355,850,0.08384859555860058,-0.014866830188822492,0.10256410256410256,0.12325581395348838,0.9870740305522914,0.09135365705660445,0,Flipkart,Fiction,Innerwear \u0026 Sleepwear,Pearson Education (US),FREECULTR
0.06976744186046512,0.014950166112956804,0.11627906976744186,0.0664451827242525,0.011247942094861376,0.003559467310042698,0.14487508138696284,0.1412100723709067,1094,0.03980494984180207,0.014681283769879898,0.034482758620689655,0.0283363802559415,1.0,0.050394745122403446,0,Croma,Speakers,TWS Earbuds,Croma,Sony
0.056451612903225805,0.01728110599078341,0.06870229007633588,0.007633587786259555,0.007609623636213678,0.0007114348494567102,0.21959254932874916,0.043252048103679185,1413,-0.1533829214015555,0.02236017690854941,0.02631578947368421,0.009193776520509194,1.0,0.17193212977626104,0,Myntra,Sunscreen,Casual Shoes,Lakme,Nike
0.0,0.0,0.0,-0.015527950310559006,-0.00045892724469866674,-8.608030315156276e-05,0.22354347123343807,0.00045986899297299793,1490,0.3538414922454159,2.023245128413397e-06,0.0,0.012056262558606833,1.0,0.35378006555314045,0,Croma,Earphones,Speakers,JBL,Croma
0.15873015873015872,0.017006802721088454,0.20967741935483872,0.052995391705069145,0.0001222233835235567,-0.00015539109997474848,0.5134238371846525,0.058542151609384765,417,-0.08019115560743473,0.006267272071087882,0.09302325581395349,0.18983790523690774,1.0,0.09026996525449575,0,Myntra,Headphones,Casual Shoes,NOISE,Red Tape
0.2727272727272727,0.17857142857142858,0.17391304347826086,0.08695652173913045,0.03501983759614133,0.004976260043827611,0.10511715193093843,0.17622835599086029,148,0.39440235187221595,0.024512190544688423,0.0625,0.13725490196078433,1.0,0.3922540391680114,0,Croma,TWS Earbuds,Laptops,Sony,Lenovo
0.0,-0.009852216748768473,0.0,-0.025974025974025972,-0.021761704871568005,-0.00028125415917143866,0.4271113206885907,0.001312915797218812,1093,-0.08253546464633293,-0.05856879950635023,0.01639344262295082,0.022768670309653915,1.0,0.1001018959219751,0,Croma,TWS Earbuds,Speakers,Sony,Philips
0.0,0.0,0.0,-0.015527950310559006,-0.0004589272446986667,-8.608030315156276e-05,0.19105756850354236,0.00045986899297299793,1490,0.3538414922454159,2.023245128413397e-06,0.0,0.012056262558606833,1.0,0.35378006555314045,0,Croma,Speakers,Earphones,Croma,JBL
0.13675213675213677,0.023199023199023214,0.10869565217391304,0.009316770186335407,-0.04027798827244549,-0.001129998300809267,0.6763836687402334,0.06992748101133385,1203,0.20671554462760391,-0.012563370689784137,0.06808510638297872,0.04156275976724855,1.0,0.2082014226747087,0,Amazon,Speakers,Drums,soundcore,Clapbox
0.0,0.0,0.0,0.0,-0.00029014786912832144,-6.510238206189524e-05,0.8878404819102405,0.00029090964208827974,1146,0.1566984180398813,-0.0002564580038353188,0.0,0.013039934800325998,1.0,0.15744824911819502,0,Croma,TWS Earbuds,Speakers,GOBOULT,Croma
0.061224489795918366,-0.04956268221574345,0.06382978723404255,-0.021276595744680854,0.005177754101950462,-0.0010568418314255983,0.3504858038510554,0.05527905397020686,522,0.2882902645065224,0.005204438622325961,0.01904761904761905,0.024761904761904763,1.0,0.3049780755522879,0,Amazon,Diapers,Light Bulbs,BEBE,Crompton
0.18181818181818182,0.035714285714285726,0.17073170731707318,0.037456445993031384,0.05432910871637508,0.0056857238825790135,0.35265012961121095,0.062459167489481104,1045,-0.24691798432291234,0.09241431151440642,0.09268292682926829,0.028875379939209727,0.9980879541108987,0.25659877685793686,0,Amazon,Dash Cameras,Air Purifiers,NEXDIGITRON,Eureka Forbes
0.08333333333333333,0.08333333333333333,0.23076923076923078,0.2197802197802198,-0.039465316882610804,0.0015027187345526447,0.0588072663143375,0.11585213257127414,603,0.5033361682094601,-0.005768303831412416,0.016666666666666666,0.055449330783938815,1.0,0.5040790156482206,0,Amazon,Headphones,Air Purifiers,Boult Audio,Eureka Forbes
0.2196969696969697,0.08982683982683981,0.16806722689075632,0.05702280912364949,-0.026798188324270604,0.001496260420767866,0.12881015738194482,0.028586017268232712,1263,0.24062816527919303,-0.0034120451557502394,0.08015267175572519,0.06171875,1.0,0.24622880315482615,0,Amazon,Gym Equipment,Speakers,Lifelong,boAt
0.0,0.0,0.0,0.0,0.0,0.0,0.05691884195982576,0.0,147,0.0,0.0,0.0,0.13725490196078433,1.0,0.0,0,Croma,Laptops,Speakers,Lenovo,Philips
0.36363636363636365,0.09199134199134201,0.21212121212121213,-0.040043290043290075,0.020892045995358748,0.0005624777500890001,0.057162110758712026,0.12036593174126368,279,0.2937603088406951,0.009469315759904095,0.13953488372093023,0.12186379928315412,1.0,0.3041488522249726,0,Flipkart,Dishwashers,Induction Cooktops,Beyond Appliances,BharatVolt
0.2459396751740139,0.03032814053695726,0.19576719576719576,-0.006424792139077873,0.006913642448428649,-0.0009759109194049827,0.16569368713502902,0.05384808838734051,1963,0.6321349018521089,0.047813673689389595,0.12018140589569161,0.16089613034623218,1.0,0.6321993473789927,0,Flipkart,Multipurpose Sprays \u0026 Lubricants,Suitcases,Drasert,ARISTOCRAT
0.16666666666666666,0.13095238095238093,0.1111111111111111,0.06349206349206349,-0.0036057133213668628,-0.0022892819979188346,0.2269485574797557,0.2447165754241936,159,0.17433437634454707,0.00792998812617987,0.0125,0.08314087759815242,1.0,0.2527704792732156,0,Amazon,Earphones,Clotheslines \u0026 Drying Racks,unknown,Lifelong
0.23809523809523808,0.13265306122448978,0.29411764705882354,0.2142857142857143,0.010634973317592927,0.0068826391361101235,0.08730933628771134,0.2592392096589318,167,0.39204545278035735,0.04449302638975586,0.12195121951219512,0.04790419161676647,1.0,0.4395928113788894,0,Amazon,Refrigerators,Kitchen Storage \u0026 Containers,LG,MILTON
0.3838383838383838,0.045454545454545414,0.3588235294117647,0.0634453781512605,0.03665838202529194,0.0008981709451742655,0.1806585999791572,0.14406478857605184,743,0.08747793004139402,0.04882249360367323,0.2005813953488372,0.19497282608695654,1.0,0.08686555872573574,0,Flipkart,Suitcases,Womens Watches,ARISTOCRAT,NAVIFORCE
0.02857142857142857,0.020408163265306124,0.0,-0.006696428571428571,-0.005661051989316709,-0.0013951557093425605,0.23439984207385828,0.00594529992390367,445,0.11193810561265231,-0.002070722767771985,0.011494252873563218,0.013392857142857142,1.0,0.11351656385726597,0,Flipkart,Casual Shoes,Car Speakers,ADIDAS ORIGINALS,Pioneer
0.044444444444444446,-0.04603174603174603,0.05660377358490566,-0.059299191374663066,0.007921478957273787,-0.0012267386353332732,0.15587744471403364,0.03210909606758983,459,0.0963876124933445,-0.0017958700644999342,0.02,0.09803921568627451,1.0,0.08109189741425912,0,Myntra,Mens Watches,T-Shirts,Timex,Jack & Jones
0.125,-0.028159340659340643,0.14864864864864866,0.01158301158301156,-0.005935444231390762,-0.009447032325235086,0.2770369896278792,0.0493475876062512,511,0.11540128678583406,0.022740559680710294,0.06557377049180328,0.052921810699588484,1.0,0.10588493498056398,0,Flipkart,Suitcases,Mens Sports Shoes,SKYBAGS,NIKE
0.0,0.0,0.09090909090909091,0.06493506493506493,-0.16132391226016043,-0.002298539751216874,0.14900649051978143,0.6491805187592357,94,0.05081985303636172,-0.12179466805292588,0.045454545454545456,0.005376344086021506,1.0,0.4695824960377685,0,Flipkart,Speakers,Earphones,TRIGGR,Mivi
0.0,0.0,0.0,0.0,0.0,0.0,0.030517011356019752,0.0,145,0.016614799775152553,0.01740603583372702,0.025,0.13725490196078433,1.0,0.053500847070592855,0,Croma,Laptops,Earphones,Lenovo,JBL
0.2222222222222222,0.07407407407407407,0.2903225806451613,0.12211981566820282,0.00753833267237242,-0.006982248520710062,0.15837633958370942,0.3076204804567277,136,0.6164653279667348,0.013456099142953058,0.06779661016949153,0.10218978102189781,1.0,0.6156412697105855,0,Myntra,Serums,Suitcases,deconstruct,Aristocrat
0.13157894736842105,0.08082706766917293,0.1282051282051282,0.07692307692307693,-0.07712305789088694,0.003789622386946239,0.21883744117157708,0.22645755244622315,1094,0.10365662354314382,-0.07873632266211983,0.05405405405405406,0.022768670309653915,1.0,0.1395699678416508,0,Croma,TWS Earbuds,Speakers,Sony,Croma
0.23809523809523808,0.15646258503401358,0.13043478260869565,0.05900621118012424,0.06108577079960984,-0.00023805401662049808,0.11096594518358727,0.17332832974195703,152,0.4092500719718203,0.041970176642918106,0.06521739130434782,0.13725490196078433,1.0,0.419823757520829,0,Croma,TWS Earbuds,Laptops,Sony,Lenovo
0.15789473684210525,-0.027255639097744366,0.2894736842105263,0.10338345864661652,-0.007608445307894283,0.0017211981344017226,0.3402694171151081,0.03200597227234522,577,-0.02160067725114033,-0.00809303970648034,0.0728476821192053,0.2821180555555556,1.0,0.05855897488015652,0,Amazon,Headphones,Laptop Backpacks,GOBOULT,Safari
0.45,0.06999999999999995,0.5043478260869565,0.0919254658385093,-0.05708263704344496,0.002743484224965717,0.20418966723139842,0.0983324806339549,284,-0.12047098943941699,-0.053361203280080344,0.24064171122994651,0.1423611111111111,1.0,0.2612287663684508,0,Flipkart,Face Wash,Power Banks,Aqualogica,Portronics
0.3697916666666667,0.07738095238095244,0.35195530726256985,0.05387071029529128,-0.02258652819919204,0.015829058696852714,0.158036975215714,0.061384327493349475,1138,0.4269664274957186,-0.006884556439647015,0.2522255192878338,0.30859435873461116,1.0,0.44643232581761566,0,Myntra,Shampoos,Moisturizers,Bare Anatomy,Nivea
0.031578947368421054,-0.014285714285714284,0.0989010989010989,0.030612244897959162,0.002875036809719737,-0.0002204585537918871,0.2768691529747333,0.03404437276252908,1197,-0.030468706703421014,0.0005923701357334564,0.03827751196172249,0.034252297410192145,1.0,0.03834036204884638,0,Amazon,Bath \u0026 Body,Mixers \u0026 Grinders,Amazon Brand - Solimo,GIGAWATTS
0.08695652173913043,0.03571428571428572,0.1509433962264151,0.08625336927223719,-0.0006011660203761967,-0.00018401079529999087,0.1802839285809943,0.056531016135166964,459,0.15259921078234964,0.0036266795393813133,0.024793388429752067,0.013071895424836602,1.0,0.15282591181095107,0,Myntra,Mens Sports Shoes,Perfumes,Nike,Ajmal
0.14705882352941177,0.010504201680672287,0.22807017543859648,0.12280701754385963,-0.014092976026199319,0.005747985110306674,0.12239749727063816,0.07596727015531568,502,0.056577332121519934,0.004059991520112593,0.1076923076923077,0.09940357852882704,1.0,0.06453019221334702,0,Amazon,Mens Grooming,Suitcases,Lifelong,American Tourister
0.13559322033898305,-0.03753026634382564,0.125,-0.06887755102040818,0.013905171177196361,0.0016765789852232873,0.37451544373921525,0.04970681929032352,514,-0.008998059750799444,0.007449453567801983,0.07407407407407407,0.08153968448086096,1.0,0.023799960081876372,0,Myntra,Medical Devices,Mens Watches,CULT,WROGN
0.21176470588235294,0.02436974789915966,0.1625,0.01696428571428571,-0.015277822663464025,-0.0011834319526627217,0.42940039996269114,0.10841423093492308,953,0.005014806939777504,-0.010422777714047834,0.06936416184971098,0.023060796645702306,1.0,0.02351156638496838,0,Myntra,Protein \u0026 Sports Nutrition,Womens Slippers,MuscleBlaze,Red Tape
0.20743034055727555,-0.0002211410880141318,0.2057142857142857,0.016530612244897963,0.023146112764933165,0.0009536563590617601,0.20528132178806027,0.043718520989127645,1392,-0.10815206223634401,0.03638042236201061,0.08321167883211679,0.05671213208901651,1.0,0.11909827330683616,0,Flipkart,Office Desks,Supplements,NEUDOT,HORLICKS
0.39622641509433965,0.10983827493261461,0.2765957446808511,0.010638297872340441,-0.02894526212542091,-0.003527866391443049,0.16236270719901152,0.044298804013816015,381,-0.16617301545664448,-0.022990847853958295,0.21428571428571427,0.2076015765374138,1.0,0.2535799881121454,0,Flipkart,Office Desks,Drills,WUDYHOME,LEOFAST PROFESSIONAL
0.08771929824561403,0.021303258145363407,0.08333333333333333,-0.020238095238095236,0.04587148542312923,-0.0026670131927427542,0.26703168892500545,0.03317097730677424,426,-0.11200798265736936,0.026184404759481528,0.05217391304347826,0.11943793911007025,1.0,0.21950499553384634,0,Myntra,Mens Watches,T-Shirts,Timex,Jack & Jones
0.27011494252873564,0.08087027914614123,0.2366412213740458,0.0856052344601963,0.015472929236252389,0.006192639624783738,0.17681322259364043,0.019969860319860217,1110,0.4551210053110052,0.020271665685649858,0.12618296529968454,0.08280828082808281,1.0,0.45844207160942024,0,Flipkart,Table Tennis,Duffle Bags,Crow,SAFARI
0.16666666666666666,0.123015873015873,0.05555555555555555,0.051587301587301584,0.020240209694188015,0.0012463193317709272,0.35397659394570297,0.32109144301382,678,-0.4294089141062626,0.00537302875627192,0.018867924528301886,0.030261348005502064,1.0,0.4327364663917369,0,Myntra,Headphones,Smartwatches,boAt,Titan
0.23684210526315788,0.13345864661654133,0.13513513513513514,0.009652509652509633,-0.060702409957308356,-0.0006278855032317635,0.20930215501957575,0.10993587809070833,303,-0.2368280504749799,-0.11587674773295044,0.1038961038961039,0.19108865411116213,1.0,0.18514125531925751,0,Myntra,Womens Watches,Headphones,CASIO,NOISE
0.10810810810810811,0.03474903474903475,0.07692307692307693,0.032967032967032975,-0.011931792884297406,0.0005716409954268719,0.1116626792220292,0.1583142328646759,676,0.025162270316743722,-0.022291425774722127,0.07792207792207792,0.020710059171597635,1.0,0.029126447964715495,0,Amazon,Gym Equipment,Instruments,Cockatoo,IBANEZ
0.08333333333333333,0.03125,0.16666666666666666,0.09375,0.014622020588679532,0.0055404974489795915,0.6196414437821374,0.01866474796083374,360,0.19680882737126085,0.005036537715269599,0.0423728813559322,0.10343029483059923,1.0,0.20450361990873384,0,Myntra,Jeans,Headphones,Mufti,boAt
0.54,0.12571428571428583,0.5611510791366906,0.1469681397738951,-0.02211329037584685,0.03427895981087471,0.28839495234969403,0.10034577998527577,451,-0.1619407006811239,-0.04166102738082929,0.30612244897959184,0.21531100478468898,1.0,0.1942309599803484,0,Flipkart,T-Shirts,Jeans,PUMA,DENIM LOOK
0.0625,-0.011904761904761904,0.09433962264150944,0.012129380053908359,0.033865078370761595,-0.0006037744872400335,0.5686430328163813,0.026191883744027207,433,-0.05436641261286311,0.007697850892585528,0.036036036036036036,0.07917564931731855,1.0,0.11042784331644281,0,Myntra,Casual Shoes,Shirts,Red Tape,Snitch
0.2,0.03428571428571428,0.27631578947368424,0.11842105263157898,0.06928550494852947,0.0050550005314061,0.2671672285811157,0.13239873461480595,400,-0.0051464724492931765,0.0993959113176089,0.08666666666666667,0.13361194189275793,0.9975,0.06122596599464684,0,Amazon,Eye Care,Pens \u0026 Writing Instruments,LENSKART BLU,Parker
0.43902439024390244,0.11091753774680602,0.44715447154471544,0.1295005807200929,0.013400996205439504,0.019283601014370245,0.22238399443917783,0.03328540463667625,388,-0.07208815323295335,0.03969078062994301,0.18666666666666668,0.14652956298200515,1.0,0.12052661940175584,0,Myntra,Serums,Jeans,Minimalist,Mufti
0.08695652173913043,-0.0007763975155279657,0.15463917525773196,0.050810014727540515,-0.002998408657524581,-0.0007766439909297033,0.5808516056936815,0.013173023829996454,448,-0.18410459687106454,0.017739305475823124,0.03980099502487562,0.0273109243697479,1.0,0.18784578886822695,0,Myntra,Headphones,Serums,boAt,Minimalist
0.11538461538461539,0.03159340659340659,0.07547169811320754,-0.026954177897574122,0.12237910085417719,0.0024561097039042705,0.16471772404897306,0.12472583666334189,569,-0.14161130953833065,0.1030076468315729,0.04310344827586207,0.0912280701754386,1.0,0.22535028475667943,0,Amazon,Bakeware,Digital Safes \u0026 Lockers,Larah by BOROSIL,BonKaso
0.2736842105263158,0.06353383458646622,0.1890547263681592,-0.00035536602700778075,0.06343060409948241,0.0005222281295946228,0.2834218101424382,0.024437064511487104,1130,0.17956429104339752,0.022807711480105037,0.10407239819004525,0.06596306068601583,1.0,0.21700547677285306,0,Amazon,Shampoos,Fiction,Scalpe Pro,unknown
0.25,0.09709821428571427,0.15942028985507245,0.010351966873705987,0.015790870847687648,0.008918517183910634,0.29041757817424,0.028970579153958568,588,-0.027266964785944477,0.02683611427488504,0.11851851851851852,0.05782312925170068,1.0,0.06872306666210211,0,Amazon,Laptop Backpacks,Chairs,Safari,MAHARAJA
0.0,-0.009852216748768473,0.0,-0.025974025974025972,-0.021761704871568005,-0.00028125415917143866,0.4163210634629987,0.001312915797218812,1093,-0.08253546464633293,-0.05856879950635023,0.01639344262295082,0.022768670309653915,1.0,0.1001018959219751,0,Croma,Speakers,TWS Earbuds,Philips,Sony
0.1320754716981132,-0.00673854447439351,0.23636363636363636,0.09220779220779221,-0.04437093366567898,0.004242997043978363,0.141887928683578,0.06791131219433232,464,-0.26232293468322493,-0.05967208913900382,0.11864406779661017,0.18743351706798184,0.9357601713062098,0.26880459640329,0,Amazon,Washing Machines,Computer Accessories,Orpat,Ant Esports
0.3541666666666667,0.06349206349206349,0.3402777777777778,0.03373015873015872,-0.0023264354949017432,-0.0005152196433688278,0.28921841055714137,0.11735351859957746,487,0.045280829915915276,-0.00684993885107002,0.1875,0.5893909626719057,1.0,0.04752375506055047,0,Myntra,Cargos,Casual Shoes,HIGHLANDER,Puma
0.28735632183908044,0.1108374384236453,0.29069767441860467,0.08887043189368773,-0.048978709478664804,0.009742806008566429,0.7442346341200877,0.05291787118090943,486,-0.2952049072928627,-0.0396547476953827,0.13125,0.17135300986879765,1.0,0.31635217909928953,0,Myntra,Shirts,Perfumes,HIGHLANDER,SKINN
0.06896551724137931,0.017241379310344827,0.08823529411764706,0.012605042016806733,-0.005695246801695829,-0.001496087770482535,0.6131342806853709,0.006110440606727508,459,0.18206106213158743,-0.003649165588795344,0.016129032258064516,0.013071895424836602,1.0,0.1833155493403923,0,Myntra,Shirts,Mens Sports Shoes,HIGHLANDER,Nike
0.08695652173913043,-0.0055900621118012556,0.152,0.05257142857142855,-0.026171385769343896,-0.0018509070294784585,0.6285645296638444,0.08259976222595504,448,-0.27119686373697627,-0.013269858660228513,0.04365079365079365,0.0273109243697479,1.0,0.27807496686821004,0,Myntra,Headphones,Sunscreen,boAt,Lakme
0.22388059701492538,0.022388059701492546,0.3125,0.09374999999999997,-0.014862314209645004,0.013995243757431629,0.24682861579165183,0.09804329305170108,318,0.020696876244141734,0.03507751596942612,0.15441176470588236,0.09404388714733543,1.0,0.009011163801779598,0,Myntra,Jeans,Womens Watches,Louis Philippe Jeans,CASIO
0.410958904109589,0.11545988258317025,0.44594594594594594,0.18146718146718144,0.07284484479855514,0.014699110317007137,0.3149447892249409,0.03691321239751771,245,-0.03716948311973104,0.11997749336781047,0.25,0.13877551020408163,1.0,0.0814166143227273,0,Flipkart,Induction Cooktops,Cycling,KAPLI,EAST COAST
0.2,0.1619047619047619,0.13333333333333333,0.09047619047619047,-0.10307099496616257,-0.0026732011583871684,0.44379605398452654,0.2747681524858274,209,-0.12413068289919464,-0.0758283526815709,0.06666666666666667,0.03349282296650718,1.0,0.2092602032970344,0,Amazon,Power Banks,Light Bulbs,pTron,Crompton
0.22413793103448276,-0.020320197044334992,0.24770642201834864,0.03342070773263431,0.00634788693606572,-0.010510037085416575,0.11592110513291551,0.10402014150659117,475,0.38781709027845285,0.06776796219606256,0.09292035398230089,0.061052631578947365,1.0,0.41114342049823616,0,Myntra,Casual Shoes,Shampoos,ASIAN,MATRIX
0.1568627450980392,0.0672268907563025,0.1111111111111111,0.0224867724867725,0.0013219886921854683,0.00055239898989899,0.12240300093022045,0.07143041441460642,567,0.0315895466448829,-0.000163685974676682,0.034782608695652174,0.0912280701754386,1.0,0.04881895279873666,0,Amazon,Digital Safes \u0026 Lockers,Diapers,BonKaso,BEBE
0.0,-0.015037593984962405,0.0,-0.010714285714285714,-0.0005333768877884428,-0.0005281207133058985,1.0326141547388965,0.0033392275719730403,1080,-0.38994946393507135,4.280116810876447e-06,0.0,0.0283363802559415,1.0,0.43677355585739625,0,Croma,TWS Earbuds,Earphones,Sony,GOBOULT
0.0,0.0,0.0,-0.027777777777777783,0.001622197746724176,-0.0009467587435954556,0.3789756243194205,0.0021193095238907222,134,-0.18868371772878037,-0.003563440406904744,0.0,0.13725490196078433,1.0,0.3698824579836501,0,Croma,Earphones,Laptops,GOBOULT,Lenovo
0.045454545454545456,0.025974025974025972,0.05263157894736842,0.03007518796992481,-0.03635370854910246,-0.0007136678200692041,0.15355229157671166,0.4116789827645532,447,-0.019099512346168135,-0.0294836438267081,0.015625,0.0625,1.0,0.027917007871935264,0,Flipkart,Televisions,Suitcases,Coocaa,NASHER MILES
0.5357142857142857,0.2436224489795918,0.5272727272727272,0.27272727272727265,-0.20834066563820464,-0.020671834625322988,0.1986987929133856,0.22943229169987914,139,-0.1788724840810032,-0.14489980560566987,0.3548387096774194,0.17857142857142858,1.0,0.23428320285910328,0,Flipkart,Facial Kits \u0026 Combos,Electric Kettles,Pilgrim,Longway
0.39375,0.12232142857142858,0.2679738562091503,0.022408963585434177,0.0054616922324737605,0.011113483022505127,0.3855400610015539,0.03884108830860384,1390,0.25851205329554433,0.029963075514612105,0.18181818181818182,0.20545670225385526,1.0,0.2564346155271748,0,Myntra,Mens Outerwear,Casual Shoes,Roadster,Puma
0.044444444444444446,0.015873015873015883,0.02,-0.022857142857142864,-0.00957470592304851,-0.0017871732026143792,0.4712042044657082,0.1585109830287143,432,-0.04491682549354104,-0.007428412198607968,0.018518518518518517,0.5058139534883721,1.0,0.07675592151678111,0,Myntra,Casual Shoes,Tracksuits,Red Tape,Nike
0.0,-0.009852216748768473,0.0,-0.025974025974025972,-0.021761704871568005,-0.00028125415917143866,0.4271113206885907,0.001312915797218812,1093,-0.08253546464633293,-0.05856879950635023,0.01639344262295082,0.022768670309653915,1.0,0.1001018959219751,0,Croma,TWS Earbuds,Speakers,Sony,Philips
0.13157894736842105,0.02443609022556391,0.11627906976744186,0.0016611295681063093,0.004193101461516762,-0.0035947175830362164,0.3712616397156421,0.04567942559387639,310,0.0457990943418109,0.0043540401589242566,0.03296703296703297,0.5194174757281553,1.0,0.040057839759732074,0,Myntra,Casual Shoes,Mens Sports Shoes,Red Tape,Nike
0.21176470588235294,0.027731092436974775,0.23376623376623376,0.0705009276437848,0.04526783981400296,-0.0009337068160597574,0.8205720490566933,0.13259866336893886,377,0.08271650971956938,0.05300509510500521,0.06896551724137931,0.058355437665782495,1.0,0.08340949035761779,0,Flipkart,Smartwatches,Mixers \u0026 Grinders,Fire-Boltt,Flipkart SmartBuy
0.03278688524590164,0.016393442622950824,0.0,-0.03452380952380952,0.13304740128114267,0.0026765046296296294,0.3088845972252619,0.07482804421865712,428,0.030178234182119318,0.04335886437995782,0.006802721088435374,0.15756302521008403,1.0,0.039955801718030405,0,Myntra,Headphones,Mens Watches,boAt,Titan
0.11363636363636363,-0.0008116883116883189,0.17567567567567569,0.08590733590733593,-0.02217034455592467,0.0012614312672376256,0.1763986758104597,0.06126966135936746,852,0.04271236606594743,-0.02076466403349036,0.07602339181286549,0.07437070938215103,1.0,0.08227563170717749,0,Amazon,Power Banks,Mens Sneakers,URBN,Skechers
0.2875,0.08660714285714283,0.1927710843373494,-0.02065404475043031,0.030213088652007693,-0.00552032385899973,0.18590028732332653,0.015240337195379101,459,0.02002011626583542,0.028850386096840763,0.11049723756906077,0.10652173913043478,1.0,0.02568196160499027,0,Myntra,Casual Shoes,Shampoos,Puma,Bare Anatomy
0.0,-0.02613240418118467,0.06521739130434782,0.04658385093167702,0.0007445461331195079,-0.0014308012486992717,0.17139118197955194,0.04080076974538287,460,0.07794710380008285,-0.0003329357760941635,0.0,0.17216117216117216,1.0,0.0645233519198613,0,Myntra,Mens Watches,Tracksuits,Timex,Nike
0.029411764705882353,0.018907563025210083,0.0,-0.02895752895752896,-0.020209254004495553,-0.00033398931401608335,0.38145957569474376,0.0012912426962752475,1093,-0.17647786428912524,-0.05538989252091309,0.0136986301369863,0.0283363802559415,1.0,0.2124529794389313,0,Croma,Speakers,TWS Earbuds,Philips,Sony
0.0,-0.017857142857142856,0.0,-0.00974025974025974,-0.0004699644922948679,-0.0003497109653816034,0.131961910179383,0.0005577699507069412,454,-0.09680406674994094,0.00010810375929449083,0.0,0.05353319057815846,1.0,0.1054500332197185,0,Amazon,Fiction,Computer Accessories,unknown,Ant Esports
0.21052631578947367,0.08270676691729323,0.07894736842105263,-0.03007518796992481,0.043045231789540825,0.003626873761034679,0.14877895066734295,0.19622166976717567,380,-0.303891598907507,0.036273313339442184,0.047619047619047616,0.04473684210526316,1.0,0.331385070876943,0,Amazon,Earphones,Smartwatches,boAt,Apple
0.125,0.001623376623376624,0.12048192771084337,0.0043029259896729816,0.031381520742327015,0.0016058340881417122,0.12864986348197377,0.058325342810402137,572,0.10479195624730188,0.03112648303479211,0.065,0.04886561954624782,1.0,0.10759200696809808,0,Amazon,Non-Fiction,Mens Watches,Robert Greene,Fastrack
0.09375,-0.08147321428571427,0.24615384615384617,0.07582417582417583,-0.027939654160206794,-0.003171856978085353,0.35083203208714847,0.03945470770039685,533,-0.026308007422772183,-0.023373717482247106,0.0916030534351145,0.04329745596868884,1.0,0.031337612051373996,0,Flipkart,Perfumes,Gym Equipment,BELLAVITA,DreamFit
0.0,0.0,0.0,-0.008403361344537815,-0.000620977522526221,-0.00023523856971589062,0.28038225839525055,0.02758190555400491,1091,-0.391081021252912,-5.781049329809383e-07,0.0,0.0283363802559415,1.0,0.4174756872755778,0,Croma,Earphones,TWS Earbuds,JBL,Sony
0.13157894736842105,0.02443609022556391,0.11627906976744186,0.0016611295681063093,0.004193101461516762,-0.0035947175830362164,0.22740378488922106,0.04567942559387639,310,0.045799094341810904,0.004354040158924257,0.03296703296703297,0.5194174757281553,1.0,0.040057839759732074,0,Myntra,Mens Sports Shoes,Casual Shoes,Nike,Red Tape
0.06956521739130435,0.01614906832298136,0.056451612903225805,-0.03225806451612904,0.028568753744937513,-0.000139397699937951,0.13796742609086332,0.03303473389853768,1802,0.8054622636027692,0.027364889623500185,0.023809523809523808,0.028026905829596414,1.0,0.8063752955995428,0,Amazon,Fiction,Headphones,unknown,Boult Audio
0.14285714285714285,0.028061224489795894,0.2222222222222222,0.11640211640211641,0.1937657149408731,0.0016464934140263433,0.24652700369308478,0.17326830754711522,222,0.1524039504010262,0.06365448824047695,0.09302325581395349,0.08885376580538756,1.0,0.14762987637126396,0,Amazon,Sunscreen,Earphones,Deconstruct,unknown
0.30434782608695654,0.0552795031055901,0.3157894736842105,0.0407268170426065,-0.04524409742563758,-0.0001800342064992369,0.2014065098197705,0.07382926287026635,511,0.052651644857445445,-0.020908217249544243,0.18779342723004694,0.16607108824089956,0.9960861056751468,0.13079278871390587,0,Myntra,Cargos,Mens Outerwear,HIGHLANDER,Roadster
0.029411764705882353,0.018907563025210083,0.0,-0.02895752895752896,-0.02020925400449555,-0.00033398931401608335,0.4162275983281746,0.0012912426962752475,1093,-0.17647786428912524,-0.05538989252091308,0.0136986301369863,0.0283363802559415,1.0,0.2124529794389313,0,Croma,TWS Earbuds,Speakers,Sony,Philips
0.06976744186046512,-0.04318936877076411,0.16666666666666666,0.05952380952380955,-0.0026372034281364727,-0.0013777777777777777,0.18748160577975959,0.04068487681692924,497,-0.03842635333671028,-0.0014384732023133193,0.061946902654867256,0.07645875251509054,1.0,0.05623895847381572,0,Myntra,Kurtas \u0026 Kurtis,Mens Watches,FUBAR,WROGN
0.08695652173913043,0.040372670807453416,0.109375,0.05580357142857143,0.018873266773781067,0.0008603371473491137,0.18579591774334064,0.012049842385923942,1414,0.026957173779554876,0.025002460678120567,0.0273972602739726,0.009193776520509194,1.0,0.020948378044184753,0,Myntra,Casual Shoes,Mens Outerwear,Nike,Roadster
0.3322884012539185,0.041424093148231034,0.27898550724637683,0.04451345755693584,-0.003710400201497736,-0.004255667945298934,0.2001891195306323,0.04676111277371714,1121,0.07971619882952653,0.026109161404915,0.12050359712230216,0.12667261373773417,1.0,0.09716994853686989,0,Flipkart,Headphones,Face Wash,Noise,Aqualogica
0.25806451612903225,0.05529953917050695,0.2159090909090909,0.004870129870129913,0.046757897945848365,0.00262451171875,0.1363823042732808,0.10834699457266331,548,0.2237519252707606,0.05861946048935927,0.12365591397849462,0.0912280701754386,1.0,0.245166749845549,0,Amazon,Mens Sneakers,Digital Safes \u0026 Lockers,Skechers,BonKaso
0.10344827586206896,0.06280788177339902,0.14285714285714285,0.09566326530612243,0.004333944949588239,0.0016560971576999187,0.2182893729276425,0.09140915448812792,459,0.1668059310286351,0.0004494303486387747,0.025423728813559324,0.013071895424836602,1.0,0.18066399407388437,0,Myntra,Mens Sports Shoes,Serums,Nike,deconstruct
0.34959349593495936,0.05400696864111504,0.319672131147541,0.04976580796252933,0.04679285211215297,0.0046337038657627005,0.19668814982587604,0.1488108226380497,479,0.21030674850071165,0.061908566719716125,0.15350877192982457,0.14583333333333334,1.0,0.20640968711908228,0,Myntra,Perfumes,Jeans,Giorgio Armani,Louis Philippe Jeans
0.056962025316455694,-0.0013562386980108532,0.07207207207207207,0.011261261261261264,-0.04590790448412763,-0.0022377053348929463,0.5544777409673717,0.06161072225036261,764,0.012216790308237024,-0.018164857678696737,0.02643171806167401,0.33896103896103896,1.0,0.026383096866332598,0,Amazon,Mobile Chargers,Soft Toys,Samsung,DIKANG
0.15789473684210525,0.08270676691729323,0.1388888888888889,0.027777777777777776,0.04783963258838168,-0.012688614540466391,0.5094123116046321,0.1545966632108352,116,-0.3602972079880148,0.011259686941469442,0.0547945205479452,0.0423728813559322,1.0,0.49156692878598374,0,Flipkart,Non-Fiction,Laptops,S. Chand Publishing,ASUS
0.1346153846153846,0.0,0.14814814814814814,0.015873015873015872,-0.011530031469465622,-0.004526823116075852,0.7062115851102984,0.059763209296310696,475,-0.3563351216512657,-0.008351268107972352,0.036036036036036036,0.08481729879740982,0.9852631578947368,0.3985284260299906,0,Myntra,Shirts,Casual Shoes,HIGHLANDER,ASIAN
0.3523809523809524,0.07346938775510203,0.411214953271028,0.09546061415220292,-0.004312633385844679,0.0030679509680629005,0.46966770803176194,0.13409469986146375,283,-0.004415224643884295,0.011796215838438125,0.2669902912621359,0.45564516129032256,1.0,0.054279768406467734,0,Flipkart,Pillows,Vehicles,Flipkart SmartBuy,ZUNBELLA
0.3841059602649007,0.04635761589403975,0.3881578947368421,0.05404135338345867,0.02080049747621544,0.01094545290752668,0.18702948649471066,0.06807265308526285,511,0.08951652576890416,-0.00802417095888418,0.2111111111111111,0.14090019569471623,1.0,0.099232840372715,0,Myntra,Cargos,Shampoos,HIGHLANDER,MATRIX
0.18309859154929578,-0.0003353454057679339,0.21022727272727273,0.03206168831168832,-0.019232501897752757,-0.0030358377559584673,0.14184731215056204,0.05810333687858146,1113,0.34671406585838915,0.005775122583651462,0.07611548556430446,0.10682226211849193,1.0,0.3448171617741434,0,Flipkart,Bathroom Fittings,Suitcases,Kyari,Kamiliant by American Tourister
0.17777777777777778,-0.004761904761904773,0.2765957446808511,0.09270516717325233,0.006950369154162529,0.0017079861290823471,0.7844044482968473,0.014679891891358699,292,0.06640278042493007,0.01067005239385059,0.10891089108910891,0.18661971830985916,1.0,0.062382678644008115,0,Flipkart,Suitcases,Sewing Machines,NASHER MILES,SINGER
0.36619718309859156,0.11267605633802813,0.2727272727272727,-0.009276437847866414,-0.05017084747819262,-0.0020943663257852393,0.11891686437189783,0.0720280144554164,310,-0.11785770361261036,-0.07009601544078276,0.16083916083916083,0.1607717041800643,1.0,0.12418949432713644,0,Flipkart,Ayurvedic \u0026 Herbal Products,Drills,Kapiva,INGCO
0.3695652173913043,0.17546583850931674,0.32558139534883723,0.12292358803986717,0.050472425755805087,0.0090536462321517,0.15961547033119192,0.16798007312507868,161,-0.05415408485227629,0.009524605605749437,0.14285714285714285,0.08695652173913043,1.0,0.19715066536731554,0,Flipkart,Mixers \u0026 Grinders,Laptops,Flipkart SmartBuy,ASUS
0.125,-0.036989795918367346,0.1,-0.06285714285714289,-0.02726612218066393,-5.255018542708271e-05,0.1518472129834838,0.03334996177950684,475,-0.023172936113339555,-0.014047464642951297,0.056451612903225805,0.13773481420540246,1.0,0.027238537556925495,0,Myntra,Casual Shoes,Mens Watches,ASIAN,WROGN
0.1773049645390071,0.02178318135764945,0.102803738317757,-0.01802403204272361,0.006318980052197677,-0.0002576721894405939,0.14475068498025534,0.06501810700090803,1009,0.25760923134142905,0.006986207820354657,0.06746031746031746,0.09012535367803012,0.9466403162055336,0.25887130087193866,0,Amazon,Gym Equipment,Headphones,amazon basics,Noise
0.16666666666666666,0.028911564625850317,0.25,0.0957792207792208,0.05371264177396487,0.004077777777777779,0.2334612804931478,0.06196475562678708,318,0.27542804523794084,0.12442445884962224,0.11235955056179775,0.06131578947368421,1.0,0.267008254353625,0,Myntra,Casual Shoes,Womens Watches,Nike,CASIO
0.08333333333333333,-0.05357142857142859,0.10714285714285714,-0.040816326530612276,0.003983043131150253,-0.0012404951819675178,0.33160576201741376,0.017915187449814334,504,0.23523521844921674,0.010221762166588363,0.11926605504587157,0.07692307692307693,1.0,0.2351787657129985,0,Amazon,Guitars,Massage \u0026 Relaxation,amazon basics,Lifelong
0.30612244897959184,0.11661807580174927,0.27450980392156865,0.09103641456582637,0.0938018911257487,0.004904518418031929,0.14272131061151483,0.26376196955931136,269,-0.2688339477946474,0.033862608332321506,0.11578947368421053,0.10740740740740741,1.0,0.3736671218887985,0,Amazon,Gym Equipment,TWS Earbuds,Lifelong,boAt
0.40425531914893614,0.02178318135764945,0.4307692307692308,0.04395604395604408,0.03863282839766762,0.0020216341104809937,0.7198141287502138,0.15527878248338245,434,-0.15043184680599556,0.00783482841673847,0.20634920634920634,0.12715179968701096,1.0,0.20938874102616073,0,Flipkart,Helmets,Speakers,Probiker,boAt
0.17307692307692307,0.001373626373626341,0.125,-0.010416666666666685,-0.03261505286323778,-0.0036433965443908546,0.2722096838192894,0.09108162851204894,371,-0.13687522772474542,-0.009697794069723917,0.08256880733944955,0.13688524590163936,1.0,0.14599825313499962,0,Myntra,Casual Shoes,Mens Outerwear,Nike,StyleCast x Revolte
0.0,-0.02976190476190476,0.13333333333333333,0.09047619047619047,-0.0009282041019029579,0.0018170488403877068,0.6731298166718923,0.003214304987358294,450,0.07092834340227847,0.005323728014585247,0.03571428571428571,0.004269449715370019,1.0,0.07483630369433625,0,Croma,Speakers,TWS Earbuds,Philips,Noise
0.025,0.016071428571428573,0.0,-0.015151515151515152,0.0008091160227653993,-0.00014572213613406795,0.14433909134785744,0.022533243134272733,1082,0.274652255042006,-0.0006474873529465514,0.0,0.00458295142071494,1.0,0.2725962744151154,0,Amazon,Pet Toys,Mens Grooming,zest 4 toyz,Lifelong
0.37962962962962965,0.1468253968253968,0.36363636363636365,0.1564344746162928,0.07944220481067996,0.015210176991150445,0.2254727981267886,0.03960953531014758,480,0.1585406182000453,0.15189115693818106,0.1674641148325359,0.3663157894736842,1.0,0.15202589300471708,0,Myntra,Cargos,Jeans,HIGHLANDER,Louis Philippe Jeans
0.0,0.0,0.0,-0.015527950310559006,-0.00045892724469866674,-8.608030315156276e-05,0.22354347123343807,0.00045986899297299793,1490,0.3538414922454159,2.023245128413397e-06,0.0,0.012056262558606833,1.0,0.35378006555314045,0,Croma,Earphones,Speakers,JBL,Croma
0.08759124087591241,-0.034932221063607924,0.1386861313868613,-0.002606882168925989,-0.0656272945513447,0.0016174884815214194,0.3093748929952608,0.16756386488943653,828,-0.145775769163543,-0.06707779664625776,0.06622516556291391,0.09340484480886593,1.0,0.15364777082168565,0,Flipkart,Football,Coffee Tables,Hundred,SS CRAFTMAKERS
0.2923076923076923,0.02637362637362639,0.22413793103448276,-0.02093596059113298,0.16385338080255865,-0.0027108394479271186,0.16047290848328324,0.09931178960579182,291,0.2838462281235918,0.11988179404805026,0.11347517730496454,0.19946808510638298,0.9657534246575342,0.27587413511025244,0,Flipkart,Beds,Smartwatches,SPYDER HOME DECORE,Noise
0.29411764705882354,0.13025210084033612,0.3018867924528302,0.12533692722371967,-0.0246093545996431,0.0037392021000579954,0.29902345007886066,0.05384332245135138,384,0.05081991885989303,-0.025878420571806542,0.10084033613445378,0.09895833333333333,1.0,0.08203897186022553,0,Myntra,Mens Watches,Medical Devices,Daniel Hechter,CULT
0.09090909090909091,0.022727272727272735,0.037037037037037035,-0.021164021164021163,-0.0008487474436347481,-0.00013898772123726325,0.5148081763011501,0.003959520385041872,1360,0.3659725320416824,-0.0005369414833881713,0.019230769230769232,0.007283321194464676,1.0,0.3757686757848239,0,Croma,Speakers,Earphones,Philips,GOBOULT
0.3013698630136986,0.0004892367906066397,0.2589928057553957,-0.018499486125385434,-0.08535477445280754,-0.012493912831750671,0.28458728296197083,0.1056085053794206,602,-0.08634387011172055,-0.0494922056175851,0.13584905660377358,0.09865187159188883,1.0,0.10305183338516521,0,Myntra,Mens Sports Shoes,Mens Watches,Skechers,Timex
0.2608695652173913,0.17080745341614906,0.2,0.08857142857142859,-0.10598222555728042,-0.002533783783783784,0.2218077077798028,0.07520650097877919,154,0.16253860769915776,-0.06915191649364308,0.09090909090909091,0.03896103896103896,1.0,0.23016420410909091,0,Myntra,Casual Shoes,Smartwatches,Nike,Fastrack
0.0958904109589041,-0.030332681017612523,0.18518518518518517,0.038800705467372104,-0.0485720545122023,0.00031728862448170223,0.4215987934593519,0.10100325079776899,777,-0.5449789993746504,-0.04571677480462941,0.09444444444444444,0.0774818401937046,1.0,0.551434215114177,0,Amazon,Android Phones,Printers,XIAOMI,HP
0.13333333333333333,0.00654761904761908,0.09243697478991597,0.0024009603841536747,-0.046005248044356115,-0.00038596999083321225,0.17767577028291534,0.05288018332264694,1039,0.06210987003599316,-0.009693139776714666,0.04743083003952569,0.03173076923076923,1.0,0.07500042403246222,0,Amazon,Pens \u0026 Writing Instruments,Power Banks,Parker,URBN
0.4444444444444444,0.4206349206349206,0.5,0.4642857142857143,0.007078192424713624,0.00871900826446281,0.4704965767649887,0.649838886323461,450,0.80824898085093,0.26547007606641737,0.15789473684210525,0.0028524857375713123,1.0,0.8155184708210069,0,Croma,Earphones,TWS Earbuds,JBL,Noise
0.1267605633802817,-0.002012072434607659,0.06756756756756757,-0.055019305019305006,-0.025482642183977874,-0.0009228908761098557,0.8250737053709886,0.012873121836106576,497,0.10115744236897305,-0.025273737430175094,0.09375,0.31490872210953347,1.0,0.11118874693483002,0,Myntra,Womens Slippers,Kurtas \u0026 Kurtis,Red Tape,FUBAR
0.3625,0.13749999999999996,0.35064935064935066,0.13172541743970315,-0.0075006036458348455,0.0027172077312816664,0.5743804528429435,0.0390161573062834,389,0.03772343509219028,-0.003755422836932772,0.15584415584415584,0.2819525904203323,1.0,0.04123230271207456,0,Myntra,Casual Shoes,Jeans,Red Tape,Mufti
0.42105263157894735,0.36466165413533835,0.34782608695652173,0.25465838509316774,0.19458148120463584,0.032686980609418284,0.11478744216545968,0.2507198504718767,103,0.2832567555805772,0.1558862347930187,0.12962962962962962,0.1875,1.0,0.3450628172611519,0,Flipkart,Coffee Tables,Heat Guns \u0026 Blowers,Allie Wood,INGCO
0.11764705882352941,0.03308823529411764,0.1171875,0.044084821428571425,-0.00624432909347077,-0.0005868926666181577,1.0343851728974183,0.043007042562868525,1050,-0.14098527288643464,-0.004674981369706975,0.054945054945054944,0.06463721576115258,1.0,0.1415791787842992,0,Myntra,Headphones,Casual Shoes,boAt,Puma
0.2727272727272727,0.17857142857142858,0.17391304347826086,0.08695652173913045,0.03501983759614133,0.004976260043827611,0.12810241567615108,0.17622835599086029,148,0.39440235187221595,0.024512190544688423,0.0625,0.13725490196078433,1.0,0.3922540391680114,0,Croma,Laptops,TWS Earbuds,Lenovo,Sony
0.3023255813953488,0.0622923588039867,0.4230769230769231,0.11744505494505492,0.0535751014426858,0.01669642266746016,0.21078753383533125,0.01854140317663326,453,-0.2149081379725952,0.045678598176182535,0.1956521739130435,0.13656387665198239,1.0,0.28860364963266355,0,Myntra,Perfumes,Jeans,Ajmal,Louis Philippe Jeans
0.1686746987951807,-0.052495697074010333,0.18072289156626506,-0.029259896729776302,-0.04495892784279295,-0.008896228425314297,0.1175062616713505,0.06833816899232041,569,0.17980550834774456,-0.05092467471401254,0.0935672514619883,0.0912280701754386,1.0,0.19284398661610339,0,Amazon,Digital Safes \u0026 Lockers,Gym Equipment,BonKaso,BOLDFIT
0.11627906976744186,0.019933554817275753,0.17142857142857143,0.11836734693877551,-0.007164428472889162,0.0037536810567267223,0.16897733800107914,0.15760173191378157,433,-0.47957196640016475,0.012313983925936915,0.08333333333333333,0.03409090909090909,1.0,0.5152643363256121,0,Amazon,Washing Machines,Fiction,Crompton,unknown
0.2727272727272727,0.17857142857142858,0.17391304347826086,0.08695652173913045,0.03501983759614133,0.004976260043827611,0.12810241567615108,0.17622835599086029,148,0.39440235187221595,0.024512190544688423,0.0625,0.13725490196078433,1.0,0.3922540391680114,0,Croma,Laptops,TWS Earbuds,Lenovo,Sony
0.42857142857142855,0.3826530612244898,0.4444444444444444,0.3849206349206349,0.3729718184435594,0.046735537190082645,0.3509640047236031,0.4084312740635391,118,0.5129130460842358,0.2866578873331449,0.2,0.0423728813559322,1.0,0.4460889781090158,0,Flipkart,Keyboards,Laptops,HP,ASUS
0.05714285714285714,-0.020408163265306124,0.11428571428571428,0.0326530612244898,-0.0036824735371090616,-0.002944845381377413,0.22082382308149398,0.27658591605279864,445,0.11666432287808297,-0.000221147735536435,0.010752688172043012,0.033707865168539325,1.0,0.11696167360504932,0,Myntra,Casual Shoes,Mens Watches,Nike,WROGN
0.29896907216494845,0.037555228276877795,0.24731182795698925,-0.023041474654377836,0.4839820279828685,0.0015552832500706944,0.5198988271647512,0.2496397310886787,432,0.1273621361516506,0.23478590914366704,0.13612565445026178,0.3120608899297424,1.0,0.17942782584210576,0,Flipkart,Mens Watches,Mens Sneakers,LEE COOPER,NIKE
0.14583333333333334,0.0029761904761904934,0.2549019607843137,0.11134453781512604,-0.014429547200129287,-0.0010884100337436205,0.14845696979461517,0.048006094155830854,851,-0.009010803692998344,-0.016268796809414756,0.09045226130653267,0.0846063454759107,1.0,0.025312476927789856,0,Flipkart,Multipurpose Sprays \u0026 Lubricants,Innerwear \u0026 Sleepwear,GoMechanic,FREECULTR
0.29936305732484075,0.019563239308462266,0.38181818181818183,0.11125541125541127,-0.01713899575854655,0.004969515910685406,0.36259403102869003,0.043545805099205415,1134,-0.11723651649793267,-0.00956978832799166,0.1456953642384106,0.08112874779541446,1.0,0.12984433997804404,0,Flipkart,Casual Shoes,Engine Oils \u0026 Lubricants,NIKE,Shell
0.08620689655172414,0.002463054187192129,0.14634146341463414,0.027874564459930265,-0.005297448326020628,-0.0009221925893195307,0.7419720581694136,0.13998769912659967,760,-0.28048836916574926,-0.0015927918069077276,0.03821656050955414,0.06546924031234036,1.0,0.2947984720314682,0,Flipkart,PC Games,Cases \u0026 Covers,unknown,Ambrane
0.10526315789473684,0.10150375939849623,0.0,-0.015873015873015872,0.14621740395326474,0.017847485127095726,0.38232937267235517,0.17018592549727443,196,0.006281517352447428,0.052860434802189445,0.02564102564102564,0.2551813471502591,1.0,0.15193126069975735,0,Flipkart,Power Banks,Suitcases,boAt,NASHER MILES
0.3318777292576419,0.008109794135994997,0.34274193548387094,0.019009216589861766,0.0071305298567228125,0.008697867905783595,0.19671385712058645,0.05822324777018553,1216,0.011313947151496945,-0.010549598536610014,0.15434782608695652,0.5351307189542484,1.0,0.016045654746870676,0,Flipkart,Casual Shoes,Electric Trimmers \u0026 Shavers,PUMA,PHILIPS
0.42105263157894735,0.19360902255639093,0.3157894736842105,0.09210526315789475,0.019820173201368634,-0.005067567567567564,0.2562073387576513,0.238682468368842,154,-0.2628555565786035,0.02217701344744699,0.09859154929577464,0.12337662337662338,1.0,0.34717864525479664,0,Myntra,Serums,Smartwatches,deconstruct,Fastrack
0.3973509933774834,0.047776726584673634,0.3858267716535433,0.08773903262092236,-0.01589294309779528,0.01333221109334231,0.2664115073083239,0.044817257986098286,565,0.094284937282607,0.002089315717201819,0.20408163265306123,0.3470026350461133,0.9946996466431095,0.11062714874322462,0,Flipkart,Face Wash,Earphones,LOTUS HERBALS,Mivi
0.5370370370370371,0.2645502645502646,0.5471698113207547,0.28436657681940697,0.06954448372244051,0.008352863409650857,0.17149021415453006,0.17979021749245092,139,0.12301875033012065,0.018285119461082903,0.22340425531914893,0.2746268656716418,1.0,0.20514551147617494,0,Flipkart,Facial Kits \u0026 Combos,Earphones,Pilgrim,Mivi
0.1,-0.014682539682539686,0.20603015075376885,0.05168700646087582,-0.008889563589940475,0.003549281157832893,0.17694563068488509,0.04358109113022951,1280,0.034753594269593846,0.014261244040486117,0.07579462102689487,0.0429352068696331,1.0,0.04549087390665968,0,Flipkart,Mens Watches,Coffee Tables,Titan,Allie Wood
0.07692307692307693,-0.05769230769230771,0.09090909090909091,-0.03409090909090906,-0.01429361133072048,-0.0037198335495609944,0.3414089877640982,0.08347134710762327,459,0.17234150885565275,-0.0022340300177199584,0.038834951456310676,0.09167241775937428,0.8926315789473684,0.18280257190247726,0,Myntra,Headphones,Casual Shoes,NOISE,ASIAN
0.25,0.1392857142857143,0.2,0.06285714285714283,0.05638134864230156,-0.004595588235294117,0.26840881659460214,0.058030205976170264,142,-0.22098508722614962,0.11945823578029567,0.11363636363636363,0.2833333333333333,1.0,0.31889161645891223,0,Myntra,Shirts,Bath \u0026 Body,HIGHLANDER,Parachute
0.0,0.0,0.0,0.0,0.0,0.0,0.5982643113966156,0.0,125,-0.007069100239374209,0.00016600821962727127,0.0,0.013986013986013986,1.0,0.007221699004813325,0,Amazon,Headphones,Gym Equipment,PTron,Lifelong
0.4,0.20816326530612247,0.39473684210526316,0.19736842105263158,0.08989893779879457,0.02126286349456775,0.07093305030158856,0.09524852499474903,179,0.5515424917983138,0.09956271524302546,0.2222222222222222,0.08888888888888889,1.0,0.5488072733162123,0,Flipkart,Professional \u0026 Salon,Wardrobes,Mizu,Flipkart Perfect Homes
0.13875598086124402,0.0003417634996582264,0.14285714285714285,0.028571428571428553,0.039878113363491556,0.0014745344086334565,0.21838156402564254,0.07765416800258051,1316,0.24758383007955242,0.04450891848181845,0.07488986784140969,0.12010122493993462,0.9992401215805471,0.2546152938502396,0,Amazon,Bath \u0026 Body,Dog Food,Dove,BOLTZ
0.125,0.011904761904761904,0.16666666666666666,0.0976190476190476,0.0034560866701197936,-0.001157199433619159,0.5349043138998507,0.08593349014622204,397,0.3710939197826329,0.06264381677118722,0.08333333333333333,0.05642239817833669,1.0,0.4180747836927706,0,Myntra,Mens Outerwear,Perfumes,HRX by Hrithik Roshan,SKINN
0.27450980392156865,0.12324929971988793,0.13043478260869565,0.03260869565217392,-0.01375668898388298,0.002869510480037928,0.24344466370471662,0.047434073837359605,1035,-0.24623307149426502,-0.005378416906273248,0.07547169811320754,0.04227142575039494,1.0,0.27731099852478625,0,Myntra,Casual Shoes,Protein \u0026 Sports Nutrition,Nike,MuscleBlaze
0.40350877192982454,0.09335839598997492,0.4339622641509434,0.12601078167115903,0.0518547217689857,0.01727168005671078,0.1365487247615253,0.08314578793398396,384,0.2285897709200686,0.025066059794807426,0.2577777777777778,0.18502282008167187,1.0,0.24979093048104326,0,Flipkart,Office Desks,Womens Watches,WUDYHOME,NAVIFORCE
0.06976744186046512,0.0,0.061224489795918366,0.010204081632653052,-0.0740246866388896,-0.002207413577675968,0.2224635889546692,0.11078509536024826,508,0.04507978934555533,-0.03024741650150734,0.038834951456310676,0.2522603978300181,0.9357976653696498,0.05286394188365304,0,Amazon,Console Games,Power Banks,Take 2,URBN
0.07246376811594203,0.021739130434782615,0.04838709677419355,-0.032258064516129045,-0.009233531719828441,-0.0009896180966290204,0.27101621721057767,0.013984570043665712,800,-0.10685697684788907,-0.01693769229910392,0.045454545454545456,0.02375,1.0,0.1404325756886198,0,Amazon,Diapers,Mixers \u0026 Grinders,unknown,GIGAWATTS
0.1568627450980392,0.09383753501400562,0.19607843137254902,0.13165266106442575,0.07498486622200709,0.001947141242630138,0.19326250788316165,0.12319042963017265,562,0.46622626689666086,0.05401431354024278,0.0603448275862069,0.030249110320284697,1.0,0.48285310676956317,0,Amazon,Home Projectors,Vacuum Cleaners,E GATE,acerpure
0.14814814814814814,-0.005291005291005291,0.125,-0.023809523809523808,-0.055565749559867456,-0.00618608473338203,0.19346497890510156,0.03470025796252586,160,-0.026133081182993814,-0.05495708885059194,0.1320754716981132,0.08695652173913043,1.0,0.13808559064160023,0,Flipkart,Laptops,Earphones,ASUS,Mivi
0.16666666666666666,0.14285714285714285,0.2222222222222222,0.16666666666666663,-2.6838389941722507e-05,-0.003237368481905423,0.5528746074808195,0.11390835518124375,101,0.3719210819666101,-0.00184864509830985,0.058823529411764705,0.07848360655737704,1.0,0.4137455966571309,0,Flipkart,Mens Sports Shoes,Mens Watches,NIKE,LEE COOPER
0.0625,0.02232142857142857,0.19047619047619047,0.1020408163265306,-0.0029005292821361107,0.001506143479984146,0.8087670152889923,0.01278337029520214,450,0.7751519903591251,0.0006908102375395052,0.05,0.5028712059064807,1.0,0.7841607936206874,0,Croma,TWS Earbuds,Earphones,Noise,GOBOULT
0.0,0.0,0.0,0.0,0.0,0.0,0.05691884195982576,0.0,147,0.0,0.0,0.0,0.13725490196078433,1.0,0.0,0,Croma,Laptops,Speakers,Lenovo,Philips
0.09090909090909091,0.022727272727272735,0.037037037037037035,-0.021164021164021163,-0.0008487474436347481,-0.00013898772123726325,0.5148081763011501,0.003959520385041872,1360,0.3659725320416824,-0.0005369414833881713,0.019230769230769232,0.007283321194464676,1.0,0.3757686757848239,0,Croma,Speakers,Earphones,Philips,GOBOULT
0.14864864864864866,0.023166023166023147,0.1875,0.07142857142857142,-0.0034445546432670575,-0.0006484037912199555,0.4321016059005734,0.06247014887895819,1039,-0.26626066559762135,0.006407695228002849,0.05084745762711865,0.16521592442645075,0.9649289099526066,0.2679504966852862,0,Myntra,Headphones,Perfumes,NOISE,Ajmal
0.025,-0.0892857142857143,0.11320754716981132,0.013477088948787075,-0.07842805923312236,0.0020905420991926184,0.1848209119112562,0.09523418653055248,453,-0.10156056491000831,-0.06217892302784783,0.0625,0.12192384436315264,0.9911894273127754,0.141306016953694,0,Myntra,Shirts,Perfumes,Snitch,Ajmal
0.25,0.13095238095238093,0.20833333333333334,0.09523809523809525,0.0314014992656569,0.009067952249770432,0.27501693971193575,0.08346136202866465,138,-0.08116641190027901,0.04540739379943473,0.13333333333333333,0.16269841269841268,1.0,0.10597639033988376,0,Myntra,Smartwatches,Headphones,Fastrack,NOISE
0.4011627906976744,0.08098006644518269,0.3815028901734104,0.08876961189099919,0.009594931248855059,0.018704792190697126,0.2395868672418275,0.1092078272147997,1413,0.15170119923206427,0.007677687299339232,0.21359223300970873,0.04314002828854314,1.0,0.16232889487234786,0,Myntra,Sunscreen,Mens Outerwear,Lakme,Roadster
0.0,-0.015873015873015872,0.0,-0.011904761904761904,-0.000570531945694205,-0.00019743237101155103,0.2686355013721811,0.059227107890568856,1091,-0.2576957058836879,-6.090618511881693e-07,0.0,0.022768670309653915,1.0,0.27624168061517695,0,Croma,Earphones,TWS Earbuds,JBL,Sony
0.29533678756476683,0.030347890451517423,0.25146198830409355,0.02046783625730994,-0.016790390505549514,8.77191608409135e-05,0.14684122609901432,0.06262735901369444,820,0.2392662125346135,-0.010727017376638578,0.14804469273743018,0.0876979293544458,1.0,0.2567732697765244,0,Flipkart,Cycling,Headphones,Tungsten,Goboult
0.029411764705882353,-0.06092436974789916,0.0,-0.07142857142857142,-0.0015815742061094078,-0.001748844068877551,0.217609397018826,0.024776595697314444,485,0.012431305937196524,-0.000469147490470707,0.009708737864077669,0.18326693227091634,1.0,0.013427050794980591,0,Amazon,Power Banks,Office Desks,unknown,ABOUT SPACE
0.35714285714285715,0.10276967930029157,0.4485981308411215,0.17690253671562084,-0.07165371908064663,0.018520581173733328,0.3213048863455351,0.09932444881278044,426,0.2783719027001725,-0.039896567807802354,0.192090395480226,0.11943793911007025,1.0,0.3229946764700605,0,Myntra,Jeans,Mens Watches,Louis Philippe Jeans,Timex
0.35555555555555557,0.058333333333333404,0.3202247191011236,0.06059390048154095,0.05903032595612908,0.017793582412293747,0.24615475644830379,0.10551781108499675,1116,0.00031911959239775274,0.09903383555671301,0.19469026548672566,0.04740608228980322,1.0,0.0732916681787469,0,Flipkart,Face Wash,Gym Equipment,Aqualogica,DreamFit
0.0,0.0,0.0,0.0,0.0,0.0,0.06472486181869172,0.0,91,-0.14897132741358854,0.00181248254561092,0.0,0.004672897196261682,1.0,0.1549371877216498,0,Flipkart,Headphones,Speakers,boAt,TRIGGR
0.0,-0.015037593984962405,0.0,-0.010714285714285714,-0.0005333768877884428,-0.0005281207133058985,0.3155400275748778,0.0033392275719730403,1080,-0.3899494639350713,4.280116810876446e-06,0.0,0.0283363802559415,1.0,0.43677355585739625,0,Croma,Earphones,TWS Earbuds,GOBOULT,Sony
0.1,0.0642857142857143,0.06666666666666667,0.052380952380952375,0.00028876846185693454,-5.54016620498615e-05,0.28464393582895836,0.008787087040347795,1146,0.08316370192244801,-0.00022697127338235922,0.0,0.00734094616639478,1.0,0.08480526538299626,0,Croma,Speakers,TWS Earbuds,Philips,GOBOULT
0.2839506172839506,0.11728395061728394,0.32142857142857145,0.12840136054421772,0.12317931262589403,0.013872576177285321,0.10175844755918367,0.03533527031810641,496,0.26626368798175554,0.1003550556925045,0.10240963855421686,0.12072434607645875,1.0,0.23748623203323765,0,Amazon,USB Hubs \u0026 Adapters,Kitchen Appliances,ZEBRONICS,Aquaguard
0.41134751773049644,0.08308004052684903,0.47333333333333333,0.1071428571428571,0.026309591005547178,0.010467728758169932,0.4346444372354641,0.06243384000052518,432,0.2133460447668988,0.04945126804546633,0.22393822393822393,0.12471131639722864,1.0,0.22033092018986492,0,Myntra,Casual Shoes,Sunscreen,Red Tape,Lakme
0.2602739726027397,0.012720156555772966,0.33766233766233766,0.053803339517625226,0.02557650071900759,0.019576968855385832,0.3847145534397922,0.08201414603726835,298,-0.22165823286252342,0.042837256761150015,0.14285714285714285,0.1457796114835826,1.0,0.2578338149667004,0,Myntra,Shampoos,Shirts,MATRIX,MISCHIEF MONKEY
0.40559440559440557,0.07992007992007993,0.3722627737226277,0.10427528675703857,-0.003297969975707538,0.009288485539315012,0.1032088533020149,0.011854074192474086,807,0.3168557397530409,4.039543168664564e-05,0.22181818181818183,0.09777227722772278,1.0,0.3172852471449286,0,Flipkart,Cycling,Car Electronics,Tungsten,AGARO
0.125,-0.02380952380952378,0.2,0.042857142857142844,-0.09503739399893159,-0.005179946849241025,0.42965118720916673,0.019225836253896445,161,0.012073846058570484,-0.0015311679326938782,0.11764705882352941,0.08695652173913043,1.0,0.17213850123452704,0,Flipkart,Laptops,Mens Watches,ASUS,LEE COOPER
0.28421052631578947,0.03590225563909774,0.29649595687331537,0.03946861763573356,-0.13218942655618565,0.0016297554515977315,0.27746788207904766,0.05646016735344845,1744,0.02599375653786728,-0.054210510896055775,0.16103896103896104,0.1759013492590135,0.9019495412844036,0.048955871502215774,0,Flipkart,Power Banks,Headphones,Ambrane,Goboult
0.23333333333333334,0.05595238095238095,0.2786885245901639,0.12880562060889927,0.09694607319793452,0.008923742563547863,0.12812593472614792,0.17143419148831912,227,0.35391188951194164,0.09527878705258289,0.09848484848484848,0.18547544409613376,1.0,0.45758043631318907,0,Flipkart,Console Games,Mixers \u0026 Grinders,HG WORLD,Grand plus
0.3150684931506849,0.14187866927592951,0.24615384615384617,0.07142857142857142,0.006826951083446265,0.007510166601075693,0.11373212392064141,0.05882697618317608,504,0.13287484480667147,0.03938406639478063,0.14285714285714285,0.05917159763313609,1.0,0.12383884714201561,0,Amazon,Guitars,Diapers,amazon basics,unknown
0.16393442622950818,0.046838407494145196,0.15625,0.0029761904761904934,0.019202528172593367,-0.0009119963842975209,0.39904410920252575,0.048858765645836605,525,-0.1749678094719755,-0.009710655331451193,0.057692307692307696,0.148989898989899,1.0,0.21201740463084373,0,Amazon,Moisturizers,Light Bulbs,RAAGA PROFESSIONAL,Crompton
0.2926829268292683,0.20209059233449472,0.17073170731707318,0.09756097560975611,0.12609347422242184,0.0076658255486021,0.11086326818163295,0.0693078594341962,497,0.16036567050811276,0.13066421478186188,0.07865168539325842,0.26616161616161615,1.0,0.14468933729409877,0,Amazon,Gaming Accessories,USB Hubs \u0026 Adapters,Logitech G,ZEBRONICS
0.0,-0.026785714285714284,0.0,-0.06632653061224489,-0.0006866864203872536,-0.001952785068330073,0.2089589560921947,0.0033129109031733942,459,0.12021438925125755,-0.00020958881506018303,0.0,0.04357298474945534,1.0,0.11700995636706996,0,Myntra,T-Shirts,Smartwatches,Jack & Jones,Titan
0.06818181818181818,-0.07305194805194803,0.14285714285714285,-0.0017006802721088454,-0.03821831916594621,-0.004243868813792989,0.42152248135804077,0.055409874065934464,369,-0.023264475756166764,-0.05011903567387709,0.0392156862745098,0.15873015873015872,1.0,0.019662201440693534,0,Myntra,Headphones,Mens Watches,NOISE,Daniel Hechter
0.2857142857142857,0.14285714285714285,0.3125,0.15401785714285715,-0.037617960935201526,0.005153288496811952,0.285764975483693,0.1915972205674372,113,0.20144149224804245,0.006500798560614754,0.14754098360655737,0.20490328385065226,1.0,0.21505273862318122,0,Myntra,Casual Shoes,Suitcases,Puma,Aristocrat
0.14285714285714285,0.13265306122448978,0.5,0.4642857142857143,-0.07316930188714166,0.008518518518518519,0.523363894243563,0.38018191286953124,98,0.4306963343250765,-0.05920913774958295,0.08333333333333333,0.2552083333333333,1.0,0.45001290164560925,0,Flipkart,Mixers \u0026 Grinders,Smartwatches,HAVELLS,boAt
0.2535211267605634,0.10865191146881287,0.19047619047619047,0.06009070294784577,0.003424506803086549,-0.0015891139020758633,0.32156916523923684,0.11804726354675595,411,-0.11453898358568781,-0.05585475620396715,0.08396946564885496,0.11971830985915492,1.0,0.10434137750792719,0,Myntra,Mens Watches,Headphones,Timex,NOISE
0.06976744186046512,0.014950166112956804,0.11627906976744186,0.0664451827242525,0.011247942094861376,0.003559467310042698,0.2112821570272177,0.1412100723709067,1094,0.039804949841802065,0.014681283769879896,0.034482758620689655,0.0283363802559415,1.0,0.050394745122403446,0,Croma,TWS Earbuds,Speakers,Sony,Croma
0.0,-0.004608294930875576,0.0,-0.012987012987012988,-0.00034049868368350424,-0.00025789753638773055,0.24904944366693516,0.00034127592455431596,1360,0.13861600239753624,-0.0026259709598562596,0.014705882352941176,0.004682004816271374,1.0,0.13705695346329363,0,Croma,Earphones,Speakers,GOBOULT,Croma
0.40804597701149425,0.0451559934318555,0.45549738219895286,0.05235602094240832,-0.012521363082168571,0.006894870634119164,0.28855483423132644,0.11309099183032736,637,-0.06543355799103892,0.008790334228749717,0.22713864306784662,0.14088330632090762,1.0,0.0808008109264981,0,Flipkart,Furniture,Kurtas \u0026 Kurtis,Online Decor Shoppee,Koshin
0.0,0.0,0.0,0.0,0.0,0.0,0.0664733403910674,0.0,108,0.0,0.0,0.0,0.0,1.0,0.0,0,Myntra,Headphones,Suitcases,boAt,Aristocrat
0.0,-0.009852216748768473,0.0,-0.025974025974025972,-0.021761704871568005,-0.00028125415917143866,0.4271113206885907,0.001312915797218812,1093,-0.08253546464633293,-0.05856879950635023,0.01639344262295082,0.022768670309653915,1.0,0.1001018959219751,0,Croma,TWS Earbuds,Speakers,Sony,Philips
0.0,0.0,0.0,-0.027777777777777783,0.001622197746724176,-0.0009467587435954556,0.9298421612368323,0.0021193095238907222,134,-0.1886837177287804,-0.003563440406904744,0.0,0.13725490196078433,1.0,0.3698824579836501,0,Croma,Laptops,Earphones,Lenovo,GOBOULT
0.09090909090909091,0.022727272727272735,0.037037037037037035,-0.021164021164021163,-0.0008487474436347481,-0.00013898772123726325,1.1645647839111748,0.003959520385041872,1360,0.3659725320416824,-0.0005369414833881714,0.019230769230769232,0.007283321194464676,1.0,0.3757686757848239,0,Croma,Earphones,Speakers,GOBOULT,Philips
0.16666666666666666,0.014880952380952384,0.25,0.09098639455782315,0.040216223892913065,0.0032184499314128947,0.33318798814464684,0.07812179967896832,1134,0.055989204884874064,0.05177498698539705,0.096045197740113,0.03262786596119929,1.0,0.05699891668068124,0,Myntra,Perfumes,Casual Shoes,Ajmal,Nike
0.23943661971830985,-0.03873239436619716,0.20930232558139536,-0.05315614617940198,-0.024306132239358583,-0.0005437997762181516,0.1586666294889405,0.07441361085189539,846,0.29972909304568446,0.0024994608341967414,0.10256410256410256,0.0768321513002364,1.0,0.314373712926111,0,Flipkart,Gas Stoves,Suitcases,Natraj Aatamaker,NASHER MILES
0.4838709677419355,0.07419354838709674,0.5099337748344371,0.1277199621570484,0.1600256276556998,0.03178739829881658,0.25580886258020435,0.07623763724810337,442,0.2928116517803674,0.19019577645050195,0.2798507462686567,0.1888412017167382,1.0,0.2679830118919721,0,Myntra,Casual Shoes,Moisturizers,Puma,The Face Shop
0.13636363636363635,-0.011363636363636354,0.11904761904761904,-0.008503401360544227,-0.052071196978244645,-0.003987926058122371,0.1858819367132405,0.019711419660785916,381,0.09625320743210926,-0.03383140410648562,0.10526315789473684,0.05249343832020997,1.0,0.11010230842491028,0,Amazon,Clotheslines \u0026 Drying Racks,Smartwatches,Lifelong,Apple
0.2727272727272727,0.17857142857142858,0.17391304347826086,0.08695652173913045,0.03501983759614133,0.004976260043827611,0.10511715193093843,0.17622835599086029,148,0.39440235187221595,0.024512190544688423,0.0625,0.13725490196078433,1.0,0.3922540391680114,0,Croma,TWS Earbuds,Laptops,Sony,Lenovo
0.4782608695652174,0.07142857142857145,0.5338983050847458,0.17372881355932207,-0.024546068891769995,0.0037321881415288,0.20247868041671607,0.06744052604342349,380,0.11699636032757398,0.003798366151697314,0.22477064220183487,0.16272965879265092,1.0,0.12423206434857263,0,Flipkart,Earphones,Grains \u0026 Pulses,Mivi,Yogabar
0.1826086956521739,0.004968944099378897,0.10227272727272728,-0.045454545454545456,0.011530151624561622,0.0021544753430269735,0.16445796196207055,0.04719106154364001,770,0.12875079401926995,0.03198380882743301,0.08823529411764706,0.040103492884864166,1.0,0.1792313254232265,0,Amazon,Smartwatches,Headphones,Fastrack,Noise
0.0,0.0,0.0,-0.027777777777777783,0.001622197746724176,-0.0009467587435954556,0.3789756243194205,0.0021193095238907222,134,-0.18868371772878037,-0.003563440406904744,0.0,0.13725490196078433,1.0,0.3698824579836501,0,Croma,Earphones,Laptops,GOBOULT,Lenovo
0.18699186991869918,0.078397212543554,0.125,0.025510204081632654,0.04485513517050995,0.0022419847891294725,0.10825005641485237,0.02905561463147372,1012,0.23641983215839055,0.036501171354540236,0.05511811023622047,0.037549407114624504,1.0,0.23651176462067033,0,Amazon,Gym Equipment,Perfumes,amazon basics,Wild Stone
0.22105263157894736,-0.009022556390977432,0.25925925925925924,0.015873015873015844,0.05904812698932842,0.007135398538113468,0.19219953109719662,0.033515956906511817,460,0.07964820835370529,0.03658238208613754,0.12807881773399016,0.08676789587852494,1.0,0.08036345907900318,0,Amazon,Pens \u0026 Writing Instruments,Mens Watches,Parker,unknown
0.07894736842105263,0.0219298245614035,0.06140350877192982,0.018796992481203006,0.0005623981836299046,-0.0021010109036635758,0.14742907599644348,0.01984980066769264,1102,0.09456119414133626,0.0020005081291714173,0.023255813953488372,0.03176043557168784,1.0,0.09446961118019948,0,Amazon,Perfumes,Chairs,Wild Stone,MAHARAJA
0.20634920634920634,0.028344671201814053,0.15517241379310345,0.029556650246305438,0.012385261464218344,-0.0003378159837273322,0.5174767323067366,0.024531081133635075,397,-0.2333291693651096,0.0019166523490475847,0.08064516129032258,0.11335012594458438,1.0,0.2458602502708681,0,Myntra,Casual Shoes,Mens Outerwear,Puma,HRX by Hrithik Roshan
0.16017316017316016,-0.00773036487322204,0.1896551724137931,0.02432266009852216,0.04001444409690295,0.001368265782411792,0.15530623724931328,0.04272562247069368,1956,0.4990093272032164,0.052575304011255236,0.09943714821763602,0.0952739860642941,0.9435401831129197,0.49533747937476647,0,Flipkart,Medical Devices,Multipurpose Sprays \u0026 Lubricants,Dr Trust,GoMechanic
0.09090909090909091,0.022727272727272735,0.037037037037037035,-0.021164021164021163,-0.0008487474436347481,-0.00013898772123726325,0.5148081763011501,0.003959520385041872,1360,0.3659725320416824,-0.0005369414833881713,0.019230769230769232,0.007283321194464676,1.0,0.3757686757848239,0,Croma,Speakers,Earphones,Philips,GOBOULT
0.27956989247311825,0.10675883256528418,0.19480519480519481,0.05565862708719854,0.026261159063604378,0.009531713024107866,0.37395388619744685,0.04005535046077091,1035,-0.4627461843123352,0.01174049017766318,0.10240963855421686,0.021235521235521235,1.0,0.47050426340606616,0,Myntra,Perfumes,Protein \u0026 Sports Nutrition,SKINN,MuscleBlaze
0.14285714285714285,0.045918367346938785,0.3125,0.24107142857142858,-0.14023659127481838,-0.010581711181530106,0.40159376814133374,0.11646557299877022,102,0.18867002691639345,-0.01584404914015108,0.09375,0.14591836734693878,1.0,0.20074866398051444,0,Flipkart,Trolley Bags,Air Fryers,ARISTOCRAT,KENT
0.29508196721311475,0.08021077283372363,0.21929824561403508,0.06641604010025062,0.05606844595247656,0.011874298540965209,0.12809329753932622,0.09028362854273327,513,0.05840290861603927,-0.05958981460357512,0.1375,0.4004901960784314,1.0,0.12040143388586831,0,Amazon,Gym Equipment,Cleaning Supplies,amazon basics,Ariel
0.0,-0.011904761904761904,0.0,-0.017857142857142856,-0.00029766455159107604,-6.087168249330412e-05,0.08225953890810231,0.00029969291405712665,450,-0.06250950417969577,0.00011557563898293616,0.0,0.0021494288511180863,1.0,0.06412056080018591,0,Croma,TWS Earbuds,Speakers,Noise,Croma
0.06451612903225806,0.03225806451612903,0.05555555555555555,0.007936507936507929,-0.0007734122034859436,-6.694073897959231e-05,0.7479322625057849,0.1125759237275974,2869,0.28059688216986645,-0.00013507700707465653,0.03076923076923077,0.006966213862765587,1.0,0.3283158150968,0,Croma,Earphones,Speakers,JBL,Philips
0.1773049645390071,0.02178318135764945,0.102803738317757,-0.01802403204272361,0.006318980052197677,-0.0002576721894405939,0.14475068498025534,0.06501810700090803,1009,0.25760923134142905,0.006986207820354657,0.06746031746031746,0.09012535367803012,0.9466403162055336,0.25887130087193866,0,Amazon,Gym Equipment,Headphones,amazon basics,Noise
0.453781512605042,0.11284513805522217,0.39090909090909093,0.09350649350649348,0.04549266510574714,0.009958634686664206,0.3027128031940686,0.128978039055539,365,0.09807925551167215,0.11366414605336446,0.2,0.22182661703619788,1.0,0.09334155849979733,0,Myntra,Jeans,Casual Shoes,Mufti,Puma
0.05128205128205128,-0.04029304029304029,0.05555555555555555,-0.021825396825396817,0.05021147031296351,-0.00042210754210863176,0.08477946131047592,0.13637637250348186,562,0.08877660644036779,0.05211898555560619,0.04081632653061224,0.04886561954624782,1.0,0.11367231460188688,0,Amazon,Mens Watches,Car Cleaning Kits,Fastrack,STARQ
0.07692307692307693,-0.03708791208791205,0.1320754716981132,0.008086253369272225,-0.064267962351019,-0.0029619377162629764,0.10939381069504638,0.16674189717749766,443,-0.03947163953553458,-0.0830844177900698,0.024539877300613498,0.037694013303769404,1.0,0.0721425240643966,0,Amazon,Diapers,Mens Watches,HUGGIES,Fastrack
0.11290322580645161,0.04262672811059909,0.16326530612244897,0.05247813411078717,-0.010365088315786223,-0.00402472838388411,0.18213576829709494,0.04767123304021527,394,-0.055747673109030546,-0.014547375475525181,0.0603448275862069,0.04314720812182741,1.0,0.07300871322557995,0,Flipkart,Office Chairs,Headphones,Flipkart Perfect Homes,Noise
0.38686131386861317,-0.0010427528675703845,0.358974358974359,0.008547008547008572,-0.011065504373120282,-0.004051886502467461,0.18741281787006453,0.13904887199835836,443,0.007522460345127623,0.011262493789377373,0.2345679012345679,0.14864864864864866,1.0,0.06990050094811776,0,Flipkart,Mens Watches,Car Electronics,Allen Solly,Costar
0.2647058823529412,0.031512605042016834,0.32142857142857145,0.07738095238095241,0.03034343217460161,0.016448217975206614,0.2747251519817166,0.035027721673568345,384,0.16483919116603518,0.04390286653430507,0.14666666666666667,0.05475504322766571,1.0,0.1621910249078403,0,Myntra,Mens Watches,Jeans,Daniel Hechter,Louis Philippe Jeans
0.328125,0.0424107142857143,0.31343283582089554,0.0017768301350391535,0.05322564455480264,-0.0009518992911940923,0.3329515573081546,0.1296276472233122,829,0.11080537952694346,0.04907870848562754,0.13520408163265307,0.1650602409638554,1.0,0.12465774502803863,0,Flipkart,Perfumes,Coffee Tables,BEARDO,SS CRAFTMAKERS
0.19148936170212766,0.06838905775075986,0.28846153846153844,0.15109890109890106,-0.004533900216069307,0.0038722222222222213,0.15095756301083932,0.07630602189931375,318,0.01770282664267155,0.13681886851067263,0.15463917525773196,0.09404388714733543,1.0,0.12307581445100312,0,Myntra,Womens Watches,Cargos,CASIO,HIGHLANDER
0.23529411764705882,0.009803921568627416,0.16666666666666666,-0.030112044817927147,0.0035728903913313853,-0.00438582390260631,0.36340989552432046,0.038030923976376224,465,0.08910034609025642,0.016294850133103687,0.11594202898550725,0.18241167434715821,1.0,0.1014223753062551,0,Myntra,Medical Devices,Moisturizers,CULT,The Face Shop
0.2714285714285714,0.10408163265306122,0.23076923076923078,0.05824175824175823,0.010043839083207582,0.011373404747735238,0.3054636183404811,0.11105157720318808,225,0.13677038781447573,-0.01811572771012289,0.09848484848484848,0.05286343612334802,1.0,0.191762566421454,0,Flipkart,Non-Fiction,Console Games,S. Chand Publishing,HG WORLD
0.0,-0.015873015873015872,0.0,-0.011904761904761904,-0.000570531945694205,-0.00019743237101155103,0.2686355013721811,0.059227107890568856,1091,-0.2576957058836879,-6.090618511881693e-07,0.0,0.022768670309653915,1.0,0.27624168061517695,0,Croma,Earphones,TWS Earbuds,JBL,Sony
0.297029702970297,0.018387553041018356,0.42857142857142855,0.12993197278911567,0.028056248937921923,0.004161005434782608,0.81531081280916,0.062449828471606524,384,0.150512742159142,0.034856261153623426,0.24519230769230768,0.13541666666666666,1.0,0.15548669793273454,0,Flipkart,Jeans,Ride-Ons,DENIM LOOK,CAPENT
0.18181818181818182,0.05844155844155846,0.18518518518518517,0.0291005291005291,0.013625381244908018,-0.000756920415224913,0.35208229332925334,0.10482982974068912,142,0.05294570399774813,0.006183869349216082,0.08333333333333333,0.13505747126436782,1.0,0.04921485458540661,0,Myntra,Bath \u0026 Body,Shampoos,Parachute,Bare Anatomy
0.2647058823529412,0.06092436974789919,0.12903225806451613,-0.0737327188940092,-0.0005748946333801768,0.004796371211206376,0.21599867738553205,0.09469913730330663,376,-0.16045168124868087,0.017374302681860007,0.10483870967741936,0.06382978723404255,1.0,0.2111687579843769,0,Amazon,Mens Watches,Headphones,TIMEX,Noise
0.16666666666666666,0.005952380952380931,0.24358974358974358,0.0641025641025641,0.003079176392046748,0.0021298110911254896,0.3621832911041502,0.08043654485136699,599,-0.1780610112516977,0.04033124162144136,0.1282051282051282,0.09256198347107437,1.0,0.2060899526457047,0,Amazon,Console Games,Sunscreen,Take 2,Deconstruct
0.38095238095238093,0.02338435374149661,0.3352941176470588,-0.013025210084033623,0.012828006015813166,0.008676849831382664,0.3790137614773585,0.08475435455635948,734,0.04631319999927536,0.05616515667168925,0.19435736677115986,0.11684782608695653,1.0,0.050867125295647304,0,Flipkart,Grains \u0026 Pulses,Casual Shoes,Yogabar,NIKE
0.21176470588235294,-0.00924369747899162,0.14666666666666667,-0.0552380952380952,-0.12485169655631742,-0.01383938516373357,0.1621060928029894,0.05589317471466286,416,0.19608309403754584,-0.03222550270573342,0.11042944785276074,0.0889423076923077,1.0,0.20220423290448167,0,Flipkart,Pressure Washers,Earphones,OEM,Mivi
0.12080536912751678,-0.010546500479386337,0.1724137931034483,0.0394088669950739,0.05377195700915093,0.0071777777777777794,0.23304877872159982,0.03527827896451111,497,-0.1989694084373015,0.05886237386596654,0.09698996655518395,0.3017861285084667,1.0,0.22776997272121727,0,Myntra,Moisturizers,Kurtas \u0026 Kurtis,Nivea,FUBAR
0.4,0.0562770562770562,0.36875,-0.0071428571428571175,-0.018942701870743,-0.007852057316730533,0.4807450293931228,0.12376910134328088,433,0.007562800188807149,-0.015790920512723235,0.1858108108108108,0.12471131639722864,1.0,0.034304814022777914,0,Myntra,Casual Shoes,Moisturizers,Red Tape,Nivea
0.2,0.1642857142857143,0.2222222222222222,0.19444444444444442,0.03472173280619891,0.00462962962962963,0.3135032421499241,0.03169755600330908,94,0.4453978454641153,0.05680037982079881,0.1,0.17708333333333334,1.0,0.4766659304706031,0,Amazon,Massage \u0026 Relaxation,Vehicles,Lifelong,Storio
0.0,0.0,0.0,-0.015527950310559006,-0.0004589272446986667,-8.608030315156276e-05,0.19105756850354236,0.00045986899297299793,1490,0.3538414922454159,2.023245128413397e-06,0.0,0.012056262558606833,1.0,0.35378006555314045,0,Croma,Speakers,Earphones,Croma,JBL
0.24528301886792453,0.07547169811320753,0.25862068965517243,0.10837438423645321,-0.03421462660990535,0.002833017785823854,0.16249746182350272,0.05907856402060533,283,-0.03835434800190337,-0.0863571375902879,0.16216216216216217,0.07420494699646643,1.0,0.15638168005577194,0,Flipkart,Perfumes,Office Chairs,ARABIYAT,Oakcraft
0.15254237288135594,0.049636803874092014,0.14814814814814814,0.04365079365079365,-0.01193626653702194,0.003907473755560746,0.24246724122098093,0.04946085951724083,445,-0.03195480751103962,-0.03555447620030178,0.08130081300813008,0.033707865168539325,1.0,0.0558166805234423,0,Myntra,Casual Shoes,Mens Outerwear,Nike,Roadster
0.06976744186046512,-0.00996677740863787,0.043478260869565216,-0.029503105590062098,-0.16206129986334322,-0.0003098001267047711,0.6908676725884568,0.024103043874705493,397,-0.6606254680147768,-0.07432345238500031,0.02127659574468085,0.015113350125944584,1.0,0.6751921969523864,0,Flipkart,Perfumes,Mens Watches,Em5,LEE COOPER
0.09090909090909091,0.022727272727272735,0.037037037037037035,-0.021164021164021163,-0.0008487474436347481,-0.00013898772123726325,1.1645647839111748,0.003959520385041872,1360,0.3659725320416824,-0.0005369414833881714,0.019230769230769232,0.007283321194464676,1.0,0.3757686757848239,0,Croma,Earphones,Speakers,GOBOULT,Philips
0.054945054945054944,0.010204081632653052,0.0898876404494382,0.04012841091492776,-0.005810336683991065,-0.0002506813733072341,0.14128427216447,0.11275112119965848,459,0.009195196811312133,0.03945002854036994,0.02127659574468085,0.013071895424836602,1.0,0.14723132000227152,0,Myntra,Mens Sports Shoes,Shampoos,Nike,MATRIX
0.025,-0.0892857142857143,0.11320754716981132,0.013477088948787075,-0.07842805923312236,0.0020905420991926184,0.1848209119112562,0.09523418653055248,453,-0.10156056491000831,-0.06217892302784783,0.0625,0.12192384436315264,0.9911894273127754,0.141306016953694,0,Myntra,Shirts,Perfumes,Snitch,Ajmal
0.24390243902439024,0.07926829268292684,0.25,0.07589285714285715,0.029689216328051566,0.007393560465976331,0.192902038991921,0.05466868343825438,430,0.10150919217221407,0.0963098047413173,0.12244897959183673,0.08314087759815242,1.0,0.08909033181705825,0,Amazon,Headphones,Clotheslines \u0026 Drying Racks,Noise,Lifelong
0.27586206896551724,0.1354679802955665,0.3103448275862069,0.16748768472906406,-0.22597296082009805,0.0016435354273192093,0.2670211666870059,0.14391488375914263,148,-0.12211441666141029,-0.19639199247897765,0.18181818181818182,0.13725490196078433,1.0,0.13815388314666185,0,Croma,Laptops,Speakers,Lenovo,Croma
0.16,0.010476190476190472,0.21052631578947367,0.0817669172932331,-0.014466144895495008,0.004755837044774957,0.24806515688041075,0.05769178851546199,908,-0.38474669421063135,-0.010889859588205692,0.08227848101265822,0.16409395973154361,1.0,0.3859765423912379,0,Myntra,Casual Shoes,Headphones,Puma,NOISE
0.08955223880597014,-0.00852878464818764,0.1506849315068493,0.05479452054794519,-0.08011747061343538,-0.0016641011773515834,0.4622092709208056,0.06278016637990863,606,-0.02852286032672217,-0.09117783035223992,0.057971014492753624,0.036303630363036306,1.0,0.042082246830788934,0,Myntra,Smartwatches,Mens Watches,Titan,Timex
0.0,-0.009852216748768473,0.0,-0.025974025974025972,-0.021761704871568005,-0.00028125415917143866,0.4271113206885907,0.001312915797218812,1093,-0.08253546464633293,-0.05856879950635023,0.01639344262295082,0.022768670309653915,1.0,0.1001018959219751,0,Croma,TWS Earbuds,Speakers,Sony,Philips
0.2962962962962963,0.0952380952380952,0.25806451612903225,0.07450076804915517,0.2395279572971062,0.01630581557103476,0.19221530201864748,0.12186080120039057,461,0.43765519657764956,0.189886548080757,0.14507772020725387,0.08676789587852494,1.0,0.44570847019109433,0,Amazon,Mens Watches,Irons,unknown,Havells
0.0,-0.02976190476190476,0.13333333333333333,0.09047619047619047,-0.0009282041019029579,0.0018170488403877068,0.6731298166718923,0.003214304987358294,450,0.07092834340227847,0.005323728014585247,0.03571428571428571,0.004269449715370019,1.0,0.07483630369433625,0,Croma,Speakers,TWS Earbuds,Philips,Noise
0.09859154929577464,-0.06539235412474854,0.1076923076923077,-0.005494505494505503,-0.019927363769271372,-0.01042917005081615,1.1842160460063813,0.025789675730240304,397,-0.43470030839925783,-0.0231197487469958,0.04794520547945205,0.0754961949814891,1.0,0.4408449301034787,0,Myntra,Womens Slippers,Mens Outerwear,Red Tape,HRX by Hrithik Roshan
0.06976744186046512,0.014950166112956804,0.11627906976744186,0.0664451827242525,0.011247942094861376,0.003559467310042698,0.2112821570272177,0.1412100723709067,1094,0.039804949841802065,0.014681283769879896,0.034482758620689655,0.0283363802559415,1.0,0.050394745122403446,0,Croma,TWS Earbuds,Speakers,Sony,Croma
0.06666666666666667,-0.004761904761904759,0.2857142857142857,0.22448979591836732,-0.05903471368341056,0.0023966942148760323,0.4341778190935778,0.14590709462886714,118,0.04218486112808362,-0.0021406428039687253,0.13793103448275862,0.0423728813559322,1.0,0.07540322625855987,0,Flipkart,Suitcases,Laptops,ARISTOCRAT,ASUS
0.25,0.19642857142857142,0.0,-0.07142857142857142,-0.021332686513225136,0.0018491124260355037,0.14458067625657609,0.09013707711978632,112,0.06300245905604503,-0.026055624723243655,0.1951219512195122,0.08849557522123894,1.0,0.10410516904854562,0,Flipkart,Cycling,Helmets,Crow,SMK
0.0,0.0,0.0,0.0,0.0,0.0,0.032117385806138196,0.0,145,0.016614799775152556,0.01740603583372702,0.025,0.13725490196078433,1.0,0.053500847070592855,0,Croma,Earphones,Laptops,JBL,Lenovo
0.18181818181818182,0.051948051948051965,0.2962962962962963,0.14285714285714285,-0.04600044160415022,-0.007407006920415224,0.2547431690783876,0.07290641039007578,142,0.15833414062722387,-0.0008768066318725347,0.1,0.15856118332586283,1.0,0.2481402229943017,0,Myntra,Bottoms,Bath \u0026 Body,Stylecast X Kotty,Parachute
0.2077922077922078,0.04359925788497218,0.20987654320987653,0.047619047619047616,0.007158740111150993,0.008945601006411815,0.39250787495303185,0.04719881708178521,486,0.15000542221367785,0.007861596290118573,0.09868421052631579,0.06378600823045268,1.0,0.15065572275067712,0,Myntra,Serums,Shirts,deconstruct,HIGHLANDER
0.0,-0.02976190476190476,0.13333333333333333,0.09047619047619047,-0.0009282041019029579,0.0018170488403877068,1.2467001999400609,0.003214304987358294,450,0.07092834340227845,0.005323728014585248,0.03571428571428571,0.004269449715370019,1.0,0.07483630369433625,0,Croma,TWS Earbuds,Speakers,Noise,Philips
0.21875,0.08482142857142858,0.22784810126582278,0.08137432188065097,0.07617115752489749,-0.005903123585332733,0.23677496142710544,0.09800706664384536,247,-0.11798512133702155,0.11198322589189742,0.0821917808219178,0.2567121997173811,1.0,0.21211510615413343,0,Flipkart,Gourmet Food,Electric Trimmers \u0026 Shavers,joganiya dairy,PHILIPS
0.09090909090909091,0.022727272727272735,0.037037037037037035,-0.021164021164021163,-0.0008487474436347481,-0.00013898772123726325,1.1645647839111748,0.003959520385041872,1360,0.3659725320416824,-0.0005369414833881714,0.019230769230769232,0.007283321194464676,1.0,0.3757686757848239,0,Croma,Earphones,Speakers,GOBOULT,Philips
0.26153846153846155,0.06373626373626373,0.2465753424657534,0.03033268101761258,0.04722115802362164,0.012000765179548187,0.700469482081804,0.24974500368149,433,0.01110017561469277,0.03435504251534941,0.10218978102189781,0.09021360069747167,1.0,0.043337623555486024,0,Myntra,Shirts,Casual Shoes,HIGHLANDER,Red Tape
0.06976744186046512,0.014950166112956804,0.11627906976744186,0.0664451827242525,0.011247942094861376,0.003559467310042698,0.2112821570272177,0.1412100723709067,1094,0.039804949841802065,0.014681283769879896,0.034482758620689655,0.0283363802559415,1.0,0.050394745122403446,0,Croma,TWS Earbuds,Speakers,Sony,Croma
0.3611111111111111,0.07870370370370372,0.21649484536082475,0.002945508100147237,0.028036316325888364,0.0036721390424918968,0.5010237163342746,0.04227912484805105,365,0.07096661419888356,0.026722054175608485,0.14761904761904762,0.16035438360765872,0.9897172236503856,0.11504899749707176,0,Myntra,Jeans,Casual Shoes,Mufti,Puma
0.06976744186046512,0.014950166112956804,0.11627906976744186,0.0664451827242525,0.011247942094861376,0.003559467310042698,0.14487508138696284,0.1412100723709067,1094,0.03980494984180207,0.014681283769879898,0.034482758620689655,0.0283363802559415,1.0,0.050394745122403446,0,Croma,Speakers,TWS Earbuds,Croma,Sony
0.23728813559322035,0.0726392251815981,0.2857142857142857,0.1417233560090703,-0.01968342847568701,0.004626527840651878,0.1748593290942929,0.10676408670104874,488,0.24805069720979755,-0.010512247603193404,0.12195121951219512,0.07975460122699386,1.0,0.25570452466750926,0,Amazon,Massage \u0026 Relaxation,Earphones,CULT,boAt
0.1,0.0642857142857143,0.06666666666666667,0.052380952380952375,0.00028876846185693454,-5.54016620498615e-05,0.6803003814653177,0.008787087040347795,1146,0.08316370192244801,-0.0002269712733823592,0.0,0.00734094616639478,1.0,0.08480526538299626,0,Croma,TWS Earbuds,Speakers,GOBOULT,Philips
0.16842105263157894,0.01428571428571429,0.21505376344086022,0.03609831029185867,0.0013616791515193016,-0.005681138047105802,0.3831703133976514,0.03782399405806239,485,0.047451046836515756,-0.025972581719329122,0.06282722513089005,0.14814814814814814,1.0,0.06994892825585129,0,Myntra,Perfumes,Shirts,Giorgio Armani,HIGHLANDER
0.0,-0.015873015873015872,0.0,-0.011904761904761904,-0.0005705319456942049,-0.00019743237101155103,0.24554308802420874,0.059227107890568856,1091,-0.2576957058836879,-6.090618511881693e-07,0.0,0.022768670309653915,1.0,0.27624168061517695,0,Croma,TWS Earbuds,Earphones,Sony,JBL
0.25,0.07142857142857142,0.26582278481012656,0.1283905967450271,-0.04668487424054595,0.00011330789686669028,0.30176734043426956,0.04896184304096992,525,-0.054543246473256424,-0.03819212410504587,0.13253012048192772,0.10576082455252381,1.0,0.10133025213535093,0,Amazon,Diapers,Light Bulbs,unknown,Crompton
0.0,-0.015037593984962405,0.0,-0.010714285714285714,-0.0005333768877884428,-0.0005281207133058985,1.0326141547388965,0.0033392275719730403,1080,-0.38994946393507135,4.280116810876447e-06,0.0,0.0283363802559415,1.0,0.43677355585739625,0,Croma,TWS Earbuds,Earphones,Sony,GOBOULT
0.4342105263157895,0.20488721804511276,0.3,0.026785714285714246,-0.006817276580264344,0.008319398571053467,0.23544819047456025,0.13306774884100817,283,0.0783366193143813,-0.040739678891389026,0.21637426900584794,0.18435077519379844,1.0,0.1137548789429184,0,Flipkart,Electric Trimmers \u0026 Shavers,Vehicles,PHILIPS,ZUNBELLA
0.29411764705882354,0.20588235294117646,0.375,0.2723214285714286,-0.1981143975068163,-0.004226542688081149,0.17659319751310315,0.2702101231638813,95,0.03798687969015776,-0.25090580059520307,0.16666666666666666,0.2736842105263158,1.0,0.21770778644486055,0,Amazon,Suitcases,Pressure Washers,LAttitude By Provogue,Bosch
0.27205882352941174,-0.030462184873949527,0.3561643835616438,0.04990215264187864,-0.046384866331629686,-0.025410554846938778,0.15238242166562788,0.07290936302087601,923,0.19496558321683405,-0.05454865118493705,0.14393939393939395,0.06601731601731602,1.0,0.19904202108942423,0,Myntra,Serums,Casual Shoes,Minimalist,Puma
0.17592592592592593,0.0648148148148148,0.12871287128712872,0.05940594059405942,0.04669412625970008,0.0104269649036085,0.28973907935977816,0.06780108047163813,494,0.006058170260205517,0.018803727458713438,0.06637168141592921,0.15303030303030302,0.9980506822612085,0.03046102045074128,0,Amazon,Cleaning Supplies,Headphones,Ariel,PTron
0.3282442748091603,0.09432933478735,0.3191489361702128,0.07649442755825739,0.020552699937756082,0.010122666777050147,0.3497538992036532,0.024367499639069107,1092,-0.003384594444674104,0.007163321106758462,0.14015151515151514,0.08241758241758242,1.0,0.017244418726312178,0,Flipkart,Perfumes,Casual Shoes,Em5,NIKE
0.5,0.4642857142857143,0.0,-0.028571428571428574,-0.14778388564963552,0.008950617283950617,0.08692903787713553,0.2656653710273499,94,-0.2344203266609728,-0.08464339088797458,0.2,0.052083333333333336,1.0,0.309258088550212,0,Amazon,Vehicles,Smartwatches,Storio,Fastrack
0.28,0.03333333333333338,0.3625,0.1625,-0.05599829262254135,0.017783627185837297,0.24952473800833394,0.19965397133611673,371,0.2740222808233309,-0.07362998740500856,0.1597222222222222,0.10611670616113744,1.0,0.3049336177922441,0,Myntra,Mens Outerwear,Jeans,StyleCast x Revolte,Louis Philippe Jeans
0.4827586206896552,0.15960591133004925,0.3829787234042553,0.08814589665653494,-0.012188131662935022,0.017200708343078616,0.23829236186791672,0.1094643094717466,1119,0.05489414808883875,-0.004801690847597357,0.203125,0.09001705390572909,0.9991063449508489,0.07912976255776921,0,Myntra,Shampoos,Serums,MATRIX,deconstruct
0.2608695652173913,0.04569653948535937,0.29931972789115646,0.0840621963070943,-0.08031120378360311,0.008180458471963614,0.31559602801665637,0.046346912466142,925,-0.24505085801402926,-0.03284929113489951,0.15359477124183007,0.09503239740820735,1.0,0.24881897138414028,0,Flipkart,Rice,Sofas,VKR Sivaji,Flipkart Perfect Homes
0.1464968152866242,-0.0009099181073703444,0.23387096774193547,0.08467741935483866,0.04121201620571995,0.004570197274389953,0.18893038280427635,0.08859230024324845,851,0.0605986374804758,0.03779261731711119,0.07777777777777778,0.10575793184488837,1.0,0.07088838308250997,0,Flipkart,Innerwear \u0026 Sleepwear,Headphones,FREECULTR,Noise
0.33783783783783783,0.10038610038610035,0.38666666666666666,0.12380952380952381,-0.02290471176070716,0.013632825615823692,0.9260475353724421,0.13671029478979482,384,-0.11833753442201929,-0.04900979853193748,0.2054794520547945,0.11082064105478517,1.0,0.13327585651650817,0,Myntra,Womens Slippers,Mens Watches,Red Tape,Daniel Hechter
0.047619047619047616,-0.03061224489795919,0.125,0.023809523809523808,-0.13843689351092456,-0.006756756756756757,0.3390755281139724,0.20897791400964186,154,-0.16792919697698422,-0.17260794147897673,0.06818181818181818,0.27,1.0,0.19593300901177166,0,Myntra,Smartwatches,Casual Shoes,Fastrack,Nike
0.21875,0.014880952380952384,0.28421052631578947,0.07443609022556388,0.04328766155370579,0.0032661276745395446,0.1424126772891304,0.06266249398209514,569,0.49042548302223066,0.05890579275294902,0.11616161616161616,0.06759098786828423,1.0,0.4905473496307469,0,Flipkart,Pressure Washers,Casual Shoes,OEM,PUMA
0.09166666666666666,-0.04285714285714286,0.144,0.006285714285714256,-0.002493770685244552,0.0003928752795598631,0.36777628609999874,0.011068807523278311,851,0.3448547594119899,0.0011311591823148796,0.05281090289608177,0.4644107351225204,1.0,0.3463705914449396,0,Amazon,Headphones,Tablets,PTron,Samsung
0.0,-0.015037593984962405,0.0,-0.010714285714285714,-0.0005333768877884428,-0.0005281207133058985,0.3155400275748778,0.0033392275719730403,1080,-0.3899494639350713,4.280116810876446e-06,0.0,0.0283363802559415,1.0,0.43677355585739625,0,Croma,Earphones,TWS Earbuds,GOBOULT,Sony
0.1569767441860465,0.011212624584717612,0.13716814159292035,0.01011378002528443,0.2002431143332725,0.005860575593666758,0.2717811044187099,0.19463447455745372,770,-0.041333871545404605,0.06759002866752409,0.07407407407407407,0.15139449231764063,0.9935064935064936,0.06274468799104223,0,Amazon,Mobile Chargers,Office Desks,Samsung,ABOUT SPACE
0.18292682926829268,-0.01219512195121955,0.2077922077922078,0.008348794063079784,0.001242362331673631,-0.004555225143951797,0.2097411564205503,0.032591517362792005,605,0.10254956980440923,0.025689147013894468,0.08139534883720931,0.08760330578512397,1.0,0.11357103831534984,0,Amazon,Air Purifiers,Sunscreen,Eureka Forbes,Deconstruct
0.19834710743801653,0.005903187721369524,0.29914529914529914,0.08180708180708185,0.016693950594366885,0.008187241295349403,0.6893085409067203,0.08186097753603647,482,0.004185385860359249,0.019562485092739224,0.09523809523809523,0.10300925925925926,1.0,0.046359742588796715,0,Myntra,Shirts,Mens Sports Shoes,HIGHLANDER,Skechers
0.0,-0.015037593984962405,0.0,-0.010714285714285714,-0.0005333768877884428,-0.0005281207133058985,1.0326141547388965,0.0033392275719730403,1080,-0.38994946393507135,4.280116810876447e-06,0.0,0.0283363802559415,1.0,0.43677355585739625,0,Croma,TWS Earbuds,Earphones,Sony,GOBOULT
0.16566265060240964,0.01290877796901893,0.1471698113207547,0.027223719676549865,0.0020083346948557923,0.0020970299884659743,0.2408140245367227,0.029454621380509242,2219,0.16808334613591155,-0.0047993610995014525,0.06465517241379311,0.12098171982667415,0.9995495495495496,0.16926971986662148,0,Flipkart,Duffle Bags,Camping Equipment,SAFARI,Strauss
0.27450980392156865,0.08683473389355748,0.19230769230769232,-0.021978021978021955,-0.09911065791682169,-0.003639455782312926,0.34370692797841673,0.1831528626464059,220,-0.3643324980380656,-0.09112033375697612,0.1111111111111111,0.1457264957264957,0.9954545454545455,0.3755662865583053,0,Myntra,Perfumes,Bottoms,SKINN,Stylecast X Kotty
0.0,0.0,0.0,0.0,0.0,0.0,0.1646902788276088,0.0,438,0.0,0.0,0.0,0.0,1.0,0.0,0,Myntra,Cargos,Headphones,HIGHLANDER,Boult Audio
0.2261904761904762,0.038265306122448994,0.19767441860465115,0.007475083056478399,-0.005913976947069666,-0.008161157024793388,0.18685174889434458,0.054682098958145395,562,0.5217319842850144,0.06247103559738648,0.10582010582010581,0.08185053380782918,1.0,0.5155990442777684,0,Amazon,Vacuum Cleaners,Cleaning Supplies,acerpure,Presto!
0.0,-0.04166666666666667,0.06896551724137931,0.03694581280788177,-0.08771986603409405,-0.0016101175103305785,0.15750401909020387,0.08858994337412654,370,-0.034654948640088924,-0.05710018657351615,0.0410958904109589,0.013477088948787063,1.0,0.06110990823513136,0,Myntra,Tracksuits,Mens Outerwear,Nike,StyleCast x Revolte
0.0625,0.02232142857142857,0.19047619047619047,0.1020408163265306,-0.0029005292821361107,0.001506143479984146,0.8087670152889923,0.01278337029520214,450,0.7751519903591251,0.0006908102375395052,0.05,0.5028712059064807,1.0,0.7841607936206874,0,Croma,TWS Earbuds,Earphones,Noise,GOBOULT
0.11764705882352941,0.07773109243697479,0.07142857142857142,0.02806122448979593,-0.026360662445396116,0.000654379863028434,0.23511550404335438,0.1260053594722969,1035,0.026194786900366973,-0.014144133102602863,0.04477611940298507,0.024531791217846183,1.0,0.03620691081471426,0,Myntra,Protein \u0026 Sports Nutrition,Casual Shoes,MuscleBlaze,Nike
0.0,0.0,0.045454545454545456,0.02922077922077922,-0.003268220734686516,-0.000600531899682576,0.1027274488032595,0.41100326946705507,199,0.1756504521724773,-0.0038393621778264942,0.0,0.5025252525252525,1.0,0.23699312438774436,0,Flipkart,Suitcases,Formal Shoes,ALFA by VIP,RED CHIEF
0.3625,0.16249999999999995,0.42045454545454547,0.1834415584415585,0.03325123782667472,0.029123205125760377,0.7489631471966226,0.0373208171742227,486,0.02075603677638126,0.022276975007731334,0.16666666666666666,0.11071428571428571,1.0,0.060663560589683474,0,Myntra,Womens Slippers,Shirts,Red Tape,HIGHLANDER
0.14814814814814814,-0.04497354497354497,0.1968503937007874,-0.0028121484814398467,0.02770844584453326,-0.00011764930099455832,0.34287062549511416,0.07760914293174766,1200,-0.6343702166110772,0.006848163618477629,0.08273381294964029,0.04156275976724855,1.0,0.6450835285579024,0,Amazon,Pens \u0026 Writing Instruments,Speakers,Parker,soundcore
0.08928571428571429,-0.07015306122448979,0.14285714285714285,-0.0014577259475218596,0.024551177476784775,0.003077939620526846,0.25009424756652565,0.08523604300456095,509,0.34207104573321717,0.1510711484295175,0.11475409836065574,0.03695652173913044,0.9548133595284872,0.33119161457316376,0,Amazon,Mens Grooming,Dog Food,CULT,BOLTZ
0.0,0.0,0.0,-0.004201680672268907,-0.003911834479357023,-0.0004563492063492063,0.6310314365998814,0.003940153767395596,448,-0.1844165395293278,0.00023960179972732376,0.0,0.013108614232209739,1.0,0.18606745701382166,0,Myntra,Casual Shoes,Headphones,Nike,boAt
0.40522875816993464,0.07469654528478059,0.3541666666666667,0.02777777777777779,0.0709639070227468,0.01254717555393231,0.15821209843923678,0.1274886289294841,468,0.05236231553487009,0.02791223644471678,0.19285714285714287,0.37165178571428575,0.9871794871794872,0.062388044841960734,0,Flipkart,Smartwatches,Electric Trimmers \u0026 Shavers,Noise,Braun
0.02040816326530612,0.01020408163265306,0.023255813953488372,0.018272425249169437,0.002475087800061699,-0.00027227048835424866,0.10644054212171425,0.028753520519776896,420,0.0903699507475054,-0.011991132286904512,0.017857142857142856,0.004728132387706856,1.0,0.1054018209053711,0,Flipkart,Milk \u0026 Cream,Casual Shoes,Anveshan,ADIDAS ORIGINALS
0.5175879396984925,0.07573582196697776,0.4235294117647059,0.0516806722689076,0.054973228539182434,0.013552399827545296,0.20686808288514752,0.04834004690022123,567,0.2561663417054391,0.051156445436131896,0.2579710144927536,0.2310405643738977,1.0,0.2672546847964241,0,Flipkart,Mixers \u0026 Grinders,Earphones,Amplesta,Mivi
0.3197278911564626,0.008746355685131268,0.3333333333333333,0.08549783549783543,0.034012537222485206,-0.00896978795271157,0.4406109947376337,0.05636581458883983,389,0.0946917024838926,0.04571000361896969,0.16731517509727625,0.10796915167095116,1.0,0.0971038743382146,0,Myntra,Jeans,Moisturizers,Mufti,Nivea
0.0,0.0,0.0,-0.027777777777777783,0.001622197746724176,-0.0009467587435954556,0.9298421612368323,0.0021193095238907222,134,-0.1886837177287804,-0.003563440406904744,0.0,0.13725490196078433,1.0,0.3698824579836501,0,Croma,Laptops,Earphones,Lenovo,GOBOULT
0.23076923076923078,0.11126373626373628,0.13636363636363635,0.05032467532467533,0.02197985324266091,0.007108377967334522,0.16930104736621865,0.05050744466852083,440,0.027617601823037383,0.05090148931426177,0.08247422680412371,0.03409090909090909,1.0,0.03430219898061073,0,Amazon,Bath \u0026 Body,Washing Machines,Amazon Brand - Solimo,Crompton
0.14583333333333334,0.048115079365079375,0.145985401459854,0.03336809176225232,0.0506880940119019,0.00023809523809523864,0.625286672107058,0.05721289749374807,448,0.2618011002539312,0.0037892930605697723,0.059233449477351915,0.027253668763102725,1.0,0.2821707082512476,0,Myntra,Moisturizers,Headphones,Nivea,boAt
0.0,-0.004608294930875576,0.0,-0.012987012987012988,-0.00034049868368350424,-0.00025789753638773055,0.724524599569549,0.00034127592455431596,1360,0.13861600239753624,-0.0026259709598562596,0.014705882352941176,0.004682004816271374,1.0,0.13705695346329363,0,Croma,Speakers,Earphones,Croma,GOBOULT
0.3445378151260504,0.05342136854741897,0.3391304347826087,0.056521739130434734,-0.007205523773415668,0.0018817144082360175,0.1851627129945007,0.06211750312132957,592,0.11457200016883212,-0.010968961675316241,0.15384615384615385,0.09900990099009901,1.0,0.1360580444689333,0,Flipkart,Mens Watches,Air Conditioners,Mathey-Tissot,CARRIER
0.2727272727272727,0.17857142857142858,0.17391304347826086,0.08695652173913045,0.03501983759614133,0.004976260043827611,0.12810241567615108,0.17622835599086029,148,0.39440235187221595,0.024512190544688423,0.0625,0.13725490196078433,1.0,0.3922540391680114,0,Croma,Laptops,TWS Earbuds,Lenovo,Sony
0.16666666666666666,0.031746031746031717,0.08695652173913043,-0.043478260869565216,-0.0008898383047357088,-0.009839965397923874,0.3499062420822527,0.04450290862191689,142,0.04593539664158141,-0.0013703065382212147,0.0,0.07692307692307693,1.0,0.05352920732702083,0,Myntra,Bath \u0026 Body,Perfumes,Parachute,Ajmal
0.576271186440678,0.09200968523002423,0.5219298245614035,0.06390977443609025,-0.015339690485715105,0.02137463774071705,0.20515965082089468,0.04568002108553516,1119,0.7839592245977799,0.024908176537468907,0.3235294117647059,0.5431266846361186,0.998212689901698,0.7849454010708746,0,Myntra,Moisturizers,Shampoos,Nivea,MATRIX
0.0,-0.027777777777777783,0.11764705882352941,0.0546218487394958,-0.10249239788824396,-0.005740740740740741,0.12820432798175407,0.3720665363087897,98,0.03854739850778182,-0.023023846735516353,0.02564102564102564,0.2552083333333333,1.0,0.1943611992342928,0,Flipkart,Smartwatches,Formal Shoes,boAt,RED CHIEF
0.0,-0.00744047619047619,0.03571428571428571,0.030612244897959183,0.0007765190576852335,-0.00021911911405398372,0.28759388439417105,0.0322344787588287,1099,-0.21949302864005202,-0.00023794245240710952,0.0,0.056807935076645624,1.0,0.23484366383232477,0,Amazon,Pet Toys,Massage \u0026 Relaxation,zest 4 toyz,Lifelong
0.05,0.012500000000000004,0.0,-0.03463203463203463,0.0005297998145351401,-0.000511757459111253,0.19898563185133125,0.007397124221736615,1040,-0.1426981655048158,-8.157466495485423e-05,0.011627906976744186,0.010576923076923078,1.0,0.2034330266503842,0,Amazon,Drawing,Power Banks,Shuttle Art,URBN
0.22857142857142856,0.03469387755102035,0.1,-0.04505494505494506,-0.025962180975916137,0.00065390778979167,0.11129884770877564,0.1086183476452234,1336,-0.2614198278499857,-0.021949828617812483,0.07718120805369127,0.039640987284966345,1.0,0.2661684422724985,0,Flipkart,Refrigerators,Hand Tools,Samsung,ProHome
0.18181818181818182,0.010101010101010138,0.26666666666666666,0.08231292517006805,-0.00258630173875142,0.0052582644628099175,0.6590898496663863,0.07115709152818558,466,0.048749959086449156,0.020392673085609193,0.09547738693467336,0.06223175965665236,1.0,0.06006763432847212,0,Myntra,Shirts,Moisturizers,HIGHLANDER,The Face Shop
0.12962962962962962,0.08333333333333333,0.13333333333333333,0.08412698412698413,-0.000531383255915624,0.0018155730964635618,0.34136324416329916,0.0007662606046563576,1139,0.02791690529870904,0.0010561160056071126,0.09009009009009009,0.0448200525205562,1.0,0.027789137435914334,0,Amazon,Car Cleaning Kits,Office Desks,Lyrovo,ABOUT SPACE
0.125,0.07142857142857142,0.15789473684210525,0.06766917293233084,0.2754398408930432,0.009945130315500685,0.21614837651000365,0.2790605237085989,116,0.09958874021780934,0.2524670542266065,0.05714285714285714,0.0423728813559322,1.0,0.09022492917595834,0,Flipkart,Laptops,Supplements,ASUS,Kapiva
0.14285714285714285,0.13265306122448978,0.0,-0.011904761904761904,-0.010220890582680265,-3.7485158220167204e-05,0.7938615445290399,0.05281548666126789,1146,-0.3114244398557552,-0.029344009234233494,0.05555555555555555,0.01033946588884223,0.9869281045751634,0.31424269110346753,0,Croma,TWS Earbuds,Earphones,GOBOULT,JBL
0.0641025641025641,0.011904761904761904,0.07142857142857142,0.021258503401360547,-0.0012681782322410862,-0.0001468767433560822,0.12961362561911385,0.032839564140847245,901,-0.15340252148164743,0.0023436923352128172,0.01804123711340206,0.038335847159376574,1.0,0.15403815681980604,0,Amazon,Headphones,Shampoos,Boult Audio,Scalpe Pro
0.47560975609756095,0.17073170731707316,0.45,0.16785714285714287,0.04705395909824062,0.00219197259113265,0.3132724407967731,0.13179521686758755,245,0.010138436402869554,0.0527416892191843,0.24647887323943662,0.23363636363636364,1.0,0.08494780758292354,0,Flipkart,Induction Cooktops,Formal Shoes,KAPLI,RED CHIEF
0.16,0.041428571428571426,0.1320754716981132,0.013477088948787061,-0.016804640969521688,-0.003658873781964493,0.17836293533530406,0.04727266681656501,495,0.06103625956675172,-0.010552287367553195,0.09821428571428571,0.07272727272727272,0.9959758551307847,0.08058594946848383,0,Amazon,Smart Bulbs \u0026 Lighting,USB Hubs \u0026 Adapters,Gesto,ZEBRONICS
0.275,0.15892857142857145,0.3170731707317073,0.19163763066202089,0.08510376576737169,0.01328227622443235,0.19133177895304956,0.10680962292900513,310,0.3686594066489143,0.15789661821001263,0.0875,0.03870967741935484,1.0,0.3451568054935252,0,Myntra,Mens Sports Shoes,Serums,Nike,deconstruct
0.0,-0.011904761904761904,0.0,-0.017857142857142856,-0.00029766455159107604,-6.087168249330412e-05,0.08225953890810231,0.00029969291405712665,450,-0.06250950417969577,0.00011557563898293616,0.0,0.0021494288511180863,1.0,0.06412056080018591,0,Croma,TWS Earbuds,Speakers,Noise,Croma
0.0,-0.011904761904761904,0.0,-0.017857142857142856,-0.00029766455159107604,-6.087168249330412e-05,0.08225953890810231,0.00029969291405712665,450,-0.06250950417969577,0.00011557563898293616,0.0,0.0021494288511180863,1.0,0.06412056080018591,0,Croma,TWS Earbuds,Speakers,Noise,Croma
0.0,-0.017857142857142856,0.0,-0.023809523809523808,-0.027489657867897227,-0.001024,0.8778391946549191,0.4453134112472918,133,0.09875887440096516,-0.006219697988520314,0.047619047619047616,0.13275193798449614,1.0,0.2869041929604555,0,Flipkart,Air Fryers,Suitcases,KENT,ALFA by VIP
0.4479166666666667,0.16592261904761907,0.35294117647058826,0.1092436974789916,-0.008169134139016748,0.016851191593169456,0.2656624726635823,0.06247618178816709,389,0.0321461569464636,-0.009502155350851462,0.21176470588235294,0.24035087719298243,1.0,0.07581733374844915,0,Myntra,Jeans,Mens Outerwear,Mufti,Roadster
0.2912621359223301,0.06171983356449379,0.34545454545454546,0.10974025974025975,-0.04207624454824359,-0.0021174575575100447,0.21520684427756032,0.05917949154822127,459,0.11098597838374993,-0.023872087054381527,0.14215686274509803,0.16304347826086957,1.0,0.12173475093346403,0,Myntra,Casual Shoes,Mens Watches,Puma,Titan
0.19230769230769232,0.09065934065934068,0.28,0.18285714285714288,0.03348594871736519,0.009014305310601607,0.1313982425714817,0.13853749957050032,203,0.20688899626784815,-0.006896967202878278,0.047619047619047616,0.020179372197309416,1.0,0.20822911592602036,0,Flipkart,Earphones,Keyboards,boAt,Portronics
0.2996941896024465,0.04390563564875494,0.33035714285714285,0.046343537414965996,0.027185090528737382,0.009941485658622434,0.1855299671814246,0.0431159710875797,2282,-0.1251963353073894,0.022110893022686113,0.1598240469208211,0.1605472272317403,1.0,0.14185931278272126,0,Flipkart,Keyboards,Mens Watches,HP,Titan
0.2897196261682243,0.06742323097463279,0.20202020202020202,-0.003607503607503615,0.044365359027305304,0.005356101624323196,0.07428868473125605,0.05297587245490746,508,0.22413255411651045,0.06882472173404856,0.11194029850746269,0.25393700787401574,1.0,0.2139159287615323,0,Amazon,Pressure Washers,Water Bottles,Bosch,MILTON
0.1885245901639344,0.05444964871194377,0.184,0.0628571428571428,0.010935199444609727,0.006519580077746138,0.11309688047157096,0.019336146616211285,799,0.10661264801370714,0.01705333035983443,0.07142857142857142,0.02746566791510612,1.0,0.10207896524225932,0,Flipkart,Car Electronics,Refrigerators,Portronics,LG
0.21476510067114093,0.025886864813039312,0.24161073825503357,0.017737296260786156,0.06072567271811344,0.010254687500000002,0.1965280900857783,0.06123543262169646,836,0.026057452892147503,0.03588826241351139,0.11073825503355705,0.12622530052107517,0.9753231492361927,0.03524269931365187,0,Flipkart,Innerwear \u0026 Sleepwear,Fiction,FREECULTR,MADE EASY Publications Pvt. Ltd.
0.12244897959183673,-0.11953352769679301,0.32653061224489793,0.12390670553935859,-0.012243309125884042,0.0011627509319106777,0.15661785176023718,0.1549663841036791,183,0.00301137993874313,-0.007287160223391086,0.17,0.2391304347826087,1.0,0.0336357520619668,0,Flipkart,Suitcases,Grinders,SKYBAGS,INGCO
0.17073170731707318,-0.013937282229965181,0.4090909090909091,0.21590909090909097,-0.020680700091424222,0.005011041277390861,0.13369214924934084,0.14599643903809323,211,-0.0655756253486791,-0.02242835110520694,0.0963855421686747,0.08837209302325581,1.0,0.27393894076034075,0,Amazon,Headphones,Pens \u0026 Writing Instruments,Noise,Parker
0.14285714285714285,0.025510204081632654,0.3170731707317073,0.1951219512195122,0.13715721143495424,0.004535985992029949,0.18500166676033666,0.0883456802286352,376,0.3210740941554302,0.188994499736799,0.10714285714285714,0.06382978723404255,1.0,0.29032579781667933,0,Amazon,Lingerie \u0026 Sleepwear,Mens Watches,PLETHEON,TIMEX
0.2222222222222222,0.123015873015873,0.17857142857142858,0.08673469387755103,0.0012561555590827477,-0.0006127450980392152,0.4027800673483501,0.17636050630681724,212,0.2109950037347039,0.018814889644923383,0.0625,0.09905660377358491,1.0,0.27180966513634347,0,Amazon,Health Monitors,Massage \u0026 Relaxation,DR VAKU,Lifelong
0.42105263157894735,0.2067669172932331,0.33962264150943394,0.13477088948787055,0.01925343833980113,0.013790550233698927,0.1520412174532382,0.08880378424738698,159,0.34040111575837545,0.013648811105927255,0.21495327102803738,0.13125,1.0,0.3477235834731999,0,Flipkart,Chimneys,T-Shirts,AQUALYT,LOUIS PHILIPPE
0.32142857142857145,0.01615646258503406,0.42857142857142855,0.1062925170068027,0.06255137265115393,-0.005152477223980122,0.20591070735354525,0.03460801642682779,460,0.10546898815170332,0.05754935368713694,0.16993464052287582,0.10652173913043478,1.0,0.08694394701128984,0,Myntra,Casual Shoes,Moisturizers,Puma,Nivea
0.16923076923076924,0.016483516483516508,0.2,0.023469387755102072,0.002711225416314166,-0.0017493469812482742,0.21091292532311795,0.04270325548355153,460,0.018223906961065538,-0.0038505224111055184,0.08904109589041095,0.3538461538461538,1.0,0.024145047770091896,0,Myntra,Casual Shoes,Mens Watches,Puma,WROGN
0.22727272727272727,0.09740259740259741,0.34615384615384615,0.18406593406593402,-0.026126521476865425,-0.0018713367700021223,0.2625288703203587,0.2837366157100299,158,-0.47962093948430884,0.03871739218344671,0.13725490196078433,0.11392405063291139,1.0,0.5366925430096435,0,Flipkart,Console Games,Dash Cameras,HG WORLD,CP PLUS
0.288,0.0497142857142856,0.2677165354330709,0.023622047244094502,-0.056707913048107565,0.012210998877665542,0.21583875793587207,0.07705787260990665,513,-0.19514133600916542,-0.07364090084164274,0.14516129032258066,0.36679790026246717,1.0,0.19530891100643188,0,Amazon,Earphones,Cleaning Supplies,boAt,Ariel
0.3333333333333333,0.11011904761904764,0.28846153846153844,0.08928571428571425,0.07963821508950644,0.005347633136094678,0.12466271283592767,0.08164752264811224,270,0.0785928590185554,0.04314728090278862,0.14583333333333334,0.19784085395439108,0.9814814814814815,0.07040603542291929,0,Amazon,Suitcases,TWS Earbuds,Aristocrat,boAt
0.1,0.02857142857142858,0.16666666666666666,0.06547619047619048,-0.1366696978737077,-0.004462809917355371,0.4481295014976856,0.15164211407295802,118,0.02584758051594156,-0.07796753460440727,0.08333333333333333,0.0423728813559322,1.0,0.20204495753816662,0,Flipkart,Suitcases,Laptops,SKYBAGS,ASUS
0.17272727272727273,0.029004329004329005,0.14330218068535824,2.7755575615628914e-17,-0.012909624366686245,0.0014069886883988029,0.1668703350351034,0.05395313873158271,1744,0.3169916712073477,0.013479826461829594,0.059854014598540145,0.040137614678899085,1.0,0.31751833778876065,0,Flipkart,Gas Stoves,Headphones,Natraj Aatamaker,Goboult
0.06451612903225806,0.03225806451612903,0.05555555555555555,0.007936507936507929,-0.0007734122034859436,-6.694073897959231e-05,0.7479322625057849,0.1125759237275974,2869,0.28059688216986645,-0.00013507700707465653,0.03076923076923077,0.006966213862765587,1.0,0.3283158150968,0,Croma,Earphones,Speakers,JBL,Philips
0.4444444444444444,0.4206349206349206,0.5,0.4642857142857143,0.007078192424713625,0.00871900826446281,1.0052054201731968,0.649838886323461,450,0.80824898085093,0.26547007606641737,0.15789473684210525,0.0028524857375713123,1.0,0.8155184708210069,0,Croma,TWS Earbuds,Earphones,Noise,JBL
0.16417910447761194,0.02665245202558636,0.24285714285714285,0.07959183673469386,0.00509284357504171,0.009461280138349855,0.6636172982610051,0.011544196431022596,485,-0.02709379255983393,0.007652388959776664,0.06790123456790123,0.06378600823045268,1.0,0.050642164898641207,0,Myntra,Shirts,Shampoos,HIGHLANDER,Bare Anatomy
0.08695652173913043,-0.0031055900621117932,0.1,0.03571428571428571,-0.010670576197660547,-0.006755488834678175,0.7619052115932695,0.030784226189959366,156,0.27234127952349596,0.00040670534717410694,0.057692307692307696,0.13068181818181818,1.0,0.27153847490083133,0,Amazon,Headphones,Suitcases,PTron,Aristocrat
0.07339449541284404,-0.013106159895150724,0.10810810810810811,0.017374517374517368,0.019202649479820796,0.0013679908615834772,0.5459827743566043,0.015179327896596982,1263,0.0776232702384154,-0.010541352018555,0.05172413793103448,0.03747072599531616,1.0,0.09694949017949661,0,Amazon,Speakers,Printers,boAt,HP
0.29523809523809524,0.07006802721088434,0.33653846153846156,0.13667582417582416,-0.010364047226210696,0.007896187775677379,0.21037705428416062,0.09826151956118653,606,0.03376035313344614,-0.009879961783539547,0.15306122448979592,0.5454545454545454,1.0,0.0894566638163833,0,Myntra,Mens Watches,Mens Outerwear,Timex,Roadster
0.0851063829787234,-0.06231003039513676,0.21052631578947367,0.04511278195488724,-0.003987025801886716,-0.002623019919002511,0.6135313625011564,0.03616673610551857,433,0.1826436898066764,-0.009444657435730202,0.09009009009009009,0.28596287703016243,1.0,0.1833027788406434,0,Amazon,Clotheslines \u0026 Drying Racks,Printers,Lifelong,HP
0.3695652173913043,0.03467908902691502,0.4304635761589404,0.09366130558183533,0.023946799896373827,0.013255839445153066,0.2874731090677397,0.04210111867246631,479,0.09727408903319075,0.04556171003639292,0.17374517374517376,0.13333333333333333,1.0,0.09444274907656304,0,Myntra,Jeans,Serums,Louis Philippe Jeans,Minimalist
0.029411764705882353,0.018907563025210083,0.0,-0.02895752895752896,-0.02020925400449555,-0.00033398931401608335,0.4162275983281746,0.0012912426962752475,1093,-0.17647786428912524,-0.05538989252091308,0.0136986301369863,0.0283363802559415,1.0,0.2124529794389313,0,Croma,TWS Earbuds,Speakers,Sony,Philips
0.0,0.0,0.0,0.0,-0.00029014786912832144,-6.510238206189524e-05,0.6525685789099192,0.00029090964208827974,1146,0.15669841803988127,-0.0002564580038353188,0.0,0.013039934800325998,1.0,0.15744824911819502,0,Croma,Speakers,TWS Earbuds,Croma,GOBOULT
0.3173076923076923,0.039835164835164805,0.3090909090909091,0.008441558441558417,0.040206475252356204,0.0051062091503268,0.4281718623498053,0.058972575338933936,432,0.1414083179235262,0.07269982810996584,0.16097560975609757,0.16628175519630484,1.0,0.14892626084427846,0,Myntra,Casual Shoes,Mens Watches,Red Tape,Titan
0.37254901960784315,0.11764705882352944,0.47058823529411764,0.21148459383753498,-0.049336330795685834,0.00844594594594595,0.2996934704808705,0.15306344696626967,154,-0.18329219065864258,-0.04190179100292749,0.19767441860465115,0.5620915032679739,1.0,0.1841838346470476,0,Myntra,Perfumes,Smartwatches,SKINN,Fastrack
0.1,0.0642857142857143,0.06666666666666667,0.052380952380952375,0.00028876846185693454,-5.54016620498615e-05,0.6803003814653177,0.008787087040347795,1146,0.08316370192244801,-0.0002269712733823592,0.0,0.00734094616639478,1.0,0.08480526538299626,0,Croma,TWS Earbuds,Speakers,GOBOULT,Philips
0.024390243902439025,-0.02032520325203252,0.041666666666666664,-0.02023809523809525,0.008403469836000668,-0.00038305560397588134,0.12833902534891098,0.01957383347138665,2132,0.6731183296442784,0.012020789705699019,0.025559105431309903,0.032182835820895525,1.0,0.6732874381490369,0,Amazon,Fiction,Gaming Accessories,unknown,Logitech G
0.22580645161290322,0.06105990783410137,0.224,0.03542857142857139,-0.0024084882164980815,0.009914305373115658,0.2438795167563691,0.0304430593512314,511,0.090006070399577,-0.010092018352470077,0.1111111111111111,0.06457925636007827,1.0,0.0892898652312512,0,Flipkart,Mens Sports Shoes,Coffee Tables,NIKE,MODERN CRAFTHOUSE
0.2926829268292683,0.20209059233449472,0.17073170731707318,0.09756097560975611,0.12609347422242184,0.0076658255486021,0.11086326818163295,0.0693078594341962,497,0.16036567050811276,0.13066421478186188,0.07865168539325842,0.26616161616161615,1.0,0.14468933729409877,0,Amazon,Gaming Accessories,USB Hubs \u0026 Adapters,Logitech G,ZEBRONICS
0.029411764705882353,0.018907563025210083,0.0,-0.02895752895752896,-0.02020925400449555,-0.00033398931401608335,0.4162275983281746,0.0012912426962752475,1093,-0.17647786428912524,-0.05538989252091308,0.0136986301369863,0.0283363802559415,1.0,0.2124529794389313,0,Croma,TWS Earbuds,Speakers,Sony,Philips
0.21739130434782608,-0.021118012422360277,0.2524271844660194,0.012482662968099911,0.06190102595396599,0.003691392074321384,0.17033885056240947,0.06138261408982471,852,-0.1410645085680525,0.036585508423021176,0.12385321100917432,0.07437070938215103,1.0,0.1565852572968643,0,Amazon,Mens Sneakers,Kitchen Storage \u0026 Containers,Skechers,MILTON
0.0,-0.021164021164021163,0.06896551724137931,0.046798029556650245,0.01862468085724293,0.004901960784313725,0.5239091033412796,0.047380078235623194,110,0.1319152987657626,0.01315287846459792,0.034482758620689655,0.5045871559633027,1.0,0.11482948150254273,0,Flipkart,Furniture,Speakers,Online Decor Shoppee,TRIGGR
0.0,0.0,0.0,0.0,0.0,0.0,0.44489618133820935,0.0,316,0.0,0.0,0.0,0.0,1.0,0.0,0,Myntra,Jeans,Headphones,Mufti,Boult Audio
0.0,-0.02976190476190476,0.13333333333333333,0.09047619047619047,-0.0009282041019029579,0.0018170488403877068,1.2467001999400609,0.003214304987358294,450,0.07092834340227845,0.005323728014585248,0.03571428571428571,0.004269449715370019,1.0,0.07483630369433625,0,Croma,TWS Earbuds,Speakers,Noise,Philips
0.05319148936170213,-0.017477203647416416,0.05813953488372093,-0.007475083056478406,-0.00967052415882838,-0.0016488705355115147,0.13606364156605763,0.029368089664150065,1043,0.02198275484191134,0.005733422454031626,0.01507537688442211,0.07228890114084566,0.9010695187165776,0.0326136854293974,0,Flipkart,TWS Earbuds,Medical Devices,boAt,Dr Trust
0.06060606060606061,-0.006493506493506482,0.07142857142857142,-0.005102040816326536,-0.007946315572974488,-0.002586063580220308,0.40859272472535274,0.08848117290132515,429,-0.007075546655614096,0.010206063979488185,0.014285714285714285,0.033707865168539325,1.0,0.05222112911520629,0,Myntra,Headphones,Casual Shoes,NOISE,Nike
0.43523316062176165,0.056254626202812796,0.4117647058823529,0.0381970970206264,-0.032802488632014966,0.006125578703703706,0.1456599011517371,0.07965765462110874,742,0.1659791547835762,-0.018132673279462243,0.23579545454545456,0.5694070080862533,1.0,0.17847248482111877,0,Flipkart,Car Electronics,Womens Watches,Portronics,NAVIFORCE
0.2727272727272727,0.06277056277056278,0.14942528735632185,-0.004926108374384258,0.012204701016895643,0.002793996315234826,0.13029496748372543,0.03213588717383962,669,0.09121897075279975,0.03237276076750675,0.11224489795918367,0.11044776119402985,1.0,0.08648653030796181,0,Amazon,Monitors,Drums,Lenovo,Clapbox
0.2,0.07500000000000002,0.17391304347826086,0.06521739130434782,-0.001810901469867202,0.002160664819944598,0.21173520465018733,0.04832315916995582,103,0.08782176017798074,0.10152027629741985,0.2,0.08737864077669903,1.0,0.07118587355283358,0,Flipkart,Clocks,Trolley Bags,LUPPRA,ARISTOCRAT
0.1346153846153846,-0.07142857142857142,0.12903225806451613,-0.019354838709677413,0.016874196042942192,-0.007223084769389487,0.22907124724040545,0.0752302177360399,857,0.049023014257401534,0.030486736524003938,0.1104,0.4569460390355913,1.0,0.05232822036187636,0,Amazon,Tablets,Air Fryers,Samsung,MILTON
0.07407407407407407,0.018518518518518524,0.0967741935483871,0.050691244239631346,-0.07666860937081672,0.001375055745503196,0.37528289912514,0.03382624291816297,460,0.19808668624826212,-0.029382173569673965,0.05172413793103448,0.010845986984815618,1.0,0.20750080750184732,0,Myntra,Tracksuits,Shirts,Nike,HIGHLANDER
0.37777777777777777,0.1261904761904762,0.3522727272727273,0.09659090909090912,0.03000096815515392,0.01485456933758679,0.17415031264252284,0.030756811247726078,389,0.12514730527883455,0.026920002628082435,0.16470588235294117,0.25029698265621286,1.0,0.11594398044029325,0,Myntra,Casual Shoes,Jeans,Puma,Mufti
0.17647058823529413,0.08403361344537816,0.3333333333333333,0.2312925170068027,0.03216612958452969,0.01432742214532872,0.2463364395309556,0.0862382957363023,142,-0.07644825277106883,0.032280768009919567,0.10526315789473684,0.2685185185185185,1.0,0.10617147653021129,0,Myntra,Casual Shoes,Bath \u0026 Body,ASIAN,Parachute
0.2222222222222222,0.21428571428571427,0.18181818181818182,0.12987012987012986,-0.030535346690204527,-0.004487534626038781,0.2394995047730704,0.4881167502037854,103,0.01901005204309768,0.08736110001025357,0.20833333333333334,0.5343137254901961,1.0,0.19254643647354,0,Flipkart,Mens Sports Shoes,Suitcases,NIKE,ARISTOCRAT
0.023255813953488372,-0.016611295681063128,0.021505376344086023,-0.021505376344086016,-0.006847802977172523,-0.0007804370447450572,0.24077865004000934,0.0126731797277524,460,0.2855191982919069,-0.007875170116912116,0.021505376344086023,0.010869565217391304,1.0,0.30386113063703274,0,Myntra,Tracksuits,Serums,Nike,Minimalist
0.21052631578947367,-0.012531328320801977,0.15555555555555556,-0.031746031746031744,-0.05421736710696912,-0.00732248520710059,0.169081095812523,0.07057445913228279,270,-0.12620803269575653,-0.09136559820984262,0.06862745098039216,0.10740740740740741,1.0,0.12384787917762673,0,Amazon,Headphones,TWS Earbuds,Noise,boAt
0.11538461538461539,0.08241758241758243,0.125,0.06760204081632654,0.014045311272623522,0.0040829061971635675,0.20948463390190106,0.14798881695045416,459,0.1023611900649418,0.004411612492202316,0.04504504504504504,0.5065502183406113,1.0,0.11747433826695826,0,Myntra,Casual Shoes,Mens Sports Shoes,Puma,Nike
0.0,-0.01948051948051948,0.0,-0.009920634920634922,-0.0004900475272835295,-0.000443244170096022,1.0216140397157065,0.0035572840524904685,1080,-0.23151533533203028,4.509312615818904e-06,0.0,0.022768670309653915,1.0,0.2709144146493254,0,Croma,TWS Earbuds,Earphones,Sony,GOBOULT
0.20689655172413793,0.09359605911330049,0.27450980392156865,0.1750700280112045,-0.16376022001628054,0.0033943229610396636,0.1474244633050675,0.10705707644575856,604,-0.0016587174130414737,-0.1197580025911726,0.1016949152542373,0.04132231404958678,1.0,0.0656620634750031,0,Amazon,Sunscreen,Gym Equipment,Deconstruct,Cockatoo
0.029411764705882353,0.018907563025210083,0.0,-0.02895752895752896,-0.02020925400449555,-0.00033398931401608335,0.4162275983281746,0.0012912426962752475,1093,-0.17647786428912524,-0.05538989252091308,0.0136986301369863,0.0283363802559415,1.0,0.2124529794389313,0,Croma,TWS Earbuds,Speakers,Sony,Philips
0.1348314606741573,-0.05858747993579455,0.2289156626506024,0.03442340791738377,-0.022717778842877533,-0.005337934517296524,0.19998356320378427,0.07474066546237443,567,0.2845769778907188,0.008173182440873818,0.06741573033707865,0.06315789473684211,1.0,0.2862455430012454,0,Amazon,Camera Accessories,Headphones,unknown,Noise
0.21232876712328766,-0.012720156555772966,0.19090909090909092,0.01558441558441559,0.05355896893454294,0.0024348672997321665,0.15838670637149743,0.08038587438896297,800,0.07476172612958717,0.0728737174684292,0.09375,0.09125,1.0,0.07072003203758438,0,Amazon,Diapers,Headphones,unknown,Noise
0.1568627450980392,0.019607843137254888,0.08163265306122448,-0.033527696793002895,-0.013242462959695236,-0.00516096800961913,0.11240016945549947,0.0708905252348756,504,0.08027944483632121,-0.01221673774122023,0.03418803418803419,0.05917159763313609,1.0,0.09263849996340034,0,Amazon,Water Bottles,Guitars,MILTON,amazon basics
0.22784810126582278,-0.007233273056057893,0.2702702702702703,0.02123552123552125,0.008376513077767812,-0.0013840830449826976,0.2664223456763406,0.1564826595818854,443,0.06175733749676774,0.03809141403168847,0.16216216216216217,0.16186252771618626,1.0,0.06939683007809591,0,Amazon,Diapers,Bath \u0026 Body,HUGGIES,Amazon Brand - Solimo
0.13114754098360656,0.02341920374707261,0.1746031746031746,0.04308390022675734,-0.005033129361184875,0.0002797165538920561,0.24360588865087196,0.0953830747871329,1134,0.0963728699417008,-0.001345466068631808,0.04081632653061224,0.03262786596119929,1.0,0.09686584114775003,0,Myntra,Casual Shoes,Mens Watches,Nike,WROGN
0.0,-0.015873015873015872,0.0,-0.011904761904761904,-0.000570531945694205,-0.00019743237101155103,0.2686355013721811,0.059227107890568856,1091,-0.2576957058836879,-6.090618511881693e-07,0.0,0.022768670309653915,1.0,0.27624168061517695,0,Croma,Earphones,TWS Earbuds,JBL,Sony
0.36283185840707965,0.10429835651074587,0.3482142857142857,0.11096938775510204,0.17512557163026346,0.016293227304620933,0.3601394026844815,0.06706331400840147,954,-0.03854794081959795,0.11013317755815373,0.14953271028037382,0.10358004827031375,0.9937106918238994,0.11003202946952281,0,Myntra,Serums,Womens Slippers,deconstruct,Red Tape
0.125,-0.036989795918367346,0.1,-0.06285714285714289,-0.02726612218066393,-5.255018542708271e-05,0.1518472129834838,0.03334996177950684,475,-0.023172936113339555,-0.014047464642951297,0.056451612903225805,0.13773481420540246,1.0,0.027238537556925495,0,Myntra,Casual Shoes,Mens Watches,ASIAN,WROGN
0.3089887640449438,0.006821829855537642,0.3502824858757062,0.05488297013720739,-0.05771327352332061,0.0013061378886890865,0.11369295587134007,0.0606570697822882,664,0.11804939882359261,0.02592941429907244,0.18507462686567164,0.0858433734939759,1.0,0.14367451490187738,0,Flipkart,Mixers \u0026 Grinders,Face Wash,Beyond Appliances,Aqualogica
0.2605042016806723,0.041416566626650664,0.2248062015503876,-0.0011074197120708729,-0.024199891207283854,-0.006532367587143505,0.20898753338507206,0.08600055453688732,488,-0.23816120488673703,-0.020759896836857004,0.11328125,0.07975460122699386,1.0,0.25294037540200703,0,Amazon,Massage \u0026 Relaxation,Shampoos,CULT,Scalpe Pro
0.07142857142857142,1.3877787807814457e-17,0.1111111111111111,0.03439153439153439,-0.044885608727624794,-0.0012597420048374092,0.34300708119785084,0.10714796277541733,508,0.08462461395757412,-0.07579804061373496,0.03278688524590164,0.05058365758754864,1.0,0.10768761750845779,0,Amazon,Power Banks,Soft Toys,URBN,DIKANG
0.3782051282051282,0.08791208791208793,0.3157894736842105,0.046992481203007475,0.09478807966895895,0.012995672483557,0.25684101135562554,0.04543928051500008,1307,0.12521592435107823,0.06597863738073166,0.1782178217821782,0.054239877769289534,1.0,0.11988848730291557,0,Flipkart,Gas Stoves,Car Audio,Natraj Aatamaker,DODJ
0.2805755395683453,0.05549845837615619,0.24113475177304963,-0.011651469098277661,0.01309409045579615,0.002048711723705847,0.1685088630844637,0.0815052787778428,588,0.015485828492856115,0.013338302546992593,0.11151079136690648,0.08163265306122448,1.0,0.029933202209906563,0,Amazon,Perfumes,Laptop Backpacks,Wild Stone,Safari
0.23809523809523808,0.15646258503401358,0.13043478260869565,0.05900621118012424,0.06108577079960985,-0.00023805401662049808,0.1408706733576439,0.17332832974195703,152,0.40925007197182023,0.041970176642918106,0.06521739130434782,0.13725490196078433,1.0,0.419823757520829,0,Croma,Laptops,TWS Earbuds,Lenovo,Sony
0.1919191919191919,-0.026695526695526717,0.14150943396226415,-0.10242587601078171,-0.055170963651585914,-0.0025296585747754084,0.1724664573175515,0.06514309687010912,865,0.5428068566013259,-0.019961097212335605,0.13043478260869565,0.09017341040462427,1.0,0.5465237301182426,0,Flipkart,Cycling,Cases \u0026 Covers,EAST COAST,Ambrane
0.1509433962264151,0.05256064690026954,0.14,0.054285714285714284,-0.010894301708494545,0.004421576428820901,0.24042129197918846,0.08484796599662237,550,0.10408330723143504,-0.042980237039104564,0.06086956521739131,0.0912280701754386,1.0,0.13810170434376962,0,Amazon,Digital Safes \u0026 Lockers,Headphones,BonKaso,PTron
0.029411764705882353,0.018907563025210083,0.0,-0.02895752895752896,-0.020209254004495553,-0.00033398931401608335,0.38145957569474376,0.0012912426962752475,1093,-0.17647786428912524,-0.05538989252091309,0.0136986301369863,0.0283363802559415,1.0,0.2124529794389313,0,Croma,Speakers,TWS Earbuds,Philips,Sony
0.23333333333333334,0.02261904761904765,0.2459016393442623,0.008196721311475447,-0.0014702709869424632,-0.012551020408163263,0.4004324084248946,0.08439280411921618,290,0.08912536346616871,0.0017598572223005645,0.08547008547008547,0.10344827586206896,1.0,0.26148478945134873,0,Amazon,Headphones,Cleaning Supplies,GOBOULT,Presto!
0.3333333333333333,0.22023809523809523,0.5263157894736842,0.381578947368421,0.18326094086405123,0.04585798816568047,0.23272323804072273,0.11585660430193677,136,-0.08618669480948578,0.13987637481910076,0.2,0.10218978102189781,1.0,0.27742171926110387,0,Myntra,Perfumes,Suitcases,SKINN,Aristocrat
0.1951219512195122,0.03310104529616728,0.3111111111111111,0.14126984126984124,-0.050473683448347656,-0.0016825911904332705,0.14281112163663345,0.284060459852363,139,0.07992095283090969,-0.02188610119178442,0.13095238095238096,0.07857142857142857,1.0,0.07761191570979468,0,Flipkart,Tyre Inflators \u0026 Pumps,Facial Kits \u0026 Combos,RETLATE,Pilgrim
0.375,0.32142857142857145,0.0,-0.05952380952380952,0.02211097584394834,0.008641975308641976,0.11224554383713073,0.02850038490186922,94,-0.06423210568834094,0.014004981028319671,0.25,0.07291666666666667,1.0,0.20229067352737232,0,Amazon,Vehicles,Car Cleaning Kits,Storio,WOSCHER
0.3,0.19285714285714284,0.4166666666666667,0.2678571428571429,0.05461364470571245,0.01014370245139476,0.13451132825549647,0.2328193439074068,95,0.23090211307840727,0.08545473372905577,0.11904761904761904,0.15789473684210525,1.0,0.23279999600992274,0,Amazon,Monitors,Suitcases,Lenovo,LAttitude By Provogue
0.19148936170212766,0.06458966565349544,0.13978494623655913,0.03456221198156684,0.03885502322534507,0.00416949094616686,0.20308688889294216,0.0911961063098195,445,0.32121310600268077,0.0717263187439764,0.06735751295336788,0.033707865168539325,1.0,0.3047669432204803,0,Myntra,Casual Shoes,Shampoos,Nike,MATRIX
0.020833333333333332,0.010416666666666666,0.06818181818181818,0.05032467532467532,0.02369559898408926,0.0006298901866144541,0.5538141156310041,0.07913437031166218,1191,0.2550752029744522,0.01788524847772809,0.02857142857142857,0.04156275976724855,1.0,0.2548404803217627,0,Amazon,Speakers,Fiction,soundcore,unknown
0.0,-0.047619047619047616,0.1875,0.125,0.027754570236726967,0.004893794252394835,0.12176542753114358,0.05551240516883445,106,0.09156733821499076,0.017976516957830015,0.09375,0.08490566037735849,1.0,0.22887933934447735,0,Flipkart,Small Appliances,Backpacks,HAVELLS,HRX by Hrithik Roshan
0.28421052631578947,0.1308270676691729,0.15584415584415584,0.0287569573283859,0.17069725715653128,0.007883270017049153,0.13515367458122074,0.05141383054391043,852,0.17232291719858797,0.14319264792638622,0.10497237569060773,0.07437070938215103,1.0,0.1582341764708842,0,Amazon,Mens Sneakers,Gym Equipment,Skechers,amazon basics
0.1702127659574468,0.04635258358662614,0.1566265060240964,0.04647160068846816,-0.05394622648880005,0.0024814662163817245,0.42061475854237784,0.17210973741742042,1011,-0.20234673654786217,0.022941494623999577,0.107981220657277,0.07806324110671936,1.0,0.22404672713576626,0,Amazon,Gym Equipment,Desktops,amazon basics,LG
0.1694915254237288,0.08716707021791767,0.08974358974358974,-0.00366300366300365,-0.03024833127632196,-0.0015712167219829112,0.14728670419386622,0.05650283317179104,537,0.3662613794259983,-0.011894316836665753,0.02735562310030395,0.14430577223088922,1.0,0.36542375901679147,0,Amazon,Sunscreen,Console Games,unknown,Take 2
0.0,0.0,0.0,-0.008403361344537815,-0.000620977522526221,-0.00023523856971589062,0.28038225839525055,0.02758190555400491,1091,-0.391081021252912,-5.781049329809383e-07,0.0,0.0283363802559415,1.0,0.4174756872755778,0,Croma,Earphones,TWS Earbuds,JBL,Sony
0.11764705882352941,0.04201680672268908,0.15384615384615385,0.07692307692307694,-0.00022970121537167982,-0.0037973181440607573,0.07167486212789473,0.2559693417523693,167,0.2690296753238722,0.11247838265441852,0.08108108108108109,0.0718562874251497,1.0,0.23733444815987573,0,Amazon,Refrigerators,Smartwatches,LG,Apple
0.19148936170212766,-0.052178318135764984,0.21951219512195122,0.020905923344947758,-0.01728775402138475,0.0009971489679508182,0.1783975264502893,0.041656142750415785,734,-0.3106070231426206,-0.030331678556941365,0.148014440433213,0.1386271870794078,1.0,0.3574942578176449,0,Flipkart,Medical Devices,Womens Watches,Dr Trust,NAVIFORCE
0.398989898989899,0.016594516594516606,0.45408163265306123,0.04774052478134111,-0.0588065950656754,-0.0033753086419753137,0.19962594431517527,0.07694700876683978,511,-0.020164637435906595,-0.007984985062551698,0.24188790560471976,0.14090019569471623,1.0,0.05580691918769441,0,Myntra,Moisturizers,Cargos,Nivea,HIGHLANDER
0.14285714285714285,0.13265306122448978,0.0,-0.011904761904761904,-0.010220890582680265,-3.7485158220167204e-05,0.7938615445290399,0.05281548666126789,1146,-0.3114244398557552,-0.029344009234233494,0.05555555555555555,0.01033946588884223,0.9869281045751634,0.31424269110346753,0,Croma,TWS Earbuds,Earphones,GOBOULT,JBL
0.13157894736842105,0.08082706766917293,0.1282051282051282,0.07692307692307693,-0.07712305789088694,0.003789622386946239,0.21883744117157708,0.22645755244622315,1094,0.10365662354314382,-0.07873632266211983,0.05405405405405406,0.022768670309653915,1.0,0.1395699678416508,0,Croma,TWS Earbuds,Speakers,Sony,Croma
0.4049079754601227,0.003943908851884281,0.39072847682119205,0.03784295175023661,-0.023896704965854994,-0.0011565619673727726,0.23442958899980817,0.12266868365711298,473,0.2068568804169848,0.05475892817230048,0.2007042253521127,0.15756302521008403,1.0,0.2360076439430178,0,Myntra,Mens Sports Shoes,Mens Watches,Skechers,Titan
0.05172413793103448,-0.039408866995073906,0.10606060606060606,-0.005411255411255408,0.0030364448682766595,-0.0001866776184202808,0.1690462671700169,0.023489229055557587,459,0.11391204221073091,0.0023644479517792327,0.022900763358778626,0.1787280701754386,1.0,0.11876774459800161,0,Myntra,Cargos,T-Shirts,HIGHLANDER,Jack & Jones
0.0,-0.025132275132275134,0.01639344262295082,-0.007025761124121781,0.0004945251892780306,-0.0019882562806600268,0.1949173593504788,0.0005251306251137839,460,0.0737489347143057,-0.00012393843072079758,0.0,0.010845986984815618,1.0,0.07969956272619153,0,Myntra,Cargos,Tracksuits,HIGHLANDER,Nike
0.18518518518518517,0.01234567901234565,0.20512820512820512,0.04120879120879126,-0.022091991191984867,-0.0042309371997554385,0.23488783480700703,0.025320981315189305,604,0.033386106599551074,-0.0207186998993459,0.09375,0.10578512396694215,1.0,0.04507848784339457,0,Amazon,Desktops,Sunscreen,LG,Deconstruct
0.14285714285714285,0.13265306122448978,0.0,-0.011904761904761904,-0.010220890582680265,-3.7485158220167204e-05,0.7938615445290399,0.05281548666126789,1146,-0.3114244398557552,-0.029344009234233494,0.05555555555555555,0.01033946588884223,0.9869281045751634,0.31424269110346753,0,Croma,TWS Earbuds,Earphones,GOBOULT,JBL
0.5,0.4178571428571428,0.37037037037037035,0.283068783068783,0.7764757614643625,0.02900770235574974,0.4181726024094194,0.3234266349755662,157,0.06515422220319214,0.36722858386874563,0.20454545454545456,0.12738853503184713,1.0,0.17715049277500308,0,Amazon,Computer Accessories,Massage \u0026 Relaxation,KARNAGE,Lifelong
0.2698412698412698,0.04535147392290251,0.373134328358209,0.09701492537313433,0.03057456953993599,0.010585812799712553,0.15790849187689351,0.09797793368490004,283,0.34320676422233487,0.05400104462983888,0.23776223776223776,0.15901060070671377,1.0,0.3397546560107393,0,Flipkart,Vehicles,Supplements,ZUNBELLA,OZiva
0.2222222222222222,0.15476190476190477,0.22727272727272727,0.11363636363636363,0.0042371410142166875,-0.004761904761904761,0.1535327837173786,0.2115444780641145,113,-0.16201521194788085,0.023031907737137963,0.25,0.11504424778761062,1.0,0.269998476623018,0,Flipkart,Perfumes,Helmets,BELLAVITA,SMK
0.2571428571428571,0.13265306122448978,0.1951219512195122,0.0818815331010453,-0.12673411297428416,0.004326229770870053,0.12951568023880344,0.16361152387718433,166,0.2534889310953232,-0.10149703608740179,0.1527777777777778,0.04790419161676647,1.0,0.30737666422162757,0,Amazon,Refrigerators,Pens \u0026 Writing Instruments,LG,Parker
0.0,0.0,0.0,0.0,0.0,0.0,0.061457329805472194,0.0,147,0.0,0.0,0.0,0.13725490196078433,1.0,0.0,0,Croma,Speakers,Laptops,Philips,Lenovo
0.0,0.0,0.2857142857142857,0.26530612244897955,0.014958036863154623,0.009973488195934856,0.33504746859847656,0.0128573461592145,97,0.06051688641248624,0.0032808661541520456,0.058823529411764705,0.19305555555555556,1.0,0.06003556264323044,0,Flipkart,Smartwatches,Mens Watches,boAt,LEE COOPER
0.06451612903225806,0.03225806451612904,0.03571428571428571,-0.007653061224489784,0.023139309724528084,0.0013564739111045043,0.12337829561752131,0.03356524085174382,460,-0.10988943181528428,0.014104137562507366,0.030303030303030304,0.010845986984815618,1.0,0.12056637003188359,0,Myntra,Tracksuits,Casual Shoes,Nike,ASIAN
0.2727272727272727,0.17857142857142858,0.17391304347826086,0.08695652173913045,0.03501983759614133,0.004976260043827611,0.12810241567615108,0.17622835599086029,148,0.39440235187221595,0.024512190544688423,0.0625,0.13725490196078433,1.0,0.3922540391680114,0,Croma,Laptops,TWS Earbuds,Lenovo,Sony
0.1487603305785124,0.010625737898465187,0.16666666666666666,0.04195011337868482,-0.03921477720253818,-0.0005423855654292662,0.14403016702516275,0.05269132984433617,1089,0.015451672403197407,-0.03195833476560886,0.09602649006622517,0.1379472693032015,1.0,0.03069068993220806,0,Flipkart,Casual Shoes,Tool Kits \u0026 Sets,NIKE,TAPARIA
0.4642857142857143,0.09566326530612246,0.39805825242718446,0.08252427184466021,0.022180067601141544,0.008049025884935508,0.09781126191094679,0.054500165908347956,395,0.10763394898239374,0.024588054390802302,0.2744186046511628,0.13670886075949368,1.0,0.1257361210465035,0,Flipkart,Mixers \u0026 Grinders,Fans,AGARO,Longway
0.20833333333333334,0.08779761904761907,0.15517241379310345,0.030788177339901468,-0.0064796464555331185,0.0037973181440607608,0.1829652506898428,0.030895351389750338,167,-0.10344681247061507,-0.022851556516189732,0.0967741935483871,0.04790419161676647,1.0,0.20157951324612078,0,Amazon,Mobile Chargers,Refrigerators,Samsung,LG
0.2,0.15000000000000002,0.16,0.1142857142857143,0.0830829191941417,0.003362375685871056,0.3015016527431752,0.14500577189843955,458,-0.1536008994172041,0.07611402749962635,0.05263157894736842,0.04916741674167417,1.0,0.2918206235450369,0,Myntra,Protein \u0026 Sports Nutrition,Mens Sports Shoes,MuscleBlaze,Nike
0.15789473684210525,0.058270676691729334,0.2631578947368421,0.15789473684210525,-0.020740362913007692,0.0037388888888888897,0.18914224878531158,0.11142284621225516,318,0.032280490494730536,-0.010609132487844475,0.08791208791208792,0.09404388714733543,1.0,0.0368872468770751,0,Myntra,Kurtas \u0026 Kurtis,Womens Watches,FUBAR,CASIO
0.1875,0.09375,0.18181818181818182,0.08766233766233769,0.04166019001934247,0.0048224852071005915,0.11336269179026752,0.1466362882260933,136,-0.3250530677639118,0.04271643712337026,0.07317073170731707,0.1506390748630554,1.0,0.45735849216508867,0,Myntra,Suitcases,Casual Shoes,Aristocrat,Puma
0.3902439024390244,0.16898954703832747,0.40476190476190477,0.18197278911564624,0.01318595484163743,0.012729032952059946,0.11706286956861962,0.14981218416716252,175,0.20025271089194988,0.036701481023771125,0.18421052631578946,0.13068181818181818,1.0,0.19253338603319115,0,Amazon,Suitcases,Non-Fiction,Aristocrat,Robert Greene
0.3111111111111111,0.04444444444444445,0.2682926829268293,0.039198606271777015,-0.03270184302288356,-0.002937187522570602,0.33484230927221453,0.13586514930581078,371,-0.13090493227479966,-0.0244763408044185,0.16463414634146342,0.08086253369272237,1.0,0.14197438474135154,0,Myntra,Mens Outerwear,Moisturizers,StyleCast x Revolte,The Face Shop
0.3333333333333333,0.17346938775510204,0.21951219512195122,0.03135888501742157,0.06290478909571563,-5.9171597633141115e-05,0.1298074957406219,0.28112808408163176,136,0.041559728852738204,0.04508450959981196,0.1282051282051282,0.10218978102189781,1.0,0.21942710046965028,0,Myntra,Moisturizers,Suitcases,Nivea,Aristocrat
0.0,-0.0510204081632653,0.21739130434782608,0.15217391304347827,-0.1475264081982661,0.0015752993068683056,0.22841788443236555,0.06275724486494635,176,-0.23027512439817993,-0.10904208846092481,0.07547169811320754,0.07233407904548844,1.0,0.30236843414130576,0,Amazon,Mixers \u0026 Grinders,Suitcases,GIGAWATTS,Aristocrat
0.17777777777777778,-0.011111111111111127,0.13953488372093023,-0.0016611295681063232,0.046996149591497546,0.0025271312336887838,0.10111166243097337,0.08385719252519384,301,0.2814536875350637,0.03918296036983355,0.07216494845360824,0.11258278145695365,1.0,0.26997685881235367,0,Amazon,Massage \u0026 Relaxation,Dishwashers,CULT,BEYOND BY MUKUNDA FOODS
0.1956521739130435,0.05279503105590064,0.13157894736842105,0.03947368421052633,0.04859836395313672,0.005978701377910103,0.21715922364190185,0.0669344097773793,371,0.12998470100100704,0.07481476906955654,0.11224489795918367,0.08086253369272237,1.0,0.1220280584440076,0,Myntra,Mens Outerwear,Kurtas \u0026 Kurtis,StyleCast x Revolte,FUBAR
0.23870967741935484,0.010599078341013812,0.3355263157894737,0.09492481203007519,0.0002691110537204613,0.00657922990371649,0.15706308390321433,0.031743502158126935,1216,0.11030931470458293,-0.00675623325799496,0.12131147540983607,0.07020408163265306,1.0,0.11525694953287886,0,Flipkart,Keyboards,Casual Shoes,Portronics,PUMA
0.2727272727272727,0.17857142857142858,0.17391304347826086,0.08695652173913045,0.03501983759614133,0.004976260043827611,0.12810241567615108,0.17622835599086029,148,0.39440235187221595,0.024512190544688423,0.0625,0.13725490196078433,1.0,0.3922540391680114,0,Croma,Laptops,TWS Earbuds,Lenovo,Sony
0.2786885245901639,0.08899297423887584,0.3787878787878788,0.17532467532467538,0.013242934927256965,0.010091404839993018,0.3631454846631955,0.05282115955711685,241,0.1553533390642507,0.041370184520806125,0.14634146341463414,0.19055555555555553,1.0,0.192177810100599,0,Flipkart,Earphones,Induction Cooktops,Noise,KAPLI
0.3563218390804598,0.1346469622331691,0.22340425531914893,0.010638297872340413,0.09898371222338154,0.00971074380165289,0.15425197424460094,0.06643946596184332,588,-0.021660362436250226,0.09939719617105561,0.13186813186813187,0.048405554511759784,1.0,0.052380395018016564,0,Amazon,Cleaning Supplies,Laptop Backpacks,Presto!,Safari
0.24705882352941178,0.02436974789915966,0.3176470588235294,0.09831932773109245,0.05410975257632458,0.007106441099706543,0.09533772370062346,0.06587523240549394,489,0.3332588928871497,0.09992435598335628,0.11764705882352941,0.10020449897750511,1.0,0.311400265698931,0,Amazon,Suitcases,Perfumes,American Tourister,Ajmal
0.09803921568627451,0.01470588235294118,0.11267605633802817,0.01844399731723674,0.04352019727140806,-0.0004325001381495332,0.31888854176930476,0.07726706219631387,1197,0.10338295247532815,0.052852696056987544,0.06415929203539823,0.034252297410192145,1.0,0.11001375590145593,0,Amazon,Bath \u0026 Body,Mixers \u0026 Grinders,Dove,GIGAWATTS
0.2127659574468085,0.04609929078014183,0.23622047244094488,0.07817772778402701,0.04311087228211369,0.004879015785704956,0.17964505388547125,0.15264921814891153,1135,-0.06268087313123204,0.008109470881723695,0.12323943661971831,0.026455026455026454,1.0,0.0630889793750378,0,Flipkart,Milk \u0026 Cream,Rice,Anveshan,VKR Sivaji
0.20754716981132076,-0.012129380053908373,0.2037037037037037,0.006613756613756655,-0.007436570032554369,-0.0065185814999822855,0.11658013956489584,0.05101242177079301,301,0.11225237865934465,0.008952267967635793,0.10714285714285714,0.11258278145695365,1.0,0.16009575719071326,0,Amazon,Dishwashers,Perfumes,BEYOND BY MUKUNDA FOODS,WILD STONE CODE
0.0,-0.015037593984962405,0.0,-0.010714285714285714,-0.0005333768877884428,-0.0005281207133058985,0.3155400275748778,0.0033392275719730403,1080,-0.3899494639350713,4.280116810876446e-06,0.0,0.0283363802559415,1.0,0.43677355585739625,0,Croma,Earphones,TWS Earbuds,GOBOULT,Sony
0.3,0.046703296703296704,0.21649484536082475,0.02282768777614133,0.011341998724229814,0.01317155963847199,0.13446856014724287,0.0408658979393814,747,0.10708394497343623,0.010447532240268747,0.17209302325581396,0.06157965194109773,1.0,0.11597311287943157,0,Flipkart,Suitcases,Gas Stoves,SKYBAGS,Natraj Aatamaker
0.0,0.0,0.0,-0.015527950310559006,-0.00045892724469866674,-8.608030315156276e-05,0.22354347123343807,0.00045986899297299793,1490,0.3538414922454159,2.023245128413397e-06,0.0,0.012056262558606833,1.0,0.35378006555314045,0,Croma,Earphones,Speakers,JBL,Croma
0.0,0.0,0.0,-0.027777777777777783,0.001622197746724176,-0.0009467587435954556,0.3789756243194205,0.0021193095238907222,134,-0.18868371772878037,-0.003563440406904744,0.0,0.13725490196078433,1.0,0.3698824579836501,0,Croma,Earphones,Laptops,GOBOULT,Lenovo
0.22522522522522523,0.014157014157014147,0.24271844660194175,0.031206657420249695,0.05893987044525089,0.005239492826661108,0.20214697410602933,0.06598785405729553,567,-0.3137214135271228,0.04625133538196458,0.099644128113879,0.23859649122807017,1.0,0.3426653853408519,0,Amazon,Camera Accessories,Pressure Washers,unknown,Bosch
0.18181818181818182,0.052875695732838596,0.1791044776119403,0.06503198294243069,0.009408850158296476,0.007145833333333334,0.30468392300330677,0.09690754554725153,620,0.11208124766404232,0.01320613511708434,0.09210526315789473,0.08668730650154799,1.0,0.14409779580385515,0,Flipkart,Educational,Camping Equipment,Dhanpat Rai & Co. Pvt. Ltd,Strauss
0.05,-0.03571428571428571,0.06666666666666667,0.005952380952380945,-0.0728341292600142,-6.569923921757393e-05,0.2653193080984513,0.20313452425117817,845,-0.046627733792588034,-0.14183912911149216,0.03076923076923077,0.08212615751352342,1.0,0.04893406974343802,0,Amazon,Earphones,Headphones,boAt,PTron
0.0,-0.007025761124121781,0.03125,0.026785714285714288,0.06670207762373712,0.006148726851851851,0.5560161029097028,0.0007614969508680725,462,-0.041743974478435496,0.008807040073882774,0.006993006993006993,0.003913894324853229,1.0,0.044706352411273916,0,Myntra,Cargos,Headphones,HIGHLANDER,boAt
0.1,0.0642857142857143,0.06666666666666667,0.052380952380952375,0.00028876846185693454,-5.54016620498615e-05,0.28464393582895836,0.008787087040347795,1146,0.08316370192244801,-0.00022697127338235922,0.0,0.00734094616639478,1.0,0.08480526538299626,0,Croma,Speakers,TWS Earbuds,Philips,GOBOULT
0.0,-0.009852216748768473,0.0,-0.025974025974025972,-0.021761704871568005,-0.00028125415917143866,0.4163210634629987,0.001312915797218812,1093,-0.08253546464633293,-0.05856879950635023,0.01639344262295082,0.022768670309653915,1.0,0.1001018959219751,0,Croma,Speakers,TWS Earbuds,Philips,Sony
0.21348314606741572,-0.012038523274478352,0.20238095238095238,-0.01615646258503403,-0.13451076036099316,-0.0006715824675858698,0.2174862269613428,0.12107416184710634,628,0.16496651936761475,-0.037594785952120825,0.09782608695652174,0.08121019108280254,1.0,0.17415505718487656,0,Flipkart,Electric Kettles,Air Conditioners,Longway,LG
0.06666666666666667,0.0380952380952381,0.18181818181818182,0.13636363636363635,0.0028802926931858733,-0.0019250000000000003,0.08021657058613593,0.32274155263146387,208,0.12343124104821564,0.001579387522840424,0.029411764705882353,0.0430622009569378,1.0,0.14330804178805276,0,Amazon,Power Banks,Instruments,pTron,IBANEZ
0.4444444444444444,0.4206349206349206,0.5,0.4642857142857143,0.007078192424713624,0.00871900826446281,0.4704965767649887,0.649838886323461,450,0.80824898085093,0.26547007606641737,0.15789473684210525,0.0028524857375713123,1.0,0.8155184708210069,0,Croma,Earphones,TWS Earbuds,JBL,Noise
0.25,0.11383928571428573,0.18055555555555555,0.042658730158730174,-0.09761267123962294,-2.7232744652169218e-05,0.19266180875095565,0.1252086091847126,562,0.43460456237038203,-0.10344052255055415,0.10666666666666667,0.1505680092339469,1.0,0.44986299361944126,0,Amazon,Massage \u0026 Relaxation,Vacuum Cleaners,Lifelong,acerpure
0.0,-0.02976190476190476,0.13333333333333333,0.09047619047619047,-0.0009282041019029579,0.0018170488403877068,0.6731298166718923,0.003214304987358294,450,0.07092834340227847,0.005323728014585247,0.03571428571428571,0.004269449715370019,1.0,0.07483630369433625,0,Croma,Speakers,TWS Earbuds,Philips,Noise
0.1951219512195122,0.08013937282229965,0.3953488372093023,0.25249169435215946,-0.08680887749569013,0.003401360544217684,0.19198688065190397,0.15831548631963863,113,0.04364449753690342,-0.05306765459545292,0.16455696202531644,0.11504424778761062,1.0,0.09036369763347864,0,Flipkart,Face Wash,Helmets,Aqualogica,SMK
0.0,-0.004608294930875576,0.0,-0.012987012987012988,-0.00034049868368350424,-0.00025789753638773055,0.24904944366693516,0.00034127592455431596,1360,0.13861600239753624,-0.0026259709598562596,0.014705882352941176,0.004682004816271374,1.0,0.13705695346329363,0,Croma,Earphones,Speakers,GOBOULT,Croma
0.0,0.0,0.0,-0.01405152224824356,0.00033705501706792455,-0.00047348104872039744,0.21388386174071924,0.004106354706310348,367,0.05091209969000149,-0.0027408897204581266,0.006711409395973154,0.0027247956403269754,1.0,0.05946754282679344,0,Flipkart,Mens Watches,Car Audio,LEE COOPER,Hydra
0.0,-0.02976190476190476,0.13333333333333333,0.09047619047619047,-0.0009282041019029579,0.0018170488403877068,1.2467001999400609,0.003214304987358294,450,0.07092834340227845,0.005323728014585248,0.03571428571428571,0.004269449715370019,1.0,0.07483630369433625,0,Croma,TWS Earbuds,Speakers,Noise,Philips
0.0,-0.02823920265780731,0.02040816326530612,-0.021865889212827994,-0.0012532108641249112,-0.002288134237208583,0.23024400298789707,0.023052280331523466,459,-0.009284676826928802,-0.00017401802461152282,0.0,0.0066815144766146995,1.0,0.0664048843481044,0,Myntra,Mens Watches,Mens Sports Shoes,Timex,Nike
0.0967741935483871,0.01958525345622121,0.15,0.052380952380952375,-0.0005787385023182219,-7.540871523658253e-05,0.4014934409928677,0.19599205819050264,726,-0.03751333233604173,0.0006585915091333239,0.032467532467532464,0.030261348005502064,1.0,0.07999049742106873,0,Myntra,Smartwatches,Shampoos,Titan,Bare Anatomy
0.3018867924528302,0.04110512129380056,0.2247191011235955,0.0337078651685393,0.023755232774041575,0.0018741511996378454,0.7066700513243084,0.06933611139008236,582,-0.003978883850452648,0.021093459693478298,0.14285714285714285,0.08092948717948718,1.0,0.020475974520697566,0,Flipkart,Smartwatches,Cycling,boAt,Tungsten
0.2463768115942029,0.09420289855072461,0.14285714285714285,0.010204081632653073,0.0344697583932021,0.005133628572058081,0.16430882137297234,0.08071190428571808,385,-0.30837559712851126,0.0139973937300781,0.16049382716049382,0.17142857142857143,1.0,0.3628746500136837,0,Flipkart,Power Banks,Office Desks,Ambrane,WUDYHOME
0.06976744186046512,0.014950166112956804,0.11627906976744186,0.0664451827242525,0.011247942094861376,0.003559467310042698,0.14487508138696284,0.1412100723709067,1094,0.03980494984180207,0.014681283769879898,0.034482758620689655,0.0283363802559415,1.0,0.050394745122403446,0,Croma,Speakers,TWS Earbuds,Croma,Sony
0.0,-0.015037593984962405,0.0,-0.010714285714285714,-0.0005333768877884428,-0.0005281207133058985,0.3155400275748778,0.0033392275719730403,1080,-0.3899494639350713,4.280116810876446e-06,0.0,0.0283363802559415,1.0,0.43677355585739625,0,Croma,Earphones,TWS Earbuds,GOBOULT,Sony
0.0,-0.01948051948051948,0.0,-0.009920634920634922,-0.0004900475272835296,-0.000443244170096022,0.3173416147539989,0.0035572840524904685,1080,-0.23151533533203028,4.509312615818903e-06,0.0,0.022768670309653915,1.0,0.2709144146493254,0,Croma,Earphones,TWS Earbuds,GOBOULT,Sony
0.3235294117647059,0.1512605042016807,0.2459016393442623,0.1088992974238876,0.009148384703678673,0.003841041120438305,0.11552689620758062,0.039791021157755464,381,-0.08360095462356679,-0.01874960684810593,0.128,0.05249343832020997,1.0,0.12216981046072391,0,Amazon,Smartwatches,Air Fryers,Apple,MILTON
0.0,-0.017857142857142856,0.14285714285714285,0.10204081632653061,0.0034988247312749193,-0.00557703747769185,0.051986104585545305,0.12883021183566948,176,0.12611831703834642,-0.00031809198270619095,0.0,0.13068181818181818,1.0,0.13784519027662592,0,Amazon,Suitcases,Mens Watches,Aristocrat,Fastrack
0.0,-0.011904761904761904,0.0,-0.017857142857142856,-0.00029766455159107604,-6.087168249330412e-05,0.08225953890810231,0.00029969291405712665,450,-0.06250950417969577,0.00011557563898293616,0.0,0.0021494288511180863,1.0,0.06412056080018591,0,Croma,TWS Earbuds,Speakers,Noise,Croma
0.029411764705882353,0.018907563025210083,0.0,-0.02895752895752896,-0.02020925400449555,-0.00033398931401608335,0.4162275983281746,0.0012912426962752475,1093,-0.17647786428912524,-0.05538989252091308,0.0136986301369863,0.0283363802559415,1.0,0.2124529794389313,0,Croma,TWS Earbuds,Speakers,Sony,Philips
0.0,0.0,0.0,0.0,0.0,0.0,0.05639230018489014,0.0,722,0.0,0.0,0.0,0.051351351351351354,1.0,0.0,0,Flipkart,Sewing Machines,Perfumes,Rilson,DENVER
0.25,0.1261904761904762,0.17307692307692307,0.06181318681318679,-0.021705982325417744,0.004067833296474231,0.33705404854692966,0.16163118860568693,496,0.05344143901481702,-0.06251259525032742,0.07627118644067797,0.1404040404040404,1.0,0.09830129132169857,0,Amazon,Headphones,Guitars,GOBOULT,amazon basics
0.16666666666666666,0.0,0.20689655172413793,0.06896551724137931,0.05382096003873639,0.009729291473357052,0.1360083855154033,0.033609027482431324,157,0.265057958331479,0.12607748275687208,0.13846153846153847,0.07006369426751592,1.0,0.22328171752953643,0,Amazon,Perfumes,Computer Accessories,Ajmal,KARNAGE
0.3333333333333333,0.029761904761904767,0.4342105263157895,0.1353383458646617,-0.04475438463306122,0.010864197530864199,0.25815825204183757,0.1754240395190288,237,-0.04987550582650696,-0.015290039952447827,0.19852941176470587,0.23265306122448978,1.0,0.06070152115723331,0,Flipkart,Perfumes,Induction Cooktops,BELLAVITA,KAPLI
0.4507042253521127,0.11066398390342053,0.40298507462686567,0.07675906183368875,0.05199049456499173,0.015145573963336927,0.38704734917495215,0.1813551299279857,214,0.11072244275887297,0.04277131604238482,0.23387096774193547,0.1866151866151866,1.0,0.13365390469963542,0,Flipkart,Drills,Tyre Inflators \u0026 Pumps,LEOFAST PROFESSIONAL,Portronics
0.3416666666666667,0.06904761904761902,0.23,-0.03357142857142856,0.05435106288938046,-0.00015172204521316998,0.27802296172463187,0.03945062282859896,575,0.012223839550835204,0.04890987540864305,0.13733905579399142,0.13870498791819735,1.0,0.03292796450827589,0,Flipkart,Cycling,Mens Watches,Tungsten,DANIEL KLEIN
0.08888888888888889,0.05873015873015873,0.0,-0.024489795918367346,0.0049816625963413986,0.0005385546518295143,0.2691261721926021,0.026299969750521946,1379,0.4053141133522458,0.002348764742402309,0.00909090909090909,0.004720406681190995,1.0,0.4061708841841721,0,Amazon,Drawing,Car Cleaning Kits,Shuttle Art,Lyrovo
0.0,-0.02976190476190476,0.13333333333333333,0.09047619047619047,-0.0009282041019029579,0.0018170488403877068,1.2467001999400609,0.003214304987358294,450,0.07092834340227845,0.005323728014585248,0.03571428571428571,0.004269449715370019,1.0,0.07483630369433625,0,Croma,TWS Earbuds,Speakers,Noise,Philips
0.1282051282051282,-0.008547008547008544,0.09009009009009009,-0.03796653796653798,0.0038246813550881745,-0.0040011028639676555,0.1073808594544457,0.05710602896964774,919,0.14626416416410168,0.0334479902288749,0.05394190871369295,0.10010881392818281,1.0,0.1552552419395142,0,Amazon,Mens Grooming,Kitchen Appliances,Lifelong,Aquaguard
0.2777777777777778,0.16666666666666669,0.21052631578947367,0.10150375939849623,0.019066325184688048,0.005362349021241148,0.14276470534128718,0.19060541515565613,106,0.13939744182811556,-0.09286487256483027,0.10526315789473684,0.09433962264150944,1.0,0.21288661534262962,0,Flipkart,Backpacks,Suitcases,HRX by Hrithik Roshan,SKYBAGS
0.16666666666666666,0.06845238095238092,0.08,0.01714285714285714,0.012551987729561197,0.0032068625719835274,0.2408861053621977,0.05529186663451936,445,0.06689121114129401,0.009284196652240239,0.04285714285714286,0.033707865168539325,1.0,0.08582669361885657,0,Myntra,Casual Shoes,Kurtas \u0026 Kurtis,Nike,FUBAR
0.18421052631578946,0.041353383458646614,0.20689655172413793,0.11330049261083744,-0.02433041730464759,-0.005864139613435916,0.20057977243352978,0.17028741603951897,302,-0.02804476575508776,-0.06518951778668365,0.05357142857142857,0.02276707530647986,1.0,0.06418701360104034,0,Amazon,Power Banks,Car Cleaning Kits,unknown,Phirki
0.2222222222222222,0.10317460317460317,0.16666666666666666,-0.009920634920634941,0.03197021098029695,0.003905983197868999,0.16404906983882875,0.18565189976659513,569,0.15276214879368064,0.0553693020850756,0.13043478260869565,0.06140350877192982,1.0,0.24255989525180283,0,Amazon,Gym Equipment,Digital Safes \u0026 Lockers,unknown,BonKaso
0.2894736842105263,0.0817669172932331,0.20512820512820512,-0.0283882783882784,0.024244275885835057,0.001743689142578067,0.3283199713140231,0.027477816778293564,384,-0.008170720493332643,0.003664342183605562,0.0963855421686747,0.3003978779840849,1.0,0.020318750798781284,0,Myntra,Mens Watches,Jeans,Daniel Hechter,Mufti
0.19298245614035087,0.03007518796992481,0.16806722689075632,0.018007202881152456,-0.09945926754189276,-0.0018196231038085974,0.5962794454853425,0.10106336684258375,1039,-0.6261600793306289,-0.13587599792450755,0.08225108225108226,0.171859756097561,0.9876660341555977,0.5963550553524374,0,Myntra,Headphones,Serums,NOISE,Minimalist
0.0,0.0,0.0,0.0,0.0,0.0,0.05691884195982576,0.0,147,0.0,0.0,0.0,0.13725490196078433,1.0,0.0,0,Croma,Laptops,Speakers,Lenovo,Philips
0.15584415584415584,0.0352504638218924,0.08450704225352113,-0.010060362173038226,0.011419261634620865,0.0014850684171597624,0.3495248132816791,0.07395269097986866,777,0.2966151841686166,0.020287332144811068,0.05235602094240838,0.053264668699338144,1.0,0.3125791681415353,0,Amazon,Android Phones,Speakers,XIAOMI,soundcore
0.22580645161290322,-0.02534562211981564,0.2,0.011224489795918391,0.05578702419076566,0.0018149807001476247,0.30249479127735696,0.06536495083115229,509,0.16488049532427398,0.11225460664976727,0.07975460122699386,0.06643767513332731,0.9901768172888016,0.16333576695178967,0,Amazon,Mens Grooming,Headphones,CULT,Noise
0.2619047619047619,0.04336734693877553,0.30864197530864196,0.14373897707231043,-0.03665078113077495,0.007950092338182967,0.8688310421019074,0.29362409311171606,475,-0.052543764003999884,-0.12426338646983305,0.14814814814814814,0.11872453218340784,1.0,0.09084835879074264,0,Myntra,Womens Slippers,Casual Shoes,Red Tape,ASIAN
0.1,0.0642857142857143,0.06666666666666667,0.052380952380952375,0.00028876846185693454,-5.54016620498615e-05,0.6803003814653177,0.008787087040347795,1146,0.08316370192244801,-0.0002269712733823592,0.0,0.00734094616639478,1.0,0.08480526538299626,0,Croma,TWS Earbuds,Speakers,GOBOULT,Philips
0.15217391304347827,0.022515527950310588,0.11827956989247312,-0.013824884792626696,-0.09525635146891552,-0.008399999999999998,0.38134497221815566,0.08023525095528672,511,0.039554172049697106,-0.021262084236843608,0.08121827411167512,0.29627272727272724,1.0,0.10218161498181898,0,Myntra,Mens Watches,Cargos,WROGN,HIGHLANDER
0.06770833333333333,0.021205357142857144,0.1016949152542373,0.059725585149313976,0.019373287035975264,0.0009572265625000008,0.7276837771013398,0.02372138529714037,1628,-0.021479800034739784,0.012344920780628769,0.022167487684729065,0.015873015873015872,1.0,0.02441732262610611,0,Myntra,Moisturizers,Headphones,Nivea,Boult Audio
0.29213483146067415,0.1276083467094703,0.27906976744186046,0.13538205980066445,0.06976012892743869,0.018162057722497287,0.22063212902653057,0.28254038495333494,510,-0.017788553625903814,0.02659614338996019,0.09090909090909091,0.043052837573385516,1.0,0.06595971571114823,0,Myntra,Protein \u0026 Sports Nutrition,Cargos,MuscleBlaze,HIGHLANDER
0.18110236220472442,0.06355455568053994,0.09923664122137404,0.012540894220283524,0.06090552601146869,0.0042122982705557034,0.17185044464847946,0.05597774935040778,1039,-0.14172334381373558,0.06268467335926588,0.07749077490774908,0.03173076923076923,1.0,0.17574860048002264,0,Amazon,Pens \u0026 Writing Instruments,Power Banks,Parker,URBN
0.352112676056338,0.16297786720321933,0.3382352941176471,0.12500000000000003,-0.00892630040399189,0.010194444444444443,0.1696126258397746,0.06008145036843366,318,0.27128591621331233,0.023252736401737823,0.19083969465648856,0.09404388714733543,1.0,0.2692282218580079,0,Myntra,Womens Watches,Moisturizers,CASIO,The Face Shop
0.09090909090909091,0.022727272727272735,0.037037037037037035,-0.021164021164021163,-0.0008487474436347481,-0.00013898772123726325,1.1645647839111748,0.003959520385041872,1360,0.3659725320416824,-0.0005369414833881714,0.019230769230769232,0.007283321194464676,1.0,0.3757686757848239,0,Croma,Earphones,Speakers,GOBOULT,Philips
0.3884297520661157,0.08677685950413228,0.3627450980392157,0.09313725490196079,-0.027727987331845796,0.004262289202001425,0.31328438111082046,0.11213534015054753,429,-0.2703709631869464,-0.09468414183598163,0.19383259911894274,0.1697674418604651,1.0,0.27676594585233927,0,Flipkart,Non-Fiction,Clocks,CBS Publishers and Distributors Private Limited,LUPPRA
0.3064516129032258,0.06854838709677422,0.2777777777777778,0.052721088435374125,0.00044382453636782407,0.010470031634052798,0.08228001674260954,0.07000943314753226,1017,0.6916125769116983,0.008156750938721032,0.14634146341463414,0.09233791748526522,1.0,0.6930216449562856,0,Flipkart,Perfumes,Multipurpose Sprays \u0026 Lubricants,BELLAVITA,Drasert
0.04938271604938271,0.004409171075837749,0.04819277108433735,-0.008605851979345942,0.04712631148576903,-0.002468899635941918,0.2404688685692418,0.062407767448074455,466,-0.050853607163971776,-0.02510281314049323,0.022727272727272728,0.1034928122192273,1.0,0.13842342917822845,0,Myntra,Shirts,Moisturizers,Snitch,The Face Shop
0.2631578947368421,0.16917293233082706,0.18181818181818182,0.09090909090909091,0.12946367675927853,0.008543965824136704,0.07950329036468047,0.2571411544430404,167,0.4171449022303718,0.16250517501075254,0.08571428571428572,0.04790419161676647,1.0,0.3912581285457663,0,Amazon,Gym Equipment,Refrigerators,amazon basics,LG
0.27586206896551724,0.1354679802955665,0.3103448275862069,0.16748768472906406,-0.22597296082009805,0.0016435354273192093,0.2670211666870059,0.14391488375914263,148,-0.12211441666141029,-0.19639199247897765,0.18181818181818182,0.13725490196078433,1.0,0.13815388314666185,0,Croma,Laptops,Speakers,Lenovo,Croma
0.12698412698412698,-2.7755575615628914e-17,0.17543859649122806,0.06641604010025061,0.1292574573842802,0.004218427472321259,0.4416472403162796,0.05946326775146638,389,-0.05944341009442852,0.06306874444096784,0.09923664122137404,0.23999343832020997,1.0,0.08760641879674712,0,Myntra,Jeans,Mens Watches,Mufti,WROGN
0.11290322580645161,0.03917050691244241,0.08163265306122448,0.021865889212827977,0.04474326223468195,0.0016438353730631303,0.19259950678056403,0.06283403758652714,1091,0.11495373964141124,0.10572698554168738,0.08461538461538462,0.026556776556776556,1.0,0.11161423051483971,0,Amazon,Car Cleaning Kits,Mens Grooming,Lyrovo,Lifelong
0.029411764705882353,0.018907563025210083,0.0,-0.02895752895752896,-0.02020925400449555,-0.00033398931401608335,0.4162275983281746,0.0012912426962752475,1093,-0.17647786428912524,-0.05538989252091308,0.0136986301369863,0.0283363802559415,1.0,0.2124529794389313,0,Croma,TWS Earbuds,Speakers,Sony,Philips
0.05,-0.03392857142857142,0.06666666666666667,-0.022857142857142854,-0.006200809352202126,9.153896516361554e-05,0.2472794431414755,0.04862849917143932,1542,-0.5073534754965675,-0.002440947315357323,0.009036144578313253,0.04433249370277078,1.0,0.5087537711068254,0,Amazon,Headphones,Moisturizers,Boult Audio,RAAGA PROFESSIONAL
0.21518987341772153,-0.011754068716094024,0.32608695652173914,0.0861801242236025,0.010683952004738739,0.0024607657839410477,0.2526875462831031,0.09404697551350402,460,0.05452272014200961,0.016384619550642097,0.0972972972972973,0.10652173913043478,1.0,0.07271230976180057,0,Myntra,Perfumes,Casual Shoes,Ajmal,Puma
0.30612244897959184,0.04810495626822159,0.4,0.1180451127819549,-0.021824932406083807,0.006092648153405815,0.28848564388261877,0.09957151692689784,377,-0.1326107961433448,-0.028889606888179077,0.1693121693121693,0.1830238726790451,1.0,0.16643946857851835,0,Flipkart,Perfumes,Mixers \u0026 Grinders,Em5,Flipkart SmartBuy
0.14583333333333334,0.048115079365079375,0.145985401459854,0.03336809176225232,0.0506880940119019,0.00023809523809523864,0.5614810357549879,0.05721289749374807,448,0.2618011002539312,0.0037892930605697723,0.059233449477351915,0.027253668763102725,1.0,0.2821707082512476,0,Myntra,Headphones,Moisturizers,boAt,Nivea
0.0,0.0,0.0,-0.008403361344537815,-0.000620977522526221,-0.00023523856971589062,0.28038225839525055,0.02758190555400491,1091,-0.391081021252912,-5.781049329809383e-07,0.0,0.0283363802559415,1.0,0.4174756872755778,0,Croma,Earphones,TWS Earbuds,JBL,Sony
0.1590909090909091,0.008116883116883106,0.17391304347826086,0.02018633540372669,0.03238937945911957,0.004130773967157058,0.15945628402378004,0.090159751958196,421,0.2885539835844392,0.03718163270009917,0.09278350515463918,0.06132075471698113,1.0,0.32856235830243236,0,Amazon,Earphones,Drills,boAt,IBELL
0.029411764705882353,0.018907563025210083,0.0,-0.02895752895752896,-0.020209254004495553,-0.00033398931401608335,0.38145957569474376,0.0012912426962752475,1093,-0.17647786428912524,-0.05538989252091309,0.0136986301369863,0.0283363802559415,1.0,0.2124529794389313,0,Croma,Speakers,TWS Earbuds,Philips,Sony
0.12121212121212122,0.04220779220779221,0.08695652173913043,-0.008281573498964814,-0.0074570081050072505,-0.0007151460403492923,0.7405101261927561,0.015266764244517991,758,0.4099133866703192,-0.013883779873971857,0.06748466257668712,0.13959731543624163,1.0,0.44079324979037865,0,Flipkart,Car Speakers,PC Games,Pioneer,unknown
0.3783783783783784,0.09845559845559843,0.3442622950819672,0.10304449648711947,0.013320911501676296,0.0052741020793950835,0.1445664636706238,0.17370626464866096,242,0.1125012461274686,0.06426079188645858,0.2047244094488189,0.128099173553719,1.0,0.18147044925795827,0,Flipkart,Garden Tools,Earphones,ProHome,Mivi
0.0,0.0,0.0,0.0,0.0,0.0,0.0,0.0,459,-0.24589344595472248,-3.2042958050833174e-05,0.0,0.03420523138832998,1.0,0.25539426597216125,0,Amazon,Chairs,Headphones,MAHARAJA,boAt
0.18571428571428572,-0.014285714285714263,0.2191780821917808,0.03228962818003911,0.02878299075709271,0.0021920934492440283,0.1967282059962555,0.034543177940269995,475,-0.1372611107764994,0.025851766250225,0.07926829268292683,0.4000706214689265,1.0,0.2055849683023624,0,Myntra,Casual Shoes,Perfumes,ASIAN,Ajmal
0.2719298245614035,0.039473684210526355,0.2773109243697479,0.05642256902761103,0.18558679119217278,0.007450090713097195,0.16221888325844747,0.09708502353248374,561,0.22310321316527124,0.12939830556781826,0.16017316017316016,0.08185053380782918,1.0,0.20237409164573428,0,Amazon,Vacuum Cleaners,Pens \u0026 Writing Instruments,acerpure,Parker
0.0,-0.008571428571428572,0.14285714285714285,0.1054421768707483,0.021196707254691322,0.0029154518950437317,0.08967216323937792,0.11918171934294253,159,0.023076279132987907,0.06232893942491856,0.05084745762711865,0.15,1.0,0.09577756302974001,0,Flipkart,Mens Slippers,Table Tennis,RED TAPE,Crow
0.39416058394160586,0.0954118873826903,0.33076923076923076,0.051098901098901084,-0.005155732739389191,0.008238636363636365,0.19559701173615837,0.11172818192588135,466,0.10412287612305832,0.04591700801809549,0.21610169491525424,0.12875536480686695,1.0,0.14653338789746723,0,Myntra,Moisturizers,Perfumes,The Face Shop,SKINN
0.0,-0.01020408163265306,0.0,-0.013392857142857142,6.114496072948046e-05,-9.106846071534276e-05,0.1643234147250623,6.131391690503364e-05,1366,-0.3913229152168413,-0.0021594738781042207,0.017241379310344827,0.015239477503628448,1.0,0.4027635121548237,0,Amazon,Fiction,Instruments,unknown,IBANEZ
0.3170731707317073,0.05008710801393734,0.35064935064935066,0.07977736549165121,-0.07368367755050195,0.010894301699206643,0.34886315120036737,0.11167361353354845,1090,0.2649579062024017,-0.13396996843814984,0.15460526315789475,0.0776255707762557,1.0,0.38844036629018736,0,Flipkart,Car Care,Dog Food,Woscher,Active
0.19230769230769232,0.004578754578754618,0.17105263157894737,0.011278195488721804,-0.10846367662778007,-0.004312941233163866,0.33534228997075527,0.11116553104898791,559,-0.008619147422099006,-0.1195672436035693,0.049689440993788817,0.0912280701754386,1.0,0.06004152847045164,0,Amazon,Headphones,Digital Safes \u0026 Lockers,GOBOULT,BonKaso
0.0,-0.015037593984962405,0.0,-0.010714285714285714,-0.0005333768877884428,-0.0005281207133058985,0.3155400275748778,0.0033392275719730403,1080,-0.3899494639350713,4.280116810876446e-06,0.0,0.0283363802559415,1.0,0.43677355585739625,0,Croma,Earphones,TWS Earbuds,GOBOULT,Sony
0.0,-0.01948051948051948,0.0,-0.009920634920634922,-0.0004900475272835295,-0.000443244170096022,1.0216140397157065,0.0035572840524904685,1080,-0.23151533533203028,4.509312615818904e-06,0.0,0.022768670309653915,1.0,0.2709144146493254,0,Croma,TWS Earbuds,Earphones,Sony,GOBOULT
0.14285714285714285,0.13265306122448978,0.0,-0.011904761904761904,-0.010220890582680265,-3.7485158220167204e-05,0.3909257657796218,0.05281548666126789,1146,-0.3114244398557552,-0.029344009234233494,0.05555555555555555,0.01033946588884223,0.9869281045751634,0.31424269110346753,0,Croma,Earphones,TWS Earbuds,JBL,GOBOULT
0.1796875,0.06863839285714286,0.20491803278688525,0.09426229508196723,0.003927145371878724,0.0037557074361100782,0.1720991438915731,0.04021640947792619,1154,0.008083080261805558,0.0012367749192821898,0.06844106463878327,0.15442150866462795,1.0,0.00853548226431346,0,Flipkart,TWS Earbuds,Perfumes,Mivi,Wild Stone
0.11363636363636363,0.026785714285714288,0.1724137931034483,0.07635467980295567,0.0038362723040671403,0.007209426055559209,0.25649646434576656,0.03208393690515501,435,0.05310238393876859,0.017029327320885797,0.05405405405405406,0.13162263301539068,0.9978213507625272,0.06238354146161695,0,Myntra,T-Shirts,Casual Shoes,Jack & Jones,Puma
0.2727272727272727,0.17857142857142858,0.17391304347826086,0.08695652173913045,0.03501983759614133,0.004976260043827611,0.12810241567615108,0.17622835599086029,148,0.39440235187221595,0.024512190544688423,0.0625,0.13725490196078433,1.0,0.3922540391680114,0,Croma,Laptops,TWS Earbuds,Lenovo,Sony
0.15873015873015872,0.026077097505668945,0.15625,0.047991071428571425,0.003340061502934165,0.0023699908418108456,0.3478026103909198,0.069013783917088,426,0.0034187830683389112,0.004981578749659233,0.11450381679389313,0.11943793911007025,1.0,0.02973151763594148,0,Myntra,Kurtas \u0026 Kurtis,Mens Watches,FUBAR,Timex
0.1864406779661017,-0.01331719128329295,0.2033898305084746,0.01694915254237292,0.0072210010913356815,3.2464897329765458e-06,0.17121916118619493,0.0925580303884285,608,-0.02954864821377446,-0.0007832179840367018,0.1037037037037037,0.06732348111658457,1.0,0.04146369903874422,0,Amazon,Dash Cameras,Mens Watches,NEXDIGITRON,NAVIFORCE
0.0392156862745098,-0.00980392156862745,0.04081632653061224,-0.0072886297376093395,0.00599307715289148,-0.0004373705483721774,0.19390432094487883,0.08760737729753035,639,-0.03709617554858022,0.004468145904848181,0.007462686567164179,0.5070422535211268,1.0,0.11804289336056173,0,Myntra,Shirts,Shampoos,Snitch,Bare Anatomy
0.0,-0.006493506493506494,0.16666666666666666,0.1488095238095238,0.04501322733209438,0.006293402777777777,0.6671576572927299,0.07363057840302906,396,0.17471796051840863,0.07324209072401132,0.03125,0.017123287671232876,1.0,0.1880766191138683,0,Myntra,Casual Shoes,Headphones,Nike,boAt
0.08695652173913043,0.014906832298136635,0.0967741935483871,0.0261136712749616,-0.032387694950131184,-0.000973291241672626,0.11174444224592095,0.2720992698236952,1336,-0.09950554081869405,-0.026200393919937174,0.06072874493927125,0.07105459985041136,1.0,0.12781701111268073,0,Amazon,Cricket,Drums,Triumph,Clapbox
0.4444444444444444,0.4206349206349206,0.5,0.4642857142857143,0.007078192424713625,0.00871900826446281,1.0052054201731968,0.649838886323461,450,0.80824898085093,0.26547007606641737,0.15789473684210525,0.0028524857375713123,1.0,0.8155184708210069,0,Croma,TWS Earbuds,Earphones,Noise,JBL
0.0,0.0,0.07142857142857142,0.04081632653061225,0.004933632834294745,-0.001225370061758651,0.3316545936305531,0.3341704817623635,109,0.02896038505286079,-0.0007497333244642428,0.0,0.14678899082568808,1.0,0.198108715332472,0,Flipkart,Mixers \u0026 Grinders,Speakers,Hindware Smart Appliances,TRIGGR
0.2,0.05714285714285716,0.13636363636363635,0.006493506493506523,0.01117658957144636,0.0036514216469115393,0.3151657226663055,0.10408497928809027,371,0.29969223027303676,0.010907476639388193,0.07142857142857142,0.05390835579514825,1.0,0.3330065527839982,0,Myntra,Smartwatches,Mens Outerwear,Titan,StyleCast x Revolte
0.06451612903225806,0.03225806451612903,0.05555555555555555,0.007936507936507929,-0.0007734122034859435,-6.694073897959231e-05,0.7693123334399031,0.1125759237275974,2869,0.28059688216986645,-0.00013507700707465653,0.03076923076923077,0.006966213862765587,1.0,0.3283158150968,0,Croma,Speakers,Earphones,Philips,JBL
0.381294964028777,0.028776978417266175,0.44696969696969696,0.13582251082251073,0.019520381325397945,0.011505056513979775,0.2918543737560764,0.10834441705152884,430,-0.3384730461027606,0.05516461487532345,0.27058823529411763,0.25116279069767444,1.0,0.38333285076287144,0,Flipkart,Heat Guns \u0026 Blowers,Clocks,INGCO,LUPPRA
0.14516129032258066,0.03763440860215056,0.13157894736842105,0.024812030075187966,0.07361438284724547,0.005511930311829314,0.1372659005048698,0.05318669728447866,910,-0.019267357312294706,0.06576130303114304,0.06818181818181818,0.02631578947368421,1.0,0.04425901545899254,0,Flipkart,Supplements,Football,HORLICKS,Hundred
0.3,0.035119047619047605,0.28225806451612906,0.04838709677419356,-7.7245688823006e-05,0.01166992803938896,0.7518708759951637,0.04482175813607146,371,-0.06660554894046983,-0.0025673624418681047,0.16589861751152074,0.036684782608695655,1.0,0.09499899942459979,0,Flipkart,Fiction,Mens Watches,Pearson Education (US),DANIEL HECHTER
0.25925925925925924,0.05158730158730157,0.26785714285714285,0.04209183673469391,0.015547366955985293,0.0025255102040816317,0.40829898728726405,0.05188956216467649,290,0.04579115501147389,0.07861380560828664,0.14705882352941177,0.10689655172413794,1.0,0.04955838121983916,0,Amazon,Headphones,Digital Safes \u0026 Lockers,GOBOULT,BonKaso
0.0,0.0,0.0,0.0,0.0,0.0,0.13719974518354552,0.0,298,0.0,0.0,0.0,0.0,1.0,0.0,0,Myntra,Headphones,Mens Outerwear,Boult Audio,StyleCast x Revolte
0.06976744186046512,0.014950166112956804,0.11627906976744186,0.0664451827242525,0.011247942094861376,0.003559467310042698,0.14487508138696284,0.1412100723709067,1094,0.03980494984180207,0.014681283769879898,0.034482758620689655,0.0283363802559415,1.0,0.050394745122403446,0,Croma,Speakers,TWS Earbuds,Croma,Sony
0.20588235294117646,-0.02310924369747902,0.27,0.0757142857142857,0.013729342992877057,0.0014957638221678744,0.1522882429892628,0.04269066397101067,878,-0.033063247426281354,0.0071850959702568105,0.11162790697674418,0.09634160803225551,0.9874715261958997,0.0642026937657663,0,Amazon,Kitchen Storage \u0026 Containers,Food Processors \u0026 Choppers,MILTON,AGARO
0.0,0.0,0.0,0.0,-0.00029014786912832144,-6.510238206189524e-05,0.8878404819102405,0.00029090964208827974,1146,0.1566984180398813,-0.0002564580038353188,0.0,0.013039934800325998,1.0,0.15744824911819502,0,Croma,TWS Earbuds,Speakers,GOBOULT,Croma
0.08955223880597014,-0.02665245202558636,0.13636363636363635,0.02813852813852813,0.025610652352780757,0.002348632416199984,0.22376889930663021,0.05332764968817291,497,0.25410996785866846,0.02268467033779725,0.06040268456375839,0.08475263584752635,1.0,0.2728438596042952,0,Myntra,Kurtas \u0026 Kurtis,Serums,FUBAR,deconstruct
0.18181818181818182,0.04870129870129872,0.1774193548387097,0.06682027649769588,0.09930766325153212,0.0030574845679012344,0.10031625281324134,0.061440605041426295,740,0.26814350148494304,0.08989336622408713,0.07692307692307693,0.05121293800539083,1.0,0.26295621563704846,0,Flipkart,Office Chairs,Sewing Machines,Oakcraft,Rilson
0.3541666666666667,0.06349206349206349,0.3402777777777778,0.03373015873015872,-0.0023264354949017432,-0.0005152196433688278,0.28921841055714137,0.11735351859957746,487,0.045280829915915276,-0.00684993885107002,0.1875,0.5893909626719057,1.0,0.04752375506055047,0,Myntra,Cargos,Casual Shoes,HIGHLANDER,Puma
0.1919191919191919,0.03318903318903316,0.08235294117647059,-0.03193277310924371,-0.04229532333648969,-0.002506458105951327,0.2478846252379892,0.05262054010155106,447,-0.28254546537838876,-0.033131634790251635,0.1076923076923077,0.0625,1.0,0.2866751928338042,0,Flipkart,Televisions,T-Shirts,Coocaa,LOUIS PHILIPPE
0.15492957746478872,-0.011066398390342042,0.07317073170731707,-0.11846689895470387,0.008937065934508255,-0.0038142235557767053,0.26371323248813533,0.05636416512704023,537,-0.21196997410810967,0.02145932161747103,0.049079754601226995,0.06457564575645756,1.0,0.2210515192385159,0,Amazon,Headphones,Camera Accessories,boAt,unknown
0.0,-0.007025761124121781,0.03125,0.026785714285714288,0.06670207762373712,0.006148726851851851,0.5560161029097028,0.0007614969508680725,462,-0.041743974478435496,0.008807040073882774,0.006993006993006993,0.003913894324853229,1.0,0.044706352411273916,0,Myntra,Cargos,Headphones,HIGHLANDER,boAt
0.06896551724137931,-0.07389162561576354,0.05714285714285714,-0.08163265306122452,-0.003170063700248968,-0.005172171139050478,0.3674076566235257,0.00559462763973241,310,0.5606452856688267,-0.00710924624799309,0.04838709677419355,0.03870967741935484,1.0,0.5707541971780269,0,Myntra,Mens Sports Shoes,Shirts,Nike,HIGHLANDER
0.20567375886524822,0.03140830800405267,0.1724137931034483,-0.01970443349753695,-0.030872061403849713,-0.0023469650205761305,0.11092668130993519,0.08864792144852819,452,0.12092800004055558,-0.011063096010358004,0.13310580204778158,0.07300884955752213,1.0,0.18789184948528379,0,Flipkart,Face Wash,Helmets,Aqualogica,TVS
0.14666666666666667,-0.04190476190476189,0.27848101265822783,0.07685352622061484,-0.01641497390079053,0.00027751207472750776,0.12187959311081219,0.0472639973951314,608,-0.03395264101136636,-0.015545818295558272,0.08552631578947369,0.060755336617405585,1.0,0.039401007170505896,0,Amazon,Mens Watches,Perfumes,NAVIFORCE,WILD STONE CODE
0.23809523809523808,0.15646258503401358,0.13043478260869565,0.05900621118012424,0.06108577079960984,-0.00023805401662049808,0.11096594518358727,0.17332832974195703,152,0.4092500719718203,0.041970176642918106,0.06521739130434782,0.13725490196078433,1.0,0.419823757520829,0,Croma,TWS Earbuds,Laptops,Sony,Lenovo
0.0,-0.02787456445993031,0.10416666666666667,0.07738095238095238,0.008513091619558506,0.0008160478748086553,0.15886042409010268,0.013779630976422066,459,0.2660428946662965,0.01799676000815363,0.020618556701030927,0.5054585152838428,1.0,0.2745180541908797,0,Myntra,Casual Shoes,Tracksuits,Puma,Nike
0.09090909090909091,0.0367965367965368,0.07692307692307693,-1.3877787807814457e-17,0.0013147782062608927,0.0016978458049886624,0.5604702280224111,0.047044101012826606,448,-0.2755291302442023,0.007407871434673162,0.02564102564102564,0.012987012987012988,1.0,0.29549945299898395,0,Myntra,Headphones,Shirts,boAt,HIGHLANDER
0.20833333333333334,0.09821428571428574,0.28125,0.11607142857142858,-0.029576278011163564,-0.012338608912952933,0.1241000992369876,0.1920167566973331,106,0.14556008473543486,-0.045976355844403474,0.10714285714285714,0.11320754716981132,1.0,0.22367239018951451,0,Flipkart,Backpacks,Perfumes,HRX by Hrithik Roshan,Ajmal
0.06451612903225806,0.03225806451612903,0.05555555555555555,0.007936507936507929,-0.0007734122034859436,-6.694073897959231e-05,0.7479322625057849,0.1125759237275974,2869,0.28059688216986645,-0.00013507700707465653,0.03076923076923077,0.006966213862765587,1.0,0.3283158150968,0,Croma,Earphones,Speakers,JBL,Philips
0.2430939226519337,0.06550907655880026,0.20634920634920634,0.026832955404383935,-0.016503773301813723,0.001366909758034337,0.1777896369868347,0.05400676540710767,1683,0.059392733032362706,-0.012103551588678001,0.10893854748603352,0.2182482779248885,0.9928741092636579,0.0755095495750196,0,Myntra,Serums,Mens Watches,Minimalist,WROGN
0.21153846153846154,0.021978021978021983,0.16666666666666666,-0.017857142857142877,-0.056193466278494884,-0.007556544692303709,0.21386374405779038,0.14484699443095253,292,0.005145898129683285,-0.028547243459078244,0.08264462809917356,0.1320590586354446,1.0,0.029115902233820802,0,Flipkart,Cycling,Suitcases,EAST COAST,NASHER MILES
0.16901408450704225,0.035211267605633784,0.18309859154929578,0.08048289738430585,-0.18934598141225667,0.0027873755356537036,0.32176451995532934,0.3841205227858361,1138,-0.0870431825094125,-0.3427461528107729,0.1056338028169014,0.26363236587510996,1.0,0.08995369346755021,0,Amazon,Gym Equipment,Office Desks,BOLDFIT,ABOUT SPACE
0.22033898305084745,0.03389830508474578,0.25,0.12165178571428573,-0.06986366291344968,0.00272584174761009,0.32989906486987214,0.05190297884207405,453,0.29005238143356044,-0.040467350120766944,0.10144927536231885,0.04415011037527594,1.0,0.2972648360281145,0,Myntra,Perfumes,Protein \u0026 Sports Nutrition,Ajmal,MuscleBlaze
0.33962264150943394,0.08490566037735847,0.21428571428571427,0.005952380952380959,0.027305836352780888,0.007247900826971,0.33053169773282914,0.0675279306084963,522,0.07380861027405827,0.02623798144226049,0.15168539325842698,0.10095238095238095,1.0,0.12055949623173758,0,Amazon,Headphones,Light Bulbs,Noise,Crompton
0.3605150214592275,0.024831391784181478,0.3702127659574468,0.0495440729483283,0.005022576897685685,0.012004020244368748,0.35042288628413665,0.09293502841635999,1330,0.03237383450278295,-0.010444179306444906,0.1744186046511628,0.1504752292034654,1.0,0.07048482250118211,0,Flipkart,Engine Oils \u0026 Lubricants,Bath \u0026 Body,Shell,DOVE
0.13157894736842105,0.08082706766917293,0.1282051282051282,0.07692307692307693,-0.07712305789088694,0.003789622386946239,0.21883744117157708,0.22645755244622315,1094,0.10365662354314382,-0.07873632266211983,0.05405405405405406,0.022768670309653915,1.0,0.1395699678416508,0,Croma,TWS Earbuds,Speakers,Sony,Croma
0.19672131147540983,0.03161592505854802,0.23728813559322035,0.06900726392251816,0.04219351160629919,-0.00502974580854516,0.15851035200096353,0.24376007756612322,227,-0.27083387969086176,0.0698592346575169,0.07874015748031496,0.05286343612334802,1.0,0.3606388035359714,0,Flipkart,Console Games,Protein \u0026 Sports Nutrition,HG WORLD,Nutrabay
0.0,0.0,0.0,0.0,0.0,0.0,0.058847407365833417,0.0,240,0.1378494695995629,-0.0006109611272799307,0.0,0.11409395973154363,1.0,0.14886250489020758,0,Flipkart,Dishwashers,Perfumes,Beyond Appliances,Wild Stone
0.1,0.0642857142857143,0.06666666666666667,0.052380952380952375,0.00028876846185693454,-5.54016620498615e-05,0.6803003814653177,0.008787087040347795,1146,0.08316370192244801,-0.0002269712733823592,0.0,0.00734094616639478,1.0,0.08480526538299626,0,Croma,TWS Earbuds,Speakers,GOBOULT,Philips
0.0,0.0,0.0,-0.027777777777777783,0.001622197746724176,-0.0009467587435954556,0.3789756243194205,0.0021193095238907222,134,-0.18868371772878037,-0.003563440406904744,0.0,0.13725490196078433,1.0,0.3698824579836501,0,Croma,Earphones,Laptops,GOBOULT,Lenovo
0.14285714285714285,0.05102040816326529,0.2631578947368421,0.1917293233082707,0.04384929711457011,0.0053213610586011345,0.2603218847318253,0.06194313760493129,238,0.20644728420864777,0.020320266476045516,0.03333333333333333,0.007874015748031496,1.0,0.2195118300068538,0,Amazon,Power Banks,Mens Grooming,unknown,CULT
0.0,0.0,0.0,-0.015527950310559006,-0.00045892724469866674,-8.608030315156276e-05,0.22354347123343807,0.00045986899297299793,1490,0.3538414922454159,2.023245128413397e-06,0.0,0.012056262558606833,1.0,0.35378006555314045,0,Croma,Earphones,Speakers,JBL,Croma
0.36633663366336633,0.07284299858557292,0.3163265306122449,0.04446064139941691,0.06892425042250336,0.001475315065325472,0.1260267631333952,0.057700829283541255,497,-0.05538864971456929,0.08538205771322767,0.13636363636363635,0.09940357852882704,1.0,0.14530135861246565,0,Amazon,Suitcases,Tool Kits \u0026 Sets,American Tourister,Eastman
0.5609756097560976,0.1698606271777004,0.5057471264367817,0.08210180623973734,0.06837834361050939,-0.005226355247981554,0.4291565599641919,0.028564497555967534,216,-0.09434055476877783,0.03331280696571768,0.3310810810810811,0.18807339449541285,1.0,0.14569705499445537,0,Flipkart,Tyre Inflators \u0026 Pumps,Mixers \u0026 Grinders,Portronics,Grand plus
0.11764705882352941,0.04761904761904763,0.17777777777777778,0.06349206349206353,0.14129422604831496,-0.006689804335797998,0.17444051741835653,0.10438975241148211,153,0.16969360831699007,-0.02221354726698638,0.15306122448979592,0.0784313725490196,1.0,0.24829740631960193,0,Flipkart,Small Appliances,T-Shirts,HAVELLS,PUMA
0.0,-0.004608294930875576,0.0,-0.012987012987012988,-0.00034049868368350424,-0.00025789753638773055,0.724524599569549,0.00034127592455431596,1360,0.13861600239753624,-0.0026259709598562596,0.014705882352941176,0.004682004816271374,1.0,0.13705695346329363,0,Croma,Speakers,Earphones,Croma,GOBOULT
0.0,-0.020905923344947733,0.0,-0.005952380952380952,4.241964901431398e-05,-0.00014856545856774787,0.1938911664955831,0.0021856827420879818,1731,0.23087054796919068,0.06691324592223377,0.00909090909090909,0.12758620689655173,1.0,0.22960278680621027,0,Amazon,Dog Food,Fiction,BOLTZ,unknown
0.24468085106382978,0.06382978723404259,0.22448979591836735,0.06122448979591835,0.1151646244553653,0.014359504132231403,0.23905968526400695,0.11498843158037887,466,0.35400907210055993,0.16800025773677854,0.16666666666666666,0.060085836909871244,1.0,0.32912001382968353,0,Myntra,Moisturizers,Casual Shoes,The Face Shop,Nike
0.3951612903225806,0.09965437788018428,0.421875,0.1294642857142857,0.0024143278941119654,0.0093827479338843,0.21157581121420296,0.034515392842451004,466,0.07025803099179227,0.04174539773090398,0.18614718614718614,0.12017167381974249,1.0,0.06347810018034622,0,Myntra,Casual Shoes,Moisturizers,Puma,The Face Shop
0.23076923076923078,0.12362637362637365,0.15625,-0.040178571428571425,-0.008754692684040168,-0.0042229729729729715,0.17832655358364027,0.11276471866207027,154,0.2855365834204728,-0.01560036033569557,0.05172413793103448,0.1818777865198007,1.0,0.3231215032622012,0,Myntra,Smartwatches,Casual Shoes,Fastrack,Puma
0.0967741935483871,0.01958525345622121,0.15,0.052380952380952375,-0.0005787385023182219,-7.540871523658253e-05,0.4014934409928677,0.19599205819050264,726,-0.03751333233604173,0.0006585915091333239,0.032467532467532464,0.030261348005502064,1.0,0.07999049742106873,0,Myntra,Smartwatches,Shampoos,Titan,Bare Anatomy
0.0,-0.015037593984962405,0.0,-0.010714285714285714,-0.0005333768877884428,-0.0005281207133058985,1.0326141547388965,0.0033392275719730403,1080,-0.38994946393507135,4.280116810876447e-06,0.0,0.0283363802559415,1.0,0.43677355585739625,0,Croma,TWS Earbuds,Earphones,Sony,GOBOULT
0.39375,0.12232142857142858,0.2679738562091503,0.022408963585434177,0.0054616922324737605,0.011113483022505127,0.3855400610015539,0.03884108830860384,1390,0.25851205329554433,0.029963075514612105,0.18181818181818182,0.20545670225385526,1.0,0.2564346155271748,0,Myntra,Mens Outerwear,Casual Shoes,Roadster,Puma
0.0,0.0,0.05,0.014285714285714284,0.0018182370735435715,-0.004166140638808232,0.19139197185691803,0.2901310905750014,97,0.35883979352689793,-0.003353317641478478,0.02702702702702703,0.02040816326530612,1.0,0.38952296990210666,0,Flipkart,Smartwatches,Living Room,boAt,Online Decor Shoppee
0.2222222222222222,0.1746031746031746,0.0,0.0,0.015064027450209233,-0.0018518518518518517,0.060858384729323076,0.07248590516740885,94,-0.011727637259524745,0.11244158254646476,0.2,0.041666666666666664,1.0,0.13023585260838505,0,Amazon,Vehicles,Suitcases,Storio,American Tourister
0.25,-0.02916666666666662,0.27102803738317754,0.03938584779706278,-0.02836769590058452,-0.0016922762155432772,0.10240265066659947,0.0460061904532486,605,0.1270438616490589,-0.03769561870999905,0.11304347826086956,0.09752066115702479,1.0,0.1417020732063473,0,Flipkart,Suitcases,Gas Stoves,Mokobara,Natraj Aatamaker
0.18181818181818182,0.02922077922077923,0.15942028985507245,0.0062111801242235865,0.006801221867201697,0.000516662361146991,0.2404919979628732,0.030202382687208852,588,-0.012256811662546649,0.01832012272634887,0.09219858156028368,0.09130692599620494,0.9897959183673469,0.04933424295152847,0,Amazon,Laptop Backpacks,Cricket,Safari,Triumph
0.0273972602739726,-0.012720156555772986,0.041666666666666664,-0.008928571428571425,-0.00016754165315998972,-0.0007344690324484749,0.1647259388879747,0.05936829279392882,1662,0.04018258163525099,0.022136716981904777,0.013157894736842105,0.012033694344163659,1.0,0.05277805787111908,0,Myntra,Casual Shoes,Serums,Nike,deconstruct
0.25663716814159293,0.0777496839443742,0.2032520325203252,0.02206736353077815,0.10309064408747032,0.009516026580894957,0.24500067004636283,0.10963580619008212,1133,0.11733907671540722,0.15854603742760692,0.10256410256410256,0.03262786596119929,1.0,0.10762890650522988,0,Myntra,Casual Shoes,Serums,Nike,Minimalist
0.0,0.0,0.0,0.0,0.0,0.0,0.08312825389139654,0.0,748,0.0,0.0,0.0,0.08465608465608465,1.0,0.0,0,Flipkart,Cycling,Headphones,XCi,boAt
0.36666666666666664,0.15873015873015872,0.3076923076923077,0.09340659340659344,0.0823969772733093,0.019046370207674277,0.2773702490136732,0.08853363493089451,587,-0.06861676920546297,0.09843980436955427,0.14792899408284024,0.08163265306122448,1.0,0.14647033823261163,0,Amazon,Laptop Backpacks,Gym Equipment,Safari,Lifelong
0.4897959183673469,0.1768707482993197,0.37254901960784315,0.05042016806722688,0.01627467466899742,0.008970883202186513,0.1378906244916768,0.045390338089023825,669,0.15510143664978795,0.028314974010924424,0.18411552346570398,0.11044776119402985,1.0,0.15212892567087882,0,Amazon,Monitors,Pens \u0026 Writing Instruments,Lenovo,Parker
0.13157894736842105,0.08082706766917293,0.1282051282051282,0.07692307692307693,-0.07712305789088694,0.003789622386946239,0.21883744117157708,0.22645755244622315,1094,0.10365662354314382,-0.07873632266211983,0.05405405405405406,0.022768670309653915,1.0,0.1395699678416508,0,Croma,TWS Earbuds,Speakers,Sony,Croma
0.3333333333333333,0.22023809523809523,0.5263157894736842,0.381578947368421,0.18326094086405126,0.04585798816568047,0.20414300334278193,0.11585660430193677,136,-0.08618669480948578,0.13987637481910078,0.2,0.10218978102189781,1.0,0.27742171926110387,0,Myntra,Suitcases,Perfumes,Aristocrat,SKINN
0.2631578947368421,0.16541353383458648,0.19047619047619047,0.09183673469387754,0.163245591341102,0.021583564173591877,0.43564808584312453,0.17332326125097577,122,-0.15968230307906334,0.1472156454159102,0.1282051282051282,0.07281553398058252,1.0,0.26350899038746073,0,Flipkart,Smartwatches,Recliners,boAt,Flipkart Perfect Homes
0.3611111111111111,0.11309523809523811,0.3424657534246575,0.09295499021526418,0.051187476793432,0.007295918367346936,0.13135867147029825,0.1450931078788058,290,0.0026173641441583064,0.013254400848183268,0.14893617021276595,0.10344827586206896,1.0,0.12695531558784848,0,Amazon,Perfumes,Headphones,Wild Stone,GOBOULT
0.045454545454545456,0.016233766233766236,0.0625,-0.008928571428571425,0.010904078208655082,0.0015065741417092772,0.4045358877383234,0.15994222219956702,160,0.09707937067883088,0.037569799693360245,0.01694915254237288,0.012578616352201259,1.0,0.10883191280492452,0,Flipkart,Perfumes,Mens Slippers,BEARDO,RED TAPE
0.2727272727272727,0.17857142857142858,0.17391304347826086,0.08695652173913045,0.03501983759614133,0.004976260043827611,0.12810241567615108,0.17622835599086029,148,0.39440235187221595,0.024512190544688423,0.0625,0.13725490196078433,1.0,0.3922540391680114,0,Croma,Laptops,TWS Earbuds,Lenovo,Sony
0.284375,0.03638392857142855,0.27672955974842767,0.029649595687331526,-0.030096539263525617,0.005240289699733454,0.2663612152592023,0.029921686269935938,1802,-0.08262255613103668,-0.01705686514932616,0.14463276836158193,0.0919928859468919,0.9964317573595004,0.08211513253713737,0,Amazon,Washing Machines,Headphones,Orpat,Boult Audio
0.275,-0.008928571428571397,0.25,0.004464285714285671,-0.05432576423103091,0.006419595702057912,0.3012589214046172,0.061858573047372606,666,0.03224735390687751,-0.04586847937659661,0.13852813852813853,0.08258258258258258,1.0,0.07303376894742299,0,Flipkart,Lighting \u0026 Electrical,Engine Oils \u0026 Lubricants,Longway,Shell
0.06818181818181818,0.011363636363636367,0.09615384615384616,0.04395604395604396,0.014278438700822639,-0.00031683215667051247,0.2010427659457353,0.04843078432714145,460,0.1877938124751655,0.017019941722273058,0.009615384615384616,0.10652173913043478,1.0,0.19924150046192576,0,Myntra,Shirts,Casual Shoes,Snitch,Puma
0.398989898989899,0.016594516594516606,0.45408163265306123,0.04774052478134111,-0.0588065950656754,-0.0033753086419753137,0.19962594431517527,0.07694700876683978,511,-0.020164637435906595,-0.007984985062551698,0.24188790560471976,0.14090019569471623,1.0,0.05580691918769441,0,Myntra,Moisturizers,Cargos,Nivea,HIGHLANDER
0.18181818181818182,0.05519480519480521,0.2,0.10714285714285715,0.018275364578219253,-0.0006409229290177858,0.06936781801919044,0.08260478473432414,166,0.27443710867269844,0.033177596959163703,0.044444444444444446,0.04790419161676647,1.0,0.3047325300594828,0,Amazon,Gym Equipment,Refrigerators,Lifelong,LG
0.0,-0.02976190476190476,0.13333333333333333,0.09047619047619047,-0.0009282041019029579,0.0018170488403877068,1.2467001999400609,0.003214304987358294,450,0.07092834340227845,0.005323728014585248,0.03571428571428571,0.004269449715370019,1.0,0.07483630369433625,0,Croma,TWS Earbuds,Speakers,Noise,Philips
0.1827956989247312,0.08525345622119815,0.15714285714285714,0.06530612244897958,0.05319274711222868,0.0029279904780797465,0.12139481968376642,0.07910600425562288,1091,0.12644969285336605,0.06913970036313889,0.10270270270270271,0.054995417048579284,1.0,0.13697842604973007,0,Amazon,Drums,Mens Grooming,Clapbox,Lifelong
0.4722222222222222,0.10436507936507933,0.34269662921348315,0.029293739967897248,0.004639897209371071,0.016580534022394483,0.26594098060036286,0.09227904941097204,891,0.05447745927942415,-0.002938313479511714,0.20481927710843373,0.07606263982102908,1.0,0.07697847765590737,0,Flipkart,Grains \u0026 Pulses,Drills,Yogabar,LEOFAST PROFESSIONAL
0.15217391304347827,0.009316770186335421,0.2545454545454545,0.1077922077922078,-0.05820460275284236,0.00522997460757156,0.43500461543043484,0.08151168425001577,486,-0.09593454428860179,-0.03592016416615675,0.08571428571428572,0.06378600823045268,1.0,0.12328916246268672,0,Myntra,Casual Shoes,Shirts,Nike,HIGHLANDER
0.19444444444444445,0.005952380952380959,0.22608695652173913,0.06211180124223603,0.04986240663435419,0.0070305325987144165,0.578319080200313,0.038431148752886106,1103,-0.38742407906405735,0.04033048435835636,0.08786610878661087,0.08681592039800995,1.0,0.39392551137845777,0,Flipkart,Casual Shoes,Football,RED CHIEF,Hundred
0.06976744186046512,0.007475083056478406,0.048484848484848485,0.008658008658008663,-0.01485270532876404,-0.0038428914366847784,0.5716889893041599,0.015251445191789267,1499,-0.023746705718759992,-0.011217414890844036,0.03296703296703297,0.09238985313751669,1.0,0.025256561055519933,0,Amazon,Headphones,Gym Equipment,PTron,Lifelong
0.06451612903225806,0.03225806451612903,0.05555555555555555,0.007936507936507929,-0.0007734122034859435,-6.694073897959231e-05,0.7693123334399031,0.1125759237275974,2869,0.28059688216986645,-0.00013507700707465653,0.03076923076923077,0.006966213862765587,1.0,0.3283158150968,0,Croma,Speakers,Earphones,Philips,JBL
0.35714285714285715,0.08979591836734696,0.24285714285714285,-0.0051020408163265085,-0.0025599086833079407,0.0034159722581646942,0.787446405131431,0.06346078940798856,292,0.045601242206494176,0.015005848977857842,0.18181818181818182,0.0821917808219178,1.0,0.06634515012474419,0,Flipkart,Suitcases,Perfumes,NASHER MILES,Ajmal
0.0,0.0,0.0,0.0,-0.00029014786912832144,-6.510238206189524e-05,0.8878404819102405,0.00029090964208827974,1146,0.1566984180398813,-0.0002564580038353188,0.0,0.013039934800325998,1.0,0.15744824911819502,0,Croma,TWS Earbuds,Speakers,GOBOULT,Croma
0.3793103448275862,0.28817733990147776,0.3125,0.16517857142857142,0.00404695060261534,0.04761904761904763,0.6224632572781691,0.2185181752773718,113,-0.11998009495818987,-0.018715105566884025,0.2641509433962264,0.11504424778761062,1.0,0.12780371494061782,0,Flipkart,Car Care,Helmets,Woscher,SMK
0.4021164021164021,0.03287981859410427,0.3417085427135678,-0.02512562814070357,-0.005897178643315274,-0.0014387743429895052,0.26379519671412327,0.05951745145045975,843,-0.021480997852581698,0.0037120842091450047,0.19273743016759776,0.11952662721893491,1.0,0.030962920156562986,0,Flipkart,Face Wash,Car Audio,Aqualogica,DODJ
0.3411764705882353,0.12689075630252106,0.3368421052631579,0.11203007518796992,0.025489024279606087,0.01182477828540715,0.20960633501866177,0.09556616470869024,453,0.22609081709386697,0.06702139486109307,0.1276595744680851,0.12555066079295155,1.0,0.27512387723125453,0,Myntra,Perfumes,Serums,Ajmal,deconstruct
0.25,0.23214285714285715,0.125,0.09821428571428571,-0.03181565085232689,-0.00922722029988466,0.18999357538370268,0.15884220161994494,143,0.10200542647899907,-0.03491189394400815,0.0625,0.07797842401500937,1.0,0.27907311123339146,0,Amazon,Gym Equipment,Home Projectors,Lifelong,E GATE
0.43125,0.09866071428571432,0.37748344370860926,0.08183538315988648,-0.0026874177249315706,0.01290714954102696,0.15202271553438124,0.04991384476870171,992,0.3434953888887806,0.024512092263403635,0.18471337579617833,0.08862034239677745,1.0,0.3459476408174373,0,Flipkart,Non-Fiction,Mixers \u0026 Grinders,CBS Publishers and Distributors Private Limited,AGARO
0.22727272727272727,0.045454545454545414,0.2261904761904762,0.06547619047619047,-0.010790383855635285,0.0033575484521355245,0.11578130018893183,0.1809505413843499,669,0.5768110553953586,0.021442835236740065,0.08426966292134831,0.09682282003710575,0.9492537313432836,0.5897933046922922,0,Amazon,Monitors,Gym Equipment,Lenovo,Cockatoo
0.23809523809523808,0.15646258503401358,0.13043478260869565,0.05900621118012424,0.06108577079960985,-0.00023805401662049808,0.1408706733576439,0.17332832974195703,152,0.40925007197182023,0.041970176642918106,0.06521739130434782,0.13725490196078433,1.0,0.419823757520829,0,Croma,Laptops,TWS Earbuds,Lenovo,Sony
0.08433734939759036,-0.022375215146299504,0.024691358024691357,-0.0784832451499118,-0.0010225841402345976,-0.0008613143797486082,0.1568158378341782,0.006455073956202145,911,0.20677446653599985,0.0010457825216874245,0.035897435897435895,0.055449330783938815,1.0,0.21224375227666217,0,Amazon,Air Purifiers,Headphones,Eureka Forbes,GOBOULT
0.15254237288135594,0.049636803874092014,0.14814814814814814,0.04365079365079365,-0.01193626653702194,0.003907473755560746,0.24246724122098093,0.04946085951724083,445,-0.03195480751103962,-0.03555447620030178,0.08130081300813008,0.033707865168539325,1.0,0.0558166805234423,0,Myntra,Casual Shoes,Mens Outerwear,Nike,Roadster
0.2222222222222222,0.0582010582010582,0.22916666666666666,0.07291666666666666,-0.10646404855224849,-0.010887336504161713,0.10482015428632145,0.07675313191018189,244,-0.019456624536204323,-0.1004223012479018,0.10619469026548672,0.1417004048582996,1.0,0.08738959932013525,0,Flipkart,Drills,Gourmet Food,LEOFAST PROFESSIONAL,joganiya dairy
0.4840764331210191,0.02593266606005451,0.4906832298136646,0.02750665483584741,-0.01202908624355214,0.0039845553916272175,0.24232775900123774,0.11534816942790412,451,-0.12346205089824609,-0.005500896797912079,0.3003533568904594,0.14784356725146197,1.0,0.14744102016870017,0,Flipkart,Heat Guns \u0026 Blowers,Jeans,INGCO,DENIM LOOK
0.25688073394495414,0.0976408912188729,0.11827956989247312,-0.026113671274961586,0.00847982113134187,0.0024539547228914224,0.18185972457992872,0.0247846207989413,852,0.19349947317551663,0.023437396494565065,0.10144927536231885,0.07593457943925233,1.0,0.20707871662973706,0,Amazon,Mens Sneakers,Speakers,Skechers,boAt
0.4049079754601227,0.003943908851884281,0.39072847682119205,0.03784295175023661,-0.023896704965854994,-0.0011565619673727726,0.23442958899980817,0.12266868365711298,473,0.2068568804169848,0.05475892817230048,0.2007042253521127,0.15756302521008403,1.0,0.2360076439430178,0,Myntra,Mens Sports Shoes,Mens Watches,Skechers,Titan
0.375,0.35714285714285715,0.0,-0.047619047619047616,0.00568637142077035,0.008950617283950617,0.10156649172393116,0.008620668750032572,94,0.1572959957405595,0.047854243295830524,0.125,0.052083333333333336,1.0,0.14970482998098208,0,Amazon,Vehicles,Refrigerators,Storio,LG
0.3269230769230769,0.03379120879120884,0.30039525691699603,0.031620553359683834,-0.019041258526864058,0.009566594886265191,0.34164755361628873,0.06816511519588411,1837,-0.4882678627306891,-0.04830489956943242,0.16812227074235808,0.5201525054466231,1.0,0.495825193558815,0,Myntra,Moisturizers,Perfumes,Nivea,SKINN
0.09523809523809523,-0.03401360544217688,0.37037037037037035,0.2328042328042328,0.005335252109873783,-0.0013905325443786982,0.155590908166683,0.10049647253894038,136,-0.134991009591889,-0.007847466189866736,0.125,0.17673992673992672,1.0,0.2148742276049331,0,Myntra,Casual Shoes,Suitcases,Puma,Aristocrat
0.11764705882352941,0.012605042016806733,0.15384615384615385,0.038461538461538464,-0.012795109758340207,-0.003861290562114799,0.13627936446773564,0.11734906294886491,209,-0.0014579529295799907,-0.01525333411065429,0.03333333333333333,0.09904601571268237,0.9009433962264151,0.19839372912266626,0,Amazon,Headphones,Health Monitors,Noise,DR VAKU
0.3197278911564626,0.008746355685131268,0.3333333333333333,0.08549783549783543,0.034012537222485206,-0.00896978795271157,0.3997738323904804,0.05636581458883983,389,0.0946917024838926,0.04571000361896969,0.16731517509727625,0.10796915167095116,1.0,0.0971038743382146,0,Myntra,Moisturizers,Jeans,Nivea,Mufti
0.27450980392156865,0.051120448179271694,0.33653846153846156,0.09271978021978022,-0.07266878349162953,3.099583415988594e-05,0.5882974766546188,0.10356696853610466,298,0.11532295402854578,-0.08258839032117633,0.1497326203208556,0.09395973154362416,1.0,0.14367462787911717,0,Myntra,Shirts,Moisturizers,MISCHIEF MONKEY,Nivea
0.2,0.019047619047619035,0.3142857142857143,0.14081632653061224,0.014395532424219827,0.0076005585952702535,0.21866220863474964,0.26681757341666834,219,0.27078916803324904,0.08182627552905569,0.12307692307692308,0.09090909090909091,1.0,0.26866525243084005,0,Myntra,Womens Watches,Bottoms,CASIO,Stylecast X Kotty
0.13414634146341464,-0.06184668989547043,0.2826086956521739,0.07919254658385089,-0.002258439511175286,0.002132491265788767,0.5817561503029651,0.0697923883971945,637,-0.2301028337090174,-0.017254417829427268,0.0782122905027933,0.05118595825426945,1.0,0.23428778802531564,0,Flipkart,Casual Shoes,Kurtas \u0026 Kurtis,RED CHIEF,Koshin
0.19298245614035087,0.06516290726817042,0.24074074074074073,0.09126984126984125,0.0083824227842346,0.0019338717487341651,0.11357426666366659,0.023348910709035504,421,0.06475856339240713,0.00636292796657773,0.08196721311475409,0.06132075471698113,1.0,0.0586686873672743,0,Amazon,Food Processors \u0026 Choppers,Drills,AGARO,IBELL
0.08064516129032258,-0.010368663594470029,0.06153846153846154,-0.04285714285714286,-0.000519615940823626,-0.0026774904127708833,0.8733599659767137,0.010227977254050263,459,-0.13148940401739934,0.00127731192150886,0.03676470588235294,0.0776936967925015,1.0,0.16761611624162456,0,Myntra,Womens Slippers,T-Shirts,Red Tape,Jack & Jones
0.2857142857142857,0.18707482993197277,0.2777777777777778,0.17857142857142858,-0.08802445114267367,-0.008107742894464214,0.10918876774556151,0.09807462423098641,157,-0.014807442780838067,-0.1302262198670755,0.1388888888888889,0.035256410256410256,1.0,0.05087427595354521,0,Amazon,Earphones,Computer Accessories,boAt,KARNAGE
0.1,0.0642857142857143,0.06666666666666667,0.052380952380952375,0.00028876846185693454,-5.54016620498615e-05,0.28464393582895836,0.008787087040347795,1146,0.08316370192244801,-0.00022697127338235922,0.0,0.00734094616639478,1.0,0.08480526538299626,0,Croma,Speakers,TWS Earbuds,Philips,GOBOULT
0.21377672209026127,-0.0064472344757380284,0.22321428571428573,0.008290816326530642,0.017589653364390393,0.0015534645165450542,0.2221183000430642,0.06861035126321605,2441,-0.044075917141517186,0.0497097470334469,0.125,0.1563830883523978,0.9747042023663811,0.0588703334364098,0,Flipkart,Electric Trimmers \u0026 Shavers,Medical Devices,PHILIPS,Dr Trust
0.0,0.0,0.0,-0.019704433497536946,0.002096887790675481,-0.0001942388749684362,0.0,0.22981501085296563,416,0.31305237012623366,-0.00021050022484110927,0.0,0.06882591093117409,1.0,0.3144375838058121,0,Flipkart,Non-Fiction,Perfumes,Puffin Books,Wild Stone
0.0,0.0,0.0,0.0,0.0,0.0,0.0396883929443629,0.0,365,0.05007017291155623,-0.0007194061365402732,0.0,0.0027247956403269754,1.0,0.09539326028853667,0,Flipkart,Mens Watches,Football,LEE COOPER,Hundred
0.1111111111111111,0.06613756613756613,0.10714285714285714,0.03316326530612246,0.020275962945988685,-0.0004616805170821782,0.14309302053186757,0.1022275911577514,137,-0.19052609654563465,0.04005507602345766,0.011396011396011397,0.07741347905282331,0.8108626198083068,0.20112990549688173,0,Amazon,Power Banks,Headphones,unknown,Noise
0.45664739884393063,0.059042113955408815,0.4835164835164835,0.08163265306122452,0.022931110490296863,-0.0014050542091836732,0.22611401648961296,0.07045076696135506,476,0.16320902168708332,0.055811466627921774,0.24429967426710097,0.15756302521008403,1.0,0.14121239021574564,0,Myntra,Sunscreen,Mens Watches,Lakme,Titan
0.029411764705882353,0.018907563025210083,0.0,-0.02895752895752896,-0.020209254004495553,-0.00033398931401608335,0.38145957569474376,0.0012912426962752475,1093,-0.17647786428912524,-0.05538989252091309,0.0136986301369863,0.0283363802559415,1.0,0.2124529794389313,0,Croma,Speakers,TWS Earbuds,Philips,Sony
0.14189189189189189,-0.0284749034749035,0.16,0.04057142857142855,-0.004782745970572445,0.0020723619022722205,0.15131955094643443,0.03386917210468148,1011,-0.18113628751642802,0.039414985858372414,0.08544303797468354,0.037549407114624504,1.0,0.21054503518226658,0,Amazon,Non-Fiction,Gym Equipment,Robert Greene,amazon basics
0.0,-0.008491508491508492,0.014705882352941176,0.00472689075630252,-0.01566201738263258,-0.0013227513227513227,0.17155976093898684,0.04934581810538659,833,0.4393663881177251,-0.011145593024309355,0.009615384615384616,0.1184204278354187,0.9988317757009346,0.43940069431430734,0,Flipkart,Wrenches,Non-Fiction,Emergity,Viz Media
0.2222222222222222,0.06051587301587305,0.3142857142857143,0.13979591836734695,0.03177418379556015,0.0057919919415764295,0.29048912536899407,0.053311212552064204,432,0.0729262370813473,0.029496187944897008,0.15172413793103448,0.11085450346420324,1.0,0.09838924435904804,0,Amazon,Clotheslines \u0026 Drying Racks,Kitchen Appliances,Lifelong,Aquaguard
0.5052631578947369,0.06879699248120297,0.5113636363636364,0.09415584415584421,0.12205566490010508,0.024933281680440775,0.3182432547071764,0.06845165904452502,729,0.21444360309039842,0.11165442606371495,0.2643312101910828,0.562753036437247,1.0,0.1950860510308394,0,Flipkart,Console Games,Non-Fiction,EA Games,Puffin Books
0.11475409836065574,0.01288056206088993,0.05172413793103448,-0.032019704433497546,0.007167629838917266,-0.0007642315068268615,0.12983786730758456,0.07930730852772792,572,0.14164075293604617,0.0070732091621799375,0.03571428571428571,0.04886561954624782,1.0,0.15010692016591778,0,Amazon,Mens Watches,Gym Equipment,Fastrack,BOLDFIT
0.23809523809523808,0.15646258503401358,0.13043478260869565,0.05900621118012424,0.06108577079960985,-0.00023805401662049808,0.1408706733576439,0.17332832974195703,152,0.40925007197182023,0.041970176642918106,0.06521739130434782,0.13725490196078433,1.0,0.419823757520829,0,Croma,Laptops,TWS Earbuds,Lenovo,Sony
0.06976744186046512,0.014950166112956804,0.11627906976744186,0.0664451827242525,0.011247942094861376,0.003559467310042698,0.2112821570272177,0.1412100723709067,1094,0.039804949841802065,0.014681283769879896,0.034482758620689655,0.0283363802559415,1.0,0.050394745122403446,0,Croma,TWS Earbuds,Speakers,Sony,Croma
0.16129032258064516,-0.012672811059907862,0.2413793103448276,0.06588669950738918,0.05910193471132904,0.006795809410614499,0.3034770109262461,0.06423169191404203,1004,0.42215817905203773,0.10131341673959778,0.1282051282051282,0.06100118537430473,1.0,0.4277710686403028,0,Myntra,Mens Sports Shoes,Casual Shoes,Skechers,Nike
0.43209876543209874,0.07407407407407413,0.5125,0.1062499999999999,-0.047151591810852364,-0.016110704275144563,0.13589375343406956,0.1194392324214474,211,0.17478985690608032,-0.048211919628544084,0.26666666666666666,0.3341904761904762,0.9812206572769953,0.2760713759473735,0,Flipkart,Protein \u0026 Sports Nutrition,TV Units,Nutrabay,Shivi Aanaya Enterprises
0.016666666666666666,-0.045238095238095244,0.09523809523809523,0.02267573696145124,-0.02484000894803314,-0.0022439517858674823,0.42770668469537676,0.047530410941363635,853,0.3348777189240981,-0.03315247025427983,0.015267175572519083,0.06206088992974239,1.0,0.3679957164210163,0,Flipkart,Fitness Equipment,Casual Shoes,HRX,NIKE
0.02857142857142857,-0.03129251700680272,0.08421052631578947,0.02556390977443608,-0.04022229901499218,-0.0008826393961529101,0.3068114240893631,0.04671738353622807,636,-0.1321823694637358,-0.04137072418393284,0.03365384615384615,0.1484375,1.0,0.13133454038747586,0,Myntra,Shirts,Mens Sports Shoes,Snitch,Skechers
0.0625,0.02232142857142857,0.19047619047619047,0.1020408163265306,-0.0029005292821361107,0.001506143479984146,0.5371226063947189,0.01278337029520214,450,0.7751519903591251,0.0006908102375395052,0.05,0.5028712059064807,1.0,0.7841607936206874,0,Croma,Earphones,TWS Earbuds,GOBOULT,Noise
0.06818181818181818,-0.055194805194805185,0.13157894736842105,-0.02161654135338345,-0.0037377573871866976,-0.0030519232798435084,0.18634342710499402,0.059786181862685514,676,0.26795731175394394,0.0246655962924886,0.06936416184971098,0.03692762186115214,1.0,0.27821246926804294,0,Amazon,Gym Equipment,Moisturizers,Cockatoo,RAAGA PROFESSIONAL
0.14285714285714285,0.13265306122448978,0.0,-0.011904761904761904,-0.010220890582680265,-3.7485158220167204e-05,0.7938615445290399,0.05281548666126789,1146,-0.3114244398557552,-0.029344009234233494,0.05555555555555555,0.01033946588884223,0.9869281045751634,0.31424269110346753,0,Croma,TWS Earbuds,Earphones,GOBOULT,JBL
0.029411764705882353,0.018907563025210083,0.0,-0.02895752895752896,-0.02020925400449555,-0.00033398931401608335,0.4162275983281746,0.0012912426962752475,1093,-0.17647786428912524,-0.05538989252091308,0.0136986301369863,0.0283363802559415,1.0,0.2124529794389313,0,Croma,TWS Earbuds,Speakers,Sony,Philips
0.23809523809523808,0.15646258503401358,0.13043478260869565,0.05900621118012424,0.06108577079960985,-0.00023805401662049808,0.1408706733576439,0.17332832974195703,152,0.40925007197182023,0.041970176642918106,0.06521739130434782,0.13725490196078433,1.0,0.419823757520829,0,Croma,Laptops,TWS Earbuds,Lenovo,Sony
0.3302752293577982,0.10681520314547835,0.1724137931034483,0.029556650246305438,-0.012978505263878564,0.009294144431959223,0.6401001635351649,0.08924483841542073,393,0.08525300103937518,-0.08949602627976663,0.1276595744680851,0.19143576826196473,1.0,0.12835517494234916,0,Myntra,Mens Outerwear,Mens Sports Shoes,HRX by Hrithik Roshan,Skechers
0.4166666666666667,0.2857142857142857,0.20689655172413793,0.03448275862068967,-0.11358506083373572,0.003816568047337276,0.15554658277550523,0.3498600915714327,136,0.33045449566218327,-0.13647566855562754,0.11320754716981132,0.10218978102189781,1.0,0.3946699000938429,0,Myntra,Moisturizers,Suitcases,The Face Shop,Aristocrat
0.16129032258064516,0.02534562211981567,0.25,0.08035714285714285,-0.08401567955050483,-0.010292020584041169,0.2870339482190556,0.08821251960448667,133,-0.1313208853231077,-0.04362378892812584,0.13333333333333333,0.16007326007326006,1.0,0.1737223408980881,0,Myntra,Mens Sports Shoes,Suitcases,Skechers,Aristocrat
0.34615384615384615,0.02747252747252743,0.3135593220338983,0.04661016949152541,0.028304490173010094,0.0038938334392879838,0.1797157002883751,0.054535617471512275,592,0.11000991258013482,0.036483163547613204,0.1553030303030303,0.09917355371900827,1.0,0.10117121199528648,0,Flipkart,Air Conditioners,Womens Watches,CARRIER,NAVIFORCE
0.18181818181818182,0.010101010101010138,0.26666666666666666,0.08231292517006805,-0.00258630173875142,0.0052582644628099175,0.6590898496663863,0.07115709152818558,466,0.048749959086449156,0.020392673085609193,0.09547738693467336,0.06223175965665236,1.0,0.06006763432847212,0,Myntra,Shirts,Moisturizers,HIGHLANDER,The Face Shop
0.0,0.0,0.0,0.0,0.0,0.0,0.061457329805472194,0.0,147,0.0,0.0,0.0,0.13725490196078433,1.0,0.0,0,Croma,Speakers,Laptops,Philips,Lenovo
0.0,0.0,0.0,-0.008403361344537815,-0.000620977522526221,-0.00023523856971589062,0.28038225839525055,0.02758190555400491,1091,-0.391081021252912,-5.781049329809383e-07,0.0,0.0283363802559415,1.0,0.4174756872755778,0,Croma,Earphones,TWS Earbuds,JBL,Sony
0.0,-0.011904761904761904,0.0,-0.017857142857142856,-0.00029766455159107604,-6.087168249330412e-05,0.08225953890810231,0.00029969291405712665,450,-0.06250950417969577,0.00011557563898293616,0.0,0.0021494288511180863,1.0,0.06412056080018591,0,Croma,TWS Earbuds,Speakers,Noise,Croma
0.18823529411764706,0.0327731092436975,0.25287356321839083,0.09277504105090312,0.02612804685275766,0.0037261470134367144,0.2700587259539353,0.05065674656316591,509,-0.07420303973359647,-0.00014353194018729083,0.09659090909090909,0.06457925636007827,1.0,0.11677781679487358,0,Flipkart,Supplements,Mens Sports Shoes,Kapiva,NIKE
0.3723404255319149,0.12006079027355626,0.34444444444444444,0.09126984126984128,-0.01465281037050039,-0.0037187705456936237,0.10561926755578654,0.09048641109497925,489,0.16675765289004363,0.0009015854883502339,0.18848167539267016,0.11708755607243729,1.0,0.17769413869259815,0,Amazon,Perfumes,Air Fryers,Ajmal,MILTON
0.22580645161290322,0.08755760368663595,0.25,0.08258928571428573,-0.1861505703031359,-0.004482001133786849,0.05903140366509545,0.1871164948527656,176,0.30394824013084243,-0.12559048188407246,0.21666666666666667,0.13068181818181818,1.0,0.42023964510611966,0,Amazon,Suitcases,Car Cleaning Kits,Aristocrat,WOSCHER
0.24210526315789474,0.12781954887218044,0.1506849315068493,0.03718199608610566,0.04818973589178473,0.006715910298650228,0.11550082921897717,0.04685253136963898,994,0.10556588051387342,0.07924736720750998,0.1206896551724138,0.0533596837944664,1.0,0.1093302881883515,0,Amazon,Speakers,Gym Equipment,boAt,amazon basics
0.03333333333333333,-0.014285714285714284,0.13333333333333333,0.10714285714285715,-0.004648885691052559,-0.0009939771947873799,0.3691839665844474,0.03236267394720331,460,0.06831278902550478,0.009658930424540241,0.0273972602739726,0.010869565217391304,1.0,0.09684044262065875,0,Myntra,Medical Devices,Tracksuits,CULT,Nike
0.0625,0.02232142857142857,0.19047619047619047,0.1020408163265306,-0.0029005292821361107,0.001506143479984146,0.5371226063947189,0.01278337029520214,450,0.7751519903591251,0.0006908102375395052,0.05,0.5028712059064807,1.0,0.7841607936206874,0,Croma,Earphones,TWS Earbuds,GOBOULT,Noise
0.4827586206896552,0.29802955665024633,0.35294117647058826,0.18277310924369752,0.04074285337726379,0.018814878892733568,0.28755794070842655,0.1964798692790627,142,0.2180391518006651,0.04085184826216758,0.19642857142857142,0.13286713286713286,1.0,0.2918619053288366,0,Myntra,Smartwatches,Bath \u0026 Body,Fastrack,Parachute
0.34285714285714286,0.032142857142857195,0.42063492063492064,0.11621315192743764,-0.05812629206709652,0.0035835202040188224,0.3887846759201377,0.03587062532451082,423,-0.22954743651899046,-0.06022649918571026,0.17721518987341772,0.20349956255468066,1.0,0.24312168730896194,0,Myntra,Mens Watches,Mens Sports Shoes,Timex,Skechers
0.10476190476190476,0.008843537414965977,0.11688311688311688,0.03896103896103896,0.07166136259958199,0.0013689196452566516,0.45475206862399464,0.0612848903423831,504,0.04307164067667236,0.05260380337061302,0.033816425120772944,0.12190247801758593,1.0,0.0739502635936238,0,Flipkart,Earphones,Power Banks,Mivi,Ambrane
0.12048192771084337,0.05077452667814114,0.11290322580645161,0.06566820276497697,-0.14011526348037567,0.0018907016500668947,0.2192846407890299,0.03342022164649934,903,0.0799386184954968,-0.12042164163699047,0.06565656565656566,0.040442456443092197,1.0,0.09786821084739251,0,Amazon,Cricket,Mixers \u0026 Grinders,Li-Ning,GIGAWATTS
0.16981132075471697,0.0673854447439353,0.13043478260869565,0.009316770186335407,-0.06499896849745025,-0.0015554457447047457,0.11380172807159318,0.0909093635515062,442,-0.06483695442853893,-0.07518430008466143,0.0859375,0.07300884955752213,1.0,0.06407965614052336,0,Flipkart,Helmets,Medical Devices,TVS,Dr Trust
0.25287356321839083,0.018062397372742206,0.2413793103448276,0.01559934318555009,-0.0051376566808350645,-0.0019067710657633165,0.6214795261529985,0.05503168595043623,514,-0.1282427866814792,0.009226895050563101,0.1111111111111111,0.12630761962610515,1.0,0.1335257619089812,0,Myntra,Medical Devices,Womens Slippers,CULT,Red Tape
0.08695652173913043,0.040372670807453416,0.109375,0.05580357142857143,0.018873266773781067,0.0008603371473491137,0.18579591774334064,0.012049842385923942,1414,0.026957173779554876,0.025002460678120567,0.0273972602739726,0.009193776520509194,1.0,0.020948378044184753,0,Myntra,Casual Shoes,Mens Outerwear,Nike,Roadster
0.3793103448275862,0.12561576354679804,0.35714285714285715,0.10119047619047622,0.03979636800006361,0.012656055363321803,0.14517510285946075,0.11509603243264134,447,-0.08596441595947665,0.07745367789210934,0.17261904761904762,0.21107226107226107,0.9955257270693513,0.10679467111275164,0,Flipkart,Perfumes,Speakers,BELLAVITA,iNFiRe
0.17307692307692307,0.001373626373626341,0.125,-0.010416666666666685,-0.03261505286323778,-0.0036433965443908546,0.36987057089614206,0.09108162851204894,371,-0.13687522772474545,-0.009697794069723917,0.08256880733944955,0.13688524590163936,1.0,0.14599825313499962,0,Myntra,Mens Outerwear,Casual Shoes,StyleCast x Revolte,Nike
0.3333333333333333,0.16190476190476186,0.3225806451612903,0.16589861751152077,0.013780331209552693,0.00229719382009819,0.1406600208239442,0.16374381562203993,161,0.018080182128407445,0.008761611244934943,0.2125,0.08695652173913043,1.0,0.06358562018595962,0,Flipkart,Tool Kits \u0026 Sets,Laptops,TAPARIA,ASUS
0.15789473684210525,0.018796992481203006,0.21311475409836064,0.0702576112412178,0.046850942519382675,0.005278633932050875,0.16268125104224235,0.07453229004154024,309,0.2627808257272286,0.09101369158675668,0.05,0.1774193548387097,1.0,0.2426027601016028,0,Myntra,Mens Watches,Mens Sports Shoes,Titan,Nike
0.13157894736842105,0.08082706766917293,0.1282051282051282,0.07692307692307693,-0.07712305789088693,0.003789622386946239,0.15196159250804625,0.22645755244622315,1094,0.10365662354314384,-0.07873632266211983,0.05405405405405406,0.022768670309653915,1.0,0.1395699678416508,0,Croma,Speakers,TWS Earbuds,Croma,Sony
0.31958762886597936,0.07363770250368185,0.3163265306122449,0.07798833819241988,0.035020347754139834,0.00716171667531516,0.3056329033293846,0.053187683217107484,384,-0.07339740131180525,0.05735639262458396,0.17553191489361702,0.0987012987012987,1.0,0.17082331219619326,0,Myntra,Mens Watches,Shampoos,Daniel Hechter,MATRIX
0.12962962962962962,0.011243386243386222,0.07766990291262135,0.017337031900138702,0.033011172410126896,0.005606802001366571,0.1336570760438064,0.11626780707439953,513,-0.1952199208241782,0.024882964477573783,0.07894736842105263,0.023391812865497075,1.0,0.2194860905676203,0,Amazon,Cleaning Supplies,Instruments,Ariel,IBANEZ
0.20555555555555555,0.02619047619047621,0.2033898305084746,0.03813559322033899,0.0071422183693910825,0.003107009712592493,0.2623221602679756,0.10054250867495033,768,0.4755665444619811,0.023383657471125634,0.0859538784067086,0.33896103896103896,1.0,0.476157943649619,0,Amazon,Smart Bulbs \u0026 Lighting,Mobile Chargers,Gesto,Samsung
0.19148936170212766,0.06838905775075986,0.28846153846153844,0.15109890109890106,-0.004533900216069307,0.0038722222222222213,0.22733332717753493,0.07630602189931375,318,0.01770282664267155,0.13681886851067263,0.15463917525773196,0.09404388714733543,1.0,0.12307581445100312,0,Myntra,Cargos,Womens Watches,HIGHLANDER,CASIO
0.24468085106382978,0.017477203647416423,0.2962962962962963,0.08994708994708991,0.007227617952704441,0.005761820369406869,0.12644650115367095,0.10105460067227694,514,0.2133649564945206,0.031095449449806085,0.1206896551724138,0.07782101167315175,1.0,0.21328375538148264,0,Amazon,Suitcases,Headphones,unknown,Noise
0.48484848484848486,0.2900432900432901,0.35135135135135137,0.16023166023166027,0.2136753805039643,0.03290295710120783,0.22379449953085004,0.10536521497262032,153,0.1515586393421063,0.18572344591438164,0.22033898305084745,0.12337662337662338,1.0,0.1202942933153475,0,Myntra,Smartwatches,Womens Watches,Fastrack,CASIO
0.06666666666666667,-0.023809523809523794,0.08163265306122448,-0.0014577259475218873,0.051328464016342105,0.0013012487634508731,0.2011394586893977,0.08804912266410227,718,-0.31544694394603207,0.07248706127678871,0.028846153846153848,0.020804438280166437,1.0,0.3316162115963741,0,Amazon,Earphones,Diapers,boAt,BEBE
0.1,0.0642857142857143,0.06666666666666667,0.052380952380952375,0.00028876846185693454,-5.54016620498615e-05,0.28464393582895836,0.008787087040347795,1146,0.08316370192244801,-0.00022697127338235922,0.0,0.00734094616639478,1.0,0.08480526538299626,0,Croma,Speakers,TWS Earbuds,Philips,GOBOULT
0.4358974358974359,0.21428571428571433,0.2727272727272727,0.03246753246753245,0.019137780701280905,0.015202702702702707,0.7714480352730996,0.1316772830602328,154,-0.10893286346081982,0.013574023013486012,0.16,0.31333333333333335,1.0,0.12223854830267165,0,Myntra,Womens Slippers,Smartwatches,Red Tape,Fastrack
0.15217391304347827,0.06521739130434785,0.11363636363636363,0.037337662337662336,0.01975073338205445,0.0021326171875,0.3303772206694219,0.011463158556517408,1628,-0.05967153862171155,0.02183438442130464,0.054945054945054944,0.005942275042444821,1.0,0.06106150563497851,0,Myntra,Headphones,Casual Shoes,Boult Audio,Nike
0.15282392026578073,0.029425723777883245,0.13651877133105803,0.0,-0.02037603837219683,0.0008538539382695227,0.21939915377858246,0.04625099135060618,1937,0.2412435952414649,-0.005321319153316254,0.06926406926406926,0.10230212547723518,0.999484004127967,0.24199630511613096,0,Amazon,Cleaning Supplies,Non-Fiction,Presto!,Robert Greene
0.3978494623655914,0.15514592933947777,0.38,0.13428571428571426,0.005454211005807478,0.008819307681242361,0.18376590980690705,0.028815131739383906,1018,-0.01099238234513023,-0.0024582747181078595,0.20108695652173914,0.03248031496062992,1.0,0.03242385348269789,0,Flipkart,Keyboards,Perfumes,HP,BELLAVITA
0.21428571428571427,0.10714285714285715,0.16129032258064516,0.002304147465437778,0.08020285699518763,0.0010054495364877642,0.12767680606347526,0.08494839683009378,233,0.11909158366351533,0.07124097087966981,0.07042253521126761,0.08547008547008547,1.0,0.1491057885378117,0,Myntra,Perfumes,Womens Watches,Ajmal,CASIO
0.10256410256410256,-0.009768009768009789,0.14285714285714285,-0.006602641056422581,-0.023008207332011022,-0.0015788886786332174,0.15117564838448347,0.05106216718658619,1110,-0.0013071021675424923,-0.02274013094379908,0.049429657794676805,0.09204647006255585,1.0,0.015200667963675113,0,Flipkart,Painting,Air Coolers,Asian Paints,BAJAJ
0.13934426229508196,0.022833723653395782,0.07758620689655173,-0.02709359605911331,-0.003931927872204917,-0.003934972426470588,0.5126728283611817,0.05739392947701344,1114,0.07216588872855587,0.00402677860724389,0.055776892430278883,0.0973425486023031,1.0,0.07773762854302736,0,Amazon,Headphones,Perfumes,PTron,WILD STONE CODE
0.07272727272727272,0.035064935064935056,0.12698412698412698,0.09183673469387754,0.02002770735900206,0.0048870224468559546,0.23090672869555895,0.07574621233526088,460,0.0909416859304758,0.028128570257059095,0.03305785123966942,0.010845986984815618,1.0,0.08455918990523617,0,Myntra,Jeans,Tracksuits,Louis Philippe Jeans,Nike
0.391304347826087,-0.00044365572315874235,0.4,0.028571428571428636,0.00027267268939738977,0.0019423195136944182,1.1135922229382735,0.008801685887940695,504,-0.13666501036134912,0.004337854802277816,0.17123287671232876,0.07835201328352012,1.0,0.16047098816918004,0,Flipkart,Sarees,Backpacks,Maasaree,NASHER MILES
0.3333333333333333,0.26190476190476186,0.06666666666666667,-0.0380952380952381,0.005348156850704574,0.0017566776271339124,0.07375722475696248,0.04000569590511277,157,0.16542590265748133,0.07612561828730985,0.08571428571428572,0.050955414012738856,1.0,0.1193475708542585,0,Amazon,Computer Accessories,Refrigerators,KARNAGE,LG
0.0,-0.04081632653061224,0.15384615384615385,0.09340659340659341,0.00016234698301676088,-0.00315059861373661,0.2294889051696674,0.1646629967813296,157,-0.08834777303270093,-0.0005574872383748319,0.027777777777777776,0.08779342723004695,1.0,0.15707108316922536,0,Amazon,Mixers \u0026 Grinders,Computer Accessories,GIGAWATTS,KARNAGE
0.16,0.008571428571428563,0.24,0.10285714285714284,0.07652307274978383,0.0005405161929642795,0.23203260775739626,0.09783379415992176,161,-0.07890436028488668,0.04962337944234423,0.16,0.08695652173913043,1.0,0.13973753938804462,0,Flipkart,Laptops,Smartwatches,ASUS,Fastrack
0.1375,0.05,0.11538461538461539,0.03388278388278389,-0.03446049285399678,-0.0016176974205767327,0.20435305032907464,0.04274985796649914,743,-0.045982572709013264,-0.033782333051695264,0.05027932960893855,0.04796315475630041,0.9419134396355353,0.05345070713682147,0,Amazon,Kitchen Storage \u0026 Containers,Headphones,MILTON,GOBOULT
0.2727272727272727,0.17857142857142858,0.17391304347826086,0.08695652173913045,0.03501983759614133,0.004976260043827611,0.10511715193093843,0.17622835599086029,148,0.39440235187221595,0.024512190544688423,0.0625,0.13725490196078433,1.0,0.3922540391680114,0,Croma,TWS Earbuds,Laptops,Sony,Lenovo
0.0,-0.01948051948051948,0.0,-0.009920634920634922,-0.0004900475272835296,-0.000443244170096022,0.3173416147539989,0.0035572840524904685,1080,-0.23151533533203028,4.509312615818903e-06,0.0,0.022768670309653915,1.0,0.2709144146493254,0,Croma,Earphones,TWS Earbuds,GOBOULT,Sony
0.4,0.3785714285714286,0.38461538461538464,0.34065934065934067,0.30174844713279003,0.015646258503401362,0.11769447992666314,0.0341845911565225,113,-0.27584558506825296,0.3155055073696444,0.32,0.05309734513274336,1.0,0.4582945913151661,0,Flipkart,Helmets,Mixers \u0026 Grinders,SMK,Faber
0.1935483870967742,0.12211981566820276,0.030303030303030304,-0.05844155844155842,-0.0464445525900059,6.66666666666667e-05,0.2249829028380866,0.1697439996119869,318,0.07097314195668623,0.016520014573969604,0.05970149253731343,0.09404388714733543,1.0,0.05582282168967033,0,Myntra,Shirts,Womens Watches,Snitch,CASIO
0.10638297872340426,-0.016717325227963487,0.075,-0.02321428571428573,0.06214167830682265,-0.0016200489320901939,0.19481951042435464,0.0674026363321364,440,0.3265647746402432,0.11860486917201639,0.08888888888888889,0.03409090909090909,1.0,0.31468271091672495,0,Amazon,Mens Grooming,Washing Machines,CULT,Crompton
0.0,-0.011904761904761904,0.0,-0.017857142857142856,-0.0002976645515910761,-6.087168249330412e-05,0.08225953890810224,0.00029969291405712665,450,-0.06250950417969575,0.00011557563898293615,0.0,0.0021494288511180863,1.0,0.06412056080018591,0,Croma,Speakers,TWS Earbuds,Croma,Noise
0.1565217391304348,0.018633540372670815,0.2,0.055952380952381,-0.026479056893987683,0.00432745064066071,0.29100742989059003,0.12224416828454611,625,0.23038624413895736,0.007256029419161921,0.10040160642570281,0.0368,1.0,0.2424510767527337,0,Flipkart,Mixers \u0026 Grinders,Casual Shoes,Grand plus,NIKE
0.0,-0.015037593984962405,0.0,-0.010714285714285714,-0.0005333768877884428,-0.0005281207133058985,0.3155400275748778,0.0033392275719730403,1080,-0.3899494639350713,4.280116810876446e-06,0.0,0.0283363802559415,1.0,0.43677355585739625,0,Croma,Earphones,TWS Earbuds,GOBOULT,Sony
0.13541666666666666,0.03348214285714285,0.10869565217391304,0.02251552795031056,0.08904536606687731,0.0037260369076413157,0.10109469723479807,0.07565232973305776,760,0.4571712645946837,0.08870099851775275,0.06091370558375635,0.042801556420233464,1.0,0.4605708531238982,0,Amazon,Headphones,Car Cleaning Kits,Noise,STARQ
0.36666666666666664,0.23333333333333328,0.3333333333333333,0.1666666666666666,0.13269345993102416,0.014425936942296252,0.24283144505297338,0.10955259885759926,179,0.09857715585104908,0.15510403402091222,0.11392405063291139,0.12120088954781319,1.0,0.11996666839877332,0,Flipkart,Casual Shoes,Professional \u0026 Salon,NIKE,Mizu
0.05714285714285714,0.0010204081632653114,0.125,0.046626984126984156,0.1142422790176778,0.005457497427983539,0.20410904416955808,0.1343031178703663,458,0.08585772809541654,0.10463100557058946,0.02666666666666667,0.16339869281045752,1.0,0.0649157105375454,0,Myntra,Mens Watches,Mens Sports Shoes,Titan,Nike
0.0,-0.06563706563706564,0.1,0.0457142857142857,-0.012637981032123631,0.0008446270203862247,0.10333191730517781,0.11030759645283593,453,0.11548970926973233,0.027896789463025914,0.046296296296296294,0.011037527593818985,1.0,0.10670301352958327,0,Myntra,Tracksuits,Perfumes,Nike,Ajmal
0.23333333333333334,0.10714285714285712,0.15384615384615385,-0.0054945054945055305,0.11171615656436251,0.0074833474959567995,0.09080616752159418,0.14781873382289576,203,-0.45894505707243166,0.05108369302253018,0.028037383177570093,0.020224719101123594,1.0,0.48346091537072455,0,Flipkart,Camping Equipment,Earphones,Strauss,boAt
0.2625,-0.0008928571428571397,0.38202247191011235,0.12279293739967895,0.014801323877202335,0.01195334102928938,0.27324130170047073,0.056819320314048745,433,0.0702641384027452,0.045708094883867484,0.15723270440251572,0.5523255813953488,1.0,0.09409422541736248,0,Myntra,Mens Watches,Casual Shoes,Timex,Red Tape
0.2037037037037037,0.06525573192239856,0.22674418604651161,0.06021594684385384,0.03614807893452002,0.0062112554392513,0.15965456911514211,0.06754312069665411,1370,0.5166202851515219,0.034261046577326364,0.12,0.09308510638297872,1.0,0.5176592732725135,0,Amazon,Desktops,Headphones,LG,GOBOULT
0.21212121212121213,-0.038961038961038946,0.25316455696202533,0.03345388788426762,-0.018588254079282766,-0.005600170634074239,0.2618675789209893,0.05354961957489715,514,-0.1471400006509673,-0.03332423524908031,0.103125,0.33138153428377465,1.0,0.21132147177367883,0,Myntra,Moisturizers,Medical Devices,Nivea,CULT
0.20588235294117646,0.010504201680672232,0.1527777777777778,-0.043650793650793634,0.009268014519196946,-0.00023843476745732256,0.11669008871862105,0.1146926512935349,488,0.2591005972358413,-0.012608639359980748,0.087248322147651,0.10020449897750511,1.0,0.35506183391666774,0,Amazon,Digital Safes \u0026 Lockers,Massage \u0026 Relaxation,BonKaso,CULT
0.25925925925925924,0.02910052910052907,0.2891566265060241,0.0697074010327022,0.025888964749488746,0.012714460784313722,0.24070741449824418,0.03169229923785386,432,0.07436166047842352,0.0010929000718790363,0.10215053763440861,0.12471131639722864,1.0,0.10404119590199731,0,Myntra,Shampoos,Casual Shoes,Bare Anatomy,Red Tape
0.23728813559322035,0.1404358353510896,0.14545454545454545,0.033766233766233764,-0.05727156063880655,-0.0035842293906810027,0.23519079731349077,0.07836323073275377,293,0.1273416040658558,-0.056213212327434134,0.08771929824561403,0.034129692832764506,1.0,0.16236045584632322,0,Flipkart,Casual Shoes,Televisions,NIKE,Coocaa
0.09433962264150944,0.006738544474393537,0.18867924528301888,0.06469002695417793,-0.00208992761212773,0.00181431077410593,0.09381960056950579,0.1541897049576045,394,0.233536891524613,0.0018263295516900784,0.07246376811594203,0.1598984771573604,1.0,0.2787533732995458,0,Flipkart,Office Chairs,Table Tennis,Flipkart Perfect Homes,EAST COAST
0.4444444444444444,0.4206349206349206,0.5,0.4642857142857143,0.007078192424713624,0.00871900826446281,0.4704965767649887,0.649838886323461,450,0.80824898085093,0.26547007606641737,0.15789473684210525,0.0028524857375713123,1.0,0.8155184708210069,0,Croma,Earphones,TWS Earbuds,JBL,Noise
0.27586206896551724,0.1354679802955665,0.3103448275862069,0.16748768472906406,-0.22597296082009805,0.0016435354273192093,0.2670211666870059,0.14391488375914263,148,-0.12211441666141029,-0.19639199247897765,0.18181818181818182,0.13725490196078433,1.0,0.13815388314666185,0,Croma,Laptops,Speakers,Lenovo,Croma
0.2727272727272727,0.17857142857142858,0.17391304347826086,0.08695652173913045,0.03501983759614133,0.004976260043827611,0.12810241567615108,0.17622835599086029,148,0.39440235187221595,0.024512190544688423,0.0625,0.13725490196078433,1.0,0.3922540391680114,0,Croma,Laptops,TWS Earbuds,Lenovo,Sony
0.44537815126050423,0.10684273709483805,0.36220472440944884,0.032620922384701934,0.013079558006881356,0.007761437908496732,0.26226973688833916,0.05461937970536003,432,0.10364688114620818,-0.005272676663749885,0.19196428571428573,0.12471131639722864,1.0,0.12249583917034998,0,Myntra,Serums,Casual Shoes,Minimalist,Red Tape
0.25301204819277107,0.04733218588640273,0.22388059701492538,0.06289978678038383,0.11525158919322294,0.015228052126200273,0.17249441391739523,0.12628006614241685,560,0.02124474569940231,0.12669393910285637,0.15,0.08185053380782918,1.0,0.05225883686261819,0,Amazon,Vacuum Cleaners,Cricket,acerpure,Li-Ning
0.0,-0.009852216748768473,0.0,-0.025974025974025972,-0.021761704871568005,-0.00028125415917143866,0.4163210634629987,0.001312915797218812,1093,-0.08253546464633293,-0.05856879950635023,0.01639344262295082,0.022768670309653915,1.0,0.1001018959219751,0,Croma,Speakers,TWS Earbuds,Philips,Sony
0.09090909090909091,0.022727272727272735,0.037037037037037035,-0.021164021164021163,-0.0008487474436347481,-0.00013898772123726325,0.5148081763011501,0.003959520385041872,1360,0.3659725320416824,-0.0005369414833881713,0.019230769230769232,0.007283321194464676,1.0,0.3757686757848239,0,Croma,Speakers,Earphones,Philips,GOBOULT
0.23684210526315788,0.10902255639097744,0.2571428571428571,0.12142857142857141,0.05894361237275018,0.007981903698979591,0.14627177215680623,0.1381974604533158,234,0.17889838439749084,0.018222557124941207,0.18705035971223022,0.08547008547008547,1.0,0.22384601338537125,0,Myntra,Moisturizers,Perfumes,Nivea,Ajmal
0.36363636363636365,0.1168831168831169,0.3111111111111111,0.061904761904761935,0.012004038253879568,-0.010135135135135136,0.1933524979252735,0.10799079610493126,154,-0.2308310356473563,0.015445424440331717,0.15,0.12337662337662338,1.0,0.2873070587070663,0,Myntra,Shampoos,Smartwatches,MATRIX,Fastrack
0.0,-0.015873015873015872,0.0,-0.011904761904761904,-0.0005705319456942049,-0.00019743237101155103,0.24554308802420874,0.059227107890568856,1091,-0.2576957058836879,-6.090618511881693e-07,0.0,0.022768670309653915,1.0,0.27624168061517695,0,Croma,TWS Earbuds,Earphones,Sony,JBL
0.1,0.0642857142857143,0.06666666666666667,0.052380952380952375,0.00028876846185693454,-5.54016620498615e-05,0.28464393582895836,0.008787087040347795,1146,0.08316370192244801,-0.00022697127338235922,0.0,0.00734094616639478,1.0,0.08480526538299626,0,Croma,Speakers,TWS Earbuds,Philips,GOBOULT
0.11320754716981132,-0.014824797843665749,0.11320754716981132,0.0053908355795148355,0.025507933970954157,0.0001477714536125014,0.18526060882902204,0.16270357545211536,461,-0.035587749924090084,0.06810973940605412,0.10810810810810811,0.08676789587852494,1.0,0.06372204566975714,0,Amazon,Power Banks,Mens Watches,URBN,unknown
0.0,-0.004608294930875576,0.0,-0.012987012987012988,-0.00034049868368350424,-0.00025789753638773055,0.24904944366693516,0.00034127592455431596,1360,0.13861600239753624,-0.0026259709598562596,0.014705882352941176,0.004682004816271374,1.0,0.13705695346329363,0,Croma,Earphones,Speakers,GOBOULT,Croma
0.05,-0.020238095238095236,0.08823529411764706,0.010504201680672301,0.0030442722108232493,-0.001285262522342645,0.27423232929397995,0.07997772468290053,480,0.08279604645248974,0.0018199856739513837,0.007462686567164179,0.13333333333333333,1.0,0.08518597424608218,0,Myntra,Shirts,Jeans,Snitch,Louis Philippe Jeans
0.18181818181818182,0.051948051948051965,0.2962962962962963,0.14285714285714285,-0.04600044160415022,-0.007407006920415224,0.2547431690783876,0.07290641039007578,142,0.15833414062722387,-0.0008768066318725347,0.1,0.15856118332586283,1.0,0.2481402229943017,0,Myntra,Bottoms,Bath \u0026 Body,Stylecast X Kotty,Parachute
0.0,0.0,0.0,0.0,0.0,0.0,0.44894026725480757,0.0,360,0.0,0.0,0.0,0.5,1.0,0.0,0,Myntra,Casual Shoes,Headphones,Red Tape,Boult Audio
0.3302752293577982,0.10681520314547835,0.1724137931034483,0.029556650246305438,-0.012978505263878564,0.009294144431959223,0.6401001635351649,0.08924483841542073,393,0.08525300103937518,-0.08949602627976663,0.1276595744680851,0.19143576826196473,1.0,0.12835517494234916,0,Myntra,Mens Outerwear,Mens Sports Shoes,HRX by Hrithik Roshan,Skechers
0.15384615384615385,-0.10439560439560441,0.3673469387755102,0.11661807580174927,0.05646577056584846,-0.008355602393767165,0.1876635189319357,0.05282873944854893,175,-0.0486231987856193,0.03810824260693576,0.17777777777777778,0.24799196787148592,1.0,0.10589720134786615,0,Flipkart,Keyboards,Dry Fruits,HP,KESARCO
0.11764705882352941,0.07563025210084033,0.1111111111111111,0.059523809523809514,0.0013311011487102606,0.0017000000000000001,0.19728515765602417,0.03556406376268875,208,0.02880860340311623,-0.0002191506282255743,0.05405405405405406,0.03349282296650718,1.0,0.05962113853341324,0,Amazon,Power Banks,Eye Care,pTron,LENSKART BLU
0.2339622641509434,0.04258760107816709,0.24193548387096775,0.054723502304147464,-0.006362588319030943,0.00344452719307717,0.2347778061384801,0.043924644373946456,1963,-0.08834607494013698,-0.00908213277555419,0.11577181208053691,0.08859470468431772,1.0,0.09238868601139925,0,Flipkart,Air Coolers,Multipurpose Sprays \u0026 Lubricants,BAJAJ,Drasert
0.0,0.0,0.0,0.0,0.0,0.0,0.04870559323556458,0.0,386,0.0,0.0,0.0,0.0,1.0,0.0,0,Myntra,T-Shirts,Headphones,Jack & Jones,Boult Audio
0.38461538461538464,0.09183673469387765,0.275,0.041964285714285704,0.011701192791919019,-0.0014453266513706105,0.34618704241338616,0.23249636830827994,388,0.13560644390413829,-0.017263051420318982,0.17073170731707318,0.13881748071979436,1.0,0.15389710497993989,0,Myntra,Perfumes,Jeans,Giorgio Armani,Mufti
0.0,-0.010452961672473867,0.0,-0.01465201465201465,-0.08923743788903354,-0.001074744499397944,0.036580790357281116,0.005471125049765481,334,0.08509604496514275,-0.07440065719111144,0.011363636363636364,0.05823863636363636,1.0,0.10159611426965702,0,Flipkart,Power Banks,Wrenches,Portronics,Emergity
0.13861386138613863,0.016973125884016976,0.15625,0.03645833333333334,-0.024303176374832956,-2.0101475530350573e-05,0.3347655698686613,0.05315193685647412,1130,-0.4100853163265619,0.013959305764016198,0.09090909090909091,0.06607929515418502,1.0,0.4206607500935831,0,Amazon,Smart Bulbs \u0026 Lighting,Fiction,Gesto,unknown
0.23931623931623933,-0.011599511599511586,0.28695652173913044,0.0546583850931677,-0.028278744952445235,-0.002759958977658912,0.33647922951743253,0.116103581380278,514,-0.03868178900751043,0.011686760322234223,0.10683760683760683,0.1855663969538315,0.9980582524271845,0.13890771661054938,0,Myntra,Medical Devices,Shampoos,CULT,MATRIX
0.08695652173913043,0.040372670807453416,0.109375,0.05580357142857143,0.018873266773781067,0.0008603371473491137,0.18579591774334064,0.012049842385923942,1414,0.026957173779554876,0.025002460678120567,0.0273972602739726,0.009193776520509194,1.0,0.020948378044184753,0,Myntra,Casual Shoes,Mens Outerwear,Nike,Roadster
0.18181818181818182,-0.009740259740259716,0.4444444444444444,0.05668934240362816,0.025561644252788368,0.005149147727272728,0.19382618400261328,0.0878527152933313,670,0.2128537996073695,0.03280092814346568,0.23348017621145375,0.11044776119402985,1.0,0.2338936910372649,0,Amazon,Monitors,Moisturizers,Lenovo,RAAGA PROFESSIONAL
0.23529411764705882,0.15126050420168066,0.2857142857142857,0.19047619047619047,-0.08716535870364442,-0.015045814244064972,0.16510117273327482,0.5766345438182702,106,-0.090688832203038,-0.10887664109467435,0.10810810810810811,0.09433962264150944,1.0,0.22276778491666618,0,Flipkart,Backpacks,Laptops,HRX by Hrithik Roshan,ASUS
0.40476190476190477,0.1354875283446712,0.4222222222222222,0.11746031746031749,0.0669223725497763,0.0273973157105597,0.12821330987279486,0.09122933251165496,904,0.04555907010543111,0.07891603453050756,0.23809523809523808,0.0820479503730405,1.0,0.04496082529781412,0,Flipkart,Perfumes,Face Wash,BELLAVITA,Aqualogica
0.22448979591836735,-0.06122448979591835,0.26136363636363635,0.004870129870129858,-0.09634179005870827,-0.004506637282415937,0.2300837655095383,0.10197840297665095,562,0.08821691395245734,-0.097005990119032,0.12807881773399016,0.11524822695035461,1.0,0.1217901757271933,0,Flipkart,Mixers \u0026 Grinders,Gym Equipment,Faber,DreamFit
0.07017543859649122,-0.018796992481203006,0.14285714285714285,0.010204081632653045,0.007012521673196476,0.003609563835991071,0.16297777963788634,0.02010534254444874,496,0.13397891378245377,0.02250435692874324,0.05128205128205128,0.06953267615918218,1.0,0.13509077081816862,0,Myntra,Shampoos,Kurtas \u0026 Kurtis,Bare Anatomy,FUBAR
0.0,-0.004608294930875576,0.0,-0.012987012987012988,-0.00034049868368350424,-0.00025789753638773055,0.24904944366693516,0.00034127592455431596,1360,0.13861600239753624,-0.0026259709598562596,0.014705882352941176,0.004682004816271374,1.0,0.13705695346329363,0,Croma,Earphones,Speakers,GOBOULT,Croma
0.24324324324324326,-0.023166023166023175,0.40789473684210525,0.14191729323308266,0.0025186191210142535,0.007922356679286098,0.2956533900398624,0.10212832277070784,358,0.24549945672758058,0.09416761121942258,0.14285714285714285,0.10614525139664804,1.0,0.2383352578689343,0,Flipkart,Tool Kits \u0026 Sets,Power Banks,STANLEY,Portronics
0.3333333333333333,0.26190476190476186,0.3333333333333333,0.19727891156462585,0.3500238536418559,0.014872904272579772,0.08082190147929674,0.1194570524036179,227,0.34365343574877,0.3687013605337356,0.11627906976744186,0.05726872246696035,1.0,0.29206662549324386,0,Flipkart,Console Games,Office Chairs,HG WORLD,Flipkart Perfect Homes
0.23148148148148148,0.02711640211640215,0.3,0.08035714285714288,-0.017860034625340176,0.01631257971938775,0.40053796379378853,0.035038154888686814,485,0.08468590217198982,-0.022748678152299393,0.1267605633802817,0.06378600823045268,1.0,0.08938555897871822,0,Myntra,Serums,Shirts,Minimalist,HIGHLANDER
0.10256410256410256,0.010989010989010978,0.13157894736842105,0.041353383458646614,0.005714589437605442,-0.00032749209997127277,0.4831239914685106,0.01668833452574969,620,-0.1747144943689905,0.022903929408600882,0.04597701149425287,0.03554868624420402,1.0,0.2690258358994431,0,Flipkart,Casual Shoes,Educational,NIKE,Dhanpat Rai & Co. Pvt. Ltd
0.029411764705882353,0.018907563025210083,0.0,-0.02895752895752896,-0.02020925400449555,-0.00033398931401608335,0.4162275983281746,0.0012912426962752475,1093,-0.17647786428912524,-0.05538989252091308,0.0136986301369863,0.0283363802559415,1.0,0.2124529794389313,0,Croma,TWS Earbuds,Speakers,Sony,Philips
0.16666666666666666,0.029365079365079372,0.0625,-0.04910714285714286,-0.050100240677729196,0.00010435145570280701,0.0836610886246554,0.06314131773657501,903,0.3114629971049115,0.02242289911672122,0.09326424870466321,0.07624309392265194,1.0,0.32499137711986587,0,Amazon,Gym Equipment,Cricket,amazon basics,Li-Ning
0.0,0.0,0.0,0.0,-0.00029014786912832144,-6.510238206189524e-05,0.6525685789099192,0.00029090964208827974,1146,0.15669841803988127,-0.0002564580038353188,0.0,0.013039934800325998,1.0,0.15744824911819502,0,Croma,Speakers,TWS Earbuds,Croma,GOBOULT
0.125,0.10714285714285715,0.0,0.0,0.0,0.0,0.05188816013187067,0.0,180,0.04783931173518397,-0.0838152895056465,0.05555555555555555,0.004728132387706856,1.0,0.06435497078762072,0,Flipkart,Earphones,Casual Shoes,boAt,ADIDAS ORIGINALS
0.44696969696969696,0.10660173160173159,0.44029850746268656,0.11993603411513859,0.07098142386272958,0.028411470387268836,0.38631652760273877,0.06508961725755837,456,-0.16575518468242126,0.0376448714302354,0.21686746987951808,0.1685118946232896,1.0,0.22677363065075132,0,Myntra,Jeans,Casual Shoes,Louis Philippe Jeans,Puma
0.25,0.11607142857142858,0.2727272727272727,0.10822510822510822,0.06457842462635839,0.008326124567474051,0.3511362684066931,0.18547832845249151,142,0.1576299865717493,0.12006986427635116,0.12962962962962962,0.11971830985915492,1.0,0.17961256852567672,0,Myntra,Bath \u0026 Body,Womens Watches,Parachute,CASIO
0.11538461538461539,-0.019230769230769246,0.041666666666666664,-0.1160714285714286,-0.054431853825511294,-0.0059590242346938774,0.12169885881553348,0.10646422907293836,234,-0.04808822800087505,-0.04284321081685649,0.06349206349206349,0.5429184549356223,1.0,0.05298843108576095,0,Myntra,Casual Shoes,Perfumes,ASIAN,Ajmal
0.06451612903225806,0.03225806451612903,0.05555555555555555,0.007936507936507929,-0.0007734122034859435,-6.694073897959231e-05,0.7693123334399031,0.1125759237275974,2869,0.28059688216986645,-0.00013507700707465653,0.03076923076923077,0.006966213862765587,1.0,0.3283158150968,0,Croma,Speakers,Earphones,Philips,JBL
0.25555555555555554,0.02301587301587299,0.3434343434343434,0.08585858585858586,0.004659631346584714,0.003743785408717771,0.11557124211871093,0.06810296211901001,483,0.12706537255624523,0.008016413393971671,0.1568627450980392,0.1329243353783231,1.0,0.1484977610124472,0,Amazon,Perfumes,Tool Kits \u0026 Sets,Ajmal,Eastman
0.3125,0.14732142857142858,0.3125,0.16741071428571427,0.09780217256228173,-0.005739771914637358,0.2054021255929194,0.061510442656914195,175,0.0330682399638974,0.07043856676282921,0.13432835820895522,0.13279639175257732,1.0,0.11668930378522918,0,Flipkart,Power Banks,Drills,boAt,Flipkart SmartBuy
0.0,-0.017857142857142856,0.0,0.0,-0.0015885607426006276,-0.00043402777777777775,0.5701587966927766,0.003021446188864024,412,-0.29701587224203796,5.03957877138433e-05,0.0,0.005787037037037037,1.0,0.36527944278523106,0,Myntra,Tracksuits,Headphones,Nike,boAt
0.27450980392156865,0.051120448179271694,0.33653846153846156,0.09271978021978022,-0.07266878349162954,3.099583415988594e-05,0.3842496259971894,0.10356696853610466,298,0.11532295402854577,-0.08258839032117633,0.1497326203208556,0.09395973154362416,1.0,0.14367462787911717,0,Myntra,Moisturizers,Shirts,Nivea,MISCHIEF MONKEY
0.14864864864864866,-0.010617760617760624,0.24,0.01809523809523811,0.20341759241858554,-0.0018471135066390094,0.13779613407771332,0.06935988552753769,271,0.4511701062822627,0.17702497047762442,0.06578947368421052,0.22794117647058823,1.0,0.4341189565520261,0,Flipkart,Perfumes,Living Room,Em5,Online Decor Shoppee
0.30303030303030304,0.08008658008658012,0.4305555555555556,0.16567460317460314,-0.007012723677092871,0.013808339183785597,0.45557713333614275,0.06761557599955288,384,0.0329813776398755,-0.00942395829619866,0.16083916083916083,0.5497382198952879,1.0,0.14986331530163796,0,Myntra,Casual Shoes,Mens Watches,Red Tape,Daniel Hechter
0.14285714285714285,0.11224489795918367,0.14285714285714285,0.10714285714285715,0.38776001951618727,0.01730103806228374,0.41662090668742224,0.9168695716945446,110,0.36397626325951793,0.42616079582746574,0.07142857142857142,0.12727272727272726,1.0,0.3557608857571264,0,Flipkart,Air Conditioners,Speakers,LG,TRIGGR
0.4024390243902439,0.07796167247386765,0.44571428571428573,0.10571428571428576,0.043708247865172065,0.02066314335618497,0.1984667077152903,0.07334354686865506,923,-0.6658553754579344,0.051341562775289264,0.20860927152317882,0.06601731601731602,1.0,0.6860675489344298,0,Myntra,Sunscreen,Casual Shoes,Lakme,Puma
0.16666666666666666,0.005952380952380931,0.24358974358974358,0.0641025641025641,0.003079176392046748,0.0021298110911254896,0.3621832911041502,0.08043654485136699,599,-0.1780610112516977,0.04033124162144136,0.1282051282051282,0.09256198347107437,1.0,0.2060899526457047,0,Amazon,Console Games,Sunscreen,Take 2,Deconstruct
0.09259259259259259,0.007936507936507936,0.14893617021276595,0.0851063829787234,-0.03748765772881253,0.00046470482845113346,0.09623591936284301,0.06364643384322434,762,-0.11413773823889117,-0.01207753062758201,0.05217391304347826,0.042690815006468305,1.0,0.15358985823782142,0,Amazon,Car Cleaning Kits,Smartwatches,STARQ,Fastrack
0.09803921568627451,-0.028011204481792742,0.17647058823529413,0.0016806722689075848,-0.02266206620167212,0.0018685065370882435,0.2456197658497347,0.05154851101442422,1102,-0.3179574089144385,-0.05106068906659985,0.10989010989010989,0.03176043557168784,1.0,0.3284683961044182,0,Amazon,Moisturizers,Chairs,RAAGA PROFESSIONAL,MAHARAJA
0.25806451612903225,0.09216589861751154,0.36363636363636365,0.196969696969697,0.1012536565980134,0.01749044206863396,0.3664249758693036,0.03589357711380457,219,-0.05543305392088838,0.07008603132116967,0.11940298507462686,0.12897603485838782,1.0,0.12007502439098423,0,Myntra,Bottoms,Medical Devices,Stylecast X Kotty,CULT
0.1794871794871795,-0.026556776556776573,0.2777777777777778,0.08630952380952384,0.019079594579415347,0.0025441376188320517,0.1243789644055712,0.04924024107914475,488,0.2382169564601287,0.04197350189683824,0.1118421052631579,0.11424269798253538,0.9161554192229039,0.2518598657322815,0,Amazon,Massage \u0026 Relaxation,Suitcases,CULT,American Tourister
0.0641025641025641,0.035714285714285705,0.07407407407407407,0.03439153439153438,0.23043735577485866,0.00378099173553719,0.1675117018504937,0.07251876206021643,466,0.23722569214395897,0.12186472219495745,0.03550295857988166,0.012875536480686695,1.0,0.22459391137225823,0,Myntra,Moisturizers,Casual Shoes,The Face Shop,Nike
0.2222222222222222,0.0782312925170068,0.2463768115942029,0.10248447204968944,0.02877871973358874,0.008570302848966557,0.11687320510231339,0.08698861793394226,676,0.6057684908056458,0.012324896445860517,0.12686567164179105,0.03692762186115214,1.0,0.6086156202629607,0,Amazon,Suitcases,Gym Equipment,Aristocrat,Cockatoo
0.34210526315789475,0.02694235588972438,0.34579439252336447,0.021361815754339097,0.0040365112262578315,0.0034762391786686345,0.5440988463407849,0.13582681396835672,443,0.05265418847653435,-0.007006689572574096,0.19282511210762332,0.12415349887133183,1.0,0.07345885894936693,0,Flipkart,Mens Watches,Car Electronics,LEE COOPER,Costar
0.0,-0.015037593984962405,0.0,-0.010714285714285714,-0.0005333768877884428,-0.0005281207133058985,0.3155400275748778,0.0033392275719730403,1080,-0.3899494639350713,4.280116810876446e-06,0.0,0.0283363802559415,1.0,0.43677355585739625,0,Croma,Earphones,TWS Earbuds,GOBOULT,Sony
0.09523809523809523,-0.03401360544217688,0.37037037037037035,0.2328042328042328,0.005335252109873782,-0.0013905325443786982,0.1376575415802663,0.10049647253894038,136,-0.134991009591889,-0.007847466189866736,0.125,0.17673992673992672,1.0,0.2148742276049331,0,Myntra,Suitcases,Casual Shoes,Aristocrat,Puma
0.43333333333333335,0.13750000000000007,0.4015748031496063,0.10292463442069744,0.0354138548209194,0.023671675701530615,0.23553241495204924,0.04805575870045396,476,0.10971984594547318,0.03726465952332242,0.2054794520547945,0.15723270440251572,1.0,0.11263220890450064,0,Myntra,Mens Watches,Jeans,Titan,Louis Philippe Jeans
0.09574468085106383,0.015957446808510647,0.10638297872340426,0.0075987841945288626,-0.043156579162502144,-0.008115079365079365,0.6073176586265006,0.0706452619345943,448,0.11228022426233795,-0.05077308172616577,0.06153846153846154,0.11123953766440813,1.0,0.15192679069918685,0,Myntra,Headphones,Casual Shoes,boAt,Puma
0.13157894736842105,0.08082706766917293,0.1282051282051282,0.07692307692307693,-0.07712305789088694,0.003789622386946239,0.21883744117157708,0.22645755244622315,1094,0.10365662354314382,-0.07873632266211983,0.05405405405405406,0.022768670309653915,1.0,0.1395699678416508,0,Croma,TWS Earbuds,Speakers,Sony,Croma
0.13793103448275862,0.009852216748768461,0.1308411214953271,-0.0053404539385847605,0.012374750728686537,0.0009511200389578749,0.32469415056268375,0.1264862801679698,723,-0.022454544233114878,-0.04608300628613743,0.07174887892376682,0.030261348005502064,1.0,0.03669391124619077,0,Myntra,Mens Sports Shoes,Smartwatches,Skechers,Titan
0.16666666666666666,0.02529761904761904,0.1276595744680851,-0.00455927051671734,-0.06420917591045133,-0.0016237518491124259,0.1515300371959928,0.08454574694510313,430,0.16062789894155127,-0.16221949062877752,0.07272727272727272,0.12355769230769231,1.0,0.389818243337836,0,Amazon,Guitars,Clotheslines \u0026 Drying Racks,amazon basics,Lifelong
0.22105263157894736,0.012781954887218033,0.20408163265306123,-0.016763848396501496,-0.12749364484940442,-0.01117457923352476,0.17118543441110848,0.24641074554864462,461,0.24299092341367348,-0.0879147731204636,0.12834224598930483,0.14967462039045554,1.0,0.2932068391018105,0,Amazon,Monitors,Mens Watches,Lenovo,unknown
0.0,-0.008403361344537815,0.0,-0.011904761904761904,-0.002626815723000764,-0.0003616898148148148,0.18895223967552166,0.060908206115190384,340,0.7598089760641411,6.100348496626549e-06,0.0,0.09527235902355825,1.0,0.760698653333105,0,Myntra,Jeans,Headphones,Mufti,boAt
0.0,-0.04464285714285714,0.017543859649122806,-0.011278195488721804,-0.15265482891129897,-0.0010920521306515738,0.1391431596103091,0.07619180782269887,1197,0.12117293162085241,-0.14557933592983704,0.025974025974025976,0.034252297410192145,1.0,0.14773594946091942,0,Amazon,Mixers \u0026 Grinders,Dog Food,GIGAWATTS,BOLTZ
0.0,-0.015037593984962405,0.0,-0.010714285714285714,-0.0005333768877884428,-0.0005281207133058985,1.0326141547388965,0.0033392275719730403,1080,-0.38994946393507135,4.280116810876447e-06,0.0,0.0283363802559415,1.0,0.43677355585739625,0,Croma,TWS Earbuds,Earphones,Sony,GOBOULT
0.32,0.21714285714285714,0.2962962962962963,0.17195767195767195,0.02526789721932081,0.012130177514792898,0.24303804914114954,0.16219081608061023,136,0.014672336809098706,0.021472066634366172,0.14,0.13515727391874183,1.0,0.040051640816220195,0,Myntra,Suitcases,Jeans,Aristocrat,Mufti
0.08064516129032258,-0.031105990783410142,0.10526315789473684,0.021303258145363407,-0.011605824039430602,0.001177394034536892,0.22029326777469924,0.07173588784793895,777,0.16130631501070875,0.010286715126551582,0.057803468208092484,0.0774818401937046,1.0,0.21273063848884113,0,Amazon,Android Phones,Dog Food,XIAOMI,BOLTZ
0.1935483870967742,0.1313364055299539,0.06896551724137931,0.0,0.0071976568058578555,0.002406347554630593,0.12171138276563151,0.1623991248689197,514,-0.004267224766692936,0.002636261984807934,0.0625,0.021400778210116732,1.0,0.04080020087420861,0,Amazon,Home Projectors,Power Banks,E GATE,URBN
0.0,-0.015873015873015872,0.0,-0.011904761904761904,-0.000570531945694205,-0.00019743237101155103,0.2686355013721811,0.059227107890568856,1091,-0.2576957058836879,-6.090618511881693e-07,0.0,0.022768670309653915,1.0,0.27624168061517695,0,Croma,Earphones,TWS Earbuds,JBL,Sony
0.1652892561983471,0.038370720188902,0.13709677419354838,0.009792626728110598,-0.02335866157778862,-0.005145599999999999,0.18441621714384313,0.08395626301659663,756,0.07987815869020952,0.02683921496668206,0.051036682615629984,0.10179982524730058,0.9826652221018418,0.09938911869115559,0,Flipkart,Power Banks,Electric Trimmers \u0026 Shavers,Ambrane,PHILIPS
0.3218390804597701,0.07060755336617408,0.34146341463414637,0.1411149825783972,0.02699798110733245,0.006740473118993203,0.32321469646087453,0.08886885759976638,511,0.3693880293889084,0.02240494012976889,0.17751479289940827,0.43047619047619046,1.0,0.3936496025215195,0,Amazon,Light Bulbs,Tablets,Crompton,Samsung
0.41025641025641024,0.0818070818070818,0.3611111111111111,0.0443121693121693,-0.20502286664913405,0.0015031246054791059,0.17154988881928376,0.19080591633774532,372,-0.0765390175805104,-0.16003321433875148,0.2535885167464115,0.1260053619302949,1.0,0.08719629226908074,0,Flipkart,Helmets,Wardrobes,Probiker,Sasimo
0.0,0.0,0.0,-0.015527950310559006,-0.0004589272446986667,-8.608030315156276e-05,0.19105756850354236,0.00045986899297299793,1490,0.3538414922454159,2.023245128413397e-06,0.0,0.012056262558606833,1.0,0.35378006555314045,0,Croma,Speakers,Earphones,Croma,JBL
0.06451612903225806,0.03225806451612903,0.05555555555555555,0.007936507936507929,-0.0007734122034859435,-6.694073897959231e-05,0.7693123334399031,0.1125759237275974,2869,0.28059688216986645,-0.00013507700707465653,0.03076923076923077,0.006966213862765587,1.0,0.3283158150968,0,Croma,Speakers,Earphones,Philips,JBL
0.16326530612244897,0.11807580174927113,0.17777777777777778,0.11746031746031746,-0.008284685361724125,0.002245921747006273,0.1866383329074257,0.14583194114091985,567,0.4591584720980862,-0.016964598564150873,0.10526315789473684,0.031578947368421054,1.0,0.47133681434393376,0,Amazon,Camera Accessories,Home Projectors,unknown,E GATE
0.1,0.0642857142857143,0.06666666666666667,0.052380952380952375,0.00028876846185693454,-5.54016620498615e-05,0.6803003814653177,0.008787087040347795,1146,0.08316370192244801,-0.0002269712733823592,0.0,0.00734094616639478,1.0,0.08480526538299626,0,Croma,TWS Earbuds,Speakers,GOBOULT,Philips
0.25,0.18452380952380953,0.1111111111111111,0.06349206349206349,0.023328581297632517,0.004390649104070251,0.06766639466762586,0.30867618537185904,167,0.43212180623482477,-0.017763298047404088,0.08,0.04790419161676647,1.0,0.47855820346690214,0,Amazon,Refrigerators,Gaming Accessories,LG,Logitech G
0.21804511278195488,0.03383458646616544,0.22972972972972974,0.03619691119691121,-0.020295362883940644,0.006677693761814743,0.3156391212913442,0.24866924203657925,940,0.10672189684352712,-0.047440980545570416,0.13090909090909092,0.22620320855614975,1.0,0.12554664026623427,0,Flipkart,Casual Shoes,Perfumes,THOMAS CRICK,THE MAN COMPANY
0.23809523809523808,0.15646258503401358,0.13043478260869565,0.05900621118012424,0.06108577079960985,-0.00023805401662049808,0.1408706733576439,0.17332832974195703,152,0.40925007197182023,0.041970176642918106,0.06521739130434782,0.13725490196078433,1.0,0.419823757520829,0,Croma,Laptops,TWS Earbuds,Lenovo,Sony
0.060240963855421686,0.00301204819277108,0.054878048780487805,0.02700348432055749,-0.0014931499263231064,0.0003942174559902307,0.846794813603024,0.07478544754392859,1776,-0.09679832337313041,-0.009859621454377236,0.013513513513513514,0.008441193021947102,1.0,0.10548228031581859,0,Amazon,Pens \u0026 Writing Instruments,Drawing,Parker,Shuttle Art
0.0,-0.009852216748768473,0.0,-0.025974025974025972,-0.021761704871568005,-0.00028125415917143866,0.4163210634629987,0.001312915797218812,1093,-0.08253546464633293,-0.05856879950635023,0.01639344262295082,0.022768670309653915,1.0,0.1001018959219751,0,Croma,Speakers,TWS Earbuds,Philips,Sony
0.10204081632653061,0.018950437317784258,0.1836734693877551,0.10349854227405247,0.006229583864000177,0.00561556927297668,0.09987808464594791,0.06429136719477078,458,0.2671942253223772,0.010760510734729096,0.04838709677419355,0.023965141612200435,1.0,0.26484405571582015,0,Myntra,T-Shirts,Shampoos,Jack & Jones,Bare Anatomy
0.3181818181818182,0.10064935064935068,0.25203252032520324,0.059814169570267084,0.18990822306209293,0.01598936472249292,0.2666317623921585,0.09022913672088226,742,-0.043569722376364466,0.18318345965322066,0.12396694214876033,0.0444743935309973,1.0,0.13874465331783348,0,Flipkart,Non-Fiction,Refrigerators,Puffin Books,Samsung
0.25471698113207547,0.01617250673854445,0.2882882882882883,0.05469755469755469,-0.0027874651000297677,0.007722726946279807,0.3835014672421472,0.06545325420435003,606,0.11453444980448509,0.005290347404254039,0.12077294685990338,0.17068106312292358,1.0,0.11937836774924218,0,Myntra,Mens Watches,Womens Slippers,Timex,Red Tape
0.0392156862745098,-0.00980392156862745,0.04081632653061224,-0.0072886297376093395,0.00599307715289148,-0.0004373705483721774,0.26248859923303663,0.08760737729753035,639,-0.03709617554858022,0.004468145904848182,0.007462686567164179,0.5070422535211268,1.0,0.11804289336056173,0,Myntra,Shampoos,Shirts,Bare Anatomy,Snitch
0.2222222222222222,0.007936507936507964,0.3114754098360656,0.10889929742388757,-0.0990728372113198,-0.0033304175460841506,0.27361835838399207,0.07937618477835154,371,-0.1669922680799618,-0.10573756379267775,0.15126050420168066,0.23984159779614325,1.0,0.165795108940197,0,Myntra,Mens Outerwear,Casual Shoes,StyleCast x Revolte,Puma
0.0,-0.009852216748768473,0.0,-0.025974025974025972,-0.021761704871568005,-0.00028125415917143866,0.4271113206885907,0.001312915797218812,1093,-0.08253546464633293,-0.05856879950635023,0.01639344262295082,0.022768670309653915,1.0,0.1001018959219751,0,Croma,TWS Earbuds,Speakers,Sony,Philips
0.06779661016949153,-0.016949152542372878,0.07246376811594203,-0.014492753623188387,0.05774813866435928,-0.00032268559755505716,0.22771511473469352,0.26869659905867677,459,-0.1538916672961946,0.10613122022526274,0.015037593984962405,0.0768595298958788,1.0,0.24602592772674758,0,Myntra,Jeans,T-Shirts,Louis Philippe Jeans,Jack & Jones
0.06060606060606061,-0.006493506493506482,0.07142857142857142,-0.005102040816326536,-0.007946315572974488,-0.002586063580220308,0.2597394283324735,0.08848117290132515,429,-0.007075546655614095,0.010206063979488185,0.014285714285714285,0.033707865168539325,1.0,0.05222112911520629,0,Myntra,Casual Shoes,Headphones,Nike,NOISE
0.2711864406779661,-0.0012106537530265915,0.36134453781512604,0.08703481392557022,-0.01441744531134328,-0.0005259770797752528,0.3664415934683572,0.075907618447178,426,-0.09957067389695522,-0.024199945942558792,0.15,0.11943793911007025,1.0,0.18265833404811352,0,Myntra,Moisturizers,Mens Watches,The Face Shop,Timex
0.42105263157894735,0.19360902255639093,0.3157894736842105,0.09210526315789475,0.019820173201368634,-0.005067567567567564,0.2562073387576513,0.238682468368842,154,-0.2628555565786035,0.02217701344744699,0.09859154929577464,0.12337662337662338,1.0,0.34717864525479664,0,Myntra,Serums,Smartwatches,deconstruct,Fastrack
0.13095238095238096,-0.011054421768707468,0.1728395061728395,0.04144620811287478,0.0022054424977231593,0.0019636375950693426,0.4691365547715929,0.020927150744873342,1039,-0.2576272080602874,0.007878113214290543,0.05027932960893855,0.0625322052064225,0.9962085308056872,0.26045879025433977,0,Myntra,Headphones,Mens Outerwear,NOISE,Roadster
0.15151515151515152,0.03463203463203464,0.2028985507246377,0.07556935817805385,-0.0327059349381804,0.0033949307511284277,0.23267439460842568,0.03450626541065217,503,-0.05207560147771746,-0.03589754473282107,0.10526315789473684,0.06457925636007827,1.0,0.0714181677202535,0,Flipkart,Mens Sports Shoes,Perfumes,NIKE,BELLAVITA
0.0,-0.02197802197802198,0.0,-0.02857142857142857,0.005933908658832083,-0.0047562425683709865,0.9974546870455953,0.007313905260793346,95,-0.14673349365673496,0.00024403205862546463,0.0,0.005376344086021506,1.0,0.1532043125671826,0,Flipkart,Electric Trimmers \u0026 Shavers,Speakers,PHILIPS,TRIGGR
0.043478260869565216,-0.05279503105590061,0.0,-0.1020408163265306,-0.00037354265512266156,-0.0011358024691358027,0.10924133522412822,0.06247087498215429,460,-0.18618611994309664,-0.0003912974012662009,0.006493506493506494,0.054500412881915775,1.0,0.21550201646167574,0,Amazon,Sunscreen,Suitcases,unknown,Aristocrat
0.0,-0.019933554817275746,0.025,-0.0035714285714285796,-0.001473777505235758,-0.0022218052167386,0.5186890445821151,0.031854153201060526,389,-0.13889543986312483,-8.017642102574854e-05,0.0,0.0079155672823219,1.0,0.21486405798896746,0,Myntra,Jeans,Casual Shoes,Mufti,Nike
0.1619047619047619,0.04149659863945579,0.12264150943396226,-0.015498652291105142,-0.05431685352936739,-0.0002778363427803645,0.19873271295922545,0.06716305888849125,1226,-0.1820542699542211,-0.05201802012488072,0.08849557522123894,0.05772357723577236,1.0,0.1875083551104567,0,Amazon,Smart Bulbs \u0026 Lighting,Tool Kits \u0026 Sets,Gesto,Eastman
0.1,0.0642857142857143,0.06666666666666667,0.052380952380952375,0.00028876846185693454,-5.54016620498615e-05,0.28464393582895836,0.008787087040347795,1146,0.08316370192244801,-0.00022697127338235922,0.0,0.00734094616639478,1.0,0.08480526538299626,0,Croma,Speakers,TWS Earbuds,Philips,GOBOULT
0.14102564102564102,0.005494505494505475,0.26605504587155965,0.0871559633027523,-0.03486180972147057,0.006721934660326279,0.19302433879055506,0.02200455760873131,1385,0.4065833915453744,-0.053628466957927105,0.12941176470588237,0.05483405483405483,1.0,0.4192500519848166,0,Amazon,Moisturizers,Dash Cameras,RAAGA PROFESSIONAL,NEXDIGITRON
0.06299212598425197,-0.015185601799775017,0.11666666666666667,0.04702380952380952,-0.02376638014649562,-0.002376699939882442,0.22706209666597557,0.059398175151285516,1100,-0.14509601664333932,-0.012161609639221017,0.03367003367003367,0.04565030146425495,1.0,0.15125163268065228,0,Flipkart,Power Banks,Tool Kits \u0026 Sets,Ambrane,INGCO
0.08823529411764706,-0.04831932773109242,0.13157894736842105,0.0319548872180451,-0.015049465840086632,-0.003042035398230089,0.2655602874682334,0.1207272763320097,480,-0.09231315805817364,0.0014918494707246094,0.10666666666666667,0.13333333333333333,1.0,0.11629153998686671,0,Myntra,Jeans,Kurtas \u0026 Kurtis,Louis Philippe Jeans,FUBAR
0.06976744186046512,0.014950166112956804,0.11627906976744186,0.0664451827242525,0.011247942094861376,0.003559467310042698,0.2112821570272177,0.1412100723709067,1094,0.039804949841802065,0.014681283769879896,0.034482758620689655,0.0283363802559415,1.0,0.050394745122403446,0,Croma,TWS Earbuds,Speakers,Sony,Croma
0.23809523809523808,0.15646258503401358,0.13043478260869565,0.05900621118012424,0.06108577079960984,-0.00023805401662049808,0.11096594518358727,0.17332832974195703,152,0.4092500719718203,0.041970176642918106,0.06521739130434782,0.13725490196078433,1.0,0.419823757520829,0,Croma,TWS Earbuds,Laptops,Sony,Lenovo
0.25,2.7755575615628914e-17,0.23846153846153847,-0.012087912087912073,-0.017192947388432186,-0.0031705447417958816,0.33505935174126966,0.0819262659234733,954,-0.3148558337985544,0.03351454864055318,0.12605042016806722,0.25493759844904884,0.9989517819706499,0.3203141483415912,0,Flipkart,Engine Oils \u0026 Lubricants,Cases \u0026 Covers,Shell,Ambrane
0.09375,0.078125,0.07894736842105263,0.05639097744360902,-0.06434263135263468,-0.0005585878898145489,0.1920657955908801,0.0590180710675694,744,0.23181023537855383,0.0008878762346015401,0.0625,0.04472140762463343,1.0,0.24806544215813162,0,Flipkart,Office Chairs,Mens Sports Shoes,Oakcraft,NIKE
0.3302752293577982,0.10681520314547835,0.1724137931034483,0.029556650246305438,-0.012978505263878563,0.009294144431959223,0.5262728294740884,0.08924483841542073,393,0.08525300103937518,-0.08949602627976663,0.1276595744680851,0.19143576826196473,1.0,0.12835517494234916,0,Myntra,Mens Sports Shoes,Mens Outerwear,Skechers,HRX by Hrithik Roshan
0.3275862068965517,0.0630541871921182,0.35587188612099646,0.09150991357397054,-0.04978848559773501,6.50705384814057e-05,0.21564756068820776,0.015676997606208012,1467,0.378275198484954,-0.04444094544259553,0.17077464788732394,0.13197278911564625,1.0,0.39810419446678064,0,Amazon,Headphones,Irons,Noise,Havells
0.006134969325153374,-0.014022787028921999,0.0,-0.00934065934065934,-0.0010643065739953952,-0.0009973119048299923,0.38904471342760527,0.030751168910790033,1167,-0.2575050094995894,0.0,0.0,0.0552812984512879,0.9951020408163266,0.2582663080858629,0,Flipkart,TWS Earbuds,Perfumes,Mivi,Wild Stone
0.3375,0.020982142857142894,0.265625,0.015625,-0.016628524332441896,0.003083889510435551,0.13525458320409436,0.09477544788862638,664,0.06174597567012278,-0.013418950290086924,0.14391143911439114,0.0858433734939759,1.0,0.12539921080092511,0,Flipkart,Mixers \u0026 Grinders,TWS Earbuds,Beyond Appliances,Mivi
0.0,-0.015873015873015872,0.0,-0.011904761904761904,-0.0005705319456942049,-0.00019743237101155103,0.24554308802420874,0.059227107890568856,1091,-0.2576957058836879,-6.090618511881693e-07,0.0,0.022768670309653915,1.0,0.27624168061517695,0,Croma,TWS Earbuds,Earphones,Sony,JBL
0.2066115702479339,0.055489964580873685,0.1810344827586207,0.013546798029556661,-0.06533455097843065,-0.007693751172827921,0.21761680272058495,0.05655158232306192,504,0.2136393450920196,-0.05653693909995005,0.10780669144981413,0.047619047619047616,1.0,0.24621840913251,0,Flipkart,Coffee Tables,Mixers \u0026 Grinders,MODERN CRAFTHOUSE,Prisapure
0.08333333333333333,0.03571428571428571,0.17647058823529413,0.09663865546218488,0.009331376775074597,0.0034013605442176882,0.11978337035837164,0.4031853710211959,113,0.0028804352162898274,-0.05069191774204652,0.16129032258064516,0.11504424778761062,1.0,0.04858467239909609,0,Flipkart,Helmets,Tyre Inflators \u0026 Pumps,SMK,RETLATE
0.18584070796460178,0.013274336283185889,0.1981981981981982,0.029601029601029616,0.017229208405764574,0.001514984636617223,0.14804464853923238,0.07267528865044239,691,0.14249897472833728,0.0022811036185758277,0.1,0.07225433526011561,1.0,0.16202614379688327,0,Amazon,Non-Fiction,Power Banks,Robert Greene,Portronics
0.40860215053763443,0.14516129032258074,0.3548387096774194,0.09062980030721968,0.03732307642511016,0.02573186429069095,0.11185830099384322,0.10387398689636013,301,0.03840167988858145,0.009752565069315645,0.20555555555555555,0.11258278145695365,1.0,0.07042936883485024,0,Amazon,Dishwashers,Cleaning Supplies,BEYOND BY MUKUNDA FOODS,Ariel
0.22535211267605634,-0.024144869215291687,0.25136612021857924,0.01912568306010931,-0.017556867684459968,-0.002189169380913087,0.19127785307707232,0.04656215423627322,1151,-0.013372315666402077,0.0056381316752632344,0.1127659574468085,0.16781411359724613,1.0,0.027018958361284595,0,Amazon,Pressure Washers,Headphones,Bosch,GOBOULT
0.4888888888888889,0.30158730158730157,0.3409090909090909,0.1672077922077922,-0.003064469981325142,0.004206477976083166,0.20086601492606002,0.1965120763981047,139,0.06097535353305955,-0.04205181490441355,0.18518518518518517,0.07857142857142857,1.0,0.11520381230696151,0,Flipkart,Facial Kits \u0026 Combos,Power Banks,Pilgrim,boAt
0.28125,0.09263392857142858,0.16666666666666666,0.033333333333333326,-0.03765387045465124,0.005024114311178834,0.6275119247982777,0.19205439904140464,397,-0.09460267130006833,-0.11858864703547704,0.09230769230769231,0.08635670731707316,1.0,0.10284613642073147,0,Myntra,Mens Outerwear,Casual Shoes,HRX by Hrithik Roshan,Red Tape
0.0,-0.015584415584415586,0.07017543859649122,0.03759398496240601,0.04700156260847507,0.0008866782006920417,0.21477525493181343,0.18954737467137056,434,0.01871957192270881,0.05399083033924369,0.01680672268907563,0.07682291666666667,0.9540229885057471,0.03826491654703223,0,Flipkart,Speakers,Suitcases,boAt,NASHER MILES
0.5045871559633027,0.043250327653997334,0.45454545454545453,0.030416951469582953,-0.0028144936010851235,0.008477430329839705,0.673259705116997,0.05928626712144649,854,0.23329387548310074,0.04184478038557894,0.23243243243243245,0.28649428338819866,0.9918032786885246,0.2344006443356156,0,Flipkart,Kurta Sets,Bath \u0026 Body,FABUNNA COTTON,DOVE
0.17073170731707318,0.036585365853658514,0.1891891891891892,0.050193050193050204,-0.0022298754913263204,0.0002301956285472766,5.47832270582548,0.03688238980458302,376,-0.07506922090666175,-0.02148454947325022,0.08974358974358974,0.532,1.0,0.0762926418941851,0,Amazon,Office Desks,Mens Watches,ABOUT SPACE,TIMEX
0.5343915343915344,0.08049886621315194,0.5028248587570622,0.10169491525423735,-0.014428318302145794,0.020288144987906476,0.24718760635927345,0.064459865631995,1004,-0.3495116730797438,0.12771365924249445,0.2899022801302932,0.09722222222222222,1.0,0.37802694446997936,0,Myntra,Shampoos,Mens Sports Shoes,MATRIX,Skechers
0.0,-0.004608294930875576,0.0,-0.012987012987012988,-0.00034049868368350424,-0.00025789753638773055,0.724524599569549,0.00034127592455431596,1360,0.13861600239753624,-0.0026259709598562596,0.014705882352941176,0.004682004816271374,1.0,0.13705695346329363,0,Croma,Speakers,Earphones,Croma,GOBOULT
0.0,-0.02976190476190476,0.13333333333333333,0.09047619047619047,-0.0009282041019029579,0.0018170488403877068,0.6731298166718923,0.003214304987358294,450,0.07092834340227847,0.005323728014585247,0.03571428571428571,0.004269449715370019,1.0,0.07483630369433625,0,Croma,Speakers,TWS Earbuds,Philips,Noise
0.2845528455284553,0.08594657375145182,0.27049180327868855,0.07728337236533955,0.002127044879281225,0.009038201903584111,0.41659242129942353,0.04903421321979561,1119,0.09396150102868076,0.023549782442085634,0.12653061224489795,0.10265049415992812,1.0,0.093943012509509,0,Myntra,Mens Watches,Shampoos,WROGN,MATRIX
0.0,-0.028571428571428574,0.07142857142857142,0.05612244897959183,-0.0015452717615190886,-0.001220703125,0.11199368831617866,0.04211895680157821,206,0.03950888963754303,-0.0013801253805171643,0.07692307692307693,0.02830188679245283,1.0,0.0501607740824891,0,Amazon,Health Monitors,Console Games,DR VAKU,Take 2
0.2391304347826087,0.10869565217391305,0.22641509433962265,0.04986522911051214,-0.017869298632102428,0.002264592008181753,0.16847502267210043,0.054529516999528654,439,0.2006038210308576,-0.03327249151338222,0.09433962264150944,0.075,1.0,0.21834727171864657,0,Flipkart,Recliners,Gym Equipment,Flipkart Perfect Homes,DreamFit
0.0,-0.00974025974025974,0.06896551724137931,0.04926108374384236,-0.003887547266628532,-0.0023871527777777775,0.6181869941773853,0.018220696368823397,437,-0.35725776865294434,1.920941011794074e-05,0.0,0.02722953216374269,1.0,0.35948058239858466,0,Myntra,Shirts,Headphones,HIGHLANDER,boAt
0.0,-0.009852216748768473,0.0,-0.025974025974025972,-0.021761704871568005,-0.00028125415917143866,0.4271113206885907,0.001312915797218812,1093,-0.08253546464633293,-0.05856879950635023,0.01639344262295082,0.022768670309653915,1.0,0.1001018959219751,0,Croma,TWS Earbuds,Speakers,Sony,Philips
0.2708333333333333,0.150297619047619,0.20408163265306123,0.07580174927113703,-0.08548062913183738,0.0035374268495065074,0.25470173917936173,0.13397466647313752,448,0.08832760553109541,-0.11660894047597797,0.12389380530973451,0.1270230407398549,0.7411504424778761,0.11801178601773803,0,Flipkart,Earphones,Helmets,Noise,TVS
0.045454545454545456,0.01136363636363636,0.045454545454545456,0.012987012987012991,0.04721670695097164,0.0015237104206927308,0.14333963919303547,0.27048623749724177,460,0.1861673619022208,0.06227127589590638,0.0213903743315508,0.010845986984815618,1.0,0.24324869467588064,0,Myntra,Shampoos,Tracksuits,MATRIX,Nike
0.450199203187251,0.0017074558907229642,0.47330960854092524,0.017031011692933418,-0.04757894363744655,0.015151555003787558,0.7743606116377063,0.10905298662512648,894,0.28208868748827065,-0.041530808001881435,0.25565610859728505,0.1729938721010205,1.0,0.31476694247035875,0,Flipkart,Fiction,Grains \u0026 Pulses,Pearson Education (US),Yogabar
0.17105263157894737,0.025375939849624052,0.22857142857142856,0.11632653061224489,-0.03521467075642436,0.0028010628972167436,0.18617681773318734,0.18784379985875965,1039,0.3053750688376598,0.00034462969312539605,0.10179640718562874,0.030360531309297913,1.0,0.35158743711567625,0,Myntra,Shampoos,Headphones,Bare Anatomy,NOISE
0.0,0.0,0.0,-0.027777777777777783,0.001622197746724176,-0.0009467587435954556,0.9298421612368323,0.0021193095238907222,134,-0.1886837177287804,-0.003563440406904744,0.0,0.13725490196078433,1.0,0.3698824579836501,0,Croma,Laptops,Earphones,Lenovo,GOBOULT
0.36220472440944884,0.0978627671541058,0.3877551020408163,0.08017492711370255,0.01040023872664989,0.015012826124166991,0.20526889550967822,0.04587823928213527,953,0.3561286769276581,0.003951789050069193,0.1568627450980392,0.09206523650430808,1.0,0.35599848707998977,0,Flipkart,Car Electronics,Cases \u0026 Covers,AGARO,Ambrane
0.17647058823529413,0.05672268907563027,0.12121212121212122,0.004329004329004321,-0.3281107633587647,-0.006046511627906977,0.1033777143800872,0.21378041049936547,227,0.17670425186845817,-0.19414342409173532,0.05970149253731343,0.05286343612334802,1.0,0.3320001372908127,0,Flipkart,Headphones,Console Games,Goboult,HG WORLD
0.04938271604938271,0.004409171075837749,0.04819277108433735,-0.008605851979345942,0.047126311485769026,-0.002468899635941918,0.29712989722680117,0.062407767448074455,466,-0.050853607163971776,-0.02510281314049323,0.022727272727272728,0.1034928122192273,1.0,0.13842342917822845,0,Myntra,Moisturizers,Shirts,The Face Shop,Snitch
0.2222222222222222,0.11706349206349206,0.06060606060606061,-0.0021645021645021606,0.024903443915965336,0.0014660349033589794,0.09459970581905514,0.07976601880907246,302,0.0902908334878803,0.05259179841183303,0.0641025641025641,0.11258278145695365,1.0,0.07249065613952699,0,Amazon,Dishwashers,Gaming Accessories,BEYOND BY MUKUNDA FOODS,Logitech G
0.2689075630252101,-0.019207683073229287,0.2672413793103448,-0.01662561576354682,-0.00437228861923629,0.002149999999999999,0.14437576578704292,0.10552190863444656,669,0.09766041753826371,0.023766091105802217,0.12444444444444444,0.11044776119402985,1.0,0.10570578110982297,0,Amazon,Gym Equipment,Monitors,Lifelong,Lenovo
0.17488789237668162,0.0022421524663677195,0.17872340425531916,0.031003039513677805,0.1379875920877461,0.001685011009020335,0.15052265276879917,0.07909699560263535,1337,-0.13350779490210415,0.11959505725943159,0.08024691358024691,0.039640987284966345,1.0,0.19051451285168203,0,Flipkart,Electric Trimmers \u0026 Shavers,Refrigerators,PHILIPS,Samsung
0.20588235294117646,0.11554621848739495,0.2564102564102564,0.14835164835164835,0.015573078604363837,0.0015391579900407432,0.14902540501211453,0.07236416186321822,247,0.10481357292626076,0.025565460744359808,0.1388888888888889,0.16539528432732314,1.0,0.11467778210570646,0,Flipkart,Gourmet Food,Keyboards,joganiya dairy,HP
0.06451612903225806,0.03225806451612903,0.05555555555555555,0.007936507936507929,-0.0007734122034859436,-6.694073897959231e-05,0.7479322625057849,0.1125759237275974,2869,0.28059688216986645,-0.00013507700707465653,0.03076923076923077,0.006966213862765587,1.0,0.3283158150968,0,Croma,Earphones,Speakers,JBL,Philips
0.11627906976744186,-0.05149501661129567,0.19607843137254902,-2.7755575615628914e-17,-0.05148717857117958,-0.013336216839677048,0.37160600403920946,0.16119679103251738,216,0.0881062117758732,-0.04289604053409037,0.08080808080808081,0.15029761904761904,1.0,0.15277664139629968,0,Flipkart,Electric Trimmers \u0026 Shavers,Tyre Inflators \u0026 Pumps,BEARDO,Portronics
0.21428571428571427,0.14285714285714285,0.15384615384615385,0.11538461538461539,0.06269669983354219,0.015740740740740743,0.15011623248138387,0.037688353659356015,94,-0.01823137359875717,0.0774392015909938,0.14285714285714285,0.13541666666666666,1.0,0.09929426780882654,0,Amazon,Vehicles,Digital Safes \u0026 Lockers,Storio,BonKaso
0.10714285714285714,0.03571428571428571,0.10869565217391304,0.05434782608695652,0.02982747194943682,0.0019741774260724704,1.0280616079263274,0.02715414210526316,757,0.11140133191100376,0.09364514317736095,0.05,0.026427718634961694,1.0,0.1211602053918588,0,Flipkart,Refrigerators,Smartwatches,Samsung,Fire-Boltt
0.2215568862275449,0.03592814371257483,0.20967741935483872,0.06912442396313367,0.026492542642142,0.00638042613466904,0.20886708086673247,0.03416252557264903,1113,-0.16028717124010428,0.043707347011503944,0.099644128113879,0.03285328532853286,1.0,0.18473918291685562,0,Flipkart,Socks,Duffle Bags,Dollar,SAFARI
0.0,0.0,0.0,0.0,0.0,0.0,0.032117385806138196,0.0,145,0.016614799775152556,0.01740603583372702,0.025,0.13725490196078433,1.0,0.053500847070592855,0,Croma,Earphones,Laptops,JBL,Lenovo
0.09375,-0.029017857142857137,0.15384615384615385,0.045054945054945034,0.05127852180566624,0.004521837784714995,0.24721008826669877,0.1919444771301533,771,0.04276043481901976,0.0505824900080707,0.1037037037037037,0.046954314720812185,1.0,0.06759596742940478,0,Amazon,Speakers,Gym Equipment,boAt,unknown
0.44654088050314467,0.11185983827493257,0.4723926380368098,0.11831726555652938,0.034249437125262426,0.018292011019283745,0.1683616566132136,0.07830261207140257,845,0.12922284833441391,0.028964126221158196,0.21631205673758866,0.09692671394799054,1.0,0.15414583295732726,0,Flipkart,Suitcases,Car Electronics,NASHER MILES,AGARO
0.09090909090909091,0.022727272727272735,0.037037037037037035,-0.021164021164021163,-0.0008487474436347481,-0.00013898772123726325,0.5148081763011501,0.003959520385041872,1360,0.3659725320416824,-0.0005369414833881713,0.019230769230769232,0.007283321194464676,1.0,0.3757686757848239,0,Croma,Speakers,Earphones,Philips,GOBOULT
0.06060606060606061,-0.006493506493506482,0.07142857142857142,-0.005102040816326536,-0.007946315572974488,-0.002586063580220308,0.2597394283324735,0.08848117290132515,429,-0.007075546655614095,0.010206063979488185,0.014285714285714285,0.033707865168539325,1.0,0.05222112911520629,0,Myntra,Casual Shoes,Headphones,Nike,NOISE
0.3974358974358974,0.027014652014651974,0.4482758620689655,0.10098522167487683,-0.04035433092299381,-0.005334689349112423,0.30561621505307396,0.14950944662492763,540,0.5714261480348627,-0.02782094629782923,0.20640569395017794,0.20943933213167631,1.0,0.5760498311783621,0,Flipkart,Car Audio,Backpacks,DODJ,Uppercase
0.15789473684210525,0.06641604010025062,0.1,0.04428571428571429,0.010526181607778738,0.0018338313094487541,0.1346232748057156,0.06758427704278769,1040,-0.1779812887844939,-0.00900031578334078,0.09322033898305085,0.03173076923076923,1.0,0.1890431990165686,0,Amazon,Power Banks,Cricket,URBN,Triumph
0.05263157894736842,-0.060150375939849635,0.13043478260869565,0.03416149068322981,0.013555483316870759,-0.001291928071547072,0.3976965238355495,0.10950794653287789,486,-0.3083680541038648,0.030089237822714925,0.0625,0.06378600823045268,1.0,0.31781569418332795,0,Myntra,Kurtas \u0026 Kurtis,Shirts,FUBAR,HIGHLANDER
0.2,0.06160714285714286,0.16216216216216217,0.02413127413127414,0.08963970953447205,0.0013310815037217735,0.424409901966078,0.1047375960001051,1138,-0.09942552613118434,0.10667509341290428,0.07329842931937172,0.038630377524143986,1.0,0.14064886257879383,0,Myntra,Mens Watches,Shampoos,WROGN,Bare Anatomy
0.1111111111111111,1.3877787807814457e-17,0.2,0.07857142857142856,0.039477656040879446,0.0015897738602487087,0.21742063174366222,0.13921500021904204,459,-0.0799883792034229,0.00770322255936879,0.03048780487804878,0.0553877139979859,1.0,0.08345594618297957,0,Amazon,Headphones,Dash Cameras,boAt,NEXDIGITRON
0.23333333333333334,0.06825396825396823,0.25925925925925924,0.11022927689594356,0.02595091079066519,0.005999282506559013,0.15212467365592233,0.14103604916292273,503,0.3652969711870389,0.03620368144360971,0.1534090909090909,0.047619047619047616,1.0,0.3616545650472811,0,Flipkart,Non-Fiction,Mixers \u0026 Grinders,CBS Publishers and Distributors Private Limited,Prisapure
0.2826086956521739,0.13509316770186333,0.15625,0.04241071428571429,-0.017330650942332135,0.005405245746691871,0.1394251153725667,0.09357309132057184,380,-0.1193501038565439,-0.00015250159321056456,0.10344827586206896,0.05249343832020997,1.0,0.14671656079183776,0,Amazon,Drums,Smartwatches,Clapbox,Apple
0.22,0.08285714285714285,0.3404255319148936,0.19148936170212763,0.0018185753575893232,0.005770856100042527,0.06924935455352128,0.06460667933763072,451,0.147912943275887,0.013982385900572063,0.10344827586206896,0.07300884955752213,1.0,0.15280353131445976,0,Flipkart,Helmets,Bathroom Fittings,TVS,Kyari
0.25311203319502074,0.013040901007705996,0.3319838056680162,0.07663389242336616,0.08630186630956403,0.010800215493993699,0.28826021713963107,0.041903056002621876,1837,-0.12899579930214208,0.05614805905186701,0.16228070175438597,0.041916167664670656,1.0,0.13856799466805458,0,Myntra,Perfumes,Moisturizers,Ajmal,Nivea
0.3110236220472441,0.006186726659167641,0.32751091703056767,0.01684341859014349,-0.010346373103021634,0.004317011820823939,0.31562961710861037,0.035084557417231495,1465,-0.07343432106473599,-0.02264396679127889,0.12947189097103917,0.2520491803278688,1.0,0.0722115948681114,0,Flipkart,Dog Food,Electric Trimmers \u0026 Shavers,Active,PHILIPS
0.2,0.031746031746031744,0.18181818181818182,-0.00487012987012983,-0.025558526355397453,-0.004665771742105333,0.12527951528641762,0.046624010656912275,287,0.01873228027919138,-0.0055064700487508665,0.09195402298850575,0.2829861111111111,1.0,0.14098342354274873,0,Amazon,Guitars,Headphones,amazon basics,GOBOULT
0.10588235294117647,0.027731092436974802,0.14583333333333334,0.07366071428571429,-0.031138316220828667,0.0030652699012812435,0.5120560624255496,0.07137529322213908,853,-0.124538031570556,-0.025386600740217993,0.04522613065326633,0.1577937649880096,1.0,0.14468943103242418,0,Flipkart,Fitness Equipment,Perfumes,HRX,BEARDO
0.06818181818181818,-0.07305194805194803,0.14285714285714285,-0.0017006802721088454,-0.03821831916594621,-0.004243868813792989,0.42152248135804077,0.055409874065934464,369,-0.023264475756166764,-0.05011903567387709,0.0392156862745098,0.15873015873015872,1.0,0.019662201440693534,0,Myntra,Headphones,Mens Watches,NOISE,Daniel Hechter
0.041666666666666664,-0.04761904761904764,0.2,0.09285714285714285,-0.041561006837839407,-0.006455409687641467,0.16791833414592258,0.06802950696217747,247,-0.18256946078264757,0.01723365059898088,0.05970149253731343,0.07692307692307693,1.0,0.24731925530190113,0,Flipkart,Gourmet Food,Coffee Tables,joganiya dairy,Allie Wood
0.3333333333333333,0.1380952380952381,0.26666666666666666,0.09999999999999998,0.026315827828484996,-0.005067567567567568,0.19594451505962626,0.3730922967256112,154,0.05996157199997244,0.010922695829094008,0.22413793103448276,0.12337662337662338,1.0,0.2250002656933939,0,Myntra,Mens Watches,Smartwatches,WROGN,Fastrack
0.0,-0.005494505494505495,0.0,-0.027472527472527476,-0.0035088365460914416,-0.0007020542718476238,0.6894530055623738,0.053995294936699835,191,-0.22851557107720843,-2.0350995929511882e-20,0.0,0.004545454545454545,1.0,0.2342593209619035,0,Myntra,Bottoms,Headphones,Stylecast X Kotty,boAt
0.19047619047619047,0.06802721088435375,0.08695652173913043,-0.031055900621117988,-0.00568286042678287,-0.004595588235294117,0.36833971621751743,0.14313584600366358,142,0.1475401905057385,0.11604088276991144,0.15555555555555556,0.06293706293706294,1.0,0.18897872762493237,0,Myntra,Bath \u0026 Body,Mens Outerwear,Parachute,StyleCast x Revolte
0.23809523809523808,0.15646258503401358,0.13043478260869565,0.05900621118012424,0.06108577079960984,-0.00023805401662049808,0.11096594518358727,0.17332832974195703,152,0.4092500719718203,0.041970176642918106,0.06521739130434782,0.13725490196078433,1.0,0.419823757520829,0,Croma,TWS Earbuds,Laptops,Sony,Lenovo
0.3411764705882353,0.08067226890756307,0.2926829268292683,0.04050522648083621,0.04178902466922588,0.00826698274455238,0.15331736573024052,0.08005582824794713,1216,0.15338691645408264,0.05505464813539029,0.14067278287461774,0.07026143790849673,1.0,0.1517495205580974,0,Flipkart,Casual Shoes,Multipurpose Sprays \u0026 Lubricants,PUMA,Drasert
0.3246268656716418,0.06023454157782515,0.23591549295774647,-0.011066398390342097,-0.02046562386487507,0.003363585114432171,0.8492064870851873,0.06238206860555928,1980,0.22811637047348984,-0.023356035335046304,0.143646408839779,0.05199394245330641,1.0,0.23320042325310691,0,Flipkart,Gas Stoves,Fiction,Natraj Aatamaker,Pearson Education (US)
0.42857142857142855,0.05199222546161325,0.46808510638297873,0.10790273556231,0.07191984544939364,0.004451211072664357,0.2578772251289241,0.11375081108503274,453,0.30855028532880885,0.13553445643317782,0.21641791044776118,0.15756302521008403,1.0,0.2930006648248213,0,Myntra,Mens Watches,Casual Shoes,Titan,Puma
0.38392857142857145,0.08099489795918374,0.3269230769230769,0.09134615384615383,-0.005137891901827644,0.010988928504409828,0.42431282953530064,0.04804257004108693,389,0.3987842769083052,-0.0465702643277791,0.18686868686868688,0.10796915167095116,1.0,0.4344036102711583,0,Myntra,Jeans,Shampoos,Mufti,MATRIX
0.14285714285714285,0.13265306122448978,0.0,-0.011904761904761904,-0.010220890582680265,-3.7485158220167204e-05,0.3909257657796218,0.05281548666126789,1146,-0.3114244398557552,-0.029344009234233494,0.05555555555555555,0.01033946588884223,0.9869281045751634,0.31424269110346753,0,Croma,Earphones,TWS Earbuds,JBL,GOBOULT
0.12903225806451613,-0.0051843317972350145,0.25517241379310346,0.09064039408866995,0.1164078233685835,0.0017130777081207174,0.2619370147125438,0.04163821893003676,1504,0.47306273006024896,0.14869288915663478,0.08797653958944282,0.04654255319148936,1.0,0.46792592947080286,0,Amazon,Printers,Desktops,HP,LG
0.1,0.042857142857142864,0.1,0.07142857142857142,-0.00030844550787013084,-0.0012626262626262625,0.030865748346868963,0.21772308549619035,206,-0.05070718517471056,0.00036209044234742635,0.0,0.03349282296650718,1.0,0.150707771247422,0,Amazon,Power Banks,Washing Machines,pTron,Orpat
0.10294117647058823,0.043067226890756295,0.057971014492753624,0.0227743271221532,-0.0036489938758121135,-0.00010618191084966772,0.8164836341445069,0.08464724818385552,1211,0.028937996048788463,-0.0026503471631936833,0.02666666666666667,0.005376344086021506,1.0,0.03713521561114957,0,Amazon,Suitcases,Drawing,Aristocrat,Shuttle Art
0.21951219512195122,0.011324041811846625,0.12162162162162163,-0.029922779922779946,-0.016347512756485605,-0.0055069903177177425,0.451025717687514,0.10505513009480594,495,-0.41705903012646955,-0.024495673500752543,0.12844036697247707,0.412573673870334,1.0,0.4201571045596256,0,Amazon,Mens Grooming,Tablets,CULT,Samsung
0.16260162601626016,-0.0029036004645760782,0.1951219512195122,0.026132404181184676,-0.02945532879885192,0.001077254539858418,0.2189813054930144,0.16051527723409426,1296,-0.006288733223144331,-0.02214208103292199,0.05204460966542751,0.05821665438467207,1.0,0.012277535857667636,0,Flipkart,Power Banks,Office Desks,Ambrane,NEUDOT
0.32926829268292684,0.16376306620209058,0.25333333333333335,0.08952380952380956,-0.10366304015735717,0.00467783310698657,0.15314413735868324,0.17371268041300272,443,-0.13595939527626932,-0.07594756338693781,0.14361702127659576,0.06306306306306306,1.0,0.135904350637088,0,Flipkart,Car Electronics,Televisions,Costar,Coocaa
0.0,-0.015037593984962405,0.0,-0.010714285714285714,-0.0005333768877884428,-0.0005281207133058985,1.0326141547388965,0.0033392275719730403,1080,-0.38994946393507135,4.280116810876447e-06,0.0,0.0283363802559415,1.0,0.43677355585739625,0,Croma,TWS Earbuds,Earphones,Sony,GOBOULT
0.22641509433962265,0.01752021563342318,0.3684210526315789,0.16917293233082706,0.08081724060640567,0.013475792831675736,0.08689085185919085,0.25178830715036393,302,0.11583644453194629,0.1408099383609325,0.14018691588785046,0.11258278145695365,1.0,0.1256829927633796,0,Amazon,Mens Watches,Dishwashers,NAVIFORCE,BEYOND BY MUKUNDA FOODS
0.21468926553672316,0.0625504439063761,0.17277486910994763,0.012715033657442032,0.022141244835605492,0.0020784933486278478,0.3532646957864914,0.024104612340395477,1497,-0.04127411891977169,0.03437134946318955,0.10554089709762533,0.0520694259012016,1.0,0.07739165917631306,0,Amazon,Pens \u0026 Writing Instruments,Massage \u0026 Relaxation,Parker,Lifelong
0.0,-0.005714285714285714,0.0,-0.031746031746031744,-0.0035630120920096624,-0.0010612244897959184,0.4451427067070282,0.0036277288858064475,448,-0.5986976568720441,0.0001467797588335507,0.0,0.041928721174004195,1.0,0.6066705371175989,0,Myntra,Headphones,Smartwatches,boAt,Titan
0.2557077625570776,-0.008480104370515273,0.22815533980582525,0.0003467406380028015,-0.03590598068138817,0.0042097800531084775,0.21946458445800882,0.06282902190184424,1448,-0.07364242478600755,-0.0586678458447784,0.12385321100917432,0.11753531236592851,1.0,0.07740045557536135,0,Flipkart,Non-Fiction,Mens Watches,CBS Publishers and Distributors Private Limited,Allen Solly
0.30434782608695654,0.20807453416149072,0.34615384615384615,0.23626373626373623,0.04044185573293531,0.003650621957815032,0.09504375534453287,0.09746971352099229,94,0.2656461060789074,-0.015592884408059443,0.16326530612244897,0.10638297872340426,1.0,0.26015084388539794,0,Flipkart,Lighting \u0026 Electrical,Memory Cards,Longway,SanDisk
0.0,-0.0006934812760055478,0.0,-0.002255639097744361,-0.00019125081672726732,-0.000744009109259355,0.1126827282656365,0.015745932641816004,1154,0.11303251071479362,1.9787445251426934e-05,0.0,0.004306632213608958,1.0,0.12537608257234725,0,Flipkart,Tool Kits \u0026 Sets,Headphones,INGCO,boAt
0.02727272727272727,0.00454545454545454,0.0,-0.003337783711615487,0.008448754630488121,0.0007495438768244927,0.7772519534348751,0.05767271722594169,910,0.062056561003790416,-0.08467027158650287,0.013043478260869565,0.002197802197802198,1.0,0.09172258501927802,0,Flipkart,Pens \u0026 Writing Instruments,Mens Watches,PARKER,LEE COOPER
0.25311203319502074,0.013040901007705996,0.3319838056680162,0.07663389242336616,0.08630186630956405,0.010800215493993699,0.25333200297461284,0.041903056002621876,1837,-0.12899579930214208,0.05614805905186701,0.16228070175438597,0.041916167664670656,1.0,0.13856799466805458,0,Myntra,Moisturizers,Perfumes,Nivea,Ajmal
0.3472222222222222,0.18948412698412695,0.26229508196721313,0.11592505854800939,0.06055640007218621,0.009405120073949497,0.1409453798384822,0.018028773336285216,1035,0.5142620850397079,0.04713559998033989,0.10256410256410256,0.021256038647342997,1.0,0.5195384925877679,0,Myntra,Shampoos,Protein \u0026 Sports Nutrition,Bare Anatomy,MuscleBlaze
0.2748091603053435,0.01799345692475468,0.24324324324324326,0.04890604890604891,0.02126994632497113,0.0033714727866781032,0.13186739324256447,0.04117515533474597,1113,-0.0916108980540077,0.011699633225808338,0.10975609756097561,0.06019766397124888,1.0,0.13027965168948077,0,Flipkart,Gas Stoves,Socks,Natraj Aatamaker,Dollar
0.11504424778761062,-0.06700379266750948,0.1016949152542373,-0.0635593220338983,-0.011913641401541114,-0.004692705143050177,0.24556464007976953,0.08476598020401704,777,0.09220022190157616,-0.0026369550564872535,0.09420289855072464,0.07757575757575758,1.0,0.11168519341943063,0,Amazon,Android Phones,Pens \u0026 Writing Instruments,XIAOMI,Parker
0.12903225806451613,0.016129032258064516,0.2,0.09523809523809526,0.06115062729301071,0.002784762619628447,0.30299295427319467,0.1412616276705492,389,0.24994511426403615,0.07121540924558566,0.07633587786259542,0.5193298969072165,1.0,0.2848692387373247,0,Myntra,Jeans,Casual Shoes,Mufti,Nike
0.375,0.06795634920634924,0.35766423357664234,0.06569343065693428,0.046715636887803676,0.005185185185185182,0.16659315996365273,0.09800531755230885,513,0.11011467748378954,0.052543233612892724,0.16417910447761194,0.270997375328084,1.0,0.14167386750694935,0,Amazon,Bath \u0026 Body,Cleaning Supplies,Amazon Brand - Solimo,Ariel
0.256198347107438,0.08559622195985828,0.23148148148148148,0.07407407407407407,0.09772763749633605,0.00581935546970512,0.18572944706965644,0.09769538956015077,744,0.01948282908716026,0.06492029432659582,0.09130434782608696,0.05241935483870968,1.0,0.04295163583056887,0,Flipkart,Mens Watches,Office Chairs,Allen Solly,Oakcraft
0.03125,0.0078125,0.03333333333333333,0.007142857142857145,-0.0005389981290148428,-0.000788906292485093,0.90234305630286,0.007452413189648343,1050,-0.047056699215224984,0.0017267037450035758,0.013793103448275862,0.24643743353420774,0.9990900818926297,0.049526427851679794,0,Myntra,Mens Watches,Headphones,WROGN,boAt
0.29464285714285715,0.05102040816326525,0.32407407407407407,0.04894179894179895,0.05625620709832178,0.00955103693458637,0.17548584261290887,0.10945869742487885,1518,0.1936310639924824,0.10974800094686009,0.18181818181818182,0.35213280562884786,1.0,0.19569233573757516,0,Amazon,Cleaning Supplies,Gym Equipment,Presto!,Lifelong
0.0,0.0,0.0,0.0,0.0,0.0,0.032117385806138196,0.0,145,0.016614799775152556,0.01740603583372702,0.025,0.13725490196078433,1.0,0.053500847070592855,0,Croma,Earphones,Laptops,JBL,Lenovo
0.08333333333333333,-0.05357142857142856,0.25,0.09226190476190471,-0.031065765552826044,-0.00201934318205973,0.596922087708237,0.0500466757710261,204,-0.26688468021698225,-0.01253783056976797,0.09803921568627451,0.0949027498323273,1.0,0.26940489289594516,0,Myntra,Headphones,Bottoms,NOISE,Stylecast X Kotty
0.045454545454545456,-0.0714285714285714,0.07547169811320754,-0.018867924528301896,-0.0031811823429385706,-0.008122980172940868,0.2566512950822872,0.14626307777934974,954,-0.1733084424588368,0.0024477193657795587,0.024509803921568627,0.05555555555555555,1.0,0.18355836712248597,0,Flipkart,Casual Shoes,Cases \u0026 Covers,NIKE,Ambrane
0.08888888888888889,0.05873015873015873,0.0,-0.024489795918367346,0.004981662596341399,0.0005385546518295143,0.525681199254009,0.026299969750521946,1379,0.4053141133522458,0.002348764742402309,0.00909090909090909,0.004720406681190995,1.0,0.4061708841841721,0,Amazon,Car Cleaning Kits,Drawing,Lyrovo,Shuttle Art
0.0,0.0,0.0,-0.015527950310559006,-0.00045892724469866674,-8.608030315156276e-05,0.22354347123343807,0.00045986899297299793,1490,0.3538414922454159,2.023245128413397e-06,0.0,0.012056262558606833,1.0,0.35378006555314045,0,Croma,Earphones,Speakers,JBL,Croma
0.3333333333333333,0.2346938775510204,0.5925925925925926,0.4788359788359788,0.11635621549592284,0.02173751486325803,0.15157323784378954,0.141396033255791,124,0.3907304141166641,0.16252183682699292,0.24444444444444444,0.128,1.0,0.3760481164304435,0,Flipkart,Perfumes,Office Desks,Em5,Lukzar
0.08433734939759036,-0.013769363166953527,0.10666666666666667,0.022857142857142868,0.035494761602882265,0.0008447790200017471,0.14218643670709902,0.0772901350372889,878,0.07455266593385536,0.03176844360442144,0.05263157894736842,0.5188141391106044,1.0,0.07991651458004595,0,Amazon,Kitchen Storage \u0026 Containers,Gaming Accessories,MILTON,Logitech G
0.23529411764705882,0.1722689075630252,0.21052631578947367,0.09774436090225562,0.04597272472105032,0.00495441934205311,0.17505080308301665,0.3863472137319864,95,0.6807375638619017,0.20909825175545338,0.10810810810810811,0.09473684210526316,1.0,0.6735496522610007,0,Flipkart,Mens Sports Shoes,Womens Track Pants,NIKE,REEBOK
0.17647058823529413,-0.03711484593837533,0.1941747572815534,-0.02565880721220523,-0.0271623628421942,-0.008976036847658467,0.23830675199514328,0.05219525740234357,606,0.04030095835112112,-0.0717929532858952,0.09137055837563451,0.09075907590759076,1.0,0.04365388908133071,0,Myntra,Serums,Mens Watches,deconstruct,Timex
0.01098901098901099,-0.007849293563579279,0.013333333333333334,-0.011428571428571425,-0.026061918464404987,-0.0005805614370603101,0.26046743629642105,0.0429505727674568,1149,0.2579550697417508,-0.012206874082377738,0.023255813953488372,0.03533906399235912,1.0,0.26386965294158204,0,Amazon,Fiction,Headphones,unknown,GOBOULT
0.0,0.0,0.0,0.0,0.0,0.0,0.030517011356019752,0.0,145,0.016614799775152553,0.01740603583372702,0.025,0.13725490196078433,1.0,0.053500847070592855,0,Croma,Laptops,Earphones,Lenovo,JBL
0.3611111111111111,0.05753968253968256,0.3219178082191781,0.03669275929549898,0.17318604796215104,0.01183158173045145,0.4600215572166768,0.24560932252599077,1413,0.15694984259633665,0.0022480917915190866,0.15328467153284672,0.021585279547062988,1.0,0.22297200283158916,0,Myntra,Mens Outerwear,Serums,Roadster,Minimalist
0.0,-0.025974025974025976,0.11538461538461539,0.07967032967032968,-0.00037354094823686154,0.003170828378913991,0.23279545303483926,0.07722196573170322,95,0.15082221520340414,-0.0061727055468930765,0.04,0.5053763440860215,1.0,0.17739765983096956,0,Flipkart,Speakers,Furniture,TRIGGR,Online Decor Shoppee
0.0,-0.02551020408163265,0.07692307692307693,0.06043956043956045,-0.0001716269066593963,-0.0024029219530949633,0.5363980311159896,0.08634408202204907,110,0.2614605857589872,-0.0022306482203655127,0.0,0.0045871559633027525,1.0,0.26844588685042153,0,Flipkart,Multipurpose Sprays \u0026 Lubricants,Speakers,GoMechanic,TRIGGR
0.09090909090909091,0.022727272727272735,0.037037037037037035,-0.021164021164021163,-0.0008487474436347481,-0.00013898772123726325,0.5148081763011501,0.003959520385041872,1360,0.3659725320416824,-0.0005369414833881713,0.019230769230769232,0.007283321194464676,1.0,0.3757686757848239,0,Croma,Speakers,Earphones,Philips,GOBOULT
0.0,0.0,0.14285714285714285,0.14285714285714285,0.0,0.0,0.09532888465204956,0.0,127,0.010224160071539333,-0.01801838039132328,0.014492753623188406,0.06349206349206349,1.0,0.01752672696221115,0,Amazon,Camera Accessories,Headphones,unknown,Boult Audio
0.4444444444444444,0.4206349206349206,0.5,0.4642857142857143,0.007078192424713625,0.00871900826446281,1.0052054201731968,0.649838886323461,450,0.80824898085093,0.26547007606641737,0.15789473684210525,0.0028524857375713123,1.0,0.8155184708210069,0,Croma,TWS Earbuds,Earphones,Noise,JBL
0.1,0.0642857142857143,0.06666666666666667,0.052380952380952375,0.00028876846185693454,-5.54016620498615e-05,0.28464393582895836,0.008787087040347795,1146,0.08316370192244801,-0.00022697127338235922,0.0,0.00734094616639478,1.0,0.08480526538299626,0,Croma,Speakers,TWS Earbuds,Philips,GOBOULT
0.5285714285714286,0.16887755102040825,0.425531914893617,0.06990881458966569,0.03826350042491778,0.011094674556213033,0.2696076923895967,0.07523644758119961,388,0.08342823404169973,0.06192794860876956,0.242914979757085,0.14652956298200515,1.0,0.06766358668444844,0,Myntra,Jeans,Sunscreen,Mufti,Lakme
0.08108108108108109,0.0386100386100386,0.0784313725490196,0.008403361344537813,0.032874196704010206,0.0006307279697689342,0.10862455550050047,0.08767638030667421,453,0.09874428218637055,0.06329592751274203,0.03636363636363636,0.013215859030837005,1.0,0.09396233593080362,0,Myntra,Casual Shoes,Perfumes,Nike,Ajmal
0.2222222222222222,0.04273504273504272,0.17647058823529413,0.030112044817927203,0.018707080019072803,0.0007523829785026021,0.12167717368573619,0.04036294798329466,903,0.06298070389540639,0.00845133681253339,0.0873015873015873,0.07632743362831858,1.0,0.06564894545045172,0,Amazon,Cricket,Perfumes,Li-Ning,WILD STONE CODE
0.17142857142857143,0.07551020408163268,0.10714285714285714,-0.015306122448979595,-0.11000539564588617,-0.004245057397959185,0.1342554139672403,0.16103579504129395,234,0.015497367230101007,-0.11050097497557991,0.09210526315789473,0.08547008547008547,1.0,0.07615954991431867,0,Myntra,Perfumes,Mens Outerwear,Ajmal,Roadster
0.2215568862275449,0.03592814371257483,0.20967741935483872,0.06912442396313367,0.026492542642142,0.00638042613466904,0.1849862073412968,0.03416252557264903,1113,-0.16028717124010428,0.04370734701150395,0.099644128113879,0.03285328532853286,1.0,0.18473918291685562,0,Flipkart,Duffle Bags,Socks,SAFARI,Dollar
0.13157894736842105,0.08082706766917293,0.1282051282051282,0.07692307692307693,-0.07712305789088693,0.003789622386946239,0.15196159250804625,0.22645755244622315,1094,0.10365662354314384,-0.07873632266211983,0.05405405405405406,0.022768670309653915,1.0,0.1395699678416508,0,Croma,Speakers,TWS Earbuds,Croma,Sony
0.1927710843373494,0.012908777969018959,0.15,-0.008928571428571452,0.08121113508826777,0.0034740673822935483,0.21632765440674753,0.12038721545274618,400,0.3740762923271626,0.07530035833692221,0.06896551724137931,0.04987531172069826,1.0,0.36825202509948296,0,Amazon,Eye Care,Perfumes,LENSKART BLU,Wild Stone
0.034482758620689655,-0.004926108374384237,0.11764705882352941,0.07142857142857142,0.004930443511775547,0.004055889624858826,0.2770912173380459,0.00424724178739734,384,0.10344582446501688,0.006116524177118318,0.06666666666666667,0.13157894736842105,1.0,0.10788912206384942,0,Myntra,Mens Watches,Tracksuits,Daniel Hechter,Nike
0.3219178082191781,-0.06311154598825836,0.36363636363636365,0.06558441558441558,0.06907626933307989,0.008387085203938278,0.22649875882438156,0.12460879624324013,429,-0.03222911884837035,0.06936447072198484,0.16129032258064516,0.20994933210502073,0.9930232558139535,0.11375379482504558,0,Flipkart,Clocks,Earphones,LUPPRA,Mivi
0.21978021978021978,0.03846153846153849,0.2127659574468085,0.020516717325227973,0.009430228436807681,0.006759768810753099,0.1742726429292979,0.04026493705462279,1138,-0.29438732994651007,0.010689096463400055,0.1336405529953917,0.05970149253731343,1.0,0.3338454442606525,0,Myntra,Shampoos,Perfumes,Bare Anatomy,Ajmal
0.058823529411764705,-0.016806722689075626,0.14285714285714285,0.05714285714285712,-0.0005097284935316891,0.0023068019990506107,0.12358679513716814,0.001142897025921081,459,-0.004327573285220658,0.0003761078307386784,0.023255813953488372,0.2396045658377497,0.9956427015250545,0.013339430147899305,0,Myntra,T-Shirts,Mens Watches,Jack & Jones,WROGN
0.13636363636363635,-0.05194805194805191,0.22666666666666666,0.028571428571428525,0.03463618696264191,0.002150188648626721,0.16922155880930953,0.048148981416469006,489,-0.02886680159943351,0.04516707186140883,0.1125,0.09837962962962962,0.9488752556237219,0.05321998402237258,0,Amazon,Perfumes,Earphones,Ajmal,boAt
0.12903225806451613,0.016129032258064516,0.2,0.09523809523809526,0.061150627293010705,0.002784762619628447,0.23537298174132706,0.1412616276705492,389,0.24994511426403615,0.07121540924558566,0.07633587786259542,0.5193298969072165,1.0,0.2848692387373247,0,Myntra,Casual Shoes,Jeans,Nike,Mufti
0.0,-0.05357142857142857,0.1111111111111111,0.07142857142857142,-0.004309182064069839,-0.003237368481905423,0.1779079564970497,0.4988139955249238,101,0.6284058062719922,-0.005661976100559608,0.045454545454545456,0.04950495049504951,1.0,0.6501128703235719,0,Flipkart,Suitcases,Mens Sports Shoes,ARISTOCRAT,NIKE
0.5504587155963303,0.022280471821756187,0.5163043478260869,0.08035714285714274,0.033923412715653266,0.002837370242214532,0.3178554554610279,0.06568666625086451,566,0.07499010646571463,0.01958298886491786,0.2857142857142857,0.30598307587460244,1.0,0.07924883282548849,0,Flipkart,Non-Fiction,Earphones,S. Chand Publishing,Mivi
0.0,0.0,0.0,0.0,0.0,0.0,0.0,0.0,106,0.25387970999328013,-0.0003311522153105552,0.0,0.11583924349881797,1.0,0.2639384028558881,0,Flipkart,Perfumes,Educational,Wild Stone,MISSION PARICHARIKA
0.27439024390243905,-0.016114982578397163,0.23134328358208955,-0.00906183368869945,0.05884907749446557,-0.0012321776560063266,0.21586393233161946,0.12698072364041937,661,0.07400189286052948,0.0804423638211523,0.08333333333333333,0.2164372359274908,1.0,0.05631677226651592,0,Flipkart,TWS Earbuds,Face Wash,Mivi,LOTUS HERBALS
0.22641509433962265,0.05660377358490565,0.18,-0.0014285714285714735,0.040697681521056725,0.00026570305027101733,0.26625604420578486,0.054770564418683394,309,0.1943821585103063,0.03579149814093887,0.08163265306122448,0.07924117702715489,1.0,0.18983846481834918,0,Myntra,Mens Watches,Mens Sports Shoes,Timex,Nike
0.14361702127659576,0.02431610942249239,0.23555555555555555,0.0009523809523810101,0.021860176450306034,0.0033344970167009493,0.18541694704166126,0.01698508868045035,1984,0.049785356300512264,0.036530847085173984,0.12842105263157894,0.08295603674540683,1.0,0.06848109979624366,0,Amazon,Pens \u0026 Writing Instruments,Moisturizers,Parker,RAAGA PROFESSIONAL
0.0,-0.009852216748768473,0.0,-0.025974025974025972,-0.021761704871568005,-0.00028125415917143866,0.4271113206885907,0.001312915797218812,1093,-0.08253546464633293,-0.05856879950635023,0.01639344262295082,0.022768670309653915,1.0,0.1001018959219751,0,Croma,TWS Earbuds,Speakers,Sony,Philips
0.0,0.0,0.0,-0.015527950310559006,-0.00045892724469866674,-8.608030315156276e-05,0.22354347123343807,0.00045986899297299793,1490,0.3538414922454159,2.023245128413397e-06,0.0,0.012056262558606833,1.0,0.35378006555314045,0,Croma,Earphones,Speakers,JBL,Croma
0.25806451612903225,0.0967741935483871,0.26666666666666666,0.15238095238095234,0.2642288903790263,0.009222059897735575,0.08974116167916756,0.11220616633546014,156,0.28443318695140724,0.1742489094060846,0.11666666666666667,0.1464968152866242,1.0,0.2206226609288748,0,Amazon,Computer Accessories,Kitchen Appliances,KARNAGE,Aquaguard
0.15,0.0,0.27586206896551724,0.13793103448275862,0.01830297995123784,0.0002111090260836935,0.3063399863669189,0.10677350111634712,158,0.5003183704288673,-0.0013754228457401377,0.11320754716981132,0.11392405063291139,1.0,0.5350618138547872,0,Flipkart,Dash Cameras,Perfumes,CP PLUS,Em5
0.4444444444444444,0.4206349206349206,0.5,0.4642857142857143,0.007078192424713625,0.00871900826446281,1.0052054201731968,0.649838886323461,450,0.80824898085093,0.26547007606641737,0.15789473684210525,0.0028524857375713123,1.0,0.8155184708210069,0,Croma,TWS Earbuds,Earphones,Noise,JBL
0.3448275862068966,0.19211822660098526,0.4375,0.27901785714285715,-0.03453010177615949,-0.0208896700919416,0.0878261216907008,0.0824753836330785,94,0.14790708064908178,0.018670152274110383,0.2857142857142857,0.23404255319148937,1.0,0.15686559830096394,0,Flipkart,Memory Cards,Tool Kits \u0026 Sets,SanDisk,TAPARIA
0.3902439024390244,0.09930313588850176,0.40145985401459855,0.07924921793534934,0.01761634173641253,0.021233989815207743,0.09912365581848653,0.02439693342465311,670,0.3305321322180998,0.054819079721283706,0.1969111969111969,0.11044776119402985,1.0,0.32345188859464585,0,Amazon,Monitors,Irons,Lenovo,Havells
0.30165289256198347,-0.010330578512396715,0.29955947136563876,0.023914411579609773,0.004991980038589389,0.008039470289916686,0.20047419093564026,0.023333223068466847,1812,0.37482572009861864,0.011343597981132044,0.1448692152917505,0.12813937578145274,0.9906232763375621,0.37459601221461347,0,Flipkart,Protein \u0026 Sports Nutrition,Multipurpose Sprays \u0026 Lubricants,Nutrabay,Drasert
0.09230769230769231,-0.052747252747252726,0.20833333333333334,0.06746031746031747,-0.0013265820262505048,-0.0006391530242133119,0.6204650309388785,0.017234521192530747,525,-0.3069826735525315,-1.4333796567875327e-05,0.06164383561643835,0.08,1.0,0.34332957204634584,0,Amazon,Light Bulbs,Massage \u0026 Relaxation,Crompton,Lifelong
0.29069767441860467,-0.011627906976744207,0.3300970873786408,0.025658807212205315,0.0018984610094574146,-0.007922136713444994,0.27278751964188735,0.05108513183970215,296,0.2678470289343301,-0.013372947255268027,0.14772727272727273,0.09121621621621621,1.0,0.27400855607242686,0,Flipkart,Electric Trimmers \u0026 Shavers,Suitcases,PHILIPS,TOMMY HILFIGER
0.08333333333333333,0.035714285714285705,0.14285714285714285,0.06122448979591838,-0.028660124529150576,-0.006322314049586776,0.23064399090915938,0.18779880465269416,118,0.20379920454018835,-0.0570581298288246,0.034482758620689655,0.0423728813559322,1.0,0.25035732638202474,0,Flipkart,Laptops,Face Wash,ASUS,LOTUS HERBALS
0.03125,-0.04241071428571429,0.10344827586206896,0.017241379310344807,-0.0010772104399780227,-0.001958483367626886,0.1946299424934827,0.08278838429881634,458,0.31085201283450603,-0.001430682504072049,0.014925373134328358,0.0457516339869281,1.0,0.32866719504305214,0,Myntra,Protein \u0026 Sports Nutrition,T-Shirts,MuscleBlaze,Jack & Jones
0.0,-0.019047619047619046,0.0,-0.036544850498338874,0.00029575739822495394,-0.001486546751895347,0.11130703669568222,0.0004828017858542069,460,0.053335160555840325,-0.0006267731617904101,0.0,0.010869565217391304,1.0,0.06948564345462309,0,Myntra,Tracksuits,Shampoos,Nike,Bare Anatomy
0.10810810810810811,0.02316602316602316,0.07352941176470588,0.023109243697479007,0.00026630655632524386,0.0007879347491535856,0.15977609676005244,0.057083595587218615,877,-0.05264773021249303,-0.00019930203534839427,0.0392156862745098,0.5114025085518814,1.0,0.07458460527743419,0,Amazon,Kitchen Storage \u0026 Containers,Bakeware,MILTON,Larah by BOROSIL
0.0,0.0,0.0,-0.027777777777777783,0.001622197746724176,-0.0009467587435954556,0.9298421612368323,0.0021193095238907222,134,-0.1886837177287804,-0.003563440406904744,0.0,0.13725490196078433,1.0,0.3698824579836501,0,Croma,Laptops,Earphones,Lenovo,GOBOULT
0.2571428571428571,0.14489795918367346,0.37142857142857144,0.28775510204081634,0.17645108340385254,0.007695789950203709,0.26054672373788423,0.1629304053924734,102,-0.2144514468098946,0.12584306120877928,0.2,0.07766990291262135,1.0,0.27020724285823033,0,Flipkart,Facial Kits \u0026 Combos,Suitcases,Pilgrim,ARISTOCRAT
0.14285714285714285,0.13265306122448978,0.0,-0.011904761904761904,-0.010220890582680265,-3.7485158220167204e-05,0.7938615445290399,0.05281548666126789,1146,-0.3114244398557552,-0.029344009234233494,0.05555555555555555,0.01033946588884223,0.9869281045751634,0.31424269110346753,0,Croma,TWS Earbuds,Earphones,GOBOULT,JBL
0.25380710659898476,0.10079767947788251,0.1875,0.045329670329670335,-0.05522516621521845,-0.0006357279084551783,0.21060279596657203,0.07649224726588812,1178,0.09968579452953556,-0.054336017626789905,0.0821917808219178,0.14475263789726417,0.9380677126341866,0.1350774574073468,0,Flipkart,Power Banks,Hair Styling,Ambrane,PHILIPS
0.04,0.01571428571428572,0.023255813953488372,0.006644518272425248,0.0013485560451698174,-0.0007889196675900277,0.10394428711255906,0.06032199743994344,493,-0.0002526234473501592,-0.0004913843941851318,0.0,0.09940357852882704,1.0,0.031750990585316115,0,Amazon,Pet Toys,Suitcases,zest 4 toyz,American Tourister
0.18518518518518517,0.0291005291005291,0.08163265306122448,-0.07871720116618076,-0.05546701244768109,-0.006485260770975057,0.432851828364501,0.1798633512512749,331,-0.12458159184107713,-0.05899112128669063,0.035398230088495575,0.11549295774647887,0.9916201117318436,0.12486115863410424,0,Flipkart,Educational,Power Banks,Dhanpat Rai & Co. Pvt. Ltd,Portronics
0.0,-0.015037593984962405,0.0,-0.010714285714285714,-0.0005333768877884428,-0.0005281207133058985,1.0326141547388965,0.0033392275719730403,1080,-0.38994946393507135,4.280116810876447e-06,0.0,0.0283363802559415,1.0,0.43677355585739625,0,Croma,TWS Earbuds,Earphones,Sony,GOBOULT
0.08064516129032258,-0.010368663594470029,0.06153846153846154,-0.04285714285714286,-0.000519615940823626,-0.0026774904127708833,0.8733599659767137,0.010227977254050263,459,-0.13148940401739934,0.00127731192150886,0.03676470588235294,0.0776936967925015,1.0,0.16761611624162456,0,Myntra,Womens Slippers,T-Shirts,Red Tape,Jack & Jones
0.0,-0.057142857142857155,0.045454545454545456,0.019480519480519477,-0.004853073256712778,-0.003552,0.6208370592753446,0.05449749640479902,135,0.09050972969488928,-0.00022575187108221802,0.041666666666666664,0.02857142857142857,1.0,0.11452918618522305,0,Flipkart,Dog Food,TWS Earbuds,Active,boAt
0.23076923076923078,0.06043956043956042,0.2413793103448276,0.059113300492610876,-0.026175753946106706,-0.020498614958448753,0.13955000656538571,0.08882867105293438,103,0.19094124139756125,-0.018413432329764803,0.140625,0.21864406779661016,1.0,0.2111369297694578,0,Flipkart,Heat Guns \u0026 Blowers,Recliners,INGCO,Flipkart Perfect Homes
0.0,0.0,0.0,0.0,0.0,0.0,0.246282221305744,0.0,354,0.0,0.0,0.0,0.05,1.0,0.0,0,Myntra,Mens Watches,Headphones,Timex,Boult Audio
0.14634146341463414,0.02526132404181182,0.16279069767441862,0.04983388704318939,0.04112211547936713,-0.0020528119092627604,0.14940219603235225,0.06059389020476755,380,-0.11167108993518424,0.025112620280124075,0.08670520231213873,0.04473684210526316,1.0,0.17239788871841283,0,Amazon,Smartwatches,Shampoos,Apple,Scalpe Pro
0.0,-0.015037593984962405,0.0,-0.010714285714285714,-0.0005333768877884428,-0.0005281207133058985,1.0326141547388965,0.0033392275719730403,1080,-0.38994946393507135,4.280116810876447e-06,0.0,0.0283363802559415,1.0,0.43677355585739625,0,Croma,TWS Earbuds,Earphones,Sony,GOBOULT
0.1262135922330097,0.014563106796116526,0.07272727272727272,-0.016883116883116875,-0.05205226336930091,6.751543209876538e-05,0.18619000037893688,0.042044676811144446,1504,0.13939055641718265,-0.006592760477692314,0.05396825396825397,0.09302325581395349,1.0,0.15157355916735432,0,Amazon,Desktops,Dog Food,LG,BOLTZ
0.4444444444444444,0.4206349206349206,0.5,0.4642857142857143,0.007078192424713624,0.00871900826446281,0.4704965767649887,0.649838886323461,450,0.80824898085093,0.26547007606641737,0.15789473684210525,0.0028524857375713123,1.0,0.8155184708210069,0,Croma,Earphones,TWS Earbuds,JBL,Noise
0.15,0.06071428571428571,0.14634146341463414,0.07317073170731707,-0.02174164946890634,0.003511679292929293,0.22434497802798029,0.0860661103956489,567,-0.41309297539510664,-0.01404346269424729,0.04597701149425287,0.06349206349206349,1.0,0.4349333342068065,0,Amazon,Camera Accessories,Diapers,unknown,BEBE
0.060240963855421686,-0.014629948364888123,0.0641025641025641,-0.0009157509157509264,-0.02818087009430587,-0.003679997807077657,0.15661722643762432,0.0802343348705751,803,-0.11860613519825995,-0.020057993341110785,0.03428571428571429,0.0448318804483188,1.0,0.12759333711237963,0,Amazon,Air Purifiers,Home Projectors,Eureka Forbes,E GATE
0.045871559633027525,-0.012450851900393183,0.09210526315789473,0.04323308270676692,-0.002777370552830531,-0.0024061635613322153,0.7849251341629329,0.025309376711787082,726,-0.11490307333958596,-0.0036294560328199786,0.031413612565445025,0.05442124989104855,1.0,0.1286698103522154,0,Flipkart,Suitcases,Non-Fiction,SKYBAGS,Simon & Schuster
0.0,-0.011904761904761904,0.0,-0.017857142857142856,-0.00029766455159107604,-6.087168249330412e-05,0.08225953890810231,0.00029969291405712665,450,-0.06250950417969577,0.00011557563898293616,0.0,0.0021494288511180863,1.0,0.06412056080018591,0,Croma,TWS Earbuds,Speakers,Noise,Croma
0.0,0.0,0.0,0.0,0.0,0.0,0.1568550164037813,0.0,424,0.0,0.0,0.0,0.0,1.0,0.0,0,Myntra,Kurtas \u0026 Kurtis,Headphones,FUBAR,Boult Audio
0.037037037037037035,0.0026455026455026454,0.1,0.019047619047619035,-0.0007246168281066376,-0.0031111111111111114,0.12830579429129463,0.17980117696956152,264,0.18734192171711664,-0.0021318727889672096,0.0,0.05451127819548872,0.9888888888888889,0.1849399337760653,0,Amazon,Console Games,TWS Earbuds,Take 2,boAt
0.14754098360655737,0.007025761124121815,0.14754098360655737,0.012880562060889972,0.02018268464334361,-0.005440195386594197,0.16420200100719273,0.08398263035881416,562,0.07308849899119138,-0.0059150617518443915,0.09219858156028368,0.08185053380782918,1.0,0.07522364077864824,0,Amazon,Chairs,Vacuum Cleaners,MAHARAJA,acerpure
0.11764705882352941,0.03571428571428571,0.04878048780487805,-0.02439024390243902,-0.017055972500282523,-0.0035249999999999995,0.12605797737827143,0.09850347118465327,208,0.06907138650400574,-0.012889223447567492,0.02564102564102564,0.03349282296650718,1.0,0.08029945001220179,0,Amazon,Power Banks,Pens \u0026 Writing Instruments,pTron,Parker
0.1,0.0642857142857143,0.06666666666666667,0.052380952380952375,0.00028876846185693454,-5.54016620498615e-05,0.28464393582895836,0.008787087040347795,1146,0.08316370192244801,-0.00022697127338235922,0.0,0.00734094616639478,1.0,0.08480526538299626,0,Croma,Speakers,TWS Earbuds,Philips,GOBOULT
0.2524271844660194,0.093619972260749,0.27184466019417475,0.12343966712898755,0.0031472752206073945,0.005283953120030456,0.5453263235675062,0.16155183460072672,1611,-0.38553706400721577,0.008125680427147649,0.08411214953271028,0.0354187864831575,0.9994061757719715,0.40024266488818117,0,Myntra,Headphones,Mens Watches,Boult Audio,WROGN
0.17525773195876287,0.05449189985272457,0.21495327102803738,0.08010680907877171,0.03403491769411149,0.010708790706663331,0.14547139920904864,0.05179037414362414,910,-0.010428955479742858,0.05443522413439762,0.09166666666666666,0.12280701754385964,1.0,0.03184779120972409,0,Flipkart,Car Audio,Football,Hydra,Hundred
0.15254237288135594,0.06537530266343826,0.07142857142857142,-0.0063775510204081565,-0.1407731007872246,-0.0010514221297259797,0.1627921628137986,0.0673222714595049,777,0.08405402555364261,-0.0005681575580951879,0.05660377358490566,0.5387878787878788,1.0,0.08531080868655018,0,Amazon,Office Desks,Android Phones,ABOUT SPACE,XIAOMI
0.17391304347826086,-0.014492753623188442,0.19444444444444445,0.01190476190476189,-0.060759520543880494,-0.0046657260958887165,0.38203488337942215,0.06440431072538293,426,-0.14179272112612562,-0.07380664863093703,0.09219858156028368,0.08365680631776201,1.0,0.14343770721473703,0,Myntra,Mens Watches,Casual Shoes,Timex,Nike
0.0,-0.03571428571428571,0.0,-0.008928571428571428,-0.0012362019426794522,-0.0006510416666666666,0.25565887098100304,0.18168748865421355,448,-0.2661365515845606,3.889320212810561e-05,0.0,0.004024144869215292,1.0,0.28436973451775227,0,Myntra,Headphones,Kurtas \u0026 Kurtis,boAt,FUBAR
0.06976744186046512,0.014950166112956804,0.11627906976744186,0.0664451827242525,0.011247942094861376,0.003559467310042698,0.2112821570272177,0.1412100723709067,1094,0.039804949841802065,0.014681283769879896,0.034482758620689655,0.0283363802559415,1.0,0.050394745122403446,0,Croma,TWS Earbuds,Speakers,Sony,Croma
0.018518518518518517,-0.010582010582010585,0.09259259259259259,0.041005291005290996,0.037941710898221445,0.002507036967536123,0.27224455120118474,0.14444427834916876,389,0.03329076624252462,0.17438580406295173,0.03389830508474576,0.007731958762886598,1.0,0.2738758233953772,0,Myntra,Jeans,Casual Shoes,Mufti,Nike
0.4186046511627907,0.10132890365448499,0.39166666666666666,0.1023809523809524,0.01754628164572448,0.013003408660522658,0.28155863382158364,0.039029058203248375,476,-0.10814334944644748,0.009836993158018493,0.20089285714285715,0.15723270440251572,1.0,0.11810113491166141,0,Myntra,Perfumes,Mens Watches,SKINN,Titan
0.27102803738317754,0.06275033377837116,0.1958762886597938,0.0007363770250368162,-0.009305003775258582,0.002964770618991395,0.09279234779042352,0.06575509792945654,636,0.038009639042368565,0.012795437334752384,0.1111111111111111,0.08962264150943396,1.0,0.051582289747830905,0,Flipkart,Mixers \u0026 Grinders,Table Tennis,Beyond Appliances,EAST COAST
0.2857142857142857,0.1265306122448979,0.25,0.06547619047619047,0.03608760409616604,-0.014618055555555554,0.12297870460094036,0.07979195012820321,128,0.16839614679048934,0.11065882702741295,0.16666666666666666,0.06976744186046512,1.0,0.13549083602232004,0,Flipkart,Air Fryers,Mixers \u0026 Grinders,KENT,Grand plus
0.0,0.0,0.0,-0.008403361344537815,-0.000620977522526221,-0.00023523856971589062,0.28038225839525055,0.02758190555400491,1091,-0.391081021252912,-5.781049329809383e-07,0.0,0.0283363802559415,1.0,0.4174756872755778,0,Croma,Earphones,TWS Earbuds,JBL,Sony
0.0,0.0,0.0,-0.027777777777777783,0.001622197746724176,-0.0009467587435954556,0.9298421612368323,0.0021193095238907222,134,-0.1886837177287804,-0.003563440406904744,0.0,0.13725490196078433,1.0,0.3698824579836501,0,Croma,Laptops,Earphones,Lenovo,GOBOULT
0.28225806451612906,-0.012672811059907807,0.3088235294117647,0.02941176470588236,0.00656200041726895,-0.001450002495475309,0.2071491043986027,0.026096112614076253,637,0.3254459018084388,0.01164381135684907,0.1357615894039735,0.17111459968602827,1.0,0.3295106402627614,0,Flipkart,Tool Kits \u0026 Sets,Kurtas \u0026 Kurtis,TAPARIA,Koshin
0.48333333333333334,0.21666666666666662,0.47761194029850745,0.1950959488272921,0.003943650307587054,0.006320642474717426,0.30424105067985097,0.08991438097653406,311,0.05412859418086162,-0.015492172979553945,0.2184873949579832,0.22139175257731958,1.0,0.07104699994122092,0,Flipkart,Drills,Mens Sports Shoes,INGCO,NIKE
0.09090909090909091,0.022727272727272735,0.037037037037037035,-0.021164021164021163,-0.0008487474436347481,-0.00013898772123726325,1.1645647839111748,0.003959520385041872,1360,0.3659725320416824,-0.0005369414833881714,0.019230769230769232,0.007283321194464676,1.0,0.3757686757848239,0,Croma,Earphones,Speakers,GOBOULT,Philips
0.35294117647058826,0.10024009603841538,0.32,0.060571428571428554,0.0032303928276742433,0.006462252869897954,0.15546656718223656,0.10038738492770365,476,0.15165901889295266,0.016278255436142846,0.15584415584415584,0.15723270440251572,1.0,0.17600833254529544,0,Myntra,Mens Watches,Cargos,Titan,HIGHLANDER
0.22065727699530516,0.0556673373574782,0.15060240963855423,0.02839931153184165,0.024434210771186987,-0.00024708860467696336,0.31500095876649564,0.021641300228543676,1558,-0.04294409341591528,0.018047998365534935,0.0467706013363029,0.05445227418321589,1.0,0.06117159368349469,0,Flipkart,Car Speakers,Duffle Bags,Pioneer,SAFARI
0.1956521739130435,0.07142857142857145,0.21052631578947367,0.03258145363408521,-0.012088745329784958,-0.004878744296766515,0.4404618032359778,0.05012215280083183,298,0.7368474946352489,-0.0017382075187416506,0.1,0.10738255033557047,1.0,0.7598105064010479,0,Myntra,Shirts,Casual Shoes,MISCHIEF MONKEY,Puma
0.1724137931034483,0.05788177339901479,0.1320754716981132,0.0444743935309973,0.018721169617279487,0.006111112967858586,0.19930760356373514,0.02143457627934964,567,0.14488203572671354,0.01313800320962668,0.1044776119402985,0.041004228895669396,0.9789103690685413,0.16528331638333174,0,Amazon,Camera Accessories,Dash Cameras,unknown,NEXDIGITRON
0.013333333333333334,-0.02476190476190475,0.05,0.02142857142857143,-0.0023964779804094708,-0.002840678516354192,0.836988725265973,0.0034640825520249733,1050,-0.2119002410367064,-0.003496358689325967,0.0051813471502590676,0.028994892557250636,0.9981801637852593,0.21160979601150565,0,Myntra,Perfumes,Headphones,Ajmal,boAt
0.3111111111111111,0.06190476190476191,0.3111111111111111,0.06984126984126987,0.15032110269304277,0.009548611111111105,0.2612649614644586,0.11137859373100494,150,0.39064912912179567,0.09495612750451157,0.14814814814814814,0.4583333333333333,1.0,0.3873633211941468,0,Myntra,Mens Sports Shoes,Smartwatches,Skechers,Fastrack
0.29357798165137616,0.030144167758846707,0.2549019607843137,0.011204481792717075,-0.042708782325923816,0.0042935147861007765,0.19701029180458413,0.04593465815671336,875,0.038279321374721634,-0.02646760220138561,0.1497584541062802,0.07314285714285715,1.0,0.04154732518047348,0,Amazon,Kitchen Storage \u0026 Containers,Power Banks,MILTON,Samsung
0.27205882352941174,-0.030462184873949527,0.3561643835616438,0.04990215264187864,-0.046384866331629686,-0.025410554846938778,0.15238242166562788,0.07290936302087601,923,0.19496558321683405,-0.05454865118493705,0.14393939393939395,0.06601731601731602,1.0,0.19904202108942423,0,Myntra,Serums,Casual Shoes,Minimalist,Puma
0.15,0.04374999999999997,0.1643835616438356,0.04207436399217221,0.0064160546618979115,0.0013095238095238108,0.5653997227746584,0.1959235548189243,448,0.027414556670955645,0.04819832364876435,0.037037037037037035,0.14705882352941177,1.0,0.056165986102358234,0,Myntra,Headphones,Perfumes,boAt,Giorgio Armani
0.32,0.17714285714285716,0.09523809523809523,-0.003401360544217677,-0.0208136031424012,0.0036596966296614858,0.3068401963944368,0.12291335277156816,433,-0.025302289680916072,0.025449552519951218,0.14705882352941177,0.08314087759815242,1.0,0.06919299786209854,0,Amazon,Clotheslines \u0026 Drying Racks,Gym Equipment,Lifelong,amazon basics
0.24545454545454545,0.05974025974025973,0.14423076923076922,-0.03159340659340662,0.01598029999251969,-0.001086425781249999,0.16057541515643575,0.04155929604282644,660,0.32490563854427246,0.009561472623743001,0.0821917808219178,0.22797202797202798,1.0,0.35611733616972485,0,Flipkart,Bathroom Fittings,Face Wash,Kyari,LOTUS HERBALS
0.0,-0.005357142857142858,0.0,-0.01661129568106312,0.0006899195078529383,-0.00018262206843521722,0.12406466639189802,0.00890645085478134,1044,0.4017210126001487,-0.0001562141104933639,0.0,0.049760765550239235,1.0,0.40589661557768136,0,Amazon,Car Cleaning Kits,Pet Toys,STARQ,zest 4 toyz
0.18867924528301888,0.03369272237196766,0.20930232558139536,0.08803986710963456,0.022905187218825573,0.003456232781676688,0.26428543338806926,0.026970615769904175,474,0.20106843904902866,0.014451175798769773,0.05825242718446602,0.04421052631578947,1.0,0.22957340066442497,0,Myntra,Casual Shoes,Protein \u0026 Sports Nutrition,ASIAN,MuscleBlaze
0.0,0.0,0.0,-0.015527950310559006,-0.00045892724469866674,-8.608030315156276e-05,0.22354347123343807,0.00045986899297299793,1490,0.3538414922454159,2.023245128413397e-06,0.0,0.012056262558606833,1.0,0.35378006555314045,0,Croma,Earphones,Speakers,JBL,Croma
0.2054794520547945,0.022015655577299453,0.11764705882352941,-0.047268907563025236,-0.027846923630397973,-0.005750219984593019,0.3938673742230028,0.06915910985880973,620,0.035667232594218196,-0.00920223192797696,0.07849829351535836,0.1666340278865737,1.0,0.05489095941125692,0,Flipkart,Bath \u0026 Body,Educational,DOVE,Dhanpat Rai & Co. Pvt. Ltd
0.27586206896551724,0.1354679802955665,0.3103448275862069,0.16748768472906406,-0.22597296082009805,0.0016435354273192093,0.2670211666870059,0.14391488375914263,148,-0.12211441666141029,-0.19639199247897765,0.18181818181818182,0.13725490196078433,1.0,0.13815388314666185,0,Croma,Laptops,Speakers,Lenovo,Croma
0.25925925925925924,0.08465608465608462,0.25,0.1220238095238095,0.17212442705003103,0.007251925588937433,0.14960707978757187,0.2142769117568245,161,0.09903388879677179,0.028085297217995783,0.15384615384615385,0.08695652173913043,1.0,0.18852908124299908,0,Flipkart,Mixers \u0026 Grinders,Laptops,Prisapure,ASUS
0.2727272727272727,0.17857142857142858,0.17391304347826086,0.08695652173913045,0.03501983759614133,0.004976260043827611,0.12810241567615108,0.17622835599086029,148,0.39440235187221595,0.024512190544688423,0.0625,0.13725490196078433,1.0,0.3922540391680114,0,Croma,Laptops,TWS Earbuds,Lenovo,Sony
0.0625,-0.04464285714285714,0.05263157894736842,-0.04135338345864663,-0.007281845601162699,-0.005827216822059116,0.36004407514459624,0.06697256428700218,298,0.2553462888569781,-0.004280901110126732,0.058823529411764705,0.09395973154362416,1.0,0.268009022796481,0,Myntra,Kurtas \u0026 Kurtis,Shirts,FUBAR,MISCHIEF MONKEY
0.3466666666666667,0.06571428571428567,0.2571428571428571,-0.004081632653061218,-0.022712194861863547,-0.001159244197579845,0.14876353174124826,0.16908317069274328,298,0.13059333491463107,-0.021432526908627608,0.14084507042253522,0.11409395973154363,1.0,0.19456970609024307,0,Flipkart,Dishwashers,Formal Shoes,Beyond Appliances,RED CHIEF
0.40425531914893614,0.13829787234042545,0.4528301886792453,0.1630727762803234,-0.025729829378728825,-0.031013587263352023,0.18982668177448386,0.1469710263085561,175,0.18153925626451636,0.05194607083496158,0.1485148514851485,0.18285714285714286,1.0,0.20814643919849776,0,Flipkart,Mens Watches,Dry Fruits,Allen Solly,KESARCO
