run_id,copy,q,regime,label,delta,price_corr,diff_corr,sync_change_rate,rel_gap_mean,rel_gap_max,gap_zero_frac,cv_mean,rel_step_mean,change_freq,autocorr1,entropy,state_hhi,n_states_frac,retaliation_rate,undercut_frac,rebound_after_low,level_over_min,level_over_median_gap,lead_lag_strength
br_noisy_2000,0,0.151,br_noisy,competitive,0.07467,0.37514919556336457,0.11043152607484653,0.11627906976744186,0.02995488654924183,0.2910596263893943,0.7175,0.05042065995278925,0.00486315165228729,0.06015037593984962,0.8546438944631192,0.3155518366318987,0.3646749999999999,0.0375,0.19000786782061369,0.2832080200501253,0.011151709823348423,1.057249218399918,0.09701987546313143,0.4139256420796803
br_noisy_2000,1,0.479,br_noisy,competitive,0.07467,0.17127965616714305,-0.058592469708616514,0.1523809523809524,0.029083036873937682,0.3877738249858358,0.7125,0.053137215773131075,0.014517221831393288,0.15162907268170425,0.6033054986176283,0.3199207876211388,0.39275,0.0675,0.39629629629629626,0.2857142857142857,0.006971960894437101,1.0580826336733773,0.07513117859100553,0.2121981926362933
br_noisy_2000,2,0.429,br_noisy,competitive,0.07467,0.2235641899572846,-0.0807298839833492,0.07692307692307693,0.03050761358260928,0.33897348425121415,0.715,0.056585596486095235,0.013289508244005712,0.14035087719298245,0.6846122031180163,0.33658070752679237,0.3598999999999999,0.07,0.3466666666666667,0.2832080200501253,0.01387783428554621,1.0591083755484036,0.09684956692891833,0.2623178645023864
br_noisy_2001,0,0.295,br_noisy,competitive,0.064143,0.14067407095695286,-0.0523937853189193,0.11224489795918367,0.05100215240252598,0.32439531563444096,0.57,0.072745987139681,0.015357060333571416,0.13659147869674185,0.7403375316647293,0.41606011050634306,0.2532875,0.0875,0.21189003436426118,0.43107769423558895,0.017423722577875694,1.0684537765144606,0.12615373385783807,0.24675856479390762
br_noisy_2001,1,0.428,br_noisy,competitive,0.064143,0.11362712733081988,-0.11999586899529192,0.14285714285714285,0.040810498855457525,0.32721112668072855,0.5475,0.057770259408977814,0.020410830514197488,0.22055137844611528,0.5564718251922696,0.41090982378212204,0.2572625,0.1025,0.39589460784313724,0.45363408521303256,0.018606122889688496,1.0592592115958515,0.1090703755602429,0.23398117790291997
br_noisy_2001,2,0.312,br_noisy,competitive,0.064143,0.26992359795018983,-0.05699166964527399,0.10377358490566038,0.04542962257259454,0.325142427954951,0.5425,0.07097824633577583,0.016660040864302696,0.14661654135338345,0.6932679869397066,0.410430187669494,0.2581374999999999,0.085,0.22900485436893203,0.45864661654135336,0.020022157544749335,1.0659986832639419,0.14450774575775596,0.3147599463935618
br_noisy_2002,0,0.145,br_noisy,competitive,0.12736,-0.07152877033196875,4.2108186391901546e-21,0.0,0.044510860001497385,0.33124360931346875,0.7475,0.07355660916975398,0.00446224160416014,0.040100250626566414,0.9134446016022701,0.21758190934859006,0.5361374999999999,0.035,0.14039408866995073,0.2506265664160401,0.006673904957384853,1.0516352532571425,0.13801817054727872,0.07836038729993933
br_noisy_2002,1,0.24,br_noisy,competitive,0.12736,0.04273807535572198,-0.0060159085513236945,0.07692307692307693,0.023822218371198193,0.3343469245080446,0.815,0.04712105034732432,0.007297254304739073,0.05263157894736842,0.6504908651859178,0.16818670941599007,0.6603625000000001,0.0475,0.23205128205128206,0.18295739348370926,0.007427134241707322,1.0127686481198759,0.029255355894454223,0.17942219334774684
br_noisy_2002,2,0.348,br_noisy,competitive,0.12736,-0.05450963904580562,-0.10258889038542243,0.07692307692307693,0.024701099936612955,0.30701932124603676,0.7925,0.04449646660601383,0.010492799769174187,0.08771929824561403,0.4090959044797501,0.22125405321416663,0.5896875,0.06,0.3983548766157462,0.20802005012531327,0.010248514274548096,1.0400599575515708,0.041866271079004924,0.05931580732305574
br_noisy_2003,0,0.413,br_noisy,competitive,0.085253,-0.053831964356043725,-0.0815532024677327,0.13793103448275862,0.01937547590536839,0.3333415209525747,0.815,0.04115490338561171,0.008145563481923813,0.08270676691729323,0.5419481079110628,0.1776917980948489,0.6403124999999998,0.0425,0.42485119047619047,0.18546365914786966,0.0071289853301066755,1.0286088873789982,0.02083384505953577,0.0781125773284816
br_noisy_2003,1,0.411,br_noisy,competitive,0.085253,0.26034253117906675,0.04981354813867213,0.05263157894736842,0.005457160959774143,0.16791264491612756,0.89,0.01454749576794668,0.0027354190274557102,0.05012531328320802,0.5650050809775273,0.11057167973171932,0.760375,0.025,0.4357142857142857,0.11027568922305764,0.0015671846858838516,1.0214390669183655,0.0,0.3902728825138822
br_noisy_2003,2,0.181,br_noisy,competitive,0.085253,0.07176614852815105,0.06333004963811259,0.06896551724137931,0.009954665194800918,0.2514862786054973,0.875,0.024598782346634096,0.003361554267074312,0.03884711779448621,0.6430905584874785,0.15116590037309333,0.7214750000000002,0.0325,0.20833333333333331,0.12531328320802004,0.0028017633534480474,1.0449480563501274,0.0,0.09358881153082688
br_noisy_2004,0,0.15,br_noisy,competitive,0.043831,0.07909276982848067,0.008920788307463155,0.046875,0.032549452679136864,0.32651488580952326,0.5775,0.050841473848835014,0.008029893025077565,0.08395989974937343,0.7078331556260626,0.31632679926370155,0.2993375,0.05,0.13648459383753503,0.42355889724310775,0.005519975016247083,1.0471739844307932,0.06122154108928574,0.23747379677500832
br_noisy_2004,1,0.227,br_noisy,competitive,0.043831,0.07527899135934017,-0.0960395412209788,0.07228915662650602,0.03405692605830129,0.406649863382702,0.595,0.05066747447899813,0.01085418808277137,0.11152882205513784,0.6247145021475653,0.350254159065372,0.28424999999999995,0.06,0.2029503105590062,0.40601503759398494,0.016786128081495284,1.051020560737721,0.06099747950740542,0.18930659228547073
br_noisy_2004,2,0.474,br_noisy,competitive,0.043831,0.10269394079654179,-0.14585497908643388,0.18238993710691823,0.040390862017948684,0.40492092248570116,0.585,0.06208149915684075,0.02227572493373719,0.23558897243107768,0.5074080019842311,0.3956402852989245,0.25465,0.085,0.4469730446310208,0.41604010025062654,0.021915823124226113,1.055508233095803,0.12147627674571028,0.21102346861410137
br_noisy_2005,0,0.268,br_noisy,competitive,0.111259,0.17409044306486046,-0.0067227174169917775,0.017543859649122806,0.02075646637222147,0.35838503088727736,0.77,0.044992795668170174,0.0054266739221653275,0.07268170426065163,0.7985776895928078,0.25420464827440886,0.53925,0.065,0.17456479690522242,0.22807017543859648,0.005441949570081351,1.0391018475100666,0.04479812886090977,0.20571071567440194
br_noisy_2005,1,0.213,br_noisy,competitive,0.111259,-0.03059685603096413,-1.0197197707098347e-05,0.0,0.016259655106233055,0.29971714481535605,0.815,0.03672064138305893,0.003154917313845851,0.03508771929824561,0.7694632943014743,0.17423137190389665,0.6124375000000001,0.0275,0.1793478260869565,0.18546365914786966,0.0027438893539434017,1.0354166535483045,0.029971714481535666,0.06396234936987048
br_noisy_2005,2,0.48,br_noisy,competitive,0.111259,0.12751298735201533,-0.1636407916472797,0.18181818181818182,0.01914531637348747,0.29914556833574185,0.78,0.040700014129647105,0.010421361904428092,0.13032581453634084,0.5489715824578705,0.24916695871509922,0.5402874999999999,0.0675,0.47098214285714285,0.22055137844611528,0.006959889667926943,1.03739502083304,0.04487183525036137,0.23036160060453142
br_noisy_2006,0,0.107,br_noisy,competitive,0.045843,0.19060042573311672,-0.028038607704602207,0.04,0.020092736233470295,0.3372207479743268,0.73,0.03335312462653005,0.0029580767366169007,0.03258145363408521,0.8462719054621556,0.19311048059431546,0.47198749999999995,0.0175,0.07670454545454546,0.2706766917293233,0.0029580767366169003,1.0528885287274166,0.02810172899786055,0.21507496495790906
br_noisy_2006,1,0.444,br_noisy,competitive,0.045843,0.2290665951539994,-0.11995447582422428,0.11363636363636363,0.018110347241512913,0.44924892382047527,0.785,0.04259187083764089,0.010555660804052522,0.12280701754385964,0.582020866818528,0.2192403155968753,0.4999499999999999,0.045,0.4106359649122807,0.21553884711779447,0.021190986972663934,1.0537761683703941,0.028078057738779704,0.2898938186422152
br_noisy_2006,2,0.376,br_noisy,competitive,0.045843,0.2528061494228526,-0.21617300763686767,0.10666666666666667,0.024796862518504912,0.33622864431871075,0.72,0.04053691301688915,0.008567229450059043,0.10401002506265664,0.6196343277440373,0.2374275805803982,0.42226249999999993,0.03,0.301566997121842,0.2807017543859649,0.008505784156872143,1.0559952674778381,0.02801905369322588,0.40065624077421724
br_noisy_2007,0,0.256,br_noisy,competitive,0.049485,0.2531427894005855,-0.01432439440101109,0.10606060606060606,0.042561869628068384,0.3227440350943573,0.605,0.06788189564331286,0.009858252951660356,0.09147869674185463,0.811760296706388,0.39232125480123237,0.26876249999999996,0.0675,0.17185978578383643,0.39348370927318294,0.007356665505827257,1.0611088769084687,0.1412005153537815,0.29292852724678875
br_noisy_2007,1,0.144,br_noisy,competitive,0.049485,0.05056331698203253,-0.07181384927720898,0.08823529411764706,0.0410226233669469,0.3637473993128295,0.53,0.05570269148085703,0.004963414805438221,0.046365914786967416,0.8510950393898833,0.3203567423472866,0.2990875,0.0425,0.06993285535450097,0.47117794486215536,0.004982841086477104,1.0369866737821505,0.0808327554028511,0.0751770735560592
br_noisy_2007,2,0.298,br_noisy,competitive,0.049485,0.2705232699356547,0.012038585308576835,0.11235955056179775,0.02746979397513772,0.366263919668503,0.6325,0.04354838809510223,0.009281541823958165,0.12406015037593984,0.6625528302031807,0.28124365337120927,0.3885,0.055,0.24452146690518783,0.3684210526315789,0.009391382555602623,1.0298617621187334,0.06104398661141702,0.33324422950318605
br_noisy_2008,0,0.214,br_noisy,competitive,0.148129,-0.01201561547210991,-0.12212018404166723,0.10126582278481013,0.048051706234822356,0.3271605530881523,0.4425,0.06742937104331564,0.009531933407643531,0.10902255639097744,0.7897068940953055,0.44190783221145735,0.18470000000000003,0.075,0.15069686411149824,0.556390977443609,0.020447534568009545,1.0495379009613772,0.08315330724323902,0.02294588008036901
br_noisy_2008,1,0.19,br_noisy,competitive,0.148129,0.10192916326222307,-0.009853130630478275,0.03488372093023256,0.05898117908681361,0.3231845429414446,0.39,0.07816652859990958,0.012588537439135211,0.11152882205513784,0.7992745974010459,0.524062424485192,0.13641250000000002,0.09,0.15644483599891568,0.6090225563909775,0.01426996427166827,1.062449945905101,0.14812624884816214,0.12847972163241708
br_noisy_2008,2,0.474,br_noisy,competitive,0.148129,0.2017139098271271,-0.03711983799509097,0.16042780748663102,0.04371563759276337,0.3535323724453647,0.4975,0.06704248700357555,0.023173511978296507,0.27192982456140347,0.5776498421523188,0.4815250496120596,0.22335000000000005,0.15,0.3734892015058451,0.5037593984962406,0.023741490213058717,1.0521846913376531,0.11013893141567177,0.2431960965882405
br_noisy_2009,0,0.155,br_noisy,competitive,0.102646,0.24554235600017948,-8.614705087898868e-21,0.0,0.01341767251428072,0.14248855767377758,0.7675,0.02081264142589741,0.0017855708981676388,0.023809523809523808,0.7222952046764595,0.14736550646685506,0.6107999999999999,0.0175,0.23012048192771084,0.23308270676691728,0.0022729197868754363,1.0082004217835863,0.023748092945629504,0.27462997643080067
br_noisy_2009,1,0.427,br_noisy,competitive,0.102646,0.1405483789656306,-0.08419984524090415,0.125,0.014956858594895567,0.2848925446646775,0.84,0.03423509150560569,0.0073781694942397676,0.07894736842105263,0.5938607289087755,0.14875833227774687,0.7048625000000001,0.045,0.3875,0.16040100250626566,0.00734841881079525,1.0084997072501405,0.023741045388723032,0.23214295925904938
br_noisy_2009,2,0.391,br_noisy,competitive,0.102646,0.1123227387756181,-0.05274317404065712,0.125,0.013310786016433736,0.3327696504108434,0.8575,0.033451930884734596,0.007029505683580293,0.07894736842105263,0.5541424119022558,0.14595873869555703,0.7093249999999999,0.0425,0.4647058823529412,0.14285714285714285,0.006258769840778749,1.0073025653839234,0.02376926074363158,0.1876395122247916
br_noisy_2010,0,0.135,br_noisy,competitive,0.050887,0.0,0.0,0.0,0.008087199676620225,0.26140443399176483,0.8575,0.016550771004300514,0.0007779893868802524,0.008771929824561403,0.4372247461305074,0.07634636320650702,0.7517875,0.0075,0.05357142857142857,0.14035087719298245,0.0004286880295054452,1.0040600169220797,0.016337777124485302,0.0
br_noisy_2010,1,0.444,br_noisy,competitive,0.050887,-0.001544201590672809,-0.1578868546820356,0.10810810810810811,0.008085878623792111,0.26136173329429047,0.8975,0.02358186339949004,0.0044624732031763245,0.05137844611528822,0.3884402407176565,0.09310603619061902,0.807225,0.035,0.4273182957393483,0.10025062656641603,0.0038676440337769295,1.0042240580098407,0.0016335108330897293,0.10647731669983157
br_noisy_2010,2,0.207,br_noisy,competitive,0.050887,-0.029206030500344482,0.0,0.0,0.009388086627900966,0.22857950050541473,0.8525,0.023591888242697152,0.0020460034058844864,0.020050125313283207,0.7085777803834006,0.08986453175031982,0.7398375000000001,0.0125,0.19772727272727272,0.14786967418546365,0.0031213587253890672,1.004716181273123,0.016327107178958206,0.0294372480533757
br_noisy_2011,0,0.279,br_noisy,competitive,0.112429,0.13581161984027582,-0.050660833080205525,0.10526315789473684,0.014439867027374433,0.2232249975246291,0.7325,0.0305791102152573,0.0053848135367783306,0.10526315789473684,0.6968859952534925,0.26828361814089485,0.356725,0.04,0.267719298245614,0.2681704260651629,0.005952666600656758,1.0245500724587295,0.027903124690578547,0.20102127198420408
br_noisy_2011,1,0.264,br_noisy,competitive,0.112429,0.09277687967742826,-0.00699454637990663,0.043478260869565216,0.018389764286628477,0.3064960714438084,0.6975,0.03232455759039542,0.005865953520455657,0.09022556390977443,0.6596018806086184,0.2914331887070779,0.3260374999999999,0.0425,0.22701688555347094,0.3032581453634085,0.007252086372892092,1.0260152150654374,0.02786327922216443,0.3258395351449417
br_noisy_2011,2,0.39,br_noisy,competitive,0.112429,0.12345540383118402,-0.06522840161815413,0.11538461538461539,0.020157349571957747,0.3336388894668871,0.6725,0.038666933479267834,0.009267746929635745,0.14536340852130325,0.5634355784345182,0.2968544460445281,0.3153625,0.055,0.32811004784688996,0.3283208020050125,0.008164443723726713,1.028230796568263,0.04170486118336072,0.18846661026694564
br_noisy_2012,0,0.359,br_noisy,competitive,0.115249,0.023229720471197344,-0.07246159468169285,0.0990990990990991,0.034303254214498674,0.27921253430405907,0.62,0.050285193531789736,0.014095584438550777,0.15288220551378445,0.5966099788141586,0.3385457678941888,0.32759999999999995,0.0675,0.33650458069062716,0.38095238095238093,0.024706439602597958,1.053249573091679,0.07977500980115952,0.07819236668941797
br_noisy_2012,1,0.225,br_noisy,competitive,0.115249,0.0513632685802564,-0.0899659365082183,0.05263157894736842,0.033535601274340986,0.2794633439528414,0.58,0.04584576338928663,0.008905205016757217,0.10025062656641603,0.7056675114564535,0.3176329761914557,0.3221875,0.0475,0.17711598746081506,0.42105263157894735,0.012381287390315746,1.052304314397744,0.07984666970081171,0.07980304395963006
br_noisy_2012,2,0.153,br_noisy,competitive,0.115249,0.29669707841158943,-0.05458155346042225,0.075,0.03061518646544525,0.27922645636236687,0.61,0.04895779011655105,0.005498551772262868,0.05388471177944862,0.7975549042631299,0.2858635540341478,0.37473750000000006,0.0425,0.12492492492492493,0.39097744360902253,0.005866102024419464,1.0531970587197939,0.05983424064907867,0.3146354295568877
br_noisy_2013,0,0.357,br_noisy,competitive,0.063347,0.06873687410889216,-0.08754930089503468,0.1038961038961039,0.03057467007748896,0.3889357324344884,0.75,0.05588848241473118,0.012672091532953265,0.10651629072681704,0.5738529056920272,0.2324207746245191,0.5459999999999999,0.0625,0.34993997599039617,0.2506265664160401,0.01334777742979387,1.035636252296317,0.06482262207241483,0.16452207844847566
br_noisy_2013,1,0.452,br_noisy,competitive,0.063347,0.07165366610529411,-0.05919919726432778,0.20202020202020202,0.03702897563680612,0.38638931099275925,0.675,0.057970416378295364,0.015279109485093804,0.14912280701754385,0.6151880664046276,0.29841897070499596,0.42811249999999995,0.0675,0.3710646479211728,0.3258145363408521,0.014849290526006094,1.0424614057973383,0.08586429133172435,0.20239757695331848
br_noisy_2013,2,0.273,br_noisy,competitive,0.063347,0.11649799096695355,-0.049065640182530554,0.024390243902439025,0.060101581697258294,0.3815973441095763,0.5875,0.08913338843414492,0.015195884212662053,0.10526315789473684,0.7772952477262918,0.3366351899223655,0.33257499999999995,0.0675,0.21490036231884058,0.41353383458646614,0.019087989754310444,1.0797136222132289,0.17171880484930904,0.16434941744049905
br_noisy_2014,0,0.485,br_noisy,competitive,0.125784,0.18840769246598768,-0.08544826092292514,0.15833333333333333,0.021498375990133226,0.33543565374676004,0.685,0.04358722275470063,0.012151804271071945,0.17418546365914786,0.5424333432325472,0.27828930150001413,0.4192499999999999,0.0725,0.38013698630136983,0.3132832080200501,0.010654582649130363,1.037572366690203,0.04574122551092155,0.25618254543643876
br_noisy_2014,1,0.472,br_noisy,competitive,0.125784,0.21666468141971423,-0.05107759323428694,0.19285714285714287,0.029039857642103907,0.30328833046583725,0.6575,0.05303132025946679,0.01588653159582956,0.20927318295739347,0.6050581419932601,0.34831936418161347,0.3658749999999999,0.095,0.4591880341880342,0.3433583959899749,0.023027447313146886,1.0432279966235702,0.07733852426878882,0.2674001506919237
br_noisy_2014,2,0.464,br_noisy,competitive,0.125784,0.07260373030656718,-0.18462085639020853,0.19327731092436976,0.02191212721484255,0.36647460150259353,0.7,0.04256644790779841,0.0139303211097477,0.17794486215538846,0.38657135461555764,0.3045568303056368,0.3904249999999999,0.075,0.4663490172721858,0.2982456140350877,0.008483208368115575,1.036029922162921,0.04580932518782408,0.22824525521677438
br_noisy_2015,0,0.349,br_noisy,competitive,0.102808,0.16092698037364223,-0.08648650208524009,0.10619469026548672,0.033049194744151585,0.31582848219667053,0.6025,0.05053854237435061,0.014474058618393779,0.15664160401002505,0.5690619278678799,0.3314781411733776,0.32996249999999994,0.0675,0.2996031746031746,0.39849624060150374,0.011943093864579958,1.057935066339833,0.09023670919904878,0.19940830449486774
br_noisy_2015,1,0.441,br_noisy,competitive,0.102808,0.07101424120675746,-0.04433206099222477,0.18110236220472442,0.0392727385176021,0.31508214283462993,0.585,0.056484830966336524,0.02008042299483142,0.18796992481203006,0.444679554843815,0.3544691531633032,0.30890000000000006,0.0825,0.3437862950058072,0.41604010025062654,0.028845548287677387,1.0604410115368184,0.09002346938132277,0.13602401223915753
br_noisy_2015,2,0.395,br_noisy,competitive,0.102808,0.20145571232461615,-0.008693762430943011,0.15079365079365079,0.042595668080814365,0.3577588920173384,0.5525,0.06001398821616162,0.017260297421889143,0.18170426065162906,0.6451334433530079,0.3960312195244567,0.2762124999999999,0.0825,0.31003464818763327,0.44862155388471175,0.030424168071146597,1.0673621935094455,0.08943972300433468,0.251922609311228
br_noisy_2016,0,0.424,br_noisy,competitive,0.096377,0.046685397042047314,-0.09701176065793266,0.17857142857142858,0.0470226843633709,0.3784521880351783,0.5825,0.07032920189147604,0.024091943799733152,0.20676691729323307,0.5245677649923008,0.36627325479629863,0.32854999999999995,0.0875,0.4275551684088269,0.41604010025062654,0.022200541739071475,1.0461750123218385,0.09461304700879462,0.14692089352207893
br_noisy_2016,1,0.465,br_noisy,competitive,0.096377,0.29578306683109135,0.096621417755745,0.16875,0.04982268545389523,0.337145991793276,0.5275,0.07378524514419044,0.02572486821257522,0.23433583959899748,0.6058306530452067,0.45664416849639683,0.255125,0.1275,0.3404255319148936,0.47117794486215536,0.02477779461360647,1.0569145382316338,0.11238199726442533,0.28184380061742065
br_noisy_2016,2,0.168,br_noisy,competitive,0.096377,-0.0781726203325085,0.021328085194060677,0.07042253521126761,0.06587301987663138,0.3378103583416994,0.4,0.07141646540370264,0.010441924192684108,0.09523809523809523,0.8124575148972679,0.45796734840707276,0.1773125,0.075,0.10942760942760943,0.6015037593984962,0.01343447387454845,1.0548359203136088,0.11260345278056648,0.1318981874516996
br_noisy_2017,0,0.466,br_noisy,competitive,0.091339,0.09025100743529837,-0.07621988684253067,0.19014084507042253,0.021642171299781816,0.29757985537200077,0.5475,0.034076032482149174,0.01061090165543814,0.21177944862155387,0.5380888124962839,0.34764881190333397,0.23482500000000003,0.0725,0.3560371517027864,0.45112781954887216,0.010592930229561889,1.0258795094003634,0.04057907118709073,0.14926218124505172
br_noisy_2017,1,0.259,br_noisy,competitive,0.091339,0.07136930807883876,-0.021894471520518127,0.058823529411764705,0.025174726265005998,0.26997025485261184,0.5325,0.04032838697775096,0.005717415171690643,0.09022556390977443,0.7909886750841723,0.32887658065067643,0.24560000000000004,0.055,0.10934744268077601,0.46616541353383456,0.006866295499141565,1.0279956623137978,0.040495538227891516,0.07828192780197166
br_noisy_2017,2,0.48,br_noisy,competitive,0.091339,0.06030705258015466,-0.0823885504157324,0.19230769230769232,0.023640746407309392,0.32421595072881515,0.5925,0.04126177891716994,0.012222426713983086,0.23308270676691728,0.5083597204203933,0.3256694841034269,0.2658,0.0675,0.37652439024390244,0.40601503759398494,0.012317027539942713,1.0271977685923388,0.04052699384110164,0.10910916192743268
br_noisy_2018,0,0.468,br_noisy,competitive,0.109268,0.23348903123287748,0.03954038568335921,0.17037037037037037,0.02783083936688942,0.26778814511096344,0.6525,0.047178988200488395,0.01658694919591719,0.19799498746867167,0.47478730694436305,0.32166088064400267,0.3977375,0.08,0.46232201533406353,0.3458646616541353,0.013323449584338592,1.0547232095540682,0.0765108986031325,0.23395146176621354
br_noisy_2018,1,0.36,br_noisy,competitive,0.109268,0.1114348326721506,-0.025404942961711603,0.13392857142857142,0.03197472040704989,0.26725139444698387,0.6075,0.045995691732656344,0.012726256878427815,0.15914786967418545,0.6488193820273085,0.3694810263162885,0.29305,0.0675,0.30579322638146167,0.39348370927318294,0.01502618282031237,1.0568415273432579,0.0763575412705669,0.16705536625336412
br_noisy_2018,2,0.101,br_noisy,competitive,0.109268,0.075843972911223,0.04376072257073303,0.037037037037037035,0.028110836509572894,0.2686359802962595,0.6375,0.04519689952096047,0.0032220928535355176,0.03508771929824561,0.8654870344919396,0.25760309780985063,0.39680000000000004,0.025,0.08231884057971015,0.3609022556390977,0.006550483263381703,1.05139442445677,0.057564852920627026,0.08088255634170813
br_noisy_2019,0,0.445,br_noisy,competitive,0.034894,0.25015553212097213,-0.10286179474057092,0.09615384615384616,0.026775568292898465,0.3661616176806628,0.695,0.049439937608562155,0.013421337490174679,0.14285714285714285,0.559589948033309,0.30683888342930893,0.36970000000000003,0.055,0.36846519429689684,0.3057644110275689,0.007706207514962941,1.0523824356070826,0.0915404044201657,0.30153255559525755
br_noisy_2019,1,0.178,br_noisy,competitive,0.034894,0.20898462889590055,-0.02823540121589995,0.017857142857142856,0.028513157987135763,0.4122384287296736,0.74,0.058853838443321836,0.008609825161438468,0.07142857142857142,0.75758468841522,0.3077123551568779,0.3820624999999999,0.055,0.22004608294930875,0.2606516290726817,0.013022782606928693,1.0515997095577811,0.09160853971770526,0.24999375956366307
br_noisy_2019,2,0.256,br_noisy,competitive,0.034894,0.1402738759429656,-0.00419521848128558,0.06896551724137931,0.025335871374254488,0.4127110269109326,0.6925,0.04827797552438211,0.0071256150566632774,0.07769423558897243,0.7245939205262664,0.28152669532661356,0.37725000000000003,0.0425,0.22373737373737373,0.3082706766917293,0.002741437980688576,1.0503955156357792,0.06878517115182205,0.15829753650335843
br_noisy_2020,0,0.253,br_noisy,competitive,0.121882,0.17425285972913584,0.05474962824542544,0.047058823529411764,0.0328946174168237,0.2973524738243949,0.58,0.05502777240025915,0.008756620469766012,0.11152882205513784,0.7883526919823128,0.3968412758108284,0.2579624999999999,0.07,0.1952991452991453,0.42105263157894735,0.01350336608659471,1.0389047245743024,0.08672780486544855,0.17243653764925512
br_noisy_2020,1,0.203,br_noisy,competitive,0.121882,0.12393006778490831,-0.0022890695469911858,0.013333333333333334,0.04336706425780407,0.29610513291246016,0.495,0.05930565203910923,0.008163299403601658,0.09523809523809523,0.755591128813738,0.4482956775293129,0.19911250000000003,0.08,0.1421820010055304,0.506265664160401,0.011057385073381963,1.0568850146510502,0.11103942484217243,0.13174933506121955
br_noisy_2020,2,0.191,br_noisy,competitive,0.121882,-0.011695092317519293,-0.03282928593528357,0.06060606060606061,0.041195954634039,0.3202077191285541,0.6175,0.06156185269946739,0.009908104669391357,0.08771929824561403,0.7503257173059428,0.36780008353340643,0.36607500000000004,0.0825,0.17153846153846153,0.38095238095238093,0.012445320257628033,1.0451475008914364,0.12315681504944405,0.08240139144299775
br_noisy_2021,0,0.103,br_noisy,competitive,0.10247,-0.14704012895284901,0.008388417637733592,0.07407407407407407,0.042392029233115504,0.39665056592388775,0.64,0.06142720677398915,0.00410071073793493,0.03634085213032581,0.8518007723119667,0.2796445608776029,0.3682125,0.0325,0.07683982683982685,0.3583959899749373,0.010863323083589624,1.061024091946788,0.04958132074048598,0.16133827261680453
br_noisy_2021,1,0.45,br_noisy,competitive,0.10247,0.15433255646843366,-0.16732487106619534,0.14285714285714285,0.03709612813529136,0.3943774419698749,0.6625,0.06443254308238508,0.01896520593432826,0.17042606516290726,0.5640922527593362,0.3425740193879391,0.3473999999999999,0.0675,0.36541889483065954,0.3358395989974937,0.019855808710288844,1.067139652885421,0.09859436049246877,0.28257235031750993
br_noisy_2021,2,0.464,br_noisy,competitive,0.10247,0.2098281770999745,-0.016196678999249717,0.16393442622950818,0.044969679663451834,0.3430929238628478,0.6325,0.07608811712329477,0.0222340920942268,0.17794486215538846,0.6131935322339046,0.35962406941193364,0.3223749999999999,0.0725,0.38670465337132004,0.3659147869674185,0.025587812599014916,1.073320972543824,0.12253318709387426,0.22137824921439136
br_noisy_2022,0,0.388,br_noisy,competitive,0.05211,0.10640707101856052,-0.1639821214141173,0.0970873786407767,0.038628537115221205,0.385215328572843,0.62,0.05676997316912749,0.01592995719662133,0.14160401002506265,0.5658758121345191,0.33827469676205885,0.35306249999999995,0.07,0.32894736842105265,0.38095238095238093,0.016258597495712852,1.0621098776397997,0.10700425793690095,0.21856965411094878
br_noisy_2022,1,0.168,br_noisy,competitive,0.05211,0.016835098613899497,-0.03219583133092779,0.04081632653061224,0.03379312544961427,0.3003833373299048,0.68,0.05033152565249362,0.006399143777704736,0.06390977443609022,0.7771777771386377,0.2797568495494502,0.43061249999999984,0.045,0.18516961031679283,0.3208020050125313,0.008166625582375065,1.0593822709364966,0.06436785799926524,0.14289706128735788
br_noisy_2022,2,0.26,br_noisy,competitive,0.05211,0.22173042602688672,-0.09965360556999693,0.056338028169014086,0.028590091966587763,0.386933575487654,0.7275,0.05728903121653241,0.01012858704980214,0.09398496240601503,0.7198786577484101,0.27154022754745716,0.47830000000000006,0.0625,0.323327615780446,0.2706766917293233,0.010119801205061719,1.0573933910486712,0.08598523899725641,0.272258154087507
br_noisy_2023,0,0.442,br_noisy,competitive,0.096312,0.07100183370082151,-0.12759143753256674,0.16279069767441862,0.010108396130518815,0.35940964019622434,0.815,0.026472102747569337,0.007243740659760999,0.12531328320802004,0.2331013839368405,0.20334420947817103,0.5695000000000001,0.0475,0.5183933933933934,0.18295739348370926,0.009215631799903177,1.0309949229139344,0.014975401674842594,0.25680328838704963
br_noisy_2023,1,0.198,br_noisy,competitive,0.096312,0.03740755769243338,-0.018018749253911222,0.0967741935483871,0.01381707079775125,0.35849697204976216,0.8525,0.03893644249369184,0.0028452140638870016,0.042606516290726815,0.8230871499399182,0.17121538479421844,0.6257375,0.0225,0.23484848484848483,0.14786967418546365,0.003133999415058095,1.0336196486401454,0.014937373835406671,0.04364584731420765
br_noisy_2023,2,0.24,br_noisy,competitive,0.096312,0.32630159451996055,-0.006185658456530831,0.023809523809523808,0.010789156013550743,0.29969877815418733,0.825,0.027205760162028275,0.0032673926941621917,0.05388471177944862,0.7444863485090778,0.23551478194065012,0.5022875,0.03,0.24871794871794872,0.17293233082706766,0.00929445577819947,1.030338741482382,0.03146837170618997,0.4701250127796917
br_noisy_2024,0,0.245,br_noisy,competitive,0.124402,0.20206838653373752,0.02528907617392612,0.06382978723404255,0.03187360579226684,0.26800629494999134,0.7125,0.054510941203773644,0.00820427433520382,0.06265664160401002,0.7144919773314728,0.24557258867717036,0.5122500000000001,0.055,0.20564795564795565,0.2882205513784461,0.009407191992599113,1.039241955647268,0.07657322712856887,0.22473634921797864
br_noisy_2024,1,0.127,br_noisy,competitive,0.124402,0.11542526356328633,-0.12055409666936474,0.07142857142857142,0.018110475417302152,0.2711728939489092,0.7,0.03093734461183982,0.004320513347914954,0.05639097744360902,0.7022988964627748,0.2605490903021931,0.4417874999999999,0.045,0.16429249762583095,0.3007518796992481,0.0046936312702029696,1.0479548607013351,0.019369492424922138,0.23334007577393237
br_noisy_2024,2,0.432,br_noisy,competitive,0.124402,-0.005272054660201868,-0.16856515680448644,0.16666666666666666,0.027017890795353796,0.2692174171779028,0.69,0.04416472013520169,0.014217532772553039,0.14912280701754385,0.4562123052058068,0.26510297054897547,0.47569999999999996,0.065,0.4076190476190476,0.3107769423558897,0.01131967863513978,1.0345667416664783,0.057689446538121976,0.1256808423499245
br_noisy_2025,0,0.128,br_noisy,competitive,0.059861,0.039548948669720384,0.0,0.0,0.0027720620518629775,0.18480413679086516,0.975,0.012640842341249308,0.0007719471043895785,0.010025062656641603,0.6176513609328163,0.02674011160482795,0.9508249999999999,0.015,0.47619047619047616,0.02506265664160401,0.0009974316536639951,1.001465176350579,0.0,0.08935111410220441
br_noisy_2025,1,0.287,br_noisy,competitive,0.059861,0.09621210596074949,0.0,0.0,0.0043081157370702654,0.27695029738308863,0.935,0.017411064102702246,0.002622197190483155,0.02756892230576441,0.2571114106512716,0.06107070537738071,0.8753125000000002,0.0225,0.39849624060150374,0.06516290726817042,0.0019128699218651755,1.0023905508877868,0.0,0.43233511340902026
br_noisy_2025,2,0.286,br_noisy,competitive,0.059861,-0.021624255856571368,-0.056448447597465645,0.125,0.010968594150673158,0.27613244015680694,0.8825,0.029475352950209643,0.003998576131482583,0.045112781954887216,0.6310497551990273,0.10676764704109559,0.7808499999999999,0.0375,0.3666666666666667,0.11779448621553884,0.0033121946735980607,1.005359460861329,0.01534069111982259,0.0411362456783765
br_noisy_2026,0,0.155,br_noisy,competitive,0.10457,0.22438172524912925,-0.05194618552349506,0.029411764705882353,0.022581983278930514,0.27557674509881336,0.64,0.0427499869010797,0.002954526506907353,0.043859649122807015,0.8996374241453263,0.31772870366490535,0.29731249999999987,0.0325,0.089937106918239,0.3583959899749373,0.005262750340428717,1.0495299611619433,0.04592945751646877,0.23629910563679668
br_noisy_2026,1,0.425,br_noisy,competitive,0.10457,0.32938155030238714,-0.010917967486543792,0.1875,0.018695851314797143,0.305238388813015,0.76,0.04594244196969828,0.008415093425922707,0.11904761904761904,0.7447787611492794,0.3249480328772478,0.39241249999999994,0.075,0.375,0.24060150375939848,0.017013287245315558,1.0361745537440237,0.0457857583219521,0.3371225688511148
br_noisy_2026,2,0.16,br_noisy,competitive,0.10457,0.16541475227183244,-0.06755660236665684,0.029411764705882353,0.01747928531425659,0.15332706416014558,0.7225,0.02965425266145045,0.0030742268503287334,0.043859649122807015,0.8594101910462418,0.3033307002097889,0.37173750000000005,0.04,0.12067819148936171,0.2781954887218045,0.005510191368255228,1.0313908149429016,0.061330825664058106,0.2136313382169472
br_noisy_2027,0,0.146,br_noisy,competitive,0.088818,0.1391054598135293,0.0,0.0,0.017423726702561013,0.22338111157129495,0.7675,0.027387621588373316,0.00302320301374685,0.03508771929824561,0.8163156669099899,0.17881353305676614,0.5689624999999999,0.0225,0.18055555555555555,0.23308270676691728,0.003530643708725638,1.0523018178247572,0.0223381111571296,0.1677400645167956
br_noisy_2027,1,0.302,br_noisy,competitive,0.088818,0.041218590233737855,-0.03280737924288187,0.1016949152542373,0.02688199372396357,0.3110313323433798,0.7525,0.04560017033636461,0.009020242721021764,0.08145363408521303,0.6582774196752531,0.23780487441224335,0.522325,0.0475,0.33235294117647063,0.24561403508771928,0.008647570948968297,1.058060894394225,0.04443304747762577,0.1549900886316432
br_noisy_2027,2,0.327,br_noisy,competitive,0.088818,-0.037180311733169547,-0.06293860187225175,0.13793103448275862,0.01421566181056265,0.31341616590216825,0.805,0.02819886397409409,0.006508463165888214,0.08270676691729323,0.5128953310552143,0.17258563173868308,0.6302500000000003,0.035,0.35332893869479237,0.19548872180451127,0.004682640219168712,1.025894810751849,0.022386868993012135,0.03726344289369727
br_noisy_2028,0,0.367,br_noisy,competitive,0.032636,-0.04509572951652133,-0.1064070663448436,0.05405405405405406,0.02387027681523774,0.36030606513566427,0.7875,0.04811230037169541,0.009210831740310208,0.09774436090225563,0.6362308420809686,0.24751116001030193,0.5039499999999999,0.0525,0.3195382882882883,0.21303258145363407,0.02305958816868251,1.0418067549531824,0.03603060651356649,0.06055884404498214
br_noisy_2028,1,0.144,br_noisy,competitive,0.032636,0.08425722574968297,-0.038196885247397505,0.11428571428571428,0.03122428067922582,0.32300980012992214,0.685,0.05262317873117868,0.004947240046545735,0.04887218045112782,0.8334254726425046,0.2734794929074788,0.41763750000000005,0.0425,0.11613082039911307,0.3157894736842105,0.009827017728820395,1.0458888960092174,0.08972494448053407,0.12789740449533413
br_noisy_2028,2,0.242,br_noisy,competitive,0.032636,-0.08085927662030515,-0.05587583697974348,0.044444444444444446,0.009333368520463483,0.36246091341605813,0.8125,0.01949808060673337,0.004087905038526968,0.05889724310776942,0.26431209353503393,0.14059837649655754,0.6462625,0.03,0.2156862745098039,0.18796992481203006,0.009467262663852278,1.0165343722212008,0.018123045670802935,0.08997982016978645
br_noisy_2029,0,0.237,br_noisy,competitive,0.115922,0.23115252419432858,-0.011067503231483143,0.05660377358490566,0.020994696388167148,0.22319943004031517,0.65,0.035875740218530724,0.004580063492368623,0.07017543859649122,0.7809340034160535,0.2557181397634936,0.41240000000000004,0.04,0.16165179497821125,0.3508771929824561,0.0053999862106528145,1.0337071664218178,0.041849893132559185,0.27180042020767875
br_noisy_2029,1,0.184,br_noisy,competitive,0.115922,0.26730694148602085,0.09180691184345321,0.022222222222222223,0.021164825419542618,0.33418145399277804,0.68,0.044319305754420946,0.0038736572048035053,0.05764411027568922,0.8337274298464199,0.24716128776245455,0.43803749999999997,0.0425,0.125,0.3208020050125313,0.005157121203592275,1.0356178400264768,0.02784845449939829,0.3723457013464931
br_noisy_2029,2,0.282,br_noisy,competitive,0.115922,0.01391429992031762,-0.11909498610877804,0.10606060606060606,0.018065203868888012,0.3347991450604726,0.76,0.0362737062340062,0.007586822731633521,0.09147869674185463,0.5422588987772665,0.23397008963642815,0.5207875,0.05,0.26996370235934664,0.24060150375939848,0.006403262337222187,1.0337071664218178,0.027899928755039508,0.12438162224316743
br_noisy_2030,0,0.348,br_noisy,competitive,0.07812,0.0962842855200673,0.01007629015053335,0.0975609756097561,0.030712317303038826,0.3873625605788681,0.6825,0.0539779162518101,0.01282887105390093,0.11278195488721804,0.6040467262930729,0.2922618390090873,0.37949999999999995,0.055,0.275,0.3157894736842105,0.025262775689926166,1.0648167358698812,0.05533750865412388,0.10730343626954665
br_noisy_2030,1,0.397,br_noisy,competitive,0.07812,0.04922440972476222,-0.11656930556355882,0.09183673469387756,0.046948548131262084,0.43800394758028766,0.63,0.06958059035401717,0.016603533100631205,0.13408521303258145,0.6726336438967084,0.31698487630009176,0.3689375,0.0575,0.27814327485380114,0.37092731829573933,0.027809774449542045,1.076233320028781,0.10950098689507194,0.09233961946795241
br_noisy_2030,2,0.107,br_noisy,competitive,0.07812,0.03254757372083504,-1.698148453470749e-05,0.0,0.061260140936941064,0.4337001128279014,0.68,0.09218466591377548,0.0050272256186191565,0.03884711779448621,0.9230950022236147,0.2798557111370593,0.429025,0.04,0.07708333333333334,0.3208020050125313,0.006262171596112431,1.0869133503709771,0.1897437993622067,0.12696381327224043
br_noisy_2031,0,0.294,br_noisy,competitive,0.063751,0.171152047158474,-0.025838175515466754,0.05555555555555555,0.02345447172169808,0.27095418595463483,0.7575,0.04036994857497137,0.0067059463315840085,0.07142857142857142,0.7328461676423299,0.20638028534510752,0.58155,0.04,0.24764150943396226,0.24310776942355888,0.0077988458128390005,1.014038414162946,0.050803909866494114,0.22037245865871585
br_noisy_2031,1,0.187,br_noisy,competitive,0.063751,-0.06366738401149682,-0.01064070663448437,0.030303030303030304,0.016857355358883854,0.27244210681024406,0.8125,0.034038476520861345,0.004096873786620212,0.042606516290726815,0.7289418615084241,0.1417803404012522,0.6665499999999999,0.025,0.2272403982930299,0.18796992481203006,0.0051662783412159295,1.0085003241720591,0.017027631675640278,0.06383720092106662
br_noisy_2031,2,0.284,br_noisy,competitive,0.063751,0.08949213433427664,-0.030971777746943735,0.06382978723404255,0.022560316657034136,0.3053275938545973,0.795,0.04257521488546442,0.0064619596582983566,0.06265664160401002,0.6775928925777988,0.1738173167169012,0.633525,0.04,0.24035420619860848,0.20551378446115287,0.008375305525872637,1.0123641078866312,0.05088793230909964,0.2034657902845682
br_noisy_2032,0,0.428,br_noisy,competitive,0.123307,0.41820160879025753,0.20384107130957088,0.09090909090909091,0.006297975048681829,0.3084722472823753,0.935,0.028985536597655924,0.0038333539501464765,0.03007518796992481,0.4992460433004027,0.0782845880228877,0.8701500000000001,0.0325,0.3771929824561403,0.06265664160401002,0.003127336731583798,1.0044540390490617,0.0,0.37593425522726787
br_noisy_2032,1,0.217,br_noisy,competitive,0.123307,-0.0019983280413106473,-9.487266113268502e-20,0.0,0.009640377266915922,0.17995370898243043,0.91,0.021395145737848245,0.0012886051484599398,0.013784461152882205,0.810850488165856,0.07139366704484221,0.8304125000000001,0.015,0.058823529411764705,0.08771929824561403,0.0016720437536114356,1.0043894877584956,0.0,0.03357135416183637
br_noisy_2032,2,0.188,br_noisy,competitive,0.123307,-0.058988146023369756,-0.0029386354969211494,0.05555555555555555,0.028403017341729328,0.30568269784820823,0.8175,0.054794477868856224,0.002553740165816275,0.023809523809523808,0.9047308767146096,0.1355386238225364,0.6721499999999999,0.025,0.11990595611285265,0.18295739348370926,0.0038134069092840336,1.026877576877619,0.08915745353906067,0.06000927710849498
br_noisy_2033,0,0.221,br_noisy,competitive,0.083524,-0.035755936695949946,-0.07968190728895946,0.058823529411764705,0.01148503968247094,0.1717389111397525,0.8525,0.022680904897517715,0.002044510846901814,0.022556390977443608,0.7502534755297992,0.11435017851196463,0.7313625,0.025,0.13620689655172413,0.14786967418546365,0.0019689002386584047,1.0057756868374965,0.0214673638924691,0.07426519999178399
br_noisy_2033,1,0.35,br_noisy,competitive,0.083524,-0.0014094959761183498,-0.060633906259083194,0.08333333333333333,0.010856167229702708,0.3009630519125503,0.895,0.02869574590952447,0.003124929647498732,0.03258145363408521,0.6562908898855325,0.10162421829728505,0.7859625000000001,0.025,0.3592592592592593,0.10526315789473684,0.0032843190188869605,1.0265365618431384,0.0,0.033063892839733273
br_noisy_2033,2,0.176,br_noisy,competitive,0.083524,0.00446767237390249,0.0,0.0,0.012450402864309814,0.1717296946801354,0.915,0.03167037450157012,0.001614000889850896,0.015037593984962405,0.8883781431497668,0.06845725530199115,0.8397875000000002,0.0125,0.08823529411764705,0.08521303258145363,0.002216619700355008,1.0058296652191554,0.0,0.033018773091340076
br_noisy_2034,0,0.194,br_noisy,competitive,0.04225,-0.06029512255338145,-0.008771267193633463,0.019230769230769232,0.02955403268941332,0.3365583793812188,0.655,0.0427824664864692,0.006906194814996821,0.06641604010025062,0.6942009126027375,0.28158840877016644,0.4058999999999999,0.0425,0.1441239316239316,0.3433583959899749,0.008853071848201256,1.0534595905796686,0.06310469613397879,0.07597060382452278
br_noisy_2034,1,0.361,br_noisy,competitive,0.04225,0.2207886057375599,-0.01584151897830947,0.07142857142857142,0.02813793428886584,0.3779722516414812,0.705,0.05692821846826726,0.012051746815079263,0.11278195488721804,0.5883987967939076,0.2932558556227324,0.4368,0.07,0.2711864406779661,0.2957393483709273,0.011135546134218759,1.0552877423818747,0.08399383369810712,0.24164086161789772
br_noisy_2034,2,0.173,br_noisy,competitive,0.04225,-0.03952179735497388,3.5203595884521706e-21,0.0,0.04374897893995299,0.3349204129374389,0.61,0.06455644386745289,0.004669159892141619,0.047619047619047616,0.9134877309923337,0.274714229008707,0.37048749999999997,0.04,0.08225725306053999,0.39097744360902253,0.007419123071398981,1.0586116547495226,0.10466262904294978,0.05038560070682872
br_noisy_2035,0,0.132,br_noisy,competitive,0.152002,0.038874522578295705,-0.020382247134653315,0.021739130434782608,0.05445862162934092,0.28107675679659844,0.4425,0.06206697536488828,0.005430158730928433,0.05889724310776942,0.8869041750680613,0.4013793608029248,0.21367500000000006,0.0575,0.07845481959030884,0.556390977443609,0.005668595171316477,1.0519274579189097,0.09369225226553271,0.05897179379186812
br_noisy_2035,1,0.187,br_noisy,competitive,0.152002,0.07779556801135075,-0.0136699736049922,0.029850746268656716,0.03313171603442005,0.23792973812869006,0.55,0.04100636093026168,0.006261308898123415,0.08646616541353383,0.791764967431586,0.4050422289733189,0.22788750000000002,0.0725,0.17406917406917408,0.45112781954887216,0.005204713021565089,1.0355730806028118,0.07137892143860693,0.09314526382202423
br_noisy_2035,2,0.355,br_noisy,competitive,0.152002,0.01301069239587705,-0.05432865620003377,0.10714285714285714,0.04593369782145553,0.3074069867072959,0.52,0.060223736293011115,0.014312471041027936,0.15538847117794485,0.6720388723486226,0.46109094837861786,0.19092500000000007,0.1,0.27736928104575165,0.47869674185463656,0.019582416220536865,1.0419793150317165,0.10641011078329463,0.0465742337154486
br_noisy_2036,0,0.196,br_noisy,competitive,0.100844,0.4208813225493998,6.885352859143805e-21,0.0,0.021222481845780766,0.3160795168520538,0.7775,0.04871519861587073,0.005375501987279829,0.04887218045112782,0.8136410421668867,0.21079915061841842,0.5498124999999998,0.0275,0.18426501035196685,0.22055137844611528,0.004610340443144501,1.0570369629107506,0.06773132503972586,0.42133821022101
br_noisy_2036,1,0.131,br_noisy,competitive,0.100844,-0.007922763412777376,1.716546467751295e-21,0.0,0.02940503683081512,0.3154563338171736,0.7625,0.05408581934458432,0.004235450239220915,0.042606516290726815,0.7766598897845229,0.19801670063429372,0.5483125000000001,0.0275,0.1533882783882784,0.23558897243107768,0.005424513676750341,1.0591251362390728,0.022532595272655265,0.01494356145302989
br_noisy_2036,2,0.128,br_noisy,competitive,0.100844,0.09752634748397795,-1.162425821077491e-21,0.0,0.029684499738288454,0.31483560328487753,0.8175,0.0601050582045857,0.003212608196784466,0.02506265664160401,0.9065212769829067,0.20023587077653504,0.6046125000000001,0.0275,0.10367892976588629,0.18045112781954886,0.0032221980719987476,1.0612133095673955,0.06746477213247379,0.1316302391061231
br_noisy_2037,0,0.318,br_noisy,competitive,0.065523,0.28777618877370875,0.03250154016980651,0.07692307692307693,0.029643034370987698,0.31203194074723895,0.7,0.055324045140201825,0.01314796241557131,0.12280701754385964,0.6002020899561972,0.31810008720901606,0.4245625,0.07,0.31318840579710144,0.2982456140350877,0.014707485579240702,1.0574323884268728,0.09750998148351217,0.32800375845110535
br_noisy_2037,1,0.283,br_noisy,competitive,0.065523,0.20662414991498906,-0.05715562793253151,0.0641025641025641,0.028258917153654323,0.35201419291749336,0.6875,0.05172682742141574,0.010831959988132278,0.10401002506265664,0.6292417181671983,0.31566057674393544,0.40186249999999996,0.0675,0.3064516129032258,0.3107769423558897,0.010460370073775644,1.0544937473673288,0.07822537620388739,0.2445835713197705
br_noisy_2037,2,0.269,br_noisy,competitive,0.065523,0.2478327134954666,-0.016625799289119576,0.10256410256410256,0.03554999405249353,0.3496720726474775,0.6575,0.06298199422705952,0.012025759112214833,0.10776942355889724,0.7370432557817184,0.35652125654554984,0.3660875,0.0775,0.2391738840772818,0.3408521303258145,0.014741888011536676,1.0615567969314954,0.09713113129096598,0.31907376347351196
br_noisy_2038,0,0.243,br_noisy,competitive,0.145729,0.3717394034845468,0.045249006377256824,0.12195121951219512,0.037053952522601276,0.3313768111777348,0.605,0.06933679741848402,0.013514798177446925,0.11528822055137844,0.7325121390767801,0.39245107997755424,0.33128749999999996,0.0925,0.23347653668208856,0.39348370927318294,0.020741916645998306,1.0557369470001208,0.12050065861008535,0.3969605346172822
br_noisy_2038,1,0.375,br_noisy,competitive,0.145729,0.4877148872753775,0.1549899715295149,0.1532258064516129,0.03674754794756129,0.3293059286543169,0.56,0.07020183194682227,0.017144316404080987,0.17919799498746866,0.7091140314521474,0.45087934541758895,0.28744999999999993,0.1225,0.28617216117216115,0.43859649122807015,0.014729910245855904,1.06237608405363,0.11974761041975157,0.444806522399475
br_noisy_2038,2,0.203,br_noisy,competitive,0.145729,0.09908039942857101,0.001168959361668107,0.06329113924050633,0.05054500346063366,0.3594311357200616,0.4925,0.06813945842608321,0.011372977665327761,0.10526315789473684,0.7758948526626988,0.471212963547132,0.21867500000000004,0.105,0.1489403453689168,0.506265664160401,0.01159035184024836,1.0618195096898628,0.12280563803768833,0.15590347008957336
br_noisy_2039,0,0.182,br_noisy,competitive,0.101769,0.11154868171885632,-0.004255357676568024,0.061224489795918366,0.025610892367633455,0.2598206472078754,0.725,0.0450038395864225,0.005581539145174556,0.06516290726817042,0.7951454191417107,0.2805790904688992,0.4475375,0.045,0.17333333333333334,0.2756892230576441,0.0053275527030006075,1.0480420215844521,0.07423447063082171,0.12518055477327603
br_noisy_2039,1,0.206,br_noisy,competitive,0.101769,0.05329859937271989,0.04747126632775426,0.01639344262295082,0.025260816276874522,0.2600378146148846,0.7025,0.04605598441701948,0.006424135054932708,0.07769423558897243,0.7310691135350984,0.2716274327238969,0.42394999999999994,0.04,0.19101607347876004,0.2982456140350877,0.006655225595076161,1.0471667620819014,0.05572238884604683,0.05158249971533958
br_noisy_2039,2,0.306,br_noisy,competitive,0.101769,-0.013647029249376537,-0.030787643363747334,0.16417910447761194,0.02791647206873104,0.2596881122672653,0.72,0.04620786788428295,0.008879418088622932,0.09774436090225563,0.5930018575695073,0.2340439292106044,0.512875,0.0525,0.27073578595317727,0.2781954887218045,0.008912504925517484,1.0285709796365705,0.05564745262869983,0.03405522990126518
grim_cartel_3000,0,0.264,grim_cartel,collusive,0.72226,0.5426201971467853,0.048827559023813284,0.023809523809523808,0.03560397651406723,0.22970307428430467,0.8375,0.0915054290610039,0.012089635488647613,0.05388471177944862,0.8373066146471476,0.17708053302409535,0.5370875,0.015,0.18872549019607843,0.16290726817042606,0.05621862028279527,1.2239853878128837,0.22970307428430467,0.5734704114503197
grim_cartel_3000,1,0.305,grim_cartel,collusive,0.72226,0.5290346357015773,0.11100978790267062,0.05357142857142857,0.045920884256235785,0.2339917669107556,0.7875,0.10475125790671472,0.016273863488154055,0.07393483709273183,0.8298362405981698,0.22100620288414374,0.4236500000000001,0.02,0.17294117647058824,0.21052631578947367,0.07354026960052316,1.2015517048807878,0.2339917669107556,0.5134423357431366
grim_cartel_3000,2,0.331,grim_cartel,collusive,0.72226,0.6448589941094813,0.20107160406805388,0.10344827586206896,0.03319978628017944,0.2329809563521364,0.835,0.1018980005442574,0.017030771663167868,0.08020050125313283,0.8142159274475274,0.21998804338008293,0.46105,0.02,0.21231617647058823,0.16541353383458646,0.08617103865079019,1.206764753917228,0.2329809563521364,0.6072251826665389
grim_cartel_3001,0,0.456,grim_cartel,collusive,0.882505,0.7154831005869127,0.09919761443189334,0.047619047619047616,0.01461608202714133,0.23154189349926876,0.8575,0.06729999461972785,0.006528436846783892,0.05513784461152882,0.8535910055176592,0.17877115035035884,0.6328125000000001,0.0275,0.19273399014778325,0.14285714285714285,0.019697140245597485,1.2645160585784503,0.11577094674963438,0.7541357991201908
grim_cartel_3001,1,0.324,grim_cartel,collusive,0.882505,0.5993964146555635,0.0018597772566581496,0.03225806451612903,0.018200999941270685,0.26001428487529554,0.8375,0.06674253665482564,0.005502947828048581,0.040100250626566414,0.8736456527871741,0.17960062244338942,0.6165624999999999,0.0275,0.14250000000000002,0.16290726817042606,0.022259875025753866,1.2668034682859775,0.1155619043890202,0.6325818124216094
grim_cartel_3001,2,0.232,grim_cartel,collusive,0.882505,0.7673558838916773,0.25886545008673784,0.07692307692307693,0.014038514689110574,0.23276293785053803,0.87,0.07494696082706043,0.0050315296715811786,0.03508771929824561,0.9067538176446928,0.19209225620429848,0.6190125,0.0275,0.184640522875817,0.13032581453634084,0.02036675706192208,1.257882570426621,0.13092915254092757,0.7552156847578262
grim_cartel_3002,0,0.474,grim_cartel,collusive,0.900999,0.8276669477183338,0.33372369782072103,0.14705882352941177,0.00835330498759043,0.2586829931640907,0.94,0.07398392174643642,0.008158131154506622,0.04887218045112782,0.8184518219774528,0.13691717911597914,0.75855,0.0325,0.5555555555555556,0.06015037593984962,8.227830571376898e-05,1.307277076889903,0.12934149658204544,0.8167843303683003
grim_cartel_3002,1,0.43,grim_cartel,collusive,0.900999,0.7662254471895477,0.23890798303558283,0.07894736842105263,0.012449235640323629,0.28146097969427336,0.9225,0.08059245295994093,0.008247940796901783,0.05137844611528822,0.8458260503017074,0.14542909681114843,0.724925,0.0275,0.325,0.07769423558897243,0.0001104634928156484,1.3016056783596641,0.12990506755120312,0.7509933031621697
grim_cartel_3002,2,0.211,grim_cartel,collusive,0.900999,0.3789875301969301,0.0,0.0,0.033854111850618686,0.26041624500475913,0.8425,0.08339084982899417,0.005384546419271335,0.02756892230576441,0.902049811406205,0.14398256661502137,0.6357125000000001,0.015,0.05947368421052632,0.15789473684210525,0.032552030625594905,1.298576235666493,0.13020812250237962,0.45180058096848
grim_cartel_3003,0,0.129,grim_cartel,collusive,0.78327,0.2975150557696526,0.0,0.0,0.056600615323154135,0.24300800854305882,0.7425,0.09587454041395425,0.008222075477020786,0.03884711779448621,0.8970189873459649,0.20541804758531257,0.45852500000000007,0.02,0.05664830841856806,0.2581453634085213,0.025757427806099062,1.2398402839805747,0.12150400427152935,0.3131334862506025
grim_cartel_3003,1,0.265,grim_cartel,collusive,0.78327,0.5249457923717858,0.10478032097035496,0.058823529411764705,0.04479572969445484,0.24545605312030047,0.7875,0.10330054863744527,0.01414909579390203,0.06766917293233082,0.8480706634277189,0.23052788797580542,0.4537,0.03,0.17482517482517482,0.21303258145363407,0.07327046361800015,1.2274747943327933,0.24545605312030047,0.5327989105638735
grim_cartel_3003,2,0.339,grim_cartel,collusive,0.78327,0.608722100067892,0.2327095329118997,0.1111111111111111,0.03383745837789241,0.2431434134938377,0.8075,0.0966098637989429,0.01452360406416825,0.07518796992481203,0.8238914001061013,0.2286386213186681,0.48355,0.03,0.16858108108108108,0.19298245614035087,0.05221348943617667,1.2391498251677542,0.2431434134938377,0.5754245242339412
grim_cartel_3004,0,0.497,grim_cartel,collusive,0.65949,0.7398721235021317,0.40292476279989037,0.19696969696969696,0.038156997049592196,0.2949333105282489,0.8,0.13939656317695662,0.023284208725914392,0.09899749373433583,0.8320266470497256,0.2936405063954766,0.3699125,0.04,0.2379612257661038,0.20050125313283207,0.09216665954007779,1.2407114422185224,0.2949333105282489,0.6778950236301698
grim_cartel_3004,1,0.134,grim_cartel,collusive,0.65949,0.10186976063777889,-0.007150236913059705,0.02631578947368421,0.13116519595390078,0.330900284116358,0.535,0.13139757428981796,0.013361331438839294,0.04887218045112782,0.8888926084966172,0.21566325115035243,0.3348999999999999,0.0175,0.05610217596972564,0.46616541353383456,0.023335940888977048,1.244084832976454,0.2941335858812071,0.10302044126071444
grim_cartel_3004,2,0.492,grim_cartel,collusive,0.65949,0.7329375001530428,0.22490980102196972,0.12345679012345678,0.03812092176149915,0.33068751407565533,0.8075,0.13752170745304393,0.024863722862831224,0.11403508771929824,0.8216435827932276,0.2926840665990973,0.3849374999999999,0.0475,0.33333333333333337,0.19298245614035087,0.10773207038926419,1.2740227672473319,0.293944456956138,0.7011537773248125
grim_cartel_3005,0,0.188,grim_cartel,collusive,0.768402,0.5107948665227551,0.14799276422933821,0.07407407407407407,0.031736858840288484,0.2855219134420418,0.87,0.09092887740253772,0.008036668471667265,0.03634085213032581,0.874625068527358,0.1481133124487164,0.637675,0.0175,0.09967320261437909,0.13032581453634084,0.048374696143052835,1.2930012868472154,0.13177934466555774,0.5105973371858761
grim_cartel_3005,1,0.234,grim_cartel,collusive,0.768402,0.39424690966506093,0.0,0.0,0.046140409081017866,0.2655563112576568,0.8175,0.09858373199575367,0.008042118866407735,0.03258145363408521,0.8895426381748267,0.17166060324056232,0.5630250000000001,0.015,0.07286634460547503,0.18295739348370926,0.03417084887506613,1.2832748084614465,0.1438430019312307,0.4471192754390789
grim_cartel_3005,2,0.431,grim_cartel,collusive,0.768402,0.6618883872393635,0.21881130887642394,0.10810810810810811,0.027494056894867835,0.26607151833743065,0.8675,0.10037567548857422,0.010780675555025387,0.05137844611528822,0.8658822612634272,0.19328403384989412,0.5775625000000001,0.03,0.21479885057471265,0.13283208020050125,0.05219286806338176,1.2807899417205564,0.26607151833743065,0.6719666450000981
grim_cartel_3006,0,0.293,grim_cartel,collusive,0.91127,0.3264522244337942,0.15513782984398114,0.06451612903225806,0.027180460025583535,0.23050566806148584,0.84,0.06601427698930115,0.007799063956967566,0.041353383458646614,0.803002584856799,0.14233350455348961,0.6565000000000002,0.0225,0.09583333333333333,0.16040100250626566,0.05455300810788497,1.2642861613645466,0.11525283403074292,0.35168548363764807
grim_cartel_3006,1,0.349,grim_cartel,collusive,0.91127,0.7415525919094412,0.38814985269068497,0.15384615384615385,0.016295821186299318,0.23279744551856169,0.9025,0.07851871140545477,0.009918688154926188,0.05639097744360902,0.8215663803014348,0.16587320966627234,0.6570874999999999,0.0275,0.25,0.09774436090225563,0.06848712728008192,1.251839879931114,0.16295821186299278,0.6824531344393624
grim_cartel_3006,2,0.354,grim_cartel,collusive,0.91127,0.7236876360881908,0.3414927595784577,0.15789473684210525,0.013287895824184708,0.2696094804907042,0.91,0.07082402961456286,0.01032875560777134,0.05513784461152882,0.7724711947407277,0.14557296909551815,0.7121874999999999,0.025,0.19375,0.09022556390977443,0.000246263683312665,1.2610683422622446,0.11554692021030182,0.648140300239941
grim_cartel_3007,0,0.286,grim_cartel,collusive,0.940573,0.4564657092968064,0.21127751080905513,0.058823529411764705,0.010986874339399858,0.22251897396252868,0.9325,0.04343871865570237,0.0029975926943573736,0.022556390977443608,0.8358329735360072,0.08727196183446784,0.8299875000000001,0.02,0.16818181818181818,0.06766917293233082,0.00021396055188704793,1.1311174084220048,0.0,0.44789941735265554
grim_cartel_3007,1,0.423,grim_cartel,collusive,0.940573,0.714817325323389,0.21648322927735625,0.04,0.005977703389446326,0.22242617263056086,0.9475,0.04237145352617519,0.0032750720907382094,0.03258145363408521,0.8391451545851984,0.0965403348667222,0.8428875,0.0275,0.32727272727272727,0.05263157894736842,0.0001066621671821749,1.271615288468723,0.0,0.689810028220752
grim_cartel_3007,2,0.103,grim_cartel,collusive,0.940573,-0.02118972008238911,0.0,0.0,0.008579654682020071,0.22141044340696975,0.93,0.028365616312273075,0.0012485551319941905,0.011278195488721804,0.8572393001710734,0.05962867414897014,0.8661000000000001,0.015,0.07142857142857142,0.07017543859649122,3.5033298007432114e-05,1.1191748719198762,0.0,0.021353451415067243
grim_cartel_3008,0,0.424,grim_cartel,collusive,0.88917,0.6299295125086909,0.3499224729624352,0.06521739130434782,0.014190158176400614,0.2871160409232809,0.855,0.061953557793755346,0.006310242657654525,0.06140350877192982,0.8078403432348646,0.1566036261836007,0.6889875,0.0275,0.20833333333333331,0.14536340852130325,0.0004992811677266527,1.3321284343642612,0.01214721711598488,0.5797208139484047
grim_cartel_3008,1,0.424,grim_cartel,collusive,0.88917,0.7663985047540531,0.1922944199620935,0.05555555555555555,0.010929783880363008,0.26630945495300723,0.89,0.06989272811247374,0.007008143551394928,0.047619047619047616,0.8235987947204274,0.15298540837541208,0.6987375,0.025,0.16993464052287582,0.11027568922305764,0.02995981368221331,1.325729326006451,0.012205850018679418,0.7724360118952249
grim_cartel_3008,2,0.155,grim_cartel,collusive,0.88917,0.45219530244678446,0.0,0.0,0.03104572979305023,0.2914039619564282,0.855,0.08497699913152561,0.004269655120240706,0.022556390977443608,0.9250466926917643,0.16048038053820532,0.6440875,0.02,0.0744047619047619,0.14536340852130325,0.029830109715066312,1.3125265679578664,0.13449413628758222,0.5531122532318524
grim_cartel_3009,0,0.287,grim_cartel,collusive,0.657138,0.47046873803843775,0.1461580236061043,0.1,0.06033915094217779,0.23319478624996248,0.71,0.11229072702615028,0.01685158647503906,0.08270676691729323,0.8515402288103162,0.26437595234775413,0.30342499999999994,0.0275,0.15257352941176472,0.2907268170426065,0.06953929491931071,1.1665660640151705,0.23319478624996248,0.4588171213119284
grim_cartel_3009,1,0.378,grim_cartel,collusive,0.657138,0.6371253445381744,0.09912279006826347,0.11475409836065574,0.04236534879236611,0.2726964979738508,0.795,0.11420669079915577,0.016695703957582703,0.08521303258145363,0.8587659333834701,0.26566028945613707,0.346375,0.0325,0.24384384384384383,0.20551378446115287,0.05384251411794963,1.163845692775726,0.23373985540615783,0.6382737162070862
grim_cartel_3009,2,0.249,grim_cartel,collusive,0.657138,0.6149534937005421,0.137997845542283,0.08333333333333333,0.048469715999412646,0.2340589907416305,0.7525,0.11259731829690692,0.01652296133472663,0.08145363408521303,0.8542895187529292,0.2769246632905934,0.3216625,0.035,0.22904109589041097,0.24561403508771928,0.06082889024923731,1.1622588095527164,0.2340589907416305,0.6125206214012793
grim_cartel_3010,0,0.389,grim_cartel,collusive,0.846571,0.6286344121936687,0.13038737291126912,0.057692307692307696,0.03000628551124361,0.2637915209779658,0.87,0.09816600138203502,0.015867159156569374,0.06892230576441102,0.7879456876167086,0.17640057357375427,0.5941624999999999,0.0325,0.2692307692307693,0.13032581453634084,0.07712238217480806,1.2796474940268725,0.2637915209779658,0.6329910259166365
grim_cartel_3010,1,0.364,grim_cartel,collusive,0.846571,0.6021445618906723,0.2628992449154289,0.1346153846153846,0.03613769690982889,0.2658405289918447,0.815,0.10519342250268154,0.014991007273976205,0.07393483709273183,0.8326931813210032,0.2310457990433143,0.5048499999999999,0.035,0.20685579196217493,0.18546365914786966,0.10186921910138308,1.269784408137958,0.2658405289918447,0.5624386946368621
grim_cartel_3010,2,0.406,grim_cartel,collusive,0.846571,0.683884619503161,0.2796823595120405,0.15384615384615385,0.026889968186672157,0.2647627636841566,0.8675,0.10275081521677196,0.01683798277815908,0.07518796992481203,0.7954703143958239,0.19104940236198178,0.5634,0.02,0.2303921568627451,0.13283208020050125,0.08167077186224991,1.274953298069047,0.2647627636841566,0.6712333783616531
grim_cartel_3011,0,0.493,grim_cartel,collusive,0.746468,0.7194067649787741,0.2906989869123441,0.14942528735632185,0.02508738925685402,0.26354429118311284,0.785,0.09774049053188914,0.02052668086330781,0.12531328320802004,0.7514560762810307,0.2715609920947406,0.4516625000000001,0.04,0.258859357696567,0.21303258145363407,0.13908358872652304,1.2384893532292847,0.24327165339979656,0.6710279331462492
grim_cartel_3011,1,0.129,grim_cartel,collusive,0.746468,0.3690331977377497,0.15022959292444646,0.08333333333333333,0.06023964626183288,0.24483514145368157,0.605,0.10303045295712616,0.008999787989943183,0.04887218045112782,0.9004497211118347,0.29324338109887005,0.2890625,0.025,0.03791727140783745,0.39598997493734334,0.036290454710006075,1.2305805077214838,0.2550366056809183,0.35791050423658066
grim_cartel_3011,2,0.311,grim_cartel,collusive,0.746468,0.4495845006525789,0.1843576189052489,0.11290322580645161,0.04313245546774644,0.26171384881246373,0.69,0.0925179296876999,0.015843097845982965,0.08646616541353383,0.7855636955947294,0.26278175159666517,0.38058749999999997,0.0325,0.11791666666666667,0.3082706766917293,0.07724050796976953,1.2471514221187807,0.13085692440623192,0.49716603598484926
grim_cartel_3012,0,0.468,grim_cartel,collusive,0.697409,0.6280299287819603,0.24901041383109124,0.1595744680851064,0.043706414855316233,0.27377620043598483,0.755,0.11277988151269687,0.02700513541715501,0.13659147869674185,0.7633027330945549,0.3030884848481702,0.3158125,0.0425,0.2624128919860627,0.24310776942355888,0.09691192935787092,1.1691276260256707,0.234665314659416,0.5712113591932699
grim_cartel_3012,1,0.27,grim_cartel,collusive,0.697409,0.4287063072254792,0.13022592376232825,0.060240963855421686,0.06885085108651275,0.2765887848525619,0.6425,0.11445826299190559,0.020598090672872507,0.11027568922305764,0.8278162636073438,0.32417625675546813,0.24391250000000003,0.0425,0.16229898749255509,0.3558897243107769,0.068554505959885,1.1572389655953428,0.23707610130219603,0.4150396547674735
grim_cartel_3012,2,0.274,grim_cartel,collusive,0.697409,0.2794562005563273,0.09404557943545229,0.038461538461538464,0.07722955593933852,0.2709808980327666,0.62,0.1089106238743716,0.019792374936872328,0.10150375939849623,0.8176954956544986,0.29177313455745413,0.278375,0.0475,0.12486828240252898,0.37844611528822053,0.10243673508051841,1.1811877575198972,0.23226934117094292,0.2860994694568304
grim_cartel_3013,0,0.287,grim_cartel,collusive,0.794755,0.614164258561284,0.10812681236355302,0.0851063829787234,0.030462216183455425,0.29088588397994575,0.8425,0.0950451090749101,0.013203675602542786,0.06390977443609022,0.8197955495555338,0.21086273120536708,0.57255,0.0325,0.1619644723092999,0.15538847117794485,0.07162416484828564,1.2743658023988618,0.25856523020439615,0.6021101890207382
grim_cartel_3013,1,0.342,grim_cartel,collusive,0.794755,0.5876035047845076,0.12724309069343306,0.05172413793103448,0.03827755178500168,0.2944427060384745,0.82,0.105851319959195,0.016316930799681544,0.07644110275689223,0.8174049159499117,0.22985229019434716,0.4999249999999998,0.0375,0.23193473193473194,0.18045112781954886,0.09240794478010605,1.25897166186269,0.2617268498119773,0.562448451843001
grim_cartel_3013,2,0.147,grim_cartel,collusive,0.794755,0.4884341030235459,0.06789581064726548,0.030303030303030304,0.052743533478613165,0.26167334439001877,0.765,0.10228156072892874,0.010083277368412377,0.042606516290726815,0.8711970993259288,0.20680969351172235,0.47616250000000004,0.025,0.13012048192771086,0.23308270676691728,0.040548555432337624,1.2592290889619568,0.26167334439001877,0.4916910784376171
grim_cartel_3014,0,0.351,grim_cartel,collusive,0.770696,0.561621539985186,0.31263917917884415,0.15053763440860216,0.044331727123001166,0.26436351036652067,0.71,0.10548110474188933,0.023546547482038285,0.13408521303258145,0.7550679915931888,0.3167740017805102,0.34077500000000005,0.0575,0.25905959868224016,0.2907268170426065,0.11732108448218373,1.2190149392694016,0.24402785572294214,0.5374957094450695
grim_cartel_3014,1,0.234,grim_cartel,collusive,0.770696,0.33648155124687673,0.11875793376899463,0.06578947368421052,0.06751521745667219,0.24329808092494473,0.645,0.10095898465182561,0.020071583534952624,0.10150375939849623,0.7712996052459846,0.2603775718700744,0.3430625,0.035,0.1629032258064516,0.3533834586466165,0.05541332980525908,1.2226713856239275,0.24329808092494473,0.3341030052412902
grim_cartel_3014,2,0.428,grim_cartel,collusive,0.770696,0.5012418324363923,0.24465980167177181,0.14432989690721648,0.04934849422083245,0.2642761791434899,0.7075,0.10629388385253105,0.02547485821703199,0.13909774436090225,0.739021062627552,0.29112371356905886,0.34854999999999997,0.0425,0.2561367621274109,0.2932330827067669,0.13960262107399493,1.21941776810507,0.24394724228629833,0.4437606921318245
grim_cartel_3015,0,0.193,grim_cartel,collusive,0.853443,0.5128550292710288,0.09532849252295608,0.041666666666666664,0.026834511911464964,0.2582014891824806,0.8675,0.07751814126061893,0.006147654504344781,0.03132832080200501,0.8916032269907118,0.1712495478980683,0.6241125000000001,0.025,0.11830357142857142,0.13283208020050125,0.03792496722398611,1.234300015399921,0.11065778107820606,0.5194584627983526
grim_cartel_3015,1,0.322,grim_cartel,collusive,0.853443,0.6588792463825216,0.10219176941598757,0.07692307692307693,0.02498894100849734,0.2610784881484798,0.865,0.08882156278533104,0.007618294587934512,0.05263157894736842,0.9025884677999795,0.20886504016195717,0.5522875000000002,0.0325,0.2641025641025641,0.13533834586466165,0.03463286067275752,1.2206984356863966,0.2237815612701255,0.6971156035450957
grim_cartel_3015,2,0.176,grim_cartel,collusive,0.853443,0.6464413956376145,0.19528769841495888,0.07142857142857142,0.029375438467631004,0.2611150086011647,0.795,0.0900499669793402,0.0065909803460014686,0.03759398496240601,0.9138491092756287,0.23792354342920707,0.46586249999999996,0.025,0.11144278606965174,0.20551378446115287,0.030463417670135873,1.2205277045602851,0.22381286451528398,0.6410975273754722
grim_cartel_3016,0,0.423,grim_cartel,collusive,0.932627,0.496625548682302,0.1809535466535863,0.057692307692307696,0.026346759371128067,0.25092151782026734,0.8025,0.07156708029700787,0.009572889986459655,0.06892230576441102,0.8146692992959479,0.2018583247960678,0.5617000000000003,0.0375,0.20681818181818182,0.19799498746867167,0.06315280625274405,1.2455049606590398,0.11152067458678551,0.4877032936657888
grim_cartel_3016,1,0.115,grim_cartel,collusive,0.932627,0.09732391721486537,0.0,0.0,0.0320556857591327,0.22155117587305548,0.805,0.05904147515359315,0.004372720576441883,0.02756892230576441,0.8715327124459022,0.1469480625942717,0.6424250000000001,0.02,0.019230769230769232,0.19548872180451127,0.036002066079371516,1.135583327213644,0.11077558793652774,0.09710140396377091
grim_cartel_3016,2,0.151,grim_cartel,collusive,0.932627,0.15837290349320707,0.0,0.0,0.053088202215338554,0.22500959879348784,0.68,0.07894684117067868,0.006767205978751515,0.03759398496240601,0.8788791446605033,0.23153863488322082,0.44154999999999994,0.0225,0.05664301443601664,0.3208020050125313,0.034330508639447595,1.2346100269381384,0.11250479939674392,0.23407948845014942
grim_cartel_3017,0,0.298,grim_cartel,collusive,0.747692,0.5477275149724677,0.07191849580865606,0.05172413793103448,0.04921246968414371,0.2802900792525166,0.75,0.11483272218109233,0.016427257392088855,0.07644110275689223,0.8439280658045345,0.2639517793588609,0.3709,0.03,0.14135564135564135,0.2506265664160401,0.07442897784155329,1.2295425080579012,0.2587293039253995,0.5504722967519369
grim_cartel_3017,1,0.306,grim_cartel,collusive,0.747692,0.3872299814552675,0.12457998847475493,0.07936507936507936,0.05596833893691528,0.27638685894773024,0.7575,0.10534969953908195,0.02035469059534081,0.08521303258145363,0.7655057696438106,0.21447832059307553,0.44960000000000006,0.0225,0.13055555555555554,0.24060150375939848,0.06170738501834868,1.2469064858581522,0.255126331336366,0.3611765466733886
grim_cartel_3017,2,0.308,grim_cartel,collusive,0.747692,0.3749405257901877,0.18164609323034273,0.08333333333333333,0.06444437911042979,0.25777751644171976,0.675,0.11239755989767614,0.020727724275284434,0.09774436090225563,0.7972728846187339,0.28160386634961077,0.34959999999999997,0.045,0.15304430229803362,0.3258145363408521,0.10054027451381264,1.234082326681249,0.25777751644171915,0.33935748958478307
grim_cartel_3018,0,0.397,grim_cartel,collusive,0.887784,0.4590436957704457,0.14668915692152182,0.06779661016949153,0.03646829978209506,0.31131475423739674,0.8025,0.08794720326304258,0.013709887136125958,0.07894736842105263,0.794753801097895,0.1967548104997282,0.5609875,0.0375,0.21856060606060607,0.19799498746867167,0.07950406150289681,1.3029068300152336,0.1334206089588843,0.435548825996044
grim_cartel_3018,1,0.176,grim_cartel,collusive,0.887784,0.4274508092316153,0.0,0.0,0.04153320091556107,0.2686783886720932,0.8125,0.0950078035356689,0.008641702559628728,0.03634085213032581,0.8807153223354398,0.18207469331097254,0.5900625,0.025,0.0734632683658171,0.18796992481203006,0.04104808715823645,1.293997805603021,0.13433919433604655,0.43665244002805403
grim_cartel_3018,2,0.239,grim_cartel,collusive,0.887784,0.5022055914608383,0.08150221543137992,0.025,0.03501294071479293,0.26761483348886317,0.8,0.09056172307730345,0.00916642286803959,0.05137844611528822,0.8571638758042137,0.1957877080167824,0.5475874999999999,0.0275,0.09899749373433583,0.20050125313283207,0.04929746932689584,1.2991404131905584,0.13380741674443153,0.5459292750710509
grim_cartel_3019,0,0.286,grim_cartel,collusive,0.763266,0.4890657644490127,0.05360171149621906,0.02040816326530612,0.04086804422582231,0.25721146715552506,0.7825,0.09428203186011769,0.011424458092817112,0.06265664160401002,0.8609349477398816,0.2240722891863079,0.4557875,0.025,0.1418478260869565,0.21553884711779447,0.03806434068537225,1.2180976572206677,0.22863241524935562,0.4885852163235926
grim_cartel_3019,1,0.483,grim_cartel,collusive,0.763266,0.7289538110227124,0.3545666563916876,0.15492957746478872,0.02434088888713036,0.22909071893769753,0.8325,0.09522340768295125,0.016758359295724425,0.10275689223057644,0.8021775137972411,0.24869710621868357,0.4727125,0.035,0.299047619047619,0.16791979949874686,0.09830385327550453,1.2156608118885934,0.22909071893769753,0.6881963372242879
grim_cartel_3019,2,0.117,grim_cartel,collusive,0.763266,0.5109547325291431,-2.7745252252992457e-05,0.0,0.03639907289000646,0.22705074707216505,0.78,0.08721177203236596,0.0067930283036941605,0.03884711779448621,0.9038427064588388,0.21222558007410372,0.4743875000000001,0.0175,0.10521978021978022,0.21804511278195488,0.02255569921572166,1.2265831007877128,0.22705074707216505,0.5276444351329046
grim_cartel_3020,0,0.387,grim_cartel,collusive,0.732651,0.43964539111921375,0.10779024061544625,0.05084745762711865,0.05712403636529538,0.2536497451928009,0.745,0.1083827272850157,0.017535101432501487,0.07769423558897243,0.8105556421552764,0.22691044194123394,0.414925,0.025,0.18794871794871795,0.2531328320802005,0.08639525051209818,1.2343255789972782,0.2536497451928009,0.48056488916327367
grim_cartel_3020,1,0.211,grim_cartel,collusive,0.732651,0.5024128397951854,0.1272932565774215,0.08,0.05673954831867129,0.27966412441430405,0.76,0.11990704254825688,0.015204411622292989,0.06766917293233082,0.86681534131603,0.23821134353630652,0.36943750000000003,0.0275,0.15224358974358976,0.23809523809523808,0.06300125879662892,1.212800891156192,0.25815149945935756,0.5018250268820637
grim_cartel_3020,2,0.425,grim_cartel,collusive,0.732651,0.6896163195343109,0.30503931201937645,0.16923076923076924,0.031173662850969865,0.25361624014348366,0.8375,0.10871589023883499,0.020684448992487545,0.09523809523809523,0.7852459729229724,0.24514487511763466,0.46473749999999986,0.0325,0.31231527093596056,0.16040100250626566,0.1208104387169973,1.2344886448142562,0.25361624014348366,0.6424389086640766
grim_cartel_3021,0,0.267,grim_cartel,collusive,0.866374,0.5136753026185472,0.1846969350315063,0.06666666666666667,0.01908791029470807,0.2451658202990027,0.8825,0.06272919577913685,0.006056728106205221,0.040100250626566414,0.8471848049658526,0.13647709140906691,0.6955375,0.0225,0.05555555555555555,0.11528822055137844,0.04765518286842441,1.2337730397588633,0.1050710658424298,0.5182222402857466
grim_cartel_3021,1,0.113,grim_cartel,collusive,0.866374,0.4328517223174439,0.21881458669101295,0.09090909090909091,0.028980805151723684,0.2114101287663734,0.8225,0.06797794512813035,0.005166036981133185,0.03007518796992481,0.8859251483985174,0.16099172798652445,0.6003125,0.0175,0.07223942208462332,0.17543859649122806,0.026305598214080725,1.2263731075853503,0.10570506438318676,0.433380587445052
grim_cartel_3021,2,0.351,grim_cartel,collusive,0.866374,0.6276054120238093,0.08943759252448782,0.025,0.02094871774631826,0.21213891388676726,0.845,0.07250964242967697,0.006911794186786902,0.05137844611528822,0.8791318955004994,0.1892715965099246,0.5930249999999999,0.0275,0.11290322580645161,0.15538847117794485,0.03327669237439488,1.222160007515759,0.10783728122577328,0.6141917417344172
grim_cartel_3022,0,0.424,grim_cartel,collusive,0.922895,0.6827833056118819,0.4663753366731385,0.16666666666666666,0.011828902910289908,0.23365734143782535,0.8975,0.06128662935500544,0.007466493993313968,0.05263157894736842,0.7920944445571855,0.14110054248891485,0.7184875,0.025,0.173444976076555,0.10275689223057644,7.58627731940984e-05,1.2759644029267205,0.016063942223850415,0.5996327542282328
grim_cartel_3022,1,0.489,grim_cartel,collusive,0.922895,0.6013035305335037,0.10184688301724748,0.05263157894736842,0.015052682510612937,0.2338280778347641,0.89,0.06146477382281823,0.006959168983177504,0.05012531328320802,0.8134648788863121,0.14251669494836916,0.7180124999999997,0.03,0.2690631808278867,0.11027568922305764,-5.896462729330816e-19,1.2750327202699794,0.11691403891738204,0.6023497375616618
grim_cartel_3022,2,0.232,grim_cartel,collusive,0.922895,0.20648306114078974,0.1145904923502512,0.03225806451612903,0.026259607005679704,0.23341872893937513,0.82,0.05817720607077202,0.005776967288913105,0.040100250626566414,0.8197527154407993,0.1536892814197407,0.6543875,0.0275,0.09102564102564104,0.17794486215538846,0.031608786210540384,1.1298908052317609,0.11670936446968756,0.21124449588814403
grim_cartel_3023,0,0.217,grim_cartel,collusive,0.821108,0.13410703024341158,0.13839467007669173,0.058823529411764705,0.05689012175868373,0.22219087424058734,0.65,0.08156068000673675,0.012251125897977248,0.06766917293233082,0.7985266019087667,0.22247948487464664,0.403825,0.0225,0.07151979565772669,0.3483709273182957,0.052065369231452614,1.2262233157295366,0.11109543712029367,0.12116989192439881
grim_cartel_3023,1,0.328,grim_cartel,collusive,0.821108,0.3983495678518384,0.26910728756886854,0.1323529411764706,0.04404599743238989,0.24211330512518797,0.71,0.08857621577260302,0.01619689934035861,0.09649122807017543,0.7793118770619796,0.27349667726988663,0.3953749999999999,0.0425,0.12236024844720497,0.2907268170426065,0.07449640157698079,1.2190997362228104,0.1396807529568384,0.3833791258723891
grim_cartel_3023,2,0.191,grim_cartel,collusive,0.821108,0.08132692739652053,0.055630358996731945,0.04,0.06806670411816512,0.24242935713319128,0.6375,0.08925626484050087,0.012105109600442728,0.06516290726817042,0.830959549296979,0.2498142267560517,0.3796624999999999,0.0325,0.06743986254295532,0.3634085213032581,0.04026675646970093,1.2175104117113495,0.12121467856659551,0.07944403662094575
grim_cartel_3024,0,0.293,grim_cartel,collusive,0.843682,0.7196802980402726,0.47655304399229026,0.2631578947368421,0.01870842280462715,0.2200990918191429,0.8625,0.07779859176580467,0.010940598131360902,0.06015037593984962,0.8087177418434892,0.2020190452691159,0.5941749999999999,0.0325,0.16876750700280113,0.13784461152882205,0.08021024117289659,1.22903053361185,0.2200990918191429,0.6527052372960358
grim_cartel_3024,1,0.306,grim_cartel,collusive,0.843682,0.5462095560713404,0.16873916677505815,0.09090909090909091,0.029669285356631967,0.25719504333922444,0.78,0.07788959789860021,0.010681928044163994,0.07518796992481203,0.8316018698120142,0.23776950375569297,0.5075375000000001,0.0425,0.19642857142857142,0.22055137844611528,0.04993163845047216,1.227058075768244,0.12859752166961227,0.5559958871514079
grim_cartel_3024,2,0.364,grim_cartel,collusive,0.843682,0.5446171997383061,0.2711630722733202,0.09615384615384616,0.027629921413964465,0.21957553441561167,0.8075,0.07593094621324947,0.011098011555676277,0.07142857142857142,0.8058854820732635,0.20728959908231226,0.5495250000000002,0.035,0.19817073170731708,0.19298245614035087,0.057474365311778706,1.2319610424080645,0.10978776720780589,0.5409300290143871
grim_cartel_3025,0,0.129,grim_cartel,collusive,0.784555,0.5918663621774738,0.36740792287713864,0.16666666666666666,0.02930472398934787,0.22434238460744774,0.83,0.07811688006960459,0.0049197891361282406,0.02631578947368421,0.9126064254502755,0.1672742865641978,0.57335,0.01,0.01020408163265306,0.16791979949874686,0.030352204976301745,1.2338050867662322,0.11217119230372381,0.5703947351915405
grim_cartel_3025,1,0.425,grim_cartel,collusive,0.784555,0.6068500500183396,0.1839611895589385,0.06557377049180328,0.021083523525659918,0.22266427485845464,0.84,0.07257915870069698,0.010533303729206342,0.08145363408521303,0.795208626790884,0.1853797102522688,0.6203999999999998,0.035,0.21875,0.16040100250626566,0.06045700085808449,1.243103661249166,0.11133213742922725,0.607940018152865
grim_cartel_3025,2,0.24,grim_cartel,collusive,0.784555,0.5868096842902928,0.29634439144317337,0.11764705882352941,0.020770506808309993,0.22229304945348483,0.83,0.06982866542334859,0.008008678160134947,0.047619047619047616,0.8267923477916295,0.17786077664358668,0.590025,0.0225,0.10081053698074974,0.17042606516290726,0.06044810993910549,1.2451796220639606,0.11114652472674234,0.5719631027397396
grim_cartel_3026,0,0.401,grim_cartel,collusive,0.709629,0.5648695219350458,0.15573816643920002,0.08196721311475409,0.03839289407093988,0.25432235562915595,0.7875,0.09974874851007029,0.016180138299136584,0.08270676691729323,0.8130577791835105,0.24668416270165539,0.4433374999999999,0.0375,0.19983370288248337,0.21303258145363407,0.08977011188150728,1.2182138795348765,0.23475909750383622,0.5619314051668255
grim_cartel_3026,1,0.31,grim_cartel,collusive,0.709629,0.46170618404274316,0.12814696755078395,0.05555555555555555,0.045289828719019105,0.2335028763171769,0.7725,0.0936980979677801,0.013996517440064698,0.07142857142857142,0.8217440585388983,0.22224688216564087,0.465825,0.0225,0.14545454545454545,0.22807017543859648,0.04935833157924064,1.224767743493603,0.2335028763171769,0.4469968236717665
grim_cartel_3026,2,0.11,grim_cartel,collusive,0.709629,0.3442609905314135,0.0,0.0,0.06679708533825392,0.23767680476176334,0.6825,0.10635514579209666,0.006701413668094831,0.03383458646616541,0.9350536244627088,0.24510656484108367,0.345325,0.0225,0.06065400843881856,0.3182957393483709,0.0320675054043649,1.203259153592691,0.23767680476176334,0.3561391633127892
grim_cartel_3027,0,0.314,grim_cartel,collusive,0.552942,0.6714725211015865,0.13172193428697396,0.10344827586206896,0.05027199016800832,0.287954120294081,0.8,0.14274301650177162,0.020327588274728362,0.08020050125313283,0.8644925671457164,0.27560176613289944,0.33248749999999994,0.03,0.2522711390635919,0.20050125313283207,0.05583725730061508,1.1746965270504268,0.287954120294081,0.6616310091637732
grim_cartel_3027,1,0.202,grim_cartel,collusive,0.552942,0.6326130342201606,0.09786981958362191,0.041666666666666664,0.05714858851681861,0.28693851974971685,0.735,0.13955398003725084,0.015581456795097403,0.06265664160401002,0.8917365977181282,0.3079685287445106,0.28458749999999994,0.0275,0.14010097367472052,0.2656641604010025,0.045090338817812645,1.1788542903001147,0.28693851974971685,0.6370443065422057
grim_cartel_3027,2,0.147,grim_cartel,collusive,0.552942,0.44656015722098813,0.0,0.0,0.07995094996022141,0.28511482898147306,0.6825,0.14002269049513483,0.01333870544942564,0.05263157894736842,0.9081491007796476,0.2721590308112141,0.27557499999999996,0.02,0.10230245944531659,0.3182957393483709,0.045359177337961624,1.1863946406003951,0.28511482898147306,0.45232965293512684
grim_cartel_3028,0,0.28,grim_cartel,collusive,0.811978,0.4329387507768714,0.2528253815304153,0.11627906976744186,0.04160225483137284,0.24117249177607442,0.7825,0.09218514692436378,0.01171107024601865,0.06015037593984962,0.8414862032549952,0.20301402962767126,0.49577499999999997,0.025,0.11469344608879492,0.21804511278195488,0.055218949230908115,1.2467462666276168,0.12058624588803721,0.3907667759158248
grim_cartel_3028,1,0.365,grim_cartel,collusive,0.811978,0.7238505775542666,0.305658357922213,0.125,0.02388532934476829,0.2729751925116374,0.8425,0.09804591960299552,0.014595164846069177,0.07894736842105263,0.8229032454822158,0.23972066311597368,0.5003124999999999,0.035,0.24526315789473685,0.15789473684210525,0.1008491683445772,1.2391822626430307,0.24264461556590008,0.7286000041811205
grim_cartel_3028,2,0.375,grim_cartel,collusive,0.811978,0.5855906372077563,0.1670381599405773,0.07936507936507936,0.03846444555839223,0.27529225449346295,0.7925,0.10314282703419536,0.015255683276023162,0.08521303258145363,0.8361164665356504,0.25134621937321305,0.43844999999999995,0.0375,0.21637426900584794,0.20802005012531327,0.09772615813939324,1.2287523937947193,0.24470422621641172,0.5837988943697068
grim_cartel_3029,0,0.328,grim_cartel,collusive,0.715475,0.7152729521395023,0.24416816483056086,0.10144927536231885,0.037302874214762305,0.2660531890503108,0.78,0.12602535983885338,0.02005956584109486,0.09523809523809523,0.8395845990159245,0.2947600636378327,0.34834999999999994,0.04,0.16020671834625322,0.22055137844611528,0.07372936253163094,1.2063857520513888,0.2660531890503108,0.6804622954591366
grim_cartel_3029,1,0.372,grim_cartel,collusive,0.715475,0.6923097568273112,0.274534379355316,0.11475409836065574,0.03660837827428308,0.28454942754300755,0.7975,0.12065980705179452,0.01728032960787495,0.08521303258145363,0.8523238713046546,0.27423614101523996,0.40485,0.0425,0.18665850673194614,0.20300751879699247,0.08517449419765609,1.2385292276533149,0.2626610100396992,0.6564636816305861
grim_cartel_3029,2,0.377,grim_cartel,collusive,0.715475,0.743353528415654,0.3463600799149218,0.14285714285714285,0.03216670783134661,0.26393196169310046,0.81,0.12253869372857522,0.018080552095935037,0.09022556390977443,0.8484608245714927,0.2801093997171391,0.3895999999999999,0.0375,0.2057960381511372,0.19047619047619047,0.08366915280477154,1.216081502593249,0.26393196169310046,0.7062584467314842
grim_cartel_3030,0,0.132,grim_cartel,collusive,0.879276,0.7592405811999352,0.13783017408421405,0.043478260869565216,0.011792214228237815,0.19122509559304568,0.855,0.059874375376030714,0.004233471205693993,0.03007518796992481,0.8912959407206593,0.17625070334210552,0.6331625000000001,0.02,0.06971153846153846,0.14536340852130325,0.023780556759647978,1.2063698015878765,0.09561254779652284,0.7549170653044486
grim_cartel_3030,1,0.157,grim_cartel,collusive,0.879276,0.22997339566552616,0.0,0.0,0.01458512730385999,0.18921246232034586,0.9075,0.03893826553680002,0.002924336301525813,0.018796992481203006,0.8323659067321858,0.08074959611289585,0.8135249999999999,0.0175,0.06166666666666666,0.09273182957393483,0.0,1.0931172202575425,0.001576770519336121,0.2924288676068464
grim_cartel_3030,2,0.224,grim_cartel,collusive,0.879276,0.4521953471532563,0.1443375672974065,0.0625,0.013044350692852428,0.1897360100778535,0.92,0.04542862876011461,0.0035664663548468705,0.021303258145363407,0.8481973767870347,0.09233248480061607,0.7951625000000001,0.0125,0.07142857142857142,0.08020050125313283,0.0,1.2158376290012,0.04743400251946338,0.6047361346969109
grim_cartel_3031,0,0.43,grim_cartel,collusive,0.74836,0.562642803915101,0.23297383246304748,0.10344827586206896,0.04148660681493724,0.28832390836635924,0.7775,0.1068975525692481,0.02220037890930056,0.12030075187969924,0.7683302167845885,0.25085069204041394,0.4406249999999999,0.0475,0.2284237726098191,0.22055137844611528,0.12814395927393743,1.2462332090386903,0.2562879185478748,0.5259023689287614
grim_cartel_3031,1,0.251,grim_cartel,collusive,0.74836,0.480309600099521,0.11068115927620402,0.08196721311475409,0.055369386565248896,0.3233248850525484,0.7275,0.11378467783094004,0.016206761155516208,0.08270676691729323,0.843835536188065,0.2614978517275045,0.3677749999999999,0.0325,0.12209699453551913,0.2731829573934837,0.08132864416321792,1.234804874042772,0.25865990804203864,0.4814729064726834
grim_cartel_3031,2,0.495,grim_cartel,collusive,0.74836,0.7413266039482419,0.3484125576153259,0.1511627906976744,0.02562371541664052,0.2554389075802171,0.8225,0.10417697366330189,0.02280704531966224,0.12406015037593984,0.7519831868828268,0.25465309504839195,0.46872499999999995,0.0375,0.3811802232854864,0.17794486215538846,0.15345397059856325,1.2503753566572982,0.2554389075802171,0.6964912697540995
grim_cartel_3032,0,0.452,grim_cartel,collusive,0.786411,0.6766696272102899,0.3258070857516826,0.14285714285714285,0.032184293421636145,0.3076439812362278,0.77,0.10893654217170494,0.019928355059836624,0.11027568922305764,0.7783624455956395,0.27294185369022805,0.45417500000000005,0.0425,0.2652129817444219,0.23057644110275688,0.1185286161128968,1.3015403178202245,0.28397905960267184,0.6384371633185135
grim_cartel_3032,1,0.411,grim_cartel,collusive,0.786411,0.5920139385623825,0.2401495459747442,0.1111111111111111,0.042465238935257714,0.2862825096758947,0.765,0.1160363990927,0.020927084040635577,0.10025062656641603,0.7867409798836349,0.2550422826990226,0.44383749999999994,0.04,0.2193419740777667,0.23308270676691728,0.13355939488294816,1.2910680289480205,0.2862825096758947,0.5647309370009151
grim_cartel_3032,2,0.226,grim_cartel,collusive,0.786411,0.47227000437347244,0.05094232089632392,0.02127659574468085,0.04850347270280645,0.30871243335935566,0.8025,0.1129855715104815,0.014462525796476463,0.06015037593984962,0.843435350623502,0.20841591909853838,0.514325,0.035,0.1389602053915276,0.19799498746867167,0.06313534602356645,1.2970356935626954,0.28496532310094363,0.5104439520536791
grim_cartel_3033,0,0.101,grim_cartel,collusive,0.943162,0.38502344594986304,0.0,0.0,0.03223766954330705,0.23506634041994728,0.8175,0.06572911918676626,0.004208133555673955,0.022556390977443608,0.8952738951797948,0.1617732018886219,0.6125250000000001,0.0175,0.12205882352941178,0.18295739348370926,0.022163397811023593,1.2151485163256988,0.11753317020997364,0.4101066308844609
grim_cartel_3033,1,0.331,grim_cartel,collusive,0.943162,0.5332918010263068,0.2678660681559643,0.14634146341463414,0.019870829553632546,0.2012235904165321,0.87,0.06331509724702317,0.009666129030033914,0.05889724310776942,0.7706672754319657,0.158627617721824,0.6640125000000001,0.0275,0.15207373271889402,0.13032581453634084,0.07064817313804474,1.2167297406040527,0.10061179520826605,0.4819128410546506
grim_cartel_3033,2,0.335,grim_cartel,collusive,0.943162,0.4682568545284319,0.12986745953041404,0.041666666666666664,0.02235051960706538,0.20090354702980115,0.8275,0.06113641853536888,0.008643719859678161,0.06265664160401002,0.7899396680213839,0.17193360490680187,0.6096375,0.0225,0.14130434782608697,0.17293233082706766,0.059433965996316174,1.2186680155259058,0.10045177351490057,0.46809688513579645
grim_cartel_3034,0,0.287,grim_cartel,collusive,0.943264,0.2973227236033864,0.3501400070593902,0.125,0.01058057802407138,0.2319030799796467,0.9325,0.03710889606978381,0.003705218383133453,0.022556390977443608,0.6833298877697227,0.06523680550450836,0.8573750000000001,0.0175,0.023809523809523808,0.06766917293233082,0.00011120671993908935,1.1226927174231394,0.0,0.19029247665677718
grim_cartel_3034,1,0.252,grim_cartel,collusive,0.943264,0.17381582202877705,0.14874874257728452,0.045454545454545456,0.014306080952092003,0.2323830408461645,0.92,0.04360170439158256,0.004368102271544445,0.02882205513784461,0.7502355196736901,0.07457900529368783,0.83455,0.02,0.027777777777777776,0.08020050125313283,0.0006635302562231857,1.1203739226973042,0.0,0.1737335603548734
grim_cartel_3034,2,0.189,grim_cartel,collusive,0.943264,0.3628215667649513,0.08583809572872018,0.037037037037037035,0.02359688653918766,0.234503220265219,0.845,0.0635447732409579,0.005583410006314738,0.03508771929824561,0.8509301358673922,0.14292500014541984,0.666925,0.0225,0.096875,0.15538847117794485,0.0002338795414879188,1.276404122415949,0.1172516101326095,0.396750648708151
grim_cartel_3035,0,0.183,grim_cartel,collusive,0.604266,0.5451479345429807,0.14600001275497423,0.05454545454545454,0.06896772368748684,0.31892588988433224,0.73,0.15221012104126547,0.017251839072690487,0.07268170426065163,0.8848318933129504,0.26916409420573467,0.31964999999999993,0.025,0.09628685839097197,0.2706766917293233,0.0683808114595747,1.2571937724277864,0.31892588988433224,0.5431012811794785
grim_cartel_3035,1,0.212,grim_cartel,collusive,0.604266,0.37782270485826813,0.12803977877026354,0.07272727272727272,0.08621801187816855,0.3383650277482841,0.5925,0.13982054098682603,0.017156352862502167,0.07393483709273183,0.8723213169731787,0.3273543982245757,0.26262499999999994,0.0375,0.07244318181818182,0.40601503759398494,0.07324568401454473,1.2841441193675156,0.3123369486907238,0.3780985682286893
grim_cartel_3035,2,0.347,grim_cartel,collusive,0.604266,0.6410898871188884,0.30407542270254817,0.13846153846153847,0.05758344125535622,0.3502150813191253,0.7725,0.15755241504860368,0.021538193742201856,0.09273182957393483,0.8666309469043973,0.28874278851602964,0.32954999999999995,0.045,0.163265306122449,0.22807017543859648,0.07467474068612932,1.2402786250043936,0.3232754596791928,0.6397275039451639
grim_cartel_3036,0,0.415,grim_cartel,collusive,0.673702,0.7740337870751606,0.13960215436640236,0.07246376811594203,0.028732015725122483,0.28227945273804556,0.8275,0.11886248133899491,0.01713081533802317,0.09273182957393483,0.8635845108673915,0.2929540202207841,0.3645249999999999,0.0475,0.2928571428571428,0.17042606516290726,0.05114832520726138,1.1683795489063138,0.24195381663261045,0.7718641157591538
grim_cartel_3036,1,0.282,grim_cartel,collusive,0.673702,0.726141849562035,0.1903833863870624,0.08928571428571429,0.03286680440660946,0.24122425252557403,0.8375,0.11731522941080504,0.015920397618646904,0.07644110275689223,0.8655956452956048,0.2540763150995955,0.3799125,0.025,0.23745173745173745,0.16290726817042606,0.048593074491700264,1.1713613280592272,0.24122425252557403,0.7045202506041846
grim_cartel_3036,2,0.109,grim_cartel,collusive,0.673702,0.12661223844940692,0.0680888446035673,0.027777777777777776,0.09263242643224523,0.23726555329497184,0.5525,0.10909792447794038,0.009316191315675586,0.046365914786967416,0.9114757601519332,0.2660748055086485,0.2737875,0.0225,0.03899421809869571,0.44611528822055135,0.014251991779985627,1.1909051140144533,0.23726555329497184,0.18196088487637116
grim_cartel_3037,0,0.438,grim_cartel,collusive,0.963123,0.7093370661027447,0.2319837115808173,0.11363636363636363,0.013627129010518073,0.23699354800900987,0.865,0.06554001408590192,0.008018578692034171,0.06140350877192982,0.804501747753586,0.17354890433814257,0.6577999999999999,0.03,0.20546984572230015,0.13533834586466165,0.0481980926010387,1.2767723781709392,0.11849677400450494,0.7051707263470237
grim_cartel_3037,1,0.119,grim_cartel,collusive,0.963123,-0.02225338045252616,0.0,0.0,0.011971259670838246,0.26278374887205913,0.9375,0.03714333816413452,0.0019758176606921737,0.012531328320802004,0.8391778773747465,0.05280550494192322,0.8800375,0.0125,0.0625,0.06265664160401002,0.00014973432984162892,1.1251696310239991,0.0,0.022425351029000788
grim_cartel_3037,2,0.211,grim_cartel,collusive,0.963123,0.46921456609414464,0.1564237367545208,0.04,0.011203064685902306,0.23431246401887162,0.88,0.04382976040936755,0.004000635742176851,0.03258145363408521,0.7952625570514595,0.11775042354391163,0.7468500000000001,0.02,0.04351851851851852,0.11779448621553884,0.0002276351658214424,1.1216790081115846,0.014644529001179461,0.4872200461438172
grim_cartel_3038,0,0.125,grim_cartel,collusive,0.816467,0.39612887823138593,0.09828441815705957,0.03333333333333333,0.0524736454247883,0.27437200222111535,0.7375,0.10282017418644443,0.007392228130017518,0.03884711779448621,0.90479772470866,0.23239537179893424,0.4575375,0.0225,0.08003048780487805,0.2631578947368421,0.03264763007198367,1.290964177611234,0.17148250138819718,0.4176230222155416
grim_cartel_3038,1,0.478,grim_cartel,collusive,0.816467,0.7424116179608401,0.26727933787414765,0.09615384615384616,0.018335647907550028,0.27163922826000053,0.8825,0.09463396912616198,0.01338906805959902,0.07142857142857142,0.8058050505479373,0.18469516938305913,0.6114999999999999,0.025,0.2963636363636364,0.11779448621553884,0.09002402628873094,1.3039516732388212,0.27163922826000053,0.7073014248742931
grim_cartel_3038,2,0.223,grim_cartel,collusive,0.816467,0.30027032631877765,0.0888321572612419,0.07142857142857142,0.03584531237009032,0.26883984277567735,0.8525,0.08053883935760507,0.00853459818335484,0.03759398496240601,0.8278158485268308,0.1397549509272608,0.6772,0.0175,0.08055555555555555,0.14536340852130325,0.061247786761394224,1.3175295095767539,0.13441992138783868,0.29773015721599155
grim_cartel_3039,0,0.188,grim_cartel,collusive,0.714548,0.49406217196511437,0.05529073355808643,0.02631578947368421,0.042841992217548266,0.20729996234297549,0.785,0.0927957359036381,0.009698243852302946,0.04887218045112782,0.8861273497377163,0.2112881268207612,0.42241249999999997,0.015,0.12932900432900432,0.21553884711779447,0.04725219729876646,1.1749645227873942,0.20729996234297549,0.5268629567970884
grim_cartel_3039,1,0.238,grim_cartel,collusive,0.714548,0.651289730854173,0.25530829506637165,0.14705882352941177,0.029870264309445994,0.20719258480540573,0.8475,0.09226668669018268,0.009520127121384557,0.04887218045112782,0.8879951953187701,0.22339988052393317,0.4669749999999999,0.0175,0.167964404894327,0.15037593984962405,0.049555802209950935,1.1755734480407145,0.20719258480540573,0.650946011354561
grim_cartel_3039,2,0.42,grim_cartel,collusive,0.714548,0.7619617638239561,0.32686172097348365,0.18181818181818182,0.023041824323455595,0.20947113021323266,0.8675,0.09796881730550107,0.011899780162489406,0.06516290726817042,0.8774507573540826,0.23892873913603294,0.4320125,0.0225,0.23043478260869565,0.13283208020050125,0.04929683234184873,1.1627860177209863,0.20947113021323266,0.7235161955047498
q_myopic_0,0,0.224,q_myopic,competitive,0.198279,-0.015373093564863587,0.014707219580080814,0.042105263157894736,0.031975185868248476,0.32915632511432247,0.485,0.03944799855466563,0.007660279675055842,0.12406015037593984,0.7541335324567322,0.29865412482134224,0.2152375,0.0325,0.09990421455938697,0.5162907268170426,0.01253928857578369,1.0341616567844603,0.04702233215918894,0.06174953889929893
q_myopic_0,1,0.271,q_myopic,competitive,0.198279,0.10049288526979645,0.017258072686890433,0.05185185185185185,0.0458450892117483,0.3771318392740219,0.43,0.057462576503760326,0.013705292404695035,0.17794486215538846,0.7382128034973543,0.39655675419622327,0.15651250000000003,0.0675,0.18579404466501243,0.5714285714285714,0.019302023269930225,1.0842747273071154,0.0707122198638792,0.11375117952703333
q_myopic_0,2,0.317,q_myopic,competitive,0.198279,-0.13513703579301337,0.0901457190812428,0.11464968152866242,0.04381833762617288,0.32981544449807526,0.405,0.04967343595974914,0.014583676117261838,0.21929824561403508,0.6867604926377495,0.36273586275246505,0.17161250000000006,0.055,0.1712077641984184,0.5939849624060151,0.030651051293599903,1.0578150181837205,0.047116492071153634,0.18876652330001872
q_myopic_1,0,0.495,q_myopic,competitive,0.130927,0.08906375679513183,0.12251394064849949,0.26666666666666666,0.07160680993218704,0.4366268898304086,0.3525,0.08048690841306577,0.045304143456087534,0.42857142857142855,0.504441869013651,0.5501336050795218,0.0686875,0.1125,0.30114942528735633,0.6491228070175439,0.05657369916619811,1.0922841414169888,0.15281941144064304,0.0758553022105671
q_myopic_1,1,0.308,q_myopic,competitive,0.130927,-0.017788449975654645,0.1343794169838421,0.1348314606741573,0.08526323523588794,0.4372473601840406,0.2825,0.08318527919806018,0.02602662858238338,0.2531328320802005,0.7420269728668227,0.5247737412224011,0.0705375,0.0925,0.19216463563842803,0.7167919799498746,0.044906485640523124,1.0907341493776854,0.1530365760644144,0.10025646750643001
q_myopic_1,2,0.446,q_myopic,competitive,0.130927,0.1732198627283494,0.2135185466871389,0.23236514522821577,0.06884426711659417,0.3921508886388274,0.3625,0.08034746849079888,0.03800292655146533,0.3721804511278195,0.6020422570692826,0.5518143293500171,0.06892499999999999,0.1125,0.24566992453297043,0.6390977443609023,0.058184989574460194,1.094549514397509,0.13071696287960918,0.10147377228064566
q_myopic_10,0,0.179,q_myopic,competitive,-0.114191,0.6021624984214257,-0.019297493289780303,0.045454545454545456,0.021861629929780902,0.4244976685394349,0.8575,0.05659325869399136,0.004255615724706115,0.02882205513784461,0.8723359612045555,0.14309507809398675,0.7297625000000002,0.0275,0.18333333333333335,0.14285714285714285,0.006235203143235022,1.016505028561626,0.06367465028091526,0.6282905735886202
q_myopic_10,1,0.344,q_myopic,competitive,-0.114191,0.35668321249197105,0.07325303270724329,0.10869565217391304,0.014611148027391276,0.42660286211361387,0.85,0.03828406716099304,0.007163506707170961,0.06390977443609022,0.6281352993741354,0.15203839908559044,0.7083999999999999,0.0475,0.3502906976744186,0.14786967418546365,0.006303534828245934,1.0114887943909356,0.04266028621136136,0.3903229924446
q_myopic_10,2,0.359,q_myopic,competitive,-0.114191,0.2741499773718952,0.06954526998330755,0.06451612903225806,0.01704502690922582,0.42612567273064555,0.87,0.047546578834451625,0.005767114367783172,0.041353383458646614,0.7059289116198891,0.1265040011320586,0.7594375000000002,0.0375,0.31481481481481477,0.12781954887218044,0.0077755690282747085,1.0126214924294785,0.04261256727306452,0.2677206621191694
q_myopic_11,0,0.344,q_myopic,competitive,0.207669,0.056305118825495194,0.03116202112622382,0.17435897435897435,0.051716258535637126,0.2958737079512014,0.1775,0.051584463470723166,0.018631145143543713,0.28696741854636587,0.6546780461215556,0.5669943354524093,0.050425,0.1,0.21935361935361936,0.8220551378446115,0.026162906582722033,1.0598067447715585,0.0862964981524336,0.06717593995105418
q_myopic_11,1,0.242,q_myopic,competitive,0.207669,0.14176209951215635,0.13378288746589956,0.10975609756097561,0.04829714619558388,0.2714015878168185,0.19,0.045796978912777675,0.01422245732464532,0.22807017543859648,0.7250156831324654,0.5501618405046977,0.0609875,0.0925,0.1744308943089431,0.8095238095238095,0.0203625506740987,1.0590881492581918,0.08635505066898805,0.1426613726244352
q_myopic_11,2,0.373,q_myopic,competitive,0.207669,0.08873858395381563,0.020196111959172505,0.15135135135135136,0.043494029390555446,0.32171970530709565,0.2425,0.04499199886841168,0.01730476147689989,0.26691729323308266,0.5988900088061401,0.5210622474226961,0.06586249999999999,0.085,0.2049561403508772,0.7568922305764411,0.028739229258202166,1.0558871328804678,0.08661684373652584,0.15672983358466128
q_myopic_12,0,0.183,q_myopic,competitive,0.187149,0.08728208349115162,0.1330037968229507,0.07476635514018691,0.07906085973658236,0.3564740857688094,0.1975,0.07460205162326027,0.015379565819957584,0.14411027568922305,0.7872877886684149,0.5022701243965336,0.0629,0.0575,0.09899749373433583,0.8020050125313283,0.027937949182277724,1.093177533851437,0.12731217348886048,0.0832512450486557
q_myopic_12,1,0.327,q_myopic,competitive,0.187149,0.10679637748340431,0.16097670310977463,0.15508021390374332,0.067293649658919,0.4078403009631454,0.315,0.07096271616224692,0.024851171220968603,0.2706766917293233,0.7058366960006048,0.5116646549162503,0.062224999999999996,0.075,0.2195488721804511,0.6842105263157895,0.057558106990766494,1.0919945479847641,0.1274500940509829,0.12850245213447306
q_myopic_12,2,0.398,q_myopic,competitive,0.187149,0.025986665842045432,0.12943572602758405,0.20253164556962025,0.07596350696778592,0.35747532690722783,0.3025,0.07729342506814901,0.03641307930723462,0.3571428571428571,0.5530615687718995,0.5284634501529566,0.056862499999999996,0.085,0.2926777912301942,0.6967418546365914,0.05911664955841579,1.0901156880788727,0.12766975960972418,0.1273475633787437
q_myopic_13,0,0.174,q_myopic,competitive,0.246289,-0.10004144451620202,0.1423814504749382,0.11,0.04573274887868389,0.2675407612646954,0.2675,0.045604366325127974,0.008255878754565323,0.13909774436090225,0.8148350540488729,0.46186587158633347,0.08427500000000002,0.06,0.10257132132132132,0.731829573934837,0.01688054803217722,1.0457713151713925,0.06855732007407858,0.20588102944628123
q_myopic_13,1,0.197,q_myopic,competitive,0.246289,0.018485731494368197,-0.01705115603753035,0.08849557522123894,0.043905813979462284,0.29822817042653627,0.3325,0.04868101410583221,0.00979975608753308,0.15413533834586465,0.7865831769634357,0.4636777029466713,0.09182499999999999,0.0675,0.12585034013605442,0.6666666666666666,0.020136773900595182,1.0554326911531289,0.06627292676145254,0.05474480488331295
q_myopic_13,2,0.225,q_myopic,competitive,0.246289,-0.08329654654963851,-0.008674419245919619,0.09740259740259741,0.04639341822719178,0.30201863583705313,0.25,0.042070333438834734,0.01223717948044869,0.21177944862155387,0.7115463947188645,0.4764711669530276,0.0822,0.08,0.17335154303239408,0.7493734335839599,0.018225262507408385,1.0421865512324682,0.05033643930617555,0.11501584049063217
q_myopic_14,0,0.178,q_myopic,competitive,0.294752,0.049679867183270617,0.06856325979210716,0.0703125,0.04070381531621828,0.25145214094961094,0.17,0.04199345611423308,0.008770364982996041,0.17167919799498746,0.8109620349766233,0.6135316556799167,0.04550000000000001,0.0975,0.1355565848386599,0.8295739348370927,0.015649447590745852,1.053970877256024,0.06286303523740282,0.1328594909515708
q_myopic_14,1,0.296,q_myopic,competitive,0.294752,0.05910654303679788,0.06743381710787527,0.14814814814814814,0.038118341756973456,0.22944008718287698,0.15,0.03598301249570368,0.013461112428706056,0.27192982456140347,0.6414234443387848,0.5788400370775566,0.0569625,0.1175,0.16882726951607208,0.849624060150376,0.016975016121363748,1.0472650708922393,0.06257456923169383,0.05784609675812486
q_myopic_14,2,0.374,q_myopic,competitive,0.294752,0.06847055060139018,0.024781057448097353,0.2565217391304348,0.03619673492701843,0.27239221652749024,0.27,0.037702363102347466,0.017881154757588294,0.3621553884711779,0.5358286107355104,0.6114563625998801,0.0417625,0.12,0.24268755935422603,0.731829573934837,0.020799179429418134,1.0540260904296872,0.06285974227557475,0.12104381750770729
q_myopic_15,0,0.115,q_myopic,competitive,0.409092,0.2891840086763032,0.024343902701752036,0.029411764705882353,0.03558507469395674,0.12377417284854514,0.315,0.03594890975607598,0.0053252881384294685,0.08771929824561403,0.8519876205730454,0.3743171530843924,0.129025,0.0275,0.08402996417327108,0.6842105263157895,0.017878491633678707,1.0700286612165646,0.08251611523236344,0.30414673867528885
q_myopic_15,1,0.107,q_myopic,competitive,0.409092,0.3023555917006458,0.0,0.0,0.04181766380780275,0.08301273212467064,0.23,0.03608386649032005,0.004265065184350238,0.06265664160401002,0.9001028040396204,0.3290202246954813,0.16620000000000001,0.02,0.05866877137595369,0.7694235588972431,0.006007500351127461,1.040656218807553,0.0830127321246705,0.32911937437057864
q_myopic_15,2,0.486,q_myopic,competitive,0.409092,0.08122515258767742,0.3036527718449567,0.23109243697478993,0.04236552564057221,0.24859966146057016,0.2675,0.03788813092237617,0.023208865637609648,0.3671679197994987,0.37900945067014064,0.3727209489935925,0.11939999999999998,0.0375,0.23047149894440533,0.731829573934837,0.034426178609123066,1.042491957770975,0.08286655382019015,0.14246453218667118
q_myopic_16,0,0.253,q_myopic,competitive,0.468834,0.10446482761692412,0.15223917657501276,0.1357142857142857,0.0510910759281678,0.20148593323784486,0.165,0.046221296143507354,0.013634386459703784,0.19924812030075187,0.7146167529649794,0.5447098571969271,0.06424999999999999,0.095,0.14043399638336346,0.8345864661654135,0.03568591966238795,1.0804711534050735,0.08635111424479075,0.07235582366200045
q_myopic_16,1,0.13,q_myopic,competitive,0.468834,0.0969811629081061,0.03299001257943445,0.04938271604938271,0.044409993782003936,0.14418829150001278,0.1825,0.03907479917521797,0.006287910456391535,0.10651629072681704,0.8470639276373416,0.5170163661989845,0.06773749999999999,0.0675,0.07672219364539232,0.8170426065162907,0.014032610512054807,1.0619365621125376,0.08651297490000778,0.18421699834113212
q_myopic_16,2,0.174,q_myopic,competitive,0.468834,0.07527218843799068,-0.011416997941851888,0.08333333333333333,0.06369631999518426,0.17254082165738396,0.1175,0.051278765500113635,0.009873889961178614,0.14661654135338345,0.8120575628262385,0.5547310811083692,0.0638375,0.0925,0.08045977011494253,0.8822055137844611,0.020129762526694815,1.0814819021918038,0.0862704108286921,0.1852377191232267
q_myopic_17,0,0.197,q_myopic,competitive,0.241845,-0.04497571990190338,0.009779647109330958,0.05319148936170213,0.045425756531838564,0.3157556536178353,0.4025,0.05149789433440591,0.009280583120688251,0.12406015037593984,0.7912524115554129,0.3932240974019554,0.16525,0.055,0.10307807807807808,0.5964912280701754,0.019136706279868788,1.0427663002771428,0.07176264854950792,0.05162608057486455
q_myopic_17,1,0.321,q_myopic,competitive,0.241845,-0.0715842884567849,0.13209968655742257,0.14201183431952663,0.04143219242454588,0.20246097519847903,0.375,0.04063945654783652,0.01522262971417135,0.24185463659147868,0.6488299864427628,0.41454613668714146,0.14298750000000002,0.075,0.18791602662570406,0.6265664160401002,0.028752861183649538,1.0506331009884207,0.05784599291385111,0.1673660614830484
q_myopic_17,2,0.161,q_myopic,competitive,0.241845,0.08701205854376078,0.07414429353061922,0.0975609756097561,0.0318720455198261,0.31944646990258535,0.495,0.03940686996278295,0.007423909758501635,0.11278195488721804,0.752496114638918,0.3760478716617789,0.1813125,0.06,0.11803874092009685,0.506265664160401,0.014263297730968199,1.0463788569443824,0.05808117634592452,0.09074775091673673
q_myopic_18,0,0.12,q_myopic,competitive,0.366421,-0.04045770284396297,0.012667753258357218,0.01694915254237288,0.08003270577047693,0.258587094573431,0.395,0.07100187837053223,0.010499024892455099,0.07518796992481203,0.8431886719309465,0.3161575487002657,0.1911375,0.03,0.08354420673261254,0.606516290726817,0.02143841724241265,1.0665348561161805,0.12929354728671563,0.04920013529149148
q_myopic_18,1,0.327,q_myopic,competitive,0.366421,0.021803539448448112,0.12079442154614144,0.10559006211180125,0.08396876481558593,0.3578577495945821,0.43,0.08336268508065423,0.030942587370960128,0.22305764411027568,0.663621966133453,0.3710798726159405,0.16710000000000003,0.065,0.18784313725490198,0.568922305764411,0.05231698742404107,1.0789455028528772,0.15336760696910673,0.06018975643963048
q_myopic_18,2,0.435,q_myopic,competitive,0.366421,0.010917761035517393,0.2955226982670605,0.20179372197309417,0.0817171977688732,0.4060481876714191,0.44,0.08124314112116796,0.04789384168492779,0.3358395989974937,0.44237410626516405,0.368606067431532,0.1790875,0.0625,0.23406903418519748,0.5588972431077694,0.07846764546236486,1.086736631082026,0.15226807037678236,0.17701156370644786
q_myopic_19,0,0.423,q_myopic,competitive,0.169206,0.09298113409342788,0.2715256216899961,0.228,0.052934970889014124,0.2875923715532172,0.2875,0.05214579687936483,0.030047636564222456,0.38471177944862156,0.4451058120679696,0.4888310311909586,0.06361249999999999,0.05,0.25906302286670385,0.7117794486215538,0.04677707248154741,1.0636150569563878,0.08987261611038033,0.13417517359973138
q_myopic_19,1,0.303,q_myopic,competitive,0.169206,0.12464825813199785,0.1604943408963985,0.13450292397660818,0.053780074604002095,0.14389317619799893,0.2825,0.052850432255770435,0.019203788552740454,0.24310776942355888,0.6573069977956383,0.4680180028999408,0.0704625,0.0475,0.1943181818181818,0.7167919799498746,0.033123924223796744,1.062898132948615,0.10791988214849912,0.07026484004569976
q_myopic_19,2,0.445,q_myopic,competitive,0.169206,0.04621331458298744,0.2451274130006764,0.22761194029850745,0.05397476727965571,0.17931816371978607,0.3125,0.05258119437203916,0.029976244411302633,0.4122807017543859,0.5040282864614897,0.48407438260254715,0.06763749999999999,0.0625,0.25410680401192737,0.6867167919799498,0.05331726734601645,1.066148188450519,0.08965908185989303,0.16273380035065102
q_myopic_2,0,0.484,q_myopic,competitive,0.318879,0.09294365185013416,0.2586326316754204,0.27526132404181186,0.05575517266879992,0.19836656095634028,0.19,0.05161788246500769,0.03327416176442728,0.45864661654135336,0.38504199394106975,0.6220173349041895,0.040499999999999994,0.115,0.30845886932972244,0.8095238095238095,0.04894759296325283,1.0762059006273863,0.08501424040986008,0.19729053627603
q_myopic_2,1,0.284,q_myopic,competitive,0.318879,0.0455625623587935,0.1359174234050172,0.17045454545454544,0.061616038129999495,0.2276805104110836,0.125,0.05448128974787825,0.018474076502653713,0.2581453634085213,0.697698653230286,0.6219998605251436,0.03420000000000001,0.12,0.19415584415584416,0.87468671679198,0.04150425971035381,1.0881866832807843,0.09961022330484903,0.06101597510257602
q_myopic_2,2,0.206,q_myopic,competitive,0.318879,-0.11802285585755254,0.056198988030059065,0.07482993197278912,0.0681603259764949,0.19838764317482926,0.0775,0.051275249850217794,0.013815394413714389,0.19799498746867167,0.7547585819018234,0.5905874887854308,0.0497625,0.105,0.1170177688221286,0.9223057644110275,0.030587641848383987,1.0760915345934283,0.09919382158741456,0.17229668086796213
q_myopic_20,0,0.146,q_myopic,competitive,0.024334,-0.048206938031932385,0.06091449038731726,0.03225806451612903,0.025467158527704346,0.09938403327884623,0.27,0.019654342577251974,0.0031758055746999732,0.08020050125313283,0.8472775478570626,0.24021353327696715,0.24723750000000003,0.015,0.058272290982571355,0.731829573934837,0.009120686598375177,1.0209916619635075,0.03726901247956741,0.08213708967553297
q_myopic_20,1,0.497,q_myopic,competitive,0.024334,0.1412696713836127,0.19394624400579463,0.20869565217391303,0.027844825137002316,0.14916870609108385,0.2525,0.02511106769178228,0.014362316939847462,0.3483709273182957,0.4679088473828673,0.28135216062069446,0.23324999999999999,0.0375,0.2332724505327245,0.7468671679197995,0.01970997918320635,1.02035747278032,0.03729217652277103,0.17942173849231294
q_myopic_20,2,0.283,q_myopic,competitive,0.024334,-0.047107668338508005,0.13689791130662657,0.10084033613445378,0.030786171309418155,0.14956844360850927,0.1675,0.023724634460070504,0.006653734020178043,0.16416040100250626,0.731300489442394,0.2646695976962714,0.24047500000000002,0.0275,0.0985063339005483,0.8320802005012531,0.011100782924069096,1.0176304592926135,0.037392110902127386,0.16974869347599697
q_myopic_21,0,0.261,q_myopic,competitive,0.12361,0.14044479848522562,0.2573925522389526,0.13125,0.04823872164756771,0.3589858355167828,0.275,0.05067278061614258,0.016082385488377187,0.22681704260651628,0.6631853990456481,0.4385537146839308,0.09677499999999999,0.055,0.14155781325592648,0.7243107769423559,0.02649142460891929,1.0635962240244952,0.06730984415939681,0.11418096357113633
q_myopic_21,1,0.481,q_myopic,competitive,0.12361,0.08674017204323224,0.1046181101253319,0.22568093385214008,0.051981438939437304,0.3130065140439234,0.355,0.06112204074822859,0.028521359765191035,0.39473684210526316,0.605758250664324,0.4832623252168357,0.07833749999999999,0.0775,0.29430032882718304,0.6441102756892231,0.0366284218562039,1.0673547250690947,0.11178804072997284,0.04827254649379943
q_myopic_21,2,0.217,q_myopic,competitive,0.12361,0.4503950938320769,0.1982360699315463,0.13178294573643412,0.047502226282822864,0.35682423498834037,0.31,0.06126177174171309,0.014588208855256402,0.18295739348370926,0.7812723130329975,0.4765181222585678,0.0916,0.0625,0.15130893084675084,0.6892230576441103,0.02257348437807342,1.07003936867238,0.08920605874708498,0.4426912471087114
q_myopic_22,0,0.285,q_myopic,competitive,0.270768,-0.0035649498098217916,0.05760231304869955,0.09933774834437085,0.03764901922408336,0.2409537230341333,0.285,0.039067964564096766,0.01079460601312064,0.20802005012531327,0.7136253968231856,0.43661280780694595,0.10543749999999999,0.065,0.13409136445602082,0.7142857142857143,0.01967788738112089,1.0450090388077788,0.0752980384481665,0.10294369803043324
q_myopic_22,1,0.482,q_myopic,competitive,0.270768,0.0249999678791755,-0.007901744265512446,0.23318385650224216,0.03527361150897823,0.2707569326915175,0.3525,0.04140602736664697,0.017341713873307997,0.34461152882205515,0.5796584526603303,0.4383753693652321,0.1228875,0.0825,0.24124286455630511,0.6466165413533834,0.0298722437476557,1.0462286893349126,0.046630360630206036,0.06263662009202295
q_myopic_22,2,0.357,q_myopic,competitive,0.270768,0.05797631036984932,0.11189943921009328,0.125,0.03508093221059847,0.3024218294017109,0.275,0.036722415734459495,0.01292303807343151,0.2593984962406015,0.6386768371757705,0.43897159293005816,0.11531249999999998,0.07,0.1881019261637239,0.7268170426065163,0.020619670186480282,1.040759933745506,0.04536327441025656,0.050323388723245606
q_myopic_23,0,0.404,q_myopic,competitive,0.323885,0.27037422144601636,0.18954497201474388,0.21544715447154472,0.04592785214908841,0.2764467160820643,0.3125,0.05224635170808496,0.026170793012553602,0.37468671679197996,0.5715608225943287,0.5753479121397,0.06261249999999999,0.09,0.24053030303030304,0.6867167919799498,0.02569754486102728,1.077333013882547,0.12565759821912018,0.2799185590364954
q_myopic_23,1,0.195,q_myopic,competitive,0.323885,-0.003489782889362349,0.06480126689638664,0.05454545454545454,0.04483361878152787,0.2247925175675494,0.3375,0.04395895682420209,0.009358530040754279,0.14536340852130325,0.7823988937303319,0.5362818146259468,0.08136249999999999,0.0675,0.1064546087764105,0.6616541353383458,0.019700126735184318,1.0419655002710493,0.06244236599098591,0.024101281496413593
q_myopic_23,2,0.448,q_myopic,competitive,0.323885,0.22694171120816922,0.2535162737926907,0.23754789272030652,0.044679034302152004,0.2005230151008226,0.3025,0.04784829954670823,0.02641601749683454,0.40476190476190477,0.5130343407797279,0.5737567203329169,0.06143749999999999,0.09,0.30446601941747575,0.6967418546365914,0.029088215153514382,1.0801758905416867,0.08772881910660987,0.20426854423779425
q_myopic_24,0,0.352,q_myopic,competitive,0.081099,0.0076509509169766735,0.11208610675886438,0.1069182389937107,0.04419612784479715,0.3221585628777927,0.48,0.04633637714272701,0.01836868998864606,0.22055137844611528,0.609095626159257,0.2721860774191401,0.2237125,0.025,0.18804347826086956,0.518796992481203,0.03342786058986801,1.0437661048222342,0.08053964071944811,0.1288260193052312
q_myopic_24,1,0.397,q_myopic,competitive,0.081099,0.0642126727091543,0.19288032706202762,0.1564245810055866,0.041555847392247484,0.28105404033404136,0.495,0.044719898320780535,0.021433766770909676,0.2593984962406015,0.5058413889112248,0.2900684351639625,0.21958750000000005,0.0325,0.18880706921944035,0.506265664160401,0.0427794840304365,1.0468659849957176,0.08030115438115455,0.07494755379398133
q_myopic_24,2,0.426,q_myopic,competitive,0.081099,-0.0030432886118506326,0.23218735023181833,0.1746031746031746,0.049483102918457304,0.3211884976451592,0.4775,0.05470509621428924,0.02344515036068986,0.2781954887218045,0.6257934783213926,0.3056290819073348,0.20396250000000005,0.0375,0.22815442561205274,0.5213032581453634,0.044631168665498405,1.0469185253376412,0.08029712441128972,0.16980196993171592
q_myopic_25,0,0.212,q_myopic,competitive,0.211523,0.034933630916924245,0.009572117593344573,0.02857142857142857,0.026541587295995855,0.21172776190537987,0.4025,0.028332251557752177,0.006216139089237794,0.13533834586466165,0.6364284871377202,0.3631909462325361,0.162075,0.04,0.1501556247220987,0.5964912280701754,0.010888856326562397,1.0289837495748562,0.045370234694009984,0.06018047753397544
q_myopic_25,1,0.157,q_myopic,competitive,0.211523,0.08965389575651415,0.03543318442591079,0.06896551724137931,0.028009450615280544,0.18119321152742113,0.3625,0.029667491722488788,0.005335890314404012,0.11654135338345864,0.7783669323428283,0.38121955372283256,0.13921250000000002,0.0425,0.07399662484408248,0.6365914786967418,0.010621671020572952,1.0306177327723651,0.04529830288185532,0.08912442544885855
q_myopic_25,2,0.498,q_myopic,competitive,0.211523,0.039913133869341824,0.11971163232453158,0.23949579831932774,0.0299636138607828,0.24213021301642657,0.3375,0.03311277599735368,0.016005474607288853,0.36967418546365916,0.5070684063725833,0.3868089877200241,0.140825,0.0625,0.2529019584499077,0.6616541353383458,0.018679967605759483,1.0283223754234836,0.04539941494058,0.09343005458328377
q_myopic_26,0,0.109,q_myopic,competitive,0.034975,0.3739551630452115,-9.142211240602552e-21,0.0,0.013479936040060352,0.15553772353915798,0.81,0.030019160346684122,0.0022089735172645653,0.03007518796992481,0.8853170885748289,0.191591416664508,0.6295499999999999,0.0375,0.13450502152080346,0.18796992481203006,0.003527490565497782,1.0109412485719151,0.038884430884789496,0.4257367259984677
q_myopic_26,1,0.381,q_myopic,competitive,0.034975,0.46386419562018594,0.14677110621595832,0.14285714285714285,0.013693904805222253,0.33588823107148946,0.8375,0.041193620055899785,0.006087043323832654,0.07017543859649122,0.7511357983739968,0.22415150587213678,0.6469750000000002,0.065,0.3269230769230769,0.16290726817042606,0.007539350005851191,1.0142825879561528,0.05167511247253676,0.4527461894256847
q_myopic_26,2,0.334,q_myopic,competitive,0.034975,0.3498455805936765,0.018867924528301657,0.125,0.010190940395649762,0.2596417935197395,0.865,0.030310149282193354,0.004685265446972735,0.05639097744360902,0.7078778686524012,0.17352446518196263,0.7000624999999999,0.0475,0.3333333333333333,0.13533834586466165,0.0051141565390251656,1.0093360953383106,0.03894626902796089,0.5881507884747468
q_myopic_27,0,0.282,q_myopic,competitive,0.534711,0.007632730536566657,0.013157894736842125,0.041666666666666664,0.009663374640741006,0.14449906004846363,0.8625,0.02068964759562903,0.002444532970744686,0.03132832080200501,0.7091002596232504,0.1234854422042382,0.7377375,0.03,0.12771739130434784,0.13784461152882205,0.0017774152997982566,1.0552260502537403,0.0,0.007690882866387127
q_myopic_27,1,0.497,q_myopic,competitive,0.534711,0.12030553158424234,0.04082482904638632,0.05555555555555555,0.008389915353698232,0.18042828717630607,0.895,0.021277701920499256,0.0034367292795486875,0.047619047619047616,0.6347718880637709,0.11245060719939118,0.7978,0.0375,0.2638888888888889,0.10526315789473684,0.0020100764088607057,1.0563696440467427,0.0,0.1277038001544902
q_myopic_27,2,0.351,q_myopic,competitive,0.534711,-0.0294902402973078,-0.029692784342433637,0.05714285714285714,0.010560771185382626,0.1805260031689338,0.8775,0.023731380207378243,0.0036195689858432847,0.046365914786967416,0.6868763940133413,0.1410962422550996,0.7374625,0.04,0.1978114478114478,0.12280701754385964,0.0020005520140092925,1.0557978471502412,0.0018052600316892438,0.09144388325781129
q_myopic_28,0,0.438,q_myopic,competitive,0.157439,0.10729808349589733,0.10969216715821306,0.16304347826086957,0.030443357961822657,0.2597833212742201,0.4175,0.04118876450661198,0.012696177355506991,0.2681704260651629,0.6809375985116167,0.335094105117848,0.22541250000000002,0.0675,0.257532281205165,0.581453634085213,0.015879612358108197,1.025602687590847,0.06494583031855487,0.07477548889755439
q_myopic_28,1,0.197,q_myopic,competitive,0.157439,0.03498167888416967,-0.01845289977477219,0.0784313725490196,0.03413894252069599,0.25948839920719013,0.3525,0.041685588032742416,0.00699122880069498,0.13784461152882205,0.7737151143004768,0.3422982055816669,0.1930375,0.045,0.10991704374057315,0.6466165413533834,0.01601010155364874,1.0267683384079913,0.06487209980179764,0.05040528572458571
q_myopic_28,2,0.277,q_myopic,competitive,0.157439,0.26984659492511226,0.15741574997291446,0.102803738317757,0.02650738849847916,0.2601952245249489,0.39,0.03586423101045626,0.008803597822272703,0.14786967418546365,0.6482981264511157,0.27586524313788363,0.29245000000000004,0.0425,0.16137566137566137,0.6090225563909775,0.011361264084565371,1.0239791025241105,0.032524403065618615,0.2651577624262028
q_myopic_29,0,0.183,q_myopic,competitive,0.300372,-0.11610280665690081,-0.024030430800720703,0.09278350515463918,0.06664547219148703,0.2610704024911356,0.2475,0.05409689806641228,0.011232352321047174,0.13283208020050125,0.797827483667212,0.49001784240738533,0.10906249999999999,0.0775,0.10430622009569378,0.7518796992481203,0.014745643103665967,1.0855317587841653,0.08702346749704507,0.14278423511817764
q_myopic_29,1,0.126,q_myopic,competitive,0.300372,0.2126093247749085,0.025515504276253924,0.07142857142857142,0.07658605282264366,0.28550252683184973,0.205,0.07458068560489785,0.00704812002329253,0.07518796992481203,0.908989539273096,0.5227573472952023,0.0946,0.065,0.042425714517043155,0.7944862155388471,0.014761778375964941,1.0692595621101422,0.1427512634159248,0.23852224451416548
q_myopic_29,2,0.204,q_myopic,competitive,0.300372,0.08775149247362264,0.09916690361464384,0.08411214953271028,0.055692285883345335,0.2597049600777761,0.3625,0.05783983074622885,0.01323475569318659,0.14536340852130325,0.7533040557264647,0.494780463446281,0.11448749999999999,0.08,0.11865203761755486,0.6390977443609023,0.02446496000732673,1.074324469538834,0.11542442670123383,0.1488113075957316
q_myopic_3,0,0.396,q_myopic,competitive,0.238413,0.07901542542034369,0.07001486438242256,0.1069182389937107,0.03498195907221013,0.25981295862649423,0.2475,0.03192627575587691,0.01386041204273098,0.22055137844611528,0.4519986954792935,0.29222888941719416,0.22342500000000004,0.0325,0.2284830003186018,0.7518796992481203,0.016613889871354048,1.046056855549784,0.055674205419963006,0.13603894722328014
q_myopic_3,1,0.208,q_myopic,competitive,0.238413,0.09875639551636152,0.015314425350745385,0.034482758620689655,0.039427575782994155,0.2585414805442239,0.155,0.037410250278848645,0.007312845314355057,0.11278195488721804,0.7537004139304124,0.29833451320882376,0.2512375,0.0425,0.10054059783760866,0.8446115288220551,0.017178835916559727,1.051201246159138,0.05540174583090507,0.1467903983790644
q_myopic_3,2,0.447,q_myopic,competitive,0.238413,0.08653374422151339,0.11873043543910473,0.13513513513513514,0.03803448296449034,0.18508264216297016,0.2125,0.03762057688743806,0.01540036020002657,0.2631578947368421,0.6301830615389191,0.29373432020730267,0.24805,0.04,0.26260262725779965,0.7869674185463659,0.018703088050152743,1.0488717107888643,0.05552479264889098,0.073262089030426
q_myopic_30,0,0.349,q_myopic,competitive,-0.019509,0.02089925759573146,0.07430847145148956,0.1346153846153846,0.030498460243217316,0.406646136576231,0.495,0.036293491448992535,0.014140890087707275,0.22180451127819548,0.517107853257777,0.29769798047417456,0.22460000000000005,0.0425,0.18833333333333332,0.506265664160401,0.03401751334820392,1.035802429788013,0.050830767072028854,0.09960382174286624
q_myopic_30,1,0.441,q_myopic,competitive,-0.019509,-0.018677500381020496,0.1514995048351308,0.1368421052631579,0.029994576487101906,0.25527299137959086,0.4775,0.03194388251090652,0.015098853625459497,0.2706766917293233,0.5122025996185464,0.2715900209486102,0.23051250000000004,0.0325,0.17930780559646536,0.5238095238095238,0.030313667726326394,1.0312613127744599,0.051054598275918135,0.12256209657876128
q_myopic_30,2,0.112,q_myopic,competitive,-0.019509,0.18919664633592848,0.022819945219573097,0.038461538461538464,0.040654784032243346,0.3039610021102309,0.435,0.05020884538087751,0.004951745648412278,0.06766917293233082,0.882500755507197,0.3190839590361555,0.20053749999999998,0.035,0.04186292025337015,0.5639097744360902,0.00821516221919542,1.0392905341607426,0.07599025052755765,0.2611155138561908
q_myopic_31,0,0.257,q_myopic,competitive,0.263953,-0.08619066838830725,0.08229296231105587,0.06930693069306931,0.05153021493541633,0.1288255373385409,0.2375,0.04142441663150206,0.00984756613740725,0.13533834586466165,0.7733574392163386,0.3568598311203647,0.17340000000000003,0.05,0.13682945964499363,0.7644110275689223,0.02353543470607958,1.047924814445524,0.08051596083658803,0.12167648300083186
q_myopic_31,1,0.139,q_myopic,competitive,0.263953,0.04389972399681838,0.06822746294592805,0.08450704225352113,0.04394129018424126,0.1618463726859717,0.255,0.0398522440142777,0.006976836115786237,0.09649122807017543,0.820213321078124,0.34324477528506375,0.18412499999999998,0.04,0.09165834165834166,0.7443609022556391,0.016184637268597146,1.0426513973630498,0.08092318634298577,0.05393131831007696
q_myopic_31,2,0.401,q_myopic,competitive,0.263953,0.11521871781669621,0.3076807796720544,0.2422680412371134,0.05331664141468364,0.256947669468355,0.235,0.04511220696568798,0.02346498923872976,0.3020050125313283,0.5046296425487478,0.3760926301488331,0.17305,0.0675,0.22818181818181818,0.7644110275689223,0.042498204477616625,1.0507935533383896,0.0802961467088609,0.10054029964508038
q_myopic_32,0,0.174,q_myopic,competitive,0.327892,0.06597153047461159,0.09993334518931025,0.05555555555555555,0.03554281250729845,0.14707370692675223,0.35,0.037015465816559234,0.007587135674792771,0.11904761904761904,0.7873674002722322,0.34333118367393967,0.1763375,0.0325,0.07442348008385744,0.6491228070175439,0.020612602864734236,1.0727040931504772,0.06128071121948016,0.09580265917779729
q_myopic_32,1,0.318,q_myopic,competitive,0.327892,0.002859524379931862,0.15582940794256883,0.13333333333333333,0.039354274892680965,0.1225989872046136,0.28,0.037822156514996486,0.014164945639430288,0.23433583959899748,0.6115983636595609,0.3928139171661704,0.1410875,0.05,0.16356279791597383,0.7192982456140351,0.028699308368352765,1.0723754128016958,0.06129949360230687,0.08923270726743274
q_myopic_32,2,0.21,q_myopic,competitive,0.327892,-0.10183979054502361,0.12538629139748994,0.06796116504854369,0.05029239881040548,0.17299596642399925,0.2475,0.04387721724439104,0.009043111742894336,0.13784461152882205,0.8062803492416006,0.3745232650290877,0.14484999999999998,0.0425,0.1350334448160535,0.7518796992481203,0.017636601771797357,1.0639611958728885,0.06178427372285679,0.14215579702890244
q_myopic_33,0,0.186,q_myopic,competitive,0.325461,0.052232597450005115,-0.006450553375603997,0.13761467889908258,0.06909858549108587,0.2614541072635683,0.1925,0.06149435635682535,0.013854352980668845,0.15538847117794485,0.7794835309997858,0.5441077241042509,0.0584125,0.08,0.12693877551020408,0.8070175438596491,0.03112548895994862,1.088309988660065,0.09337646687984574,0.06827139635365514
q_myopic_33,1,0.45,q_myopic,competitive,0.325461,0.16915592720416975,0.3216867486700541,0.2862903225806452,0.056194742601095644,0.2977204906018313,0.335,0.06311164628042244,0.03460347807433564,0.39974937343358397,0.4921670927058347,0.5597946006764709,0.053075,0.0975,0.3124125874125874,0.6666666666666666,0.07717549602690917,1.0922732677828988,0.13025271463830118,0.1651558509410445
q_myopic_33,2,0.39,q_myopic,competitive,0.325461,0.19824277784785965,0.2715824768714971,0.2445414847161572,0.05678349634747823,0.2241453803189931,0.285,0.06038192055779607,0.030756790908433265,0.3571428571428571,0.5291578516173976,0.5474085413020995,0.052812499999999984,0.0925,0.3047694998970982,0.7142857142857143,0.07440891723704283,1.0881067435768428,0.130751471852746,0.09598639914816065
q_myopic_34,0,0.305,q_myopic,competitive,0.266924,0.02983277046181213,-0.03791716224360217,0.09090909090909091,0.01662344606884784,0.2620444700508032,0.8275,0.033857573893172295,0.0053771656605036385,0.07518796992481203,0.7182403519179069,0.1991699358858413,0.6544999999999999,0.07,0.30087719298245613,0.17042606516290726,0.004980377354766726,1.023681450900894,0.0327555587563503,0.12219688893538273
q_myopic_34,1,0.319,q_myopic,competitive,0.266924,0.09883840291745599,0.055214235989324054,0.06060606060606061,0.018798271097336495,0.22884851770670528,0.7725,0.03678817119197307,0.006513948140953476,0.08771929824561403,0.6898321810132725,0.25493155852229876,0.5415500000000001,0.0625,0.27501244400199104,0.22556390977443608,0.007406927470417908,1.043140315787204,0.03269264538667206,0.0984449680259534
q_myopic_34,2,0.221,q_myopic,competitive,0.266924,0.03079310374814567,0.004606583273523268,0.08333333333333333,0.017054537500877633,0.26237750001350213,0.76,0.03195579103317775,0.004520915570408088,0.06516290726817042,0.6952711317221474,0.2192460811325765,0.5446500000000002,0.0425,0.17369727047146402,0.24060150375939848,0.004849584127536145,1.0227250472300995,0.01639859375084383,0.10120557850158242
q_myopic_35,0,0.115,q_myopic,competitive,0.213855,-0.001114249121545526,0.06683532491733737,0.05405405405405406,0.051297811699794145,0.24533736030336323,0.225,0.051926351436046306,0.006064958667786493,0.09774436090225563,0.9043740226117092,0.5031970859955524,0.06908750000000001,0.055,0.08756662225183212,0.7769423558897243,0.012931224503417124,1.0479738548395687,0.07806188736925199,0.04776936090632004
q_myopic_35,1,0.451,q_myopic,competitive,0.213855,0.2262203726121624,0.2312664937706267,0.24899598393574296,0.03502145343492733,0.09023240820593197,0.225,0.035600199675326585,0.020551052871463815,0.38972431077694236,0.4727912535884028,0.499885355326854,0.0753875,0.0775,0.2883566978193146,0.7769423558897243,0.03511059432206623,1.0483933289819043,0.07895335718019049,0.17360126578296126
q_myopic_35,2,0.423,q_myopic,competitive,0.213855,0.09487791824493066,0.08219675106409687,0.2009132420091324,0.04040917640296074,0.29224995451376323,0.17,0.04043414452412748,0.01859311451504567,0.32957393483709274,0.5728259596441514,0.5065573252789937,0.07665,0.085,0.23701916045048999,0.8295739348370927,0.028782192489991837,1.0397055229762324,0.07868268006139786,0.06623135206132916
q_myopic_36,0,0.216,q_myopic,competitive,0.13056,-0.08945056998322942,0.08572708249275829,0.058823529411764705,0.07185263714604333,0.261282316894703,0.165,0.05709975800509062,0.014679394996799312,0.13533834586466165,0.7120847291454879,0.29540741364604983,0.22890000000000002,0.035,0.10912525428654461,0.8370927318295739,0.035200534359425266,1.0645537642535907,0.10886763203945965,0.13551511079912557
q_myopic_36,1,0.416,q_myopic,competitive,0.13056,0.14485082132449617,0.21987056485784265,0.15254237288135594,0.06016540046760578,0.26253992931318887,0.3025,0.05797778787179973,0.02681328852008132,0.2556390977443609,0.545488360438124,0.2927929175637921,0.22013749999999999,0.0325,0.25502645502645505,0.6992481203007519,0.04801615226376906,1.0594543645638996,0.10939163721382877,0.16181212987585747
q_myopic_36,2,0.262,q_myopic,competitive,0.13056,0.15586756266623386,0.21504157662532197,0.12121212121212122,0.05853206358223341,0.12935262670106829,0.2025,0.052962236574384564,0.014048322031026633,0.13909774436090225,0.710882996923625,0.2634840647647337,0.250975,0.02,0.12131560028756291,0.7969924812030075,0.04961939384035688,1.0751581976991986,0.10779385558422365,0.13320841742327294
q_myopic_37,0,0.295,q_myopic,competitive,0.217719,0.15071970341331284,-0.008087693101032809,0.13793103448275862,0.00989734948592454,0.3265104985047271,0.8825,0.0254939141928482,0.0038870297441038937,0.041353383458646614,0.5073330510459886,0.13159708100568016,0.754625,0.04,0.17669172932330826,0.11779448621553884,0.003363775740089908,1.0454976831505471,0.0,0.17012329326613324
q_myopic_37,1,0.176,q_myopic,competitive,0.217719,-0.00750809864886521,0.0,0.0,0.007346111437839541,0.3264938416817573,0.9475,0.02628967137383582,0.0021479858005378767,0.016290726817042606,0.7288672832115469,0.04946968736295487,0.8982749999999999,0.0175,0.17857142857142855,0.05263157894736842,0.0025573930157840002,1.0031729448273328,0.0,0.007565396977533825
q_myopic_37,2,0.102,q_myopic,competitive,0.217719,0.2944334192633172,0.0,0.0,0.008286780976425248,0.16368950076889385,0.905,0.02281222506535028,0.0010256234384015905,0.011278195488721804,0.8812638415928871,0.09408469654921545,0.8207625,0.0175,0.07279693486590039,0.09523809523809523,0.0010656868539641526,1.0427240846466452,0.0,0.3311788036294296
q_myopic_38,0,0.39,q_myopic,competitive,0.275086,-0.07452528750375824,0.024332603410773472,0.21153846153846154,0.04818653591397696,0.2760087975979588,0.215,0.04643691413254808,0.01968609114028884,0.3157894736842105,0.5714732991235556,0.5621587299968188,0.064375,0.125,0.2365172189733593,0.7869674185463659,0.03256539443606284,1.0438782094266437,0.08050256596607133,0.15348205825504224
q_myopic_38,1,0.397,q_myopic,competitive,0.275086,0.10608744591784675,0.16988770862502328,0.24170616113744076,0.0455426495413512,0.25269565949803935,0.185,0.045911812104273406,0.021389026544434184,0.3283208020050125,0.5668796236767146,0.5760337929182568,0.055112499999999995,0.1175,0.23572532318245204,0.8170426065162907,0.030070525364169168,1.0578684366004754,0.09188933072655972,0.055580636776111754
q_myopic_38,2,0.369,q_myopic,competitive,0.275086,0.05570662955917731,0.07680409869210604,0.17142857142857143,0.045444764784755155,0.27542281687730424,0.175,0.04445857873970935,0.01944296409869023,0.3082706766917293,0.568684920831407,0.5775314762010318,0.0515375,0.11,0.2425101965146459,0.8245614035087719,0.031695482894610466,1.0460991311076093,0.09180760562576804,0.05033761722084292
q_myopic_39,0,0.166,q_myopic,competitive,-0.1343,0.48935824683164697,0.336816534854304,0.15384615384615385,0.009282256692479753,0.19802147610623475,0.905,0.03562525990654441,0.00223332491849137,0.018796992481203006,0.8557269270666943,0.09413823405548515,0.8211624999999999,0.0175,0.16283524904214558,0.09523809523809523,0.0033879372657840455,1.008424408795663,0.0,0.47464090468862163
q_myopic_39,1,0.211,q_myopic,competitive,-0.1343,0.06630822937785129,0.0,0.0,0.013746246317328409,0.346752159356032,0.91,0.03679076790295534,0.0028554599588932095,0.017543859649122806,0.8275994026601615,0.08586498729312377,0.8296125000000001,0.025,0.1875,0.09022556390977443,0.003715201707386055,1.007800378514503,0.0,0.11297741742441056
q_myopic_39,2,0.364,q_myopic,competitive,-0.1343,0.712714400371427,0.3857040389130022,0.3,0.005948374290376315,0.2974187145188157,0.9325,0.03132605015019775,0.003478581456360418,0.03258145363408521,0.7684894538614573,0.11352237695287778,0.8251124999999999,0.0275,0.35,0.06766917293233082,0.0040042445315903695,1.007113945205227,0.0,0.7328457841478873
q_myopic_4,0,0.381,q_myopic,competitive,0.050658,0.049141313712864794,0.13284110479876843,0.17989417989417988,0.05023284772552497,0.31031875042795354,0.4125,0.05221875815701821,0.023915542796139274,0.2794486215538847,0.5526824114882105,0.38454147603341404,0.16760000000000003,0.0675,0.2062353629976581,0.5864661654135338,0.038558951876092394,1.0506368960571124,0.07951917979716362,0.059037986096788314
q_myopic_4,1,0.287,q_myopic,competitive,0.050658,0.04007510596268852,0.11094082289422792,0.06666666666666667,0.04278970309865668,0.15595335981287187,0.455,0.04278203432153427,0.013973264695012944,0.18045112781954886,0.6875739929099945,0.2953447411698995,0.20943750000000005,0.035,0.1607851414098776,0.5463659147869674,0.03316249605216234,1.0452879281637555,0.07797667990643586,0.103256344894899
q_myopic_4,2,0.158,q_myopic,competitive,0.050658,0.011784004160319411,0.06250313306765122,0.039473684210526314,0.044271940986255406,0.1553401438114226,0.4275,0.0440454934879673,0.007883804291181216,0.09899749373433583,0.8297223059411929,0.3262723115896863,0.17845000000000003,0.03,0.0822774848508696,0.5714285714285714,0.013106824634088758,1.049414274824345,0.07767007190571124,0.027687106437923607
q_myopic_40,0,0.394,q_myopic,competitive,0.343859,0.04230023969258319,0.1609238712154453,0.16748768472906403,0.05161880006258478,0.2892822420319988,0.3225,0.05179393501874267,0.02465061711550867,0.2969924812030075,0.5204309588008151,0.4309768066188561,0.13127500000000003,0.0725,0.2810496794871795,0.6766917293233082,0.03202767679639987,1.0484817525968166,0.10848084076199961,0.1411502750723502
q_myopic_40,1,0.431,q_myopic,competitive,0.343859,0.07839035262116956,0.1424909575881091,0.18446601941747573,0.05726943727197884,0.2876957602360006,0.2375,0.05593847527319644,0.025191405070790148,0.3057644110275689,0.6100658571241839,0.41956321507144234,0.12945000000000004,0.0775,0.2139389736477115,0.7619047619047619,0.04065266177247835,1.0542635451841202,0.10788591008850028,0.20247946994370764
q_myopic_40,2,0.175,q_myopic,competitive,0.343859,-0.1100176793020224,0.05502214227035259,0.041666666666666664,0.06485200772004268,0.14451700884689173,0.1575,0.04919169261697558,0.010232093984773665,0.12531328320802004,0.8006542057672806,0.38500059947617127,0.13075000000000003,0.0375,0.08948948948948948,0.8421052631578947,0.02258078263232684,1.0696594049455066,0.10838775663516889,0.15657807459241346
q_myopic_41,0,0.336,q_myopic,competitive,0.181087,0.06599343717247315,0.0015081111528087382,0.13529411764705881,0.06547653048865637,0.36375850271475785,0.26,0.07469547048404993,0.019075055472992875,0.24185463659147868,0.7682053276702088,0.5430983781299514,0.08394999999999998,0.1125,0.1838399330730619,0.7393483709273183,0.031748153343447806,1.0521078720046326,0.12591640478587762,0.07533213209765438
q_myopic_41,1,0.427,q_myopic,competitive,0.181087,0.11560011773164765,0.11616887289652778,0.1643192488262911,0.04745743925486785,0.3415228012344316,0.245,0.05452371658838209,0.0215413295682536,0.3107769423558897,0.5752165040664575,0.47759448355375733,0.09931249999999998,0.09,0.25514394206993996,0.7543859649122807,0.02579208655155864,1.0498610669233668,0.08538070030860795,0.12932191951489722
q_myopic_41,2,0.25,q_myopic,competitive,0.181087,0.10485188585022007,-0.01743847498942541,0.07633587786259542,0.05733191615624879,0.36760291493525765,0.2125,0.06536266038765455,0.014315748759769032,0.17669172932330826,0.7707879146139518,0.4613917168997078,0.102075,0.0775,0.1442696629213483,0.7869674185463659,0.01852262749673779,1.0566586056350167,0.08483144190813642,0.18227682967514183
q_myopic_42,0,0.319,q_myopic,competitive,0.197694,0.04655575145262173,0.14235522199475922,0.18095238095238095,0.05700516332820532,0.3555877634507934,0.265,0.05673873319859209,0.023950930182305943,0.3107769423558897,0.6189465947454759,0.48460365926244153,0.06268750000000001,0.0575,0.2311903425042111,0.7343358395989975,0.04108899301502631,1.0745699705788079,0.11112117607837288,0.10429427575074313
q_myopic_42,1,0.163,q_myopic,competitive,0.197694,0.016143955719637237,0.11495711682602103,0.08823529411764706,0.05834563427665337,0.22354649148143052,0.225,0.0533652046716241,0.010813151091708292,0.13909774436090225,0.8228998301871899,0.47422606984400684,0.06892499999999999,0.0525,0.11990950226244344,0.7744360902255639,0.023198220814110736,1.0683010779360735,0.08941859659257227,0.07150494277104574
q_myopic_42,2,0.275,q_myopic,competitive,0.197694,0.026589011892749606,0.1223245117427004,0.1377245508982036,0.057622531285535475,0.22291114617228427,0.2575,0.05382084087468961,0.018715597485642915,0.23809523809523808,0.6625732885258626,0.48571794816723046,0.07344999999999997,0.0575,0.18501775912173068,0.7418546365914787,0.034579806008777456,1.071345968648259,0.08916445846891377,0.06202565780213406
q_myopic_43,0,0.399,q_myopic,competitive,0.016273,0.1841168090851224,0.1310644749650873,0.22727272727272727,0.04701984529518401,0.4255189619473661,0.4325,0.06607669584402723,0.021329271275557223,0.30451127819548873,0.7282425659620235,0.4576776598329513,0.1225625,0.0825,0.22067083935162896,0.568922305764411,0.03606532665285612,1.050512466070484,0.12765568858420995,0.20212545040818214
q_myopic_43,1,0.258,q_myopic,competitive,0.016273,0.31478638089955724,0.24391746104798867,0.11278195488721804,0.04620321297192854,0.42583606425740556,0.3925,0.06582032607736048,0.01627568917274546,0.18546365914786966,0.721626211524629,0.4452063632288822,0.13967500000000002,0.0725,0.16528468767274737,0.606516290726817,0.030754826863034917,1.0497301933658527,0.1277508192772218,0.26590200330303526
q_myopic_43,2,0.145,q_myopic,competitive,0.016273,0.3352586663845678,-0.004835305801664548,0.012048192771084338,0.04753366434341832,0.29908822508218247,0.38,0.06179327913537031,0.008352624975442266,0.10526315789473684,0.8746746022349992,0.4486339183076215,0.13473749999999998,0.065,0.11210996026317505,0.6215538847117794,0.007934993726670178,1.0462099661950113,0.10681722324363674,0.36305985166365506
q_myopic_44,0,0.439,q_myopic,competitive,0.071497,0.29733290269914464,0.0882789261094751,0.1945945945945946,0.04057443860579383,0.2878404921556997,0.325,0.05579007815917597,0.018617791617165452,0.27694235588972427,0.66973413321275,0.5136287361527048,0.15505000000000008,0.1575,0.2462686567164179,0.6766917293233082,0.023461945549741233,1.0399802865085257,0.11070788159834595,0.31237913716728144
q_myopic_44,1,0.322,q_myopic,competitive,0.071497,0.24527860503101834,0.06945039895201749,0.1357142857142857,0.04165384896550094,0.2655225432063805,0.3075,0.05273209635096148,0.013253944825882406,0.19924812030075187,0.7471232773279122,0.5047398376338377,0.1412625,0.1125,0.1988957864088337,0.6917293233082706,0.021146573852406914,1.040671090595066,0.09957095370239274,0.2466242290813949
q_myopic_44,2,0.483,q_myopic,competitive,0.071497,0.4105347131179419,0.05375604309014016,0.21287128712871287,0.03479358918349493,0.288559272335205,0.29,0.051704160620915,0.018469573629321008,0.3070175438596491,0.6640201766159292,0.4975509400694457,0.16793750000000002,0.1325,0.27966383204889717,0.7092731829573935,0.019243251722105816,1.037389771183999,0.11098433551354031,0.40336472486229247
q_myopic_45,0,0.36,q_myopic,competitive,-0.073381,0.39755113553636934,0.042640506150880615,0.1506849315068493,0.026747398867587306,0.3410026947262128,0.7425,0.06026878792520103,0.011911591623425038,0.10526315789473684,0.7281677573557479,0.2886903856711115,0.4867625,0.065,0.3218167701863354,0.2556390977443609,0.01629338056776061,1.0286651047688327,0.12787601052232977,0.4194248396898744
q_myopic_45,1,0.5,q_myopic,competitive,-0.073381,0.4573600986890693,0.09008542265027776,0.2268041237113402,0.02867279961351155,0.3398257731971741,0.7225,0.068253660079571,0.014319099779141573,0.14912280701754385,0.7619038810137526,0.31729411658788986,0.4447375,0.07,0.4017702186740715,0.2756892230576441,0.015505358472874847,1.0322276894915365,0.14867377577376367,0.44149655086888695
q_myopic_45,2,0.115,q_myopic,competitive,-0.073381,0.37221664169705587,0.0,0.0,0.02755710036961237,0.25734257154501866,0.6675,0.04741708794861891,0.004192297531435135,0.042606516290726815,0.8765895170262787,0.25836170833321725,0.46019999999999994,0.03,0.1285377358490566,0.3333333333333333,0.006686340578799583,1.0223072612636996,0.06433564288625451,0.42096195442536394
q_myopic_46,0,0.323,q_myopic,competitive,0.093151,0.11366999463068862,0.21272962057272726,0.12804878048780488,0.05833380118760472,0.31866719920391073,0.31,0.058178484564375986,0.022318240211579913,0.23182957393483708,0.6210591816617717,0.361580161313118,0.19179999999999997,0.0725,0.23774538615258023,0.6892230576441103,0.04115739704817838,1.0500532030193486,0.08851866644553072,0.05882911169051305
q_myopic_46,1,0.251,q_myopic,competitive,0.093151,-0.17187097518332234,0.012960557067811759,0.06956521739130435,0.06997849837384884,0.2823848610294029,0.2175,0.058396684898841034,0.0146411950189117,0.15413533834586465,0.7467310687193913,0.35492074958279674,0.18938750000000001,0.0475,0.15723684210526317,0.7819548872180451,0.03892462553573105,1.053306428842333,0.08824526907168838,0.1895476706510216
q_myopic_46,2,0.36,q_myopic,competitive,0.093151,0.06174083368831615,0.17506151871471534,0.15527950310559005,0.06194275410151587,0.3494654674274522,0.2475,0.061728124236305866,0.021677369220123893,0.23308270676691728,0.6659003984268601,0.4010219994896487,0.15981249999999997,0.065,0.19347342897555062,0.7518796992481203,0.05004690644640054,1.06390265009434,0.10483964022823557,0.11321573409122238
q_myopic_47,0,0.343,q_myopic,competitive,0.210577,0.15972547921221364,0.16015612554200837,0.14354066985645933,0.06284322795818115,0.3634980927503251,0.17,0.0628387167697336,0.027260604989372716,0.29949874686716793,0.5461065137213887,0.5572048305155323,0.0578875,0.1125,0.2982946245983056,0.8295739348370927,0.057807821146119036,1.0682924446902162,0.1258262628751124,0.1465235766885241
q_myopic_47,1,0.433,q_myopic,competitive,0.210577,0.20639414870613898,0.2627735216385258,0.22672064777327935,0.05968931197721088,0.38867458961904805,0.1925,0.06535416038943867,0.03155458761049732,0.37969924812030076,0.5869237965220715,0.5554223033180157,0.055562499999999994,0.0975,0.2989827856025039,0.8070175438596491,0.0661897929185747,1.0759468739747946,0.13881235343537393,0.15585842779593398
q_myopic_47,2,0.187,q_myopic,competitive,0.210577,0.24136477157193437,0.13895727359788893,0.0990990990990991,0.06293635244091426,0.25118721595043403,0.1475,0.06251288335748774,0.013954845330579658,0.15288220551378445,0.7930125079556394,0.5517481159983444,0.07286250000000001,0.09,0.12577897798088908,0.8521303258145363,0.02975912799412771,1.0702713947003752,0.1395484533057967,0.23409222160581736
q_myopic_48,0,0.448,q_myopic,competitive,-0.10694,0.12995197525867183,-0.04122881257232569,0.20270270270270271,0.026866601934114557,0.3398147280204213,0.82,0.055759263803056264,0.013946030504597489,0.11152882205513784,0.6074246169172447,0.21637634058820326,0.612325,0.0625,0.433841218925421,0.18045112781954886,0.016066727197394107,1.02009446861806,0.08495368200510532,0.1770082932082584
q_myopic_48,1,0.284,q_myopic,competitive,-0.10694,0.28578774380200334,0.01293872923766914,0.06,0.021719697188904,0.3407011323749647,0.765,0.046729272923943715,0.006831100398495532,0.06641604010025062,0.7555701219512196,0.22969690727708603,0.5336375,0.0425,0.23392612859097128,0.23558897243107768,0.008487746741858824,1.0174404821968068,0.06388146232030581,0.3311938926188998
q_myopic_48,2,0.426,q_myopic,competitive,-0.10694,0.26051935826521866,0.11142037822586369,0.16071428571428573,0.01806347542806952,0.3420303039634465,0.8225,0.04224118085226171,0.008679340420125052,0.08145363408521303,0.610699092211905,0.1825752583399108,0.65275,0.05,0.4156521739130435,0.17794486215538846,0.00900787357136435,1.0134865840590215,0.04489147739520277,0.26033662128425095
q_myopic_49,0,0.466,q_myopic,competitive,0.152562,0.3203156009149055,0.3155751595184337,0.32857142857142857,0.03615885921737565,0.2647788317977164,0.39,0.047479799147935056,0.028700963597120887,0.46616541353383456,0.4407523503333577,0.522566059562485,0.06312499999999999,0.0775,0.3395420369104579,0.6090225563909775,0.04703308196406798,1.0609688743240424,0.0827433849367863,0.15552744079112843
q_myopic_49,1,0.226,q_myopic,competitive,0.152562,0.12232372848173702,0.11439405514926523,0.11475409836065574,0.0504977112745027,0.23141340682259814,0.1975,0.04776411079620121,0.010522557345674895,0.17042606516290726,0.8035595045207348,0.5225872228338353,0.0594125,0.0675,0.12475709288767975,0.8045112781954887,0.021795573714644183,1.0621979085076803,0.08264764529378503,0.10742117915242683
q_myopic_49,2,0.159,q_myopic,competitive,0.152562,-0.26929547381193975,0.11049862988530514,0.09803921568627451,0.05439600403328216,0.2665654102702953,0.1975,0.047116418438493,0.008142270520474249,0.14035087719298245,0.8479121364241106,0.48522211818200905,0.07843750000000001,0.0625,0.08400985500222141,0.8020050125313283,0.022213784189191246,1.0538580336901366,0.06664135256757386,0.31866572729962084
q_myopic_5,0,0.453,q_myopic,competitive,0.220838,0.0649344426644159,-0.0027924111004067604,0.18454935622317598,0.04190760992302106,0.2890179994691108,0.2325,0.04544283488276759,0.019446169619186354,0.3458646616541353,0.564172355739116,0.4960892818364445,0.11341249999999997,0.13,0.23840445269016697,0.7669172932330827,0.021398448037616792,1.045985808086431,0.07781253831860667,0.136634818363689
q_myopic_5,1,0.125,q_myopic,competitive,0.220838,-0.09287394459775791,0.039105149001730684,0.07894736842105263,0.04290898627918793,0.22290382482695018,0.2025,0.041573195181255365,0.005614494835866789,0.10275689223057644,0.8618272777546696,0.46954085297496273,0.12585000000000002,0.075,0.08433889602053915,0.7994987468671679,0.009306809180919038,1.0312626447567719,0.06687114744808488,0.12330451118084594
q_myopic_5,2,0.19,q_myopic,competitive,0.220838,0.002625615992439231,0.010912626812280755,0.03225806451612903,0.04805884802902107,0.244744133481126,0.1775,0.04668893548688055,0.007249199670208782,0.12030075187969924,0.8417524161927408,0.4687277520584461,0.11948750000000001,0.08,0.08109611907080261,0.8220551378446115,0.015061177444992323,1.033396641310695,0.07787313338035814,0.05076052531715872
q_myopic_50,0,0.329,q_myopic,competitive,0.428389,0.061625819349685536,0.05881544534926103,0.1377551020408163,0.047585104166444785,0.26171807291544624,0.21,0.04676870377993429,0.017531354166584922,0.2794486215538847,0.6447326065761287,0.6280554533341394,0.035699999999999996,0.1275,0.2111888970768853,0.7894736842105263,0.04423927652974164,1.082062259769744,0.0832739322912784,0.07880588537576753
q_myopic_50,1,0.466,q_myopic,competitive,0.428389,0.18327317491839681,0.27731485681215545,0.2537878787878788,0.046437004051382645,0.26161692423314176,0.2275,0.05048146230354637,0.02965468667258783,0.41478696741854637,0.41838221033174483,0.63902501726558,0.03645,0.1275,0.3230828615542975,0.7719298245614035,0.05824906864667022,1.096596568143091,0.09513342699386956,0.13090088414985268
q_myopic_50,2,0.168,q_myopic,competitive,0.428389,0.132724361350546,0.0893876701694853,0.04504504504504504,0.052535468983761324,0.23961445374577556,0.1325,0.05129906460851233,0.009878841514080227,0.14536340852130325,0.8278055448534085,0.6465741599166266,0.0350875,0.12,0.09303805950147413,0.8671679197994987,0.032328934235541174,1.0884463345839372,0.10782650418559893,0.11738974961138611
q_myopic_51,0,0.189,q_myopic,competitive,-0.057909,0.3643643021993504,0.024623445292936762,0.07017543859649122,0.03843865069823586,0.2770353203476457,0.585,0.05976219303839053,0.007926866935594712,0.07644110275689223,0.8435822503692458,0.3269316149304046,0.3244125,0.045,0.13990285546070064,0.41353383458646614,0.010598699755724333,1.033461950946949,0.09234510678254867,0.37710092985986066
q_myopic_51,1,0.374,q_myopic,competitive,-0.057909,0.4276935261859353,0.052811902102043846,0.09210526315789473,0.029547556392258378,0.37079286453030136,0.73,0.06379393006313935,0.0136491734280421,0.10401002506265664,0.6945863763143769,0.27914893480376013,0.5008125,0.07,0.33958333333333335,0.2706766917293233,0.013218698690385295,1.0295252508355432,0.11587277016571923,0.4229272938234793
q_myopic_51,2,0.222,q_myopic,competitive,-0.057909,0.2575507759559387,0.058285507804318994,0.0967741935483871,0.03313123170995253,0.3719997946380637,0.6975,0.05457941336720908,0.010313904080660595,0.08521303258145363,0.6930487544885306,0.26759223894536316,0.4675750000000001,0.05,0.24689542483660132,0.3032581453634085,0.013793835668715514,1.0261850204379865,0.11624993582439495,0.2620573703723011
q_myopic_52,0,0.327,q_myopic,competitive,0.315545,-0.012833990875812296,0.016003818281721767,0.09375,0.03545611096883161,0.2836488877506532,0.4525,0.04707996617144747,0.012396309474065182,0.21929824561403508,0.679603320544401,0.3382525528328599,0.187025,0.055,0.22937710437710437,0.5463659147869674,0.022160069355519778,1.027412098114505,0.05318416645324724,0.020099950682116004
q_myopic_52,1,0.218,q_myopic,competitive,0.315545,-0.011268846569936004,0.10448925095464284,0.10989010989010989,0.029854561105514415,0.2826467323599002,0.47,0.03884770675437429,0.0073495234291577945,0.12656641604010024,0.7144121553180136,0.32946804018861253,0.20418750000000005,0.045,0.12697350816162697,0.531328320802005,0.012839744854153966,1.0310549018506519,0.05299626231748105,0.12202180023833674
q_myopic_52,2,0.377,q_myopic,competitive,0.315545,-0.06535150917504286,0.06354922635833357,0.14432989690721648,0.03036072499081169,0.28407695897835533,0.4725,0.04023694822399734,0.01450643618843103,0.2781954887218045,0.5794744515836188,0.33690751391179363,0.200275,0.065,0.21458333333333335,0.5288220551378446,0.032402528133468646,1.0258639065266422,0.03550961987229431,0.14851231538063558
q_myopic_53,0,0.435,q_myopic,competitive,0.481968,0.11772679242052142,0.25472006711154016,0.21145374449339208,0.05729128347895424,0.27370428589294127,0.2075,0.058067444314892185,0.027345484020062566,0.34461152882205515,0.5563686514722621,0.6337220532950177,0.0452625,0.17,0.24574850299401196,0.7944862155388471,0.059396237994362555,1.0711989495373544,0.11196993513802127,0.1203850785798161
q_myopic_53,1,0.366,q_myopic,competitive,0.481968,0.20648379833537628,0.20957370349566765,0.16113744075829384,0.05654676395972313,0.2976145471564379,0.1725,0.060489892938404254,0.02408639035570583,0.3070175438596491,0.6433115800629714,0.6151240216347097,0.05013749999999999,0.1525,0.21708796764408494,0.8270676691729323,0.050015778063790185,1.1041264191976599,0.11284551579681609,0.1549979671165128
q_myopic_53,2,0.174,q_myopic,competitive,0.481968,0.3196248384204032,-0.00764819731899377,0.08490566037735849,0.047019588660085126,0.2718609594012809,0.235,0.053770821628311295,0.011552077677908142,0.14411027568922305,0.7915534033395221,0.5309218028837923,0.07025,0.0825,0.09144092875028453,0.7669172932330827,0.02232289402708462,1.0930287912308647,0.12357316336421845,0.33614386406017105
q_myopic_54,0,0.405,q_myopic,competitive,-0.138861,0.5076657246158145,0.28762947737226713,0.32142857142857145,0.00512439370098786,0.26278942056348004,0.9575,0.026848743033109343,0.005268960813302857,0.046365914786967416,0.473069305247135,0.08297855254512,0.87025,0.03,0.7333333333333334,0.042606516290726815,0.005412465030575741,1.0053499554783394,0.0,0.4588370830674921
q_myopic_54,1,0.31,q_myopic,competitive,-0.138861,0.12429040014306979,0.05390359656794852,0.125,0.011543774618274046,0.36730191967235604,0.93,0.03442731829329919,0.005260321083743016,0.03383458646616541,0.5766944353391004,0.07656790638654426,0.8520125,0.03,0.41666666666666663,0.07017543859649122,0.005534686460816325,1.0070011763049873,0.0,0.16329475060307166
q_myopic_54,2,0.491,q_myopic,competitive,-0.138861,0.25617470320633523,0.038011000454867765,0.10810810810810811,0.018661935431126805,0.3654085259241612,0.8875,0.047462972978228976,0.008503957817783918,0.05137844611528822,0.5663196641256416,0.11866397184562745,0.776925,0.0425,0.4666666666666667,0.11278195488721804,0.00937521874805422,1.012219034117195,0.05220121798916593,0.2466301380059809
q_myopic_55,0,0.389,q_myopic,competitive,0.458472,-0.22767908345238927,0.24721350058469269,0.25,0.004590295477488352,0.11475738693720879,0.9275,0.011589157776768017,0.0014021109306237916,0.02506265664160401,0.6486859955955759,0.09475169627212689,0.8481124999999999,0.0275,0.537037037037037,0.07017543859649122,0.0002270924543612304,1.014479616847605,0.0,0.5096630624493744
q_myopic_55,1,0.367,q_myopic,competitive,0.458472,0.5878574329602313,-4.591941996766089e-20,0.0,0.0013612306731521167,0.0859724635675021,0.97,0.008484477698385817,0.0005386745837562788,0.011278195488721804,0.794872313881773,0.049106302217411905,0.9172125,0.0175,0.0625,0.02756892230576441,0.00011223559212467584,1.0010399142329685,0.0,0.6031680640132838
q_myopic_55,2,0.243,q_myopic,competitive,0.458472,-0.031134290951223,0.05162257329196679,0.058823529411764705,0.004870551629967647,0.20055212593984412,0.93,0.013698016102143749,0.0016515212662428997,0.022556390977443608,0.48474934775778905,0.09347659721212478,0.8518375000000001,0.025,0.10869565217391304,0.07017543859649122,0.0014937992573823382,1.0158620928280293,0.0,0.07403048472880108
q_myopic_56,0,0.385,q_myopic,competitive,0.320082,0.13699567929030504,0.15850908209846837,0.17333333333333334,0.04180148621508239,0.2654062616830632,0.23,0.044513869348030005,0.01862500081986406,0.3308270676691729,0.6088793229275073,0.6047352477266468,0.046549999999999994,0.14,0.25275570366572675,0.7694235588972431,0.03818032136100008,1.0676526025361561,0.08444744689915622,0.09591840221113337
q_myopic_56,1,0.413,q_myopic,competitive,0.320082,0.13837782120371364,0.10561634687358476,0.1965065502183406,0.04547138226034135,0.2894729905167619,0.2,0.04731831045166082,0.019800000917760973,0.3433583959899749,0.6309732075221567,0.6238541584604907,0.04394999999999999,0.1475,0.24804412455014863,0.8020050125313283,0.03154513358195484,1.0678780038773046,0.08442962223405555,0.1033219868921115
q_myopic_56,2,0.453,q_myopic,competitive,0.320082,0.18974525117009608,0.09357407955153871,0.21544715447154472,0.041930595672076965,0.3132745653660921,0.1975,0.045815402013928565,0.02065546584831377,0.37468671679197996,0.5657862298318019,0.5989697272504668,0.04888749999999999,0.1225,0.30872384320660184,0.8020050125313283,0.0312290971754268,1.0689728103914549,0.07349903264358307,0.20110477200157167
q_myopic_57,0,0.111,q_myopic,competitive,-0.15178,0.5976691794944254,0.0,0.0,0.0036752592305329193,0.15207969229791396,0.9725,0.01495714512992935,0.0005082028146964544,0.005012531328320802,0.8269909719668278,0.030367041040033717,0.9461625,0.0075,0.09090909090909091,0.02756892230576441,0.0007241890109424482,1.0023500718118121,0.0,0.5976555654502799
q_myopic_57,1,0.262,q_myopic,competitive,-0.15178,-0.009780292159295179,0.0,0.0,0.0016500393746979025,0.10154088459679396,0.98,0.007830884553793748,0.0003817326488601279,0.005012531328320802,0.7308016715377119,0.01858728794070679,0.9606124999999999,0.0075,0.26666666666666666,0.020050125313283207,0.0005888324493370793,1.0008257009068529,0.0,0.009854951359627986
q_myopic_57,2,0.315,q_myopic,competitive,-0.15178,-0.02672259010811769,0.0,0.0,0.012999142020475815,0.35337473453720647,0.9425,0.03803463303036583,0.0024039097587565074,0.011278195488721804,0.7170925051022929,0.04784553897132439,0.8896999999999999,0.015,0.2579365079365079,0.05764411027568922,0.002977496805752029,1.0065420918004506,0.0,0.026930217909205984
q_myopic_58,0,0.145,q_myopic,competitive,0.176598,0.33806037123695337,0.06980781187932639,0.04878048780487805,0.041983216174165575,0.15350353262949018,0.055,0.03958410028730838,0.006424834573715511,0.10776942355889724,0.8615054803683571,0.3875382496694585,0.1635875,0.045,0.09034228452401058,0.9448621553884712,0.01457508289613345,1.0401149046930043,0.07675176631474516,0.34748026326052783
q_myopic_58,1,0.382,q_myopic,competitive,0.176598,0.11570704719948818,0.04066975402750129,0.14594594594594595,0.04628915487012334,0.2448351993130491,0.1125,0.04009000891852872,0.016184281658851312,0.2656641604010025,0.4844514637770133,0.41297599985467504,0.1373625,0.08,0.17563657407407407,0.8872180451127819,0.033748687576541925,1.0433879615933288,0.0765109997853279,0.14287827115616172
q_myopic_58,2,0.471,q_myopic,competitive,0.176598,0.1183240982690097,0.09489274054522906,0.18222222222222223,0.04500987886024908,0.21396886385177843,0.0875,0.04059960789144801,0.021795253048990673,0.3333333333333333,0.4107316162599051,0.4152180561021894,0.15383750000000007,0.0775,0.2144984326018809,0.9147869674185464,0.04229130185720086,1.0446652520910167,0.07641745137563515,0.11017314997622003
q_myopic_59,0,0.107,q_myopic,competitive,0.437084,0.09595112239975238,0.010024629541368565,0.046511627906976744,0.02136742143917298,0.19315183221851273,0.4675,0.02628576995942724,0.0028742832175373922,0.05639097744360902,0.7801159766153432,0.36568975853265573,0.186425,0.04,0.06145136387030365,0.531328320802005,0.006834876415820532,1.0508046367350485,0.03621596854097105,0.09836361054991766
q_myopic_59,1,0.389,q_myopic,competitive,0.437084,0.19692853930611431,0.13424829846008504,0.1368421052631579,0.022624738128053292,0.21719748602931147,0.4225,0.03148900610934036,0.01161289816698074,0.2706766917293233,0.4766887288446402,0.38330438902949304,0.1634375,0.08,0.202991452991453,0.5789473684210527,0.020908378683856147,1.0512803355808826,0.024133054003256875,0.140528144604567
q_myopic_59,2,0.333,q_myopic,competitive,0.437084,-0.0025004681094784476,0.10420293106205153,0.1417910447761194,0.02688645644832334,0.21702072469498657,0.47,0.034402056609688245,0.007705414201785239,0.19172932330827067,0.7441317936503551,0.3588622266658288,0.18625000000000003,0.0575,0.14225997842502697,0.5288220551378446,0.01748765599394037,1.0521365935033835,0.048226827709997075,0.06637029432660702
q_myopic_6,0,0.357,q_myopic,competitive,0.285896,0.025292640740295427,0.15847591407808362,0.17277486910994763,0.03834083713940036,0.2759751773530101,0.3475,0.04201969118110521,0.018378583239405635,0.2807017543859649,0.47681618314897567,0.38724824488805837,0.14276250000000004,0.055,0.22435897435897437,0.6516290726817042,0.03511291319000357,1.0362054631065327,0.059137538004216464,0.06757245073887372
q_myopic_6,1,0.231,q_myopic,competitive,0.285896,-0.020002255550456538,0.03275867140850557,0.10344827586206896,0.040232779488673355,0.2754322312183014,0.2275,0.03955758781239904,0.01065044073454228,0.16040100250626566,0.667273048369455,0.34762729486775057,0.21171250000000008,0.0475,0.12641637070860814,0.7719298245614035,0.014137404545662986,1.0598977826421028,0.05902119240392176,0.06837437486757421
q_myopic_6,2,0.187,q_myopic,competitive,0.285896,-0.01674074589480572,0.006547930136718852,0.06451612903225806,0.05349413026998408,0.27533743521315324,0.3125,0.05750710859806142,0.009562381387639051,0.12406015037593984,0.8193899170026184,0.4271158799706866,0.115625,0.06,0.11235212874557138,0.6867167919799498,0.018510079678195207,1.0602626951560234,0.07866783863232957,0.027654811662754724
q_myopic_7,0,0.318,q_myopic,competitive,0.512226,0.10442385741351425,0.12343076169530791,0.10884353741496598,0.06344961548671056,0.2534364099326527,0.2075,0.05973271531393744,0.020098877479442386,0.20426065162907267,0.6878112673281109,0.40152988545070933,0.1596125,0.08,0.1592334494773519,0.7944862155388471,0.034223164844920266,1.1013294311843613,0.10861560425685117,0.13834326461569116
q_myopic_7,1,0.154,q_myopic,competitive,0.512226,0.12457276962594702,0.04707194607083683,0.025,0.06673867828480866,0.21851681839500797,0.1825,0.05727078698679949,0.008853856050257217,0.10275689223057644,0.8469879717722334,0.41971102902564383,0.11987500000000001,0.0525,0.079894578313253,0.8170426065162907,0.015213196217373964,1.0948499299281065,0.12746814406375462,0.16202018890570485
q_myopic_7,2,0.158,q_myopic,competitive,0.512226,-0.0847852937353176,0.01922446188276371,0.013513513513513514,0.06555218120513505,0.21730004819381787,0.2125,0.05196603208386776,0.008713786393737058,0.09398496240601503,0.7988217010144723,0.3767097710429081,0.17170000000000005,0.0475,0.08408871301707081,0.7869674185463659,0.020308415719048407,1.100980534962871,0.09054168674742413,0.1226460389511624
q_myopic_8,0,0.408,q_myopic,competitive,0.15273,0.2288789541115605,0.07642861714265613,0.1908713692946058,0.039795706632439726,0.34091873886109814,0.3125,0.05128086568040813,0.019914859817796938,0.35964912280701755,0.6167635862080998,0.5415996720881213,0.0647125,0.1225,0.27575757575757576,0.6892230576441103,0.025588000937670167,1.0450484347768505,0.0917858143087572,0.24101236553554334
q_myopic_8,1,0.343,q_myopic,competitive,0.15273,0.1690506386796384,0.015232354516638196,0.14146341463414633,0.04258278245052603,0.314941996552427,0.3125,0.05678015120430321,0.016444339836697307,0.2932330827067669,0.6991974916233512,0.5119386595535996,0.0843125,0.1075,0.22633037694013303,0.6867167919799498,0.021870971982807415,1.044226258020467,0.09185808232779116,0.24501978457421963
q_myopic_8,2,0.128,q_myopic,competitive,0.15273,0.30299996751500363,0.009758449486023437,0.060240963855421686,0.03672997814578769,0.31482838410675185,0.2875,0.04591854391900701,0.005884949953540993,0.11027568922305764,0.8659028472833181,0.5009659076010826,0.0857375,0.065,0.09587471352177235,0.7117794486215538,0.014778336595728326,1.0446030890338096,0.06558924668890675,0.41135091997334966
q_myopic_9,0,0.106,q_myopic,competitive,-0.096008,0.47704108205004114,-0.0003243515914366282,0.0,0.018439743386089023,0.24262820244853991,0.7975,0.04562722257862528,0.0032228808846547895,0.03007518796992481,0.8864811400594279,0.2093235362973991,0.582125,0.035,0.16666666666666669,0.20050125313283207,0.004163916345651508,1.0171518865018156,0.05095192251419393,0.4737207434630873
q_myopic_9,1,0.269,q_myopic,competitive,-0.096008,0.6768621379098699,0.19740034032110984,0.1794871794871795,0.01596504174434804,0.19351565750724908,0.84,0.050479953111850925,0.006183771010569986,0.05764411027568922,0.834909948994015,0.21775855947798503,0.6473374999999999,0.0475,0.2753623188405797,0.16040100250626566,0.006846072789171543,1.0202367581748042,0.07256837156521843,0.6493429381832723
q_myopic_9,2,0.109,q_myopic,competitive,-0.096008,0.34310275737800683,-0.0010984555725816248,0.0,0.01948827488008231,0.243603436001029,0.75,0.037277039787779395,0.00238108621655141,0.023809523809523808,0.8935034857880195,0.16243179430505839,0.5812750000000001,0.025,0.22046703296703296,0.24812030075187969,0.003444897074762025,1.013079855893471,0.02436034360010287,0.3179820130100509
q_patient_1000,0,0.21,q_patient,collusive,0.711004,0.17068245893370187,0.081434341372598,0.10714285714285714,0.1122328410261298,0.32152649174898423,0.0125,0.09978151587295755,0.022311440451879702,0.15538847117794485,0.788977476575508,0.4918476750366766,0.09135,0.0725,0.11480756686236138,0.9874686716791979,0.06057329442771042,1.210471300293878,0.22104946307742687,0.1866076389633385
q_patient_1000,1,0.489,q_patient,collusive,0.711004,0.3016327789565654,0.08714566834193693,0.23715415019762845,0.09404987422941809,0.3167995763517241,0.0375,0.09140964487455461,0.04595181824901263,0.3922305764411027,0.5635100138622728,0.4876404751776549,0.11641250000000002,0.1025,0.3014778325123153,0.9624060150375939,0.0906467537803273,1.2285325473864184,0.21779970874181057,0.2958686915536203
q_patient_1000,2,0.149,q_patient,collusive,0.711004,-0.01995594267332995,-0.0018686019196653483,0.023529411764705882,0.12221366241518182,0.3176959542880437,0.0,0.09901490197075136,0.013187567024801315,0.10902255639097744,0.8900610010504283,0.4590207554228245,0.096325,0.06,0.07259158751696065,1.0,0.027420186530813292,1.1682319680164694,0.1985599714300274,0.07925538871917455
q_patient_1001,0,0.381,q_patient,collusive,0.69186,0.24966391856613612,0.04062874188723008,0.19230769230769232,0.039164305588257536,0.22198391831401035,0.03,0.028938546723202705,0.006914644072079801,0.07769423558897243,0.5458579213156651,0.17583037674940868,0.6873874999999998,0.0575,0.15417185554171856,0.9699248120300752,0.0022409805086938185,1.0993591653111483,0.01744159358181505,0.2373213858293285
q_patient_1001,1,0.299,q_patient,collusive,0.69186,0.3093655627642733,0.05625076233214241,0.06,0.041077301617296294,0.15890638923518868,0.015,0.033710023222803046,0.006053576732769091,0.06641604010025062,0.7180737018288416,0.20318279202560532,0.6054750000000001,0.05,0.07808073654390935,0.9849624060150376,0.031036404147497795,1.096962343340923,0.031781277847037756,0.34743752821545837
q_patient_1001,2,0.358,q_patient,collusive,0.69186,0.18451140729593749,0.04566685181972014,0.09433962264150944,0.039928615441315915,0.15844688667188847,0.0125,0.030359083638493246,0.006750869858200761,0.07268170426065163,0.5798688521928931,0.1760237428562358,0.6632625,0.0525,0.14088118454315637,0.9874686716791979,0.0024475535339560026,1.0812950579473386,0.03168937733437772,0.1926611072785052
q_patient_1002,0,0.395,q_patient,collusive,0.633792,0.27604533400887354,0.01371034385253985,0.14220183486238533,0.07076879554197513,0.29627278818714636,0.1525,0.07564897606628859,0.028553973434304582,0.3120300751879699,0.6820635316876267,0.5265494979221241,0.11429999999999998,0.14,0.24464308355521747,0.8471177944862155,0.07020472924255773,1.1841460087318378,0.14813639409357304,0.3161805443667372
q_patient_1002,1,0.448,q_patient,collusive,0.633792,0.26687949911425285,0.16769628894081318,0.21929824561403508,0.07603092617831267,0.29552656818425443,0.1275,0.07801043893031723,0.03289239657279749,0.3483709273182957,0.6399019134878127,0.5609662821968928,0.09957499999999998,0.155,0.26157407407407407,0.8721804511278195,0.07347458065738001,1.1867575387907425,0.16119630991868414,0.20442098643662468
q_patient_1002,2,0.447,q_patient,collusive,0.633792,0.20748635896326986,0.09029309559977496,0.22641509433962265,0.0638226205740823,0.32112010351739545,0.17,0.07236541482664532,0.03048226546546703,0.3258145363408521,0.6185202035380325,0.5329221410232284,0.1264,0.1475,0.2487954186413902,0.8295739348370927,0.0555784794549338,1.173132608570051,0.13380004313224808,0.26852453075625443
q_patient_1003,0,0.124,q_patient,collusive,0.808826,0.6195989583604385,0.2683725200608468,0.14285714285714285,0.05292912178025862,0.20396578720716171,0.0,0.055114055663850726,0.0030671546948445355,0.020050125313283207,0.9048965794560134,0.17463026429399398,0.6608375000000001,0.02,0.00436046511627907,1.0,0.023848307427298883,1.194334611775214,0.08158631488286452,0.6194626164301744
q_patient_1003,1,0.117,q_patient,collusive,0.808826,0.2731011102192972,0.22874785549890708,0.1111111111111111,0.04736916658889131,0.20157092165485585,0.0,0.03339315698434519,0.001818685007412233,0.012531328320802004,0.8765321493537492,0.09128184032755123,0.7847499999999998,0.0125,0.004120879120879121,1.0,0.0,1.0773067202263544,0.06047127649645666,0.27298560953382867
q_patient_1003,2,0.223,q_patient,collusive,0.808826,0.4861731981591575,0.18425768059199832,0.12,0.0515318997727092,0.24393798708974698,0.0025,0.05162141771973443,0.0055023606110469235,0.03508771929824561,0.8279424916230164,0.1483519526957165,0.703175,0.03,0.03149425287356322,0.9974937343358395,0.04097900047671672,1.1983540678633255,0.06098449677243677,0.5151043654997989
q_patient_1004,0,0.486,q_patient,collusive,0.757685,0.20975465331471743,-0.0664540265702549,0.14457831325301204,0.027899870335949872,0.2650119609747218,0.79,0.05409596743008416,0.01704755304515754,0.11904761904761904,0.4883463865755926,0.20735945230794356,0.6243,0.0675,0.2469387755102041,0.21052631578947367,0.08785460272750337,1.1283766621141595,0.10306020704572515,0.3468175635682596
q_patient_1004,1,0.392,q_patient,collusive,0.757685,0.2727808951378735,-0.11932588647591266,0.1794871794871795,0.032988671922152935,0.2958625284498022,0.7675,0.06214477002402376,0.016016618081493048,0.11528822055137844,0.647075133775784,0.25873021101574617,0.5664250000000001,0.0825,0.2507177033492823,0.23308270676691728,0.08234840375186157,1.181924796327778,0.10355188495743078,0.32938743944852367
q_patient_1004,2,0.276,q_patient,collusive,0.757685,0.08431710609284523,0.09353111221275572,0.1320754716981132,0.03395875258051923,0.23572236064568658,0.725,0.05332743037604812,0.010264852170974451,0.07518796992481203,0.6893554940171657,0.2446238279985921,0.5229999999999999,0.0625,0.11433566433566433,0.2731829573934837,0.04633655274789205,1.1276290788342969,0.08839588524213243,0.08554920052041237
q_patient_1005,0,0.114,q_patient,collusive,0.603925,0.06966480290001802,0.02719578328973721,0.04285714285714286,0.11636380433645932,0.28800180035677697,0.0525,0.09903848465362688,0.012576134139350293,0.09147869674185463,0.8774983459231719,0.6230729015007492,0.055900000000000005,0.1,0.058003080801008265,0.9473684210526315,0.029815570998474025,1.1617984218007913,0.17833957637477327,0.1400066073014763
q_patient_1005,1,0.19,q_patient,collusive,0.603925,0.1934546249657764,0.25082865434963836,0.15384615384615385,0.10299301629417044,0.2868578921958683,0.05,0.09749259804157401,0.02405690825240076,0.16917293233082706,0.7624214837192825,0.5875578633944887,0.047037499999999996,0.0925,0.14364972888367153,0.949874686716792,0.07281777263433578,1.1664313453918258,0.2206599170737448,0.17047272756448067
q_patient_1005,2,0.131,q_patient,collusive,0.603925,0.0650607648476365,0.05536745944530194,0.05747126436781609,0.11838458426984753,0.28833716075091664,0.0325,0.1031269222754454,0.014925492126782555,0.11528822055137844,0.8771726592096663,0.6263380061795251,0.045,0.1025,0.08109564436461608,0.9674185463659147,0.024000509936212933,1.160447152420073,0.19961803436601921,0.08705318843953393
q_patient_1006,0,0.126,q_patient,collusive,0.898477,0.09782450742078418,0.03213004837705833,0.05263157894736842,0.053146210894733405,0.24001514597621568,0.26,0.05251451110181261,0.006402122583325481,0.07518796992481203,0.8557350480897757,0.3056289642255746,0.219275,0.0375,0.06486042692939245,0.7393483709273183,0.013209264474100863,1.1096744628379662,0.10286363398980672,0.110745366717894
q_patient_1006,1,0.491,q_patient,collusive,0.898477,0.2823291229839004,-0.11675970830780288,0.2543103448275862,0.042502700570335526,0.20442180635031143,0.2025,0.04228549110086304,0.021816947168965973,0.36466165413533835,0.5207555708077063,0.32581465780679314,0.21336250000000004,0.055,0.3472222222222222,0.7969924812030075,0.02925601938709165,1.1388601860191143,0.05110545158757783,0.3700202218147979
q_patient_1006,2,0.395,q_patient,collusive,0.898477,0.3325506493769457,0.11586762232207237,0.18134715025906736,0.04151595306407442,0.20459607259502835,0.2725,0.04434056172830508,0.01730605877213585,0.2857142857142857,0.6301689318568346,0.32059569334600796,0.21296250000000005,0.0525,0.2816347469220246,0.7268170426065163,0.03131237970004038,1.1383318409437029,0.05114901814875706,0.3276177865659519
q_patient_1007,0,0.228,q_patient,collusive,0.471858,-0.22674454630981655,-0.033574948509558056,0.10084033613445378,0.06387315459255768,0.24751706838881365,0.2025,0.04920369647055919,0.01013227765334324,0.16416040100250626,0.8003624549150692,0.41898305263958024,0.13627500000000006,0.0675,0.09426117775354417,0.7969924812030075,0.030481268607140916,1.0790491752207279,0.05500379297529182,0.25857855201742547
q_patient_1007,1,0.148,q_patient,collusive,0.471858,-0.07011154473693938,0.008020777664435638,0.06349206349206349,0.048767191897883526,0.24831950612783718,0.24,0.03798283314979886,0.0055320413506619185,0.08395989974937343,0.832534054360205,0.3798335653399487,0.14554999999999998,0.045,0.05842985842985843,0.7619047619047619,0.017348921724419576,1.0755622571208927,0.0551821124728526,0.20556447152416646
q_patient_1007,2,0.492,q_patient,collusive,0.471858,0.01410535224662926,-0.003861608354997239,0.2320675105485232,0.0570328395998105,0.2204167714002342,0.215,0.04275013719394853,0.022096919438619928,0.3659147869674185,0.46077575158309636,0.44210992806696614,0.1488875,0.1,0.3160010720986331,0.7869674185463659,0.030084458228800296,1.0770831469303954,0.055104192850058416,0.17600511183611992
q_patient_1008,0,0.156,q_patient,collusive,0.629647,-0.21238452842782338,0.01742895743553478,0.010869565217391304,0.10285860715052647,0.2590353170632356,0.03,0.07010278203158066,0.011036592456328336,0.11654135338345864,0.8540887097590631,0.5967658688883484,0.0505625,0.0925,0.08870005963029219,0.9724310776942355,0.030607406866924595,1.0822951924523025,0.11872452032064987,0.2587412107382312
q_patient_1008,1,0.417,q_patient,collusive,0.629647,0.07084945588216753,0.17601493460553544,0.20425531914893616,0.07451260059277338,0.2331831028507844,0.0375,0.06673945286998792,0.03161174440560873,0.35463659147869675,0.5667100107943444,0.6571329492129722,0.035199999999999995,0.1525,0.22670498507792639,0.9624060150375939,0.07055608132391442,1.114330989392059,0.12719078337315526,0.05593130928255721
q_patient_1008,2,0.253,q_patient,collusive,0.629647,0.060212310034764904,0.09692023729031417,0.11904761904761904,0.07320655209500868,0.21265519853306802,0.0575,0.06619267897889863,0.02161195062785942,0.23558897243107768,0.7014289433421241,0.6736388584651944,0.033062499999999995,0.1425,0.15710324533853945,0.9423558897243107,0.05299230350541776,1.1108172012366728,0.13822587904649417,0.04272436526911538
q_patient_1009,0,0.224,q_patient,collusive,0.825107,0.023035521356477823,0.12914209750913877,0.11538461538461539,0.05943088889692398,0.2879004998466904,0.0025,0.049577049977649584,0.005566282488980048,0.03634085213032581,0.7833575395124674,0.17975873334858264,0.663825,0.0375,0.070779531324725,0.9974937343358395,0.003150984733345113,1.128574345317586,0.06169296425286213,0.04077127449403674
q_patient_1009,1,0.309,q_patient,collusive,0.825107,0.26701703461283144,0.12461976471751982,0.15,0.05805540722801495,0.2877082128114013,0.015,0.045165463845281154,0.00834384720290852,0.05764411027568922,0.6625042713433168,0.18113346972163596,0.680225,0.0425,0.16305668016194333,0.9849624060150376,0.0030155752119207426,1.156161229687896,0.02466070395526261,0.25172259793083507
q_patient_1009,2,0.171,q_patient,collusive,0.825107,0.05762869124035018,-0.11505670809349124,0.07692307692307693,0.06401347622999343,0.2886275900869267,0.0225,0.0443636834285801,0.00465028340634146,0.03508771929824561,0.7898547103024603,0.15052193621451787,0.6820750000000001,0.03,0.17447916666666666,0.9774436090225563,0.0012412929267014423,1.1001975339548298,0.08246502573912178,0.1840730175225791
q_patient_1010,0,0.434,q_patient,collusive,0.708531,0.13550078249190106,-0.14854733442319284,0.16826923076923078,0.09534761967055023,0.2687951690007683,0.165,0.07790595626933848,0.03615373618138987,0.30451127819548873,0.5806498144930973,0.4771655489363321,0.12638749999999999,0.1075,0.2850094876660342,0.8345864661654135,0.05354050114242944,1.1305438084079806,0.1941298442783325,0.21561534892130696
q_patient_1010,1,0.24,q_patient,collusive,0.708531,-0.008518921520704258,-0.0532491006233894,0.11278195488721804,0.08828732768838603,0.26310793019717693,0.2225,0.07785479250635582,0.02113802223945574,0.18546365914786966,0.7599162347235433,0.48718101136855935,0.12485,0.105,0.13259844526570663,0.7769423558897243,0.05343631004915343,1.13580597778629,0.13301567582190604,0.10687400538958962
q_patient_1010,2,0.331,q_patient,collusive,0.708531,0.23752840104873202,-0.042310514810415714,0.08888888888888889,0.0859637080212863,0.2954079313446266,0.225,0.08144339879757559,0.0296888672855126,0.24561403508771928,0.6719266583035871,0.47850316917761176,0.124825,0.115,0.19473304473304473,0.7744360902255639,0.05439257148567728,1.182936452163691,0.16395140189626772,0.2711678104760013
q_patient_1011,0,0.383,q_patient,collusive,0.764403,0.0646197920273647,0.03685731804113816,0.21634615384615385,0.07892669964351944,0.26877461568192595,0.0075,0.06591060554493659,0.030312926580668358,0.3170426065162907,0.5962743568715212,0.4667749268879313,0.089225,0.07,0.21250000000000002,0.9924812030075187,0.046048797791658665,1.0653338698583552,0.1447247930594987,0.13396272768591364
q_patient_1011,1,0.466,q_patient,collusive,0.764403,0.11389051670749367,0.04944094661303246,0.2558139534883721,0.08425221433644697,0.2899891827191782,0.0025,0.06734190452983266,0.03911687239149676,0.40601503759398494,0.4834275278520538,0.4735705119497078,0.0966875,0.09,0.2720588235294118,0.9974937343358395,0.05532023607621956,1.1385861838534517,0.10356756525684943,0.1815194509497005
q_patient_1011,2,0.147,q_patient,collusive,0.764403,0.20233743024417478,0.050019640193181225,0.10465116279069768,0.07497826743587226,0.24992755811957407,0.0425,0.06640623262265767,0.012814790208512,0.11904761904761904,0.8073934332765161,0.4855675208532588,0.1046625,0.0625,0.10355708548479632,0.9573934837092731,0.02022794984780724,1.1597167715110939,0.10413648254982256,0.22201568862803903
q_patient_1012,0,0.206,q_patient,collusive,0.556322,-0.022212965000999722,-0.10604043582881047,0.1,0.05884745016854005,0.31626268804589663,0.63,0.07046302939441383,0.011210170467792257,0.08270676691729323,0.8078040887567114,0.30730940366315646,0.3838,0.055,0.1393839597055405,0.3684210526315789,0.047346566801391606,1.2065304860756474,0.15813134402294832,0.10244556745070009
q_patient_1012,1,0.229,q_patient,collusive,0.556322,-0.17715045530415047,0.05256683995544022,0.04918032786885246,0.06036959783993951,0.3577457649774196,0.5775,0.0676594556746288,0.010142854552148016,0.08020050125313283,0.8192196806836632,0.35510545317620223,0.32486249999999994,0.075,0.10612244897959183,0.42105263157894735,0.06063487541990165,1.0997061712045348,0.11179555155544363,0.19015209551602683
q_patient_1012,2,0.349,q_patient,collusive,0.556322,0.14963245263567052,0.04247853489701277,0.13402061855670103,0.04619327129581394,0.31469868522695627,0.66,0.06664035913176886,0.01802785164207411,0.13784461152882205,0.6749813789840935,0.3361120091883608,0.39711250000000003,0.08,0.2593406593406593,0.3383458646616541,0.06433495289122511,1.149846862716724,0.15734934261347813,0.19761067048249056
q_patient_1013,0,0.176,q_patient,collusive,0.543987,0.008233751337898712,2.7437301123819514e-17,0.05825242718446602,0.11430157241693988,0.28486373188022396,0.0125,0.09033795198149332,0.019722708253611998,0.13659147869674185,0.7892336499764555,0.4761308668313625,0.1046375,0.0725,0.10219298245614035,0.9874686716791979,0.049081251100984546,1.1542264637882362,0.17803983242513988,0.03784457887086062
q_patient_1013,1,0.233,q_patient,collusive,0.543987,0.12938396279436876,0.10693833008337628,0.08064516129032258,0.11241339678408929,0.32194767575395516,0.035,0.0900567383522598,0.023310051711508864,0.16791979949874686,0.7451028618103361,0.5071142004374966,0.09649999999999999,0.1,0.12995689655172415,0.9649122807017544,0.05559156563319044,1.1489348829187531,0.1806484180619414,0.12821037376904987
q_patient_1013,2,0.348,q_patient,collusive,0.543987,0.18987192542232675,0.09694201914902259,0.14367816091954022,0.10527767361505962,0.28309962652789145,0.0225,0.08649950973758685,0.034057097928167385,0.24937343358395989,0.5900579198174711,0.456446962552783,0.133525,0.0925,0.15008923576889266,0.9774436090225563,0.05519944302458445,1.1618964392590139,0.15924353992193896,0.1616153498134591
q_patient_1014,0,0.475,q_patient,collusive,0.662134,0.10492843927427367,0.16621309005361226,0.19753086419753085,0.024582063122030984,0.2560631575211561,0.7575,0.04216997824402835,0.011551721391931852,0.12155388471177944,0.5850903687343632,0.30276672325013376,0.5426374999999999,0.115,0.2826655052264808,0.24310776942355888,0.047014874823556506,1.093294118680903,0.05121263150423103,0.05235469632096863
q_patient_1014,1,0.498,q_patient,collusive,0.662134,0.27956478510660715,0.17391845951801507,0.23809523809523808,0.01772840151667866,0.23040521826730406,0.7725,0.03625716893167365,0.012704047122507986,0.13032581453634084,0.3685374143895125,0.280994289305794,0.5802125,0.0925,0.3851219512195122,0.22807017543859648,0.040570410372868015,1.1087485175625196,0.026880608797852017,0.2479947093177755
q_patient_1014,2,0.271,q_patient,collusive,0.662134,0.05207061240957237,0.021765158505757755,0.07547169811320754,0.01764950930259689,0.20315981931046767,0.8025,0.03196778890273276,0.006619242233173137,0.07142857142857142,0.5985473524125227,0.20007578233916862,0.6468875,0.06,0.22859216255442671,0.19799498746867167,0.0051978023946391665,1.0720793266847537,0.038092466120712695,0.14096873661931797
q_patient_1015,0,0.127,q_patient,collusive,0.876964,0.23003388521837148,0.0,0.0,0.007163276356148561,0.1591839190255236,0.945,0.02210957618479394,0.0008976536787153581,0.007518796992481203,0.8358755162162528,0.0466558546211475,0.8944000000000001,0.0125,0.16666666666666666,0.05513784461152882,0.000304561069564139,1.0824962855062583,0.0,0.4773428528339541
q_patient_1015,1,0.257,q_patient,collusive,0.876964,0.14411903232495424,0.18392019594868114,0.058823529411764705,0.011979315858884582,0.23958631717769155,0.905,0.03243386260824388,0.0035027239353463686,0.022556390977443608,0.7311089025856603,0.07844959793012135,0.8212750000000001,0.0175,0.025,0.09523809523809523,0.0,1.0788345704837872,0.0,0.14402562665945523
q_patient_1015,2,0.248,q_patient,collusive,0.876964,-0.018988667359165615,0.0,0.0,0.00826218682446867,0.23890660697258803,0.9475,0.027063187710021315,0.002993817129982306,0.018796992481203006,0.5674092237209294,0.04862121269344302,0.898375,0.0175,0.03333333333333333,0.05263157894736842,0.0003024134265475798,1.0819039492526232,0.0,0.019135175489618916
q_patient_1016,0,0.438,q_patient,collusive,0.615002,0.07322056032952094,0.007157272724742199,0.17796610169491525,0.06656189306253192,0.26773498885487695,0.0375,0.056320246123893636,0.02579679926031398,0.3483709273182957,0.6066044264968158,0.5178910467715101,0.0983,0.12,0.2560386473429952,0.9624060150375939,0.05608292116267913,1.091439419651219,0.11899332837994528,0.10958701582427831
q_patient_1016,1,0.149,q_patient,collusive,0.615002,0.15043913168696618,0.023770724849919104,0.03571428571428571,0.05980820466733722,0.17786826666866073,0.0575,0.05160552936861441,0.00813557861329088,0.10902255639097744,0.8570118748668751,0.4430041063275395,0.1253125,0.0675,0.07301931415057154,0.9423558897243107,0.02308052507962384,1.1320091090540834,0.08893413333433042,0.14771580504383366
q_patient_1016,2,0.287,q_patient,collusive,0.615002,0.009527508787228979,-0.016293543258601356,0.15,0.06369887178143505,0.26883462885482523,0.0425,0.054548501734627206,0.0170688653241159,0.23057644110275688,0.7211932985591005,0.5041535493650859,0.104725,0.0925,0.16478748524203068,0.9573934837092731,0.04276914549963127,1.1049124264214476,0.08961154295160859,0.15339574995972516
q_patient_1017,0,0.336,q_patient,collusive,0.657019,-0.03462169421192147,0.11098989556522458,0.08,0.022371515605479998,0.2869815412947871,0.7675,0.035530269280425665,0.006800200568388668,0.06766917293233082,0.6509747743097392,0.22515615749473222,0.5946499999999999,0.0675,0.1416075650118203,0.23057644110275688,0.032828949042055196,1.096199930807577,0.03913384654019818,0.18923622073585422
q_patient_1017,1,0.282,q_patient,collusive,0.657019,0.20411831890062657,0.27160934015829397,0.08571428571428572,0.020287023487549162,0.18264844297471913,0.785,0.0391851266600948,0.005395093643184506,0.047619047619047616,0.7598859659856356,0.19356843531220266,0.621825,0.05,0.11309523809523808,0.21303258145363407,0.030169608884216995,1.0658786878165436,0.04044358380154475,0.1478744687611041
q_patient_1017,2,0.201,q_patient,collusive,0.657019,-0.0018353978594535451,0.0189934294099397,0.03125,0.01647265195957407,0.18158828931813953,0.8325,0.02903587603188975,0.004291022948441533,0.041353383458646614,0.6628611208383385,0.14408091114373428,0.6973,0.0375,0.18725296442687747,0.16791979949874686,0.0031056347267689826,1.0718034440609896,0.03891177628245839,0.10991614982725124
q_patient_1018,0,0.228,q_patient,collusive,0.606445,0.03172506085959801,0.08989632134725152,0.0546875,0.06668424266828539,0.311063522650894,0.1625,0.06280124084698002,0.013789313425783675,0.16917293233082706,0.8031940578549848,0.47275869193615483,0.101975,0.075,0.11492673992673992,0.8370927318295739,0.03744283143020022,1.141220251659008,0.11664882099408519,0.06915560103156589
q_patient_1018,1,0.308,q_patient,collusive,0.606445,0.09182417431536927,0.02797458640714513,0.20754716981132076,0.06274181013192179,0.2338204104295222,0.1675,0.05709504348632749,0.017140969937502568,0.24060150375939848,0.7200915947082773,0.4547696471998231,0.10336250000000001,0.07,0.18843011380215932,0.8345864661654135,0.037101640467698184,1.1139534618461067,0.097425171012301,0.11850667108640521
q_patient_1018,2,0.108,q_patient,collusive,0.606445,-0.25569029050031666,-0.09516937060232726,0.017241379310344827,0.059951760024794166,0.23282236902832698,0.1775,0.04980150449183288,0.005251632384097599,0.07393483709273183,0.9021351623103613,0.43756681317124035,0.12433749999999999,0.0475,0.052024035420619855,0.8220551378446115,0.013040597172351653,1.05033477793684,0.07760745634277562,0.24765893282047793
q_patient_1019,0,0.31,q_patient,collusive,0.801726,0.24184736666134674,0.10951926822579464,0.13793103448275862,0.029184025470490923,0.22265741503371805,0.7775,0.056858778900500236,0.009685956293088707,0.08270676691729323,0.7607158699006136,0.21571870185272574,0.5737374999999999,0.055,0.12532299741602065,0.22055137844611528,0.06229106253919493,1.182688163127625,0.09542460644302204,0.24912204048254552
q_patient_1019,1,0.434,q_patient,collusive,0.801726,0.4427137300438586,0.17171803639310837,0.17721518987341772,0.02228080163852559,0.2546377330117206,0.79,0.05478615248081542,0.013003117318580991,0.11654135338345864,0.6764874239212619,0.23895113265363915,0.5852124999999999,0.065,0.20498199279711884,0.20802005012531327,0.07175173409016711,1.2045457700465472,0.09548914987939534,0.3941004242472453
q_patient_1019,2,0.145,q_patient,collusive,0.801726,0.20729694730012266,0.13952322690257626,0.11904761904761904,0.033644604935386874,0.19134372475101544,0.715,0.057785868001651794,0.0068337044553934065,0.05889724310776942,0.8388382928662577,0.24205012942836016,0.5033375,0.04,0.06494125119085424,0.2857142857142857,0.03913848915361676,1.1578528643408321,0.09567186237550766,0.20774166861332688
q_patient_1020,0,0.186,q_patient,collusive,0.775588,-0.003142711204716299,0.03279311824597855,0.037037037037037035,0.014000317148384917,0.24000543682945574,0.84,0.027536069706624818,0.002355943093355142,0.03508771929824561,0.8670976235112744,0.14887346673281998,0.708975,0.0325,0.10997442455242967,0.15789473684210525,0.0012800289964237635,1.0844243479476587,0.010000226534560617,0.15857257032628533
q_patient_1020,1,0.145,q_patient,collusive,0.775588,-0.1870601877782526,0.0,0.0,0.009304863214142131,0.14007320967525794,0.8875,0.01978428068410302,0.001955909479890819,0.023809523809523808,0.7417871976274029,0.10555244897471577,0.7893249999999999,0.025,0.05263157894736842,0.11278195488721804,0.0005930934872111439,1.060872874754292,0.0,0.18711913055224957
q_patient_1020,2,0.279,q_patient,collusive,0.775588,0.06918840996773283,0.11883577679747932,0.17142857142857143,0.011476368712345706,0.24055270663432046,0.87,0.02626416200148758,0.00447142666885015,0.05137844611528822,0.6075446955308519,0.1586170374015879,0.7495499999999999,0.055,0.13555555555555554,0.13032581453634084,0.00034199313060435,1.0703498295667782,0.0,0.045303422831155585
q_patient_1021,0,0.413,q_patient,collusive,0.655812,0.15464575025848515,0.11683642799735326,0.1921182266009852,0.08659496171358423,0.3048447497067871,0.085,0.08029765656260238,0.03504950599698966,0.3032581453634085,0.6224089609539998,0.431115992045218,0.12312500000000003,0.0625,0.20063596893536353,0.9147869674185464,0.06859006868402719,1.1414102410924354,0.17147517171006801,0.15323125386496317
q_patient_1021,1,0.418,q_patient,collusive,0.655812,0.18915032051035283,0.16231425531176047,0.17567567567567569,0.08578124354237325,0.2671718375068354,0.0225,0.07750778425006127,0.03740214409780622,0.3270676691729323,0.5646090765135938,0.4346805956232975,0.13166250000000004,0.075,0.2716377091377091,0.9774436090225563,0.0710500930512684,1.1395617412088739,0.17175332411153726,0.20255152906380697
q_patient_1021,2,0.252,q_patient,collusive,0.655812,0.04703145846769843,0.03051374967111997,0.08771929824561403,0.0804275825561318,0.26556277259100114,0.0825,0.07021478154043903,0.017970413182849716,0.15538847117794485,0.7561812296019972,0.40795908435097106,0.13820000000000002,0.0575,0.1213475006037189,0.9172932330827067,0.02752331256545393,1.1220648237613409,0.15175015576628662,0.10740592055661562
q_patient_1022,0,0.396,q_patient,collusive,0.400305,0.0720963104517062,-0.1547140573946016,0.12921348314606743,0.08493704906089608,0.33276023138450933,0.0325,0.06389602099964299,0.025728453980481472,0.25187969924812026,0.5504188421840894,0.38675128390709984,0.1655125,0.07,0.21755745954032368,0.9674185463659147,0.03807759694701931,1.1134198810494733,0.11646608098457828,0.14076283805531953
q_patient_1022,1,0.22,q_patient,collusive,0.400305,-0.01709419339646946,-0.10692051398054142,0.06306306306306306,0.0932292782126709,0.19995555648830218,0.0375,0.06521426360298287,0.014992490555409448,0.14786967418546365,0.7851800419772617,0.3673232022494579,0.1809625,0.0525,0.11937721081803748,0.9624060150375939,0.024197520241700275,1.091531893011655,0.1166407412848429,0.07023407560539624
q_patient_1022,2,0.186,q_patient,collusive,0.400305,0.04424351342445768,-0.021277431609307684,0.15294117647058825,0.08722232591646441,0.1991756253087674,0.0175,0.06259067441039529,0.013478049832924105,0.12280701754385964,0.7929748793356268,0.3434282167746029,0.2078125,0.0525,0.09943747180725448,0.9824561403508771,0.023307785940387616,1.0962048684696843,0.11784557830768728,0.10020955386718329
q_patient_1023,0,0.349,q_patient,collusive,0.741972,0.05118671442853049,0.008646034099293013,0.027777777777777776,0.010775010353618634,0.19049742061646202,0.905,0.028877996392184864,0.005430847517574575,0.046365914786967416,0.4783573358819241,0.10348891085519896,0.8202375,0.045,0.13942307692307693,0.09273182957393483,0.00039585461445236595,1.1001727220690045,0.0,0.12756600420836167
q_patient_1023,1,0.39,q_patient,collusive,0.741972,0.16106151306496905,0.030840539118742252,0.08823529411764706,0.010724737411175194,0.19066199842089232,0.895,0.029450426662075927,0.005077152213588927,0.046365914786967416,0.5633624120008403,0.11219850916459045,0.8021499999999999,0.0475,0.11063218390804597,0.10275689223057644,0.0008249798008596288,1.085010773070938,0.0,0.2901706878481648
q_patient_1023,2,0.265,q_patient,collusive,0.741972,0.2684689906911278,0.22870117474029855,0.16666666666666666,0.01593899777844925,0.16777892398367616,0.815,0.03628481157743195,0.005106053898536515,0.043859649122807015,0.7384879210420559,0.16201698096119022,0.6685875,0.04,0.05155038759689923,0.18295739348370926,0.02903216793278905,1.0930011541928648,0.05992104427988431,0.2790072099517652
q_patient_1024,0,0.34,q_patient,collusive,0.495063,0.14025981186605327,-0.025291716126231486,0.18840579710144928,0.07993817312030004,0.2705946621843726,0.19,0.056019640861833045,0.025770920208035474,0.3082706766917293,0.5726819404959815,0.470039216816022,0.0813375,0.0675,0.25449665693568135,0.8120300751879699,0.04214619242355802,1.0924391482542823,0.11274777591015513,0.16313806661960006
q_patient_1024,1,0.443,q_patient,collusive,0.495063,0.0582829855953013,-0.10339916276246293,0.27800829875518673,0.07627529460552376,0.2700010428514117,0.27,0.0598869080263322,0.03496254105427635,0.38596491228070173,0.4207173840723869,0.49135034722640825,0.0825125,0.0925,0.33410011041589993,0.7293233082706767,0.04735483406599371,1.1224924631565707,0.09225035630756562,0.17087060963036696
q_patient_1024,2,0.37,q_patient,collusive,0.495063,0.12014680025428058,-0.13427464575935158,0.19576719576719576,0.07916468165873927,0.26987959656388405,0.1975,0.05473302749525585,0.02356091716033907,0.2832080200501253,0.5959122432316252,0.45796473549655037,0.08976249999999998,0.0675,0.27865497076023393,0.8045112781954887,0.04189911544827422,1.1229975867159796,0.08995986552129477,0.2573379382802329
q_patient_1025,0,0.11,q_patient,collusive,0.849747,0.08737583454735684,-0.028099659381725924,0.041666666666666664,0.028582822765293888,0.15312226481407404,0.325,0.029488316344847297,0.0027822967917344337,0.06265664160401002,0.8523576783894997,0.30526680496629477,0.22911250000000005,0.03,0.12000000000000001,0.6766917293233082,0.007195595151037338,1.0596278356660276,0.06380094367253093,0.12281942079332069
q_patient_1025,1,0.422,q_patient,collusive,0.849747,0.09381607728069757,0.08037410119138542,0.11794871794871795,0.02138526985885831,0.1782105821571523,0.445,0.02794575772580713,0.0096347289315181,0.2731829573934837,0.6454331714788718,0.3282082190294323,0.20063750000000005,0.055,0.29893267651888344,0.5538847117794486,0.016005257116004794,1.0761656911119286,0.02545865459387899,0.12831511408650034
q_patient_1025,2,0.309,q_patient,collusive,0.849747,0.12232676919698764,0.08956623535016646,0.12056737588652482,0.023465273312263703,0.17854012302809308,0.445,0.03313878417301447,0.007734820940350626,0.19799498746867167,0.758523964283979,0.3299244334044492,0.19643750000000001,0.05,0.18215829730628535,0.5538847117794486,0.012848036571851086,1.0741793556422827,0.03825859779173431,0.10860885937644162
q_patient_1026,0,0.252,q_patient,collusive,0.771993,0.07158686995462207,0.003764856375398312,0.029411764705882353,0.016814278989668863,0.19781504693728086,0.8425,0.034742480394946734,0.005453547659925033,0.043859649122807015,0.652733861064241,0.14658359009935956,0.71335,0.045,0.10631578947368421,0.15789473684210525,0.0009510338795061582,1.084468932401206,0.04945376173432015,0.0942375076536121
q_patient_1026,1,0.485,q_patient,collusive,0.771993,0.2778773307216098,0.20017788984010168,0.19298245614035087,0.018105465264149186,0.2976240865339592,0.8575,0.044691787686670856,0.0109402337573051,0.08521303258145363,0.5798665561034886,0.1618817922654194,0.7329499999999999,0.0625,0.17375000000000002,0.14285714285714285,0.0006310943310728565,1.1421314927876884,0.04960401442232649,0.22152869708226297
q_patient_1026,2,0.295,q_patient,collusive,0.771993,0.08628112374145538,0.07877854229560242,0.075,0.02893021477077345,0.2731608261618097,0.7875,0.047791206466551744,0.0070328487938675025,0.05388471177944862,0.7795787854444385,0.1830315182118844,0.6209,0.0475,0.12648809523809523,0.21303258145363407,0.043457404162106035,1.1092920489425269,0.08691480832421199,0.07908969293343397
q_patient_1027,0,0.268,q_patient,collusive,0.723917,0.19293320481705364,0.08992359739952714,0.08,0.05153448764954144,0.19229286436396123,0.01,0.03228510571245058,0.003855496027347595,0.03383458646616541,0.7225625703786549,0.11380087460422862,0.7579750000000001,0.03,0.13016795865633074,0.9899749373433584,0.0008360559320172236,1.0961132927138524,0.038458572872792175,0.19284110919804068
q_patient_1027,1,0.444,q_patient,collusive,0.723917,0.215264578537839,-0.15580967484742483,0.11627906976744186,0.04822268156917807,0.23100685781642294,0.015,0.03535388583569096,0.006465104207894872,0.06015037593984962,0.6602611225593817,0.16630474840445503,0.6884250000000002,0.045,0.13044077134986226,0.9849624060150376,0.034714145300282065,1.094901337816693,0.0385011429694037,0.36911523890318004
q_patient_1027,2,0.16,q_patient,collusive,0.723917,0.13578220407967498,0.0,0.0,0.0522703327498511,0.1925242458558058,0.0,0.03371745298738769,0.0022195777717711964,0.018796992481203006,0.8740726882327039,0.11022837762351786,0.7283749999999999,0.015,0.041052212036668,1.0,0.018610677099394544,1.0721967486901007,0.05775727375674175,0.1356249163497901
q_patient_1028,0,0.268,q_patient,collusive,0.754469,0.40013900885219184,0.11307688199463571,0.06837606837606838,0.0667210314128415,0.31069164802254484,0.4475,0.10019939880378312,0.023204539125493324,0.15664160401002505,0.7668174067953569,0.3910522553409338,0.22797500000000007,0.0725,0.1005318236404186,0.5538847117794486,0.09735004971373072,1.2488601898923377,0.23301873601690865,0.3826658919259412
q_patient_1028,1,0.318,q_patient,collusive,0.754469,0.4337396795836757,0.07635072116977344,0.1276595744680851,0.07879835673552933,0.31456429834542654,0.2775,0.1022705391592088,0.026962654143893698,0.19924812030075187,0.7509845747790338,0.41973884417677243,0.17997500000000002,0.0775,0.16490610328638497,0.7243107769423559,0.1046531223341515,1.2573914453904322,0.23592322375906988,0.45100994292082625
q_patient_1028,2,0.165,q_patient,collusive,0.754469,0.3977347713013331,0.10200722251105995,0.0641025641025641,0.07310479225602091,0.2820763688335212,0.415,0.10702802448505513,0.017752508871171205,0.10401002506265664,0.8353633549106005,0.4048556733673735,0.20062500000000005,0.0575,0.07694633408919123,0.5839598997493735,0.07835454689820034,1.2375157288262595,0.23506364069460103,0.3817617593640131
q_patient_1029,0,0.296,q_patient,collusive,0.636648,0.2033688155408378,0.20434439249947212,0.17613636363636365,0.08105908670287926,0.256719197792175,0.015,0.07831268984717055,0.02676571084750496,0.2593984962406015,0.6908022622836627,0.6398805470890447,0.0394,0.13,0.1617692947784481,0.9849624060150376,0.05568831829030255,1.160722879729184,0.15403151867530487,0.16514915129845983
q_patient_1029,1,0.476,q_patient,collusive,0.636648,0.23700205270993963,0.1792316869218359,0.2708333333333333,0.0853065174957667,0.28137082232486776,0.025,0.07869669643810792,0.046318163392507834,0.45864661654135336,0.47987065113165833,0.671052727540288,0.03308749999999999,0.1725,0.29973860432330823,0.974937343358396,0.08175619405872156,1.1649318450616055,0.16626457682833087,0.16109897780075016
q_patient_1029,2,0.402,q_patient,collusive,0.636648,0.2862167571525697,0.12648917543746338,0.22784810126582278,0.08558753334116685,0.31005295097177427,0.015,0.08752582209564108,0.037817653167818745,0.36466165413533835,0.6398562748772005,0.6850481580949958,0.032287500000000004,0.185,0.25273692810457515,0.9849624060150376,0.08407856662281032,1.207233051478819,0.18086422140020159,0.28166538807281566
q_patient_1030,0,0.23,q_patient,collusive,0.653749,-0.004523781391199563,0.0,0.0,0.015794920525490176,0.16517563948225022,0.8625,0.03285561127007293,0.004657207880138634,0.03759398496240601,0.6870450603843972,0.11269387869920641,0.7469375,0.025,0.07275132275132275,0.13784461152882205,0.0006953637672504049,1.082651939841746,0.020646954935281278,0.03641400277955643
q_patient_1030,1,0.125,q_patient,collusive,0.653749,-0.018201605171216217,0.0,0.0,0.01308784732741625,0.16488626554225194,0.9,0.03076454032814862,0.0022728683220109916,0.016290726817042606,0.7917828228691126,0.08317349017815656,0.8119625,0.0175,0.021739130434782608,0.10025062656641603,0.001265112011833135,1.084551984435809,0.0,0.018342690304664365
q_patient_1030,2,0.371,q_patient,collusive,0.653749,0.3112974502637266,0.2864849793808616,0.19047619047619047,0.015545397160452758,0.16581756971149608,0.8675,0.038911465809855536,0.00789607474816648,0.06265664160401002,0.6067645480188734,0.1337765649702479,0.7300875000000001,0.0275,0.14542483660130717,0.13283208020050125,0.0009493372311726874,1.0794258213296701,0.043527112049267604,0.28832380071857017
q_patient_1031,0,0.468,q_patient,collusive,0.663221,0.12428061951446558,0.18418592271702694,0.2988929889298893,0.09491543228868227,0.31454989987964305,0.145,0.0897821829588603,0.052543235155333864,0.44110275689223055,0.4864671233968938,0.5911625289231155,0.043925,0.11,0.31198686371100165,0.8571428571428571,0.13088474647534304,1.1339833102211534,0.204457434921768,0.2589241057990417
q_patient_1031,1,0.416,q_patient,collusive,0.663221,0.043252037637231,-0.015585203831877953,0.25,0.09841653370160379,0.313428451278993,0.115,0.08668767627978291,0.04748558867121585,0.42606516290726815,0.5359955989682221,0.5999403298215956,0.039599999999999996,0.115,0.29832872746414,0.8847117794486216,0.07631301422445046,1.1380407083010617,0.17395279045984097,0.18170682781583228
q_patient_1031,2,0.119,q_patient,collusive,0.663221,0.11236627014357228,0.09759514618111367,0.047619047619047616,0.088325496126676,0.22160518741459934,0.1,0.07944262296865445,0.009838540364987582,0.08270676691729323,0.8814615992035044,0.5900927197184693,0.0462375,0.08,0.07890547263681592,0.899749373433584,0.03656262649496408,1.168391527190131,0.15828941958185666,0.10605237493686041
q_patient_1032,0,0.343,q_patient,collusive,0.658406,0.11356304891334393,0.08362336975753772,0.15178571428571427,0.08206256742260386,0.2753447438984911,0.0925,0.06937271815691799,0.029747682231066844,0.3233082706766917,0.6363948025747923,0.6246189297709401,0.0410375,0.1325,0.2193014705882353,0.9072681704260651,0.04852174763248786,1.1165820449205024,0.13767237194924561,0.21135573121824675
q_patient_1032,1,0.281,q_patient,collusive,0.658406,-0.14732684331015275,0.0673909170137626,0.10650887573964497,0.10723865811792656,0.25792831739741806,0.06,0.0798289292974729,0.02327172788548134,0.23433583959899748,0.7668272566478813,0.6258035956162977,0.0429125,0.14,0.1573788734805684,0.9398496240601504,0.05173635188302642,1.1445388593568049,0.1289641586987093,0.17814627418924292
q_patient_1032,2,0.475,q_patient,collusive,0.658406,0.02902321882207303,0.14860948633769427,0.27898550724637683,0.08530629768727951,0.25656029379632944,0.08,0.072376954940775,0.043650368088540725,0.4423558897243107,0.46428562725576156,0.664299164049308,0.037962499999999996,0.1625,0.31813725490196076,0.9197994987468672,0.07603936309348229,1.1250927011106067,0.12828014689816492,0.08145585755487982
q_patient_1033,0,0.113,q_patient,collusive,0.574954,-0.06156641764193181,0.00017324871374250358,0.0,0.02863537825512483,0.18253627572988013,0.45,0.02905010635664594,0.003202390802278588,0.05639097744360902,0.8598583577433914,0.2675587349183404,0.23363749999999997,0.0225,0.058943442054129075,0.5488721804511278,0.009441531503269634,1.04463178547716,0.0456340689324698,0.062388363931695535
q_patient_1033,1,0.376,q_patient,collusive,0.574954,0.0795399112276053,0.17527600326817705,0.12716763005780346,0.030158052241181878,0.18277607418898165,0.4675,0.0342090408085753,0.013914343993710023,0.24436090225563908,0.5021651294565646,0.2964421277781758,0.211275,0.04,0.17367724867724868,0.5338345864661654,0.02416873708284049,1.0949357472123578,0.045694018547245176,0.05871704319460623
q_patient_1033,2,0.426,q_patient,collusive,0.574954,0.21934278517721656,0.17559629345261554,0.19138755980861244,0.028481943361045967,0.1830165035247939,0.5475,0.04012583829763816,0.017774159176906616,0.3120300751879699,0.5596725203532619,0.31307031513860883,0.22230000000000003,0.0475,0.2520564042303173,0.45112781954887216,0.028209310693671177,1.0940446994009523,0.04575412588119824,0.2530137338821639
q_patient_1034,0,0.281,q_patient,collusive,0.679735,0.40082602201737927,0.052003795076828375,0.104,0.04570504555575855,0.2060775000903766,0.1525,0.054317670583193596,0.012248071970999837,0.17293233082706766,0.7828964346407595,0.3491498835490954,0.19676250000000003,0.05,0.13340035077212645,0.8471177944862155,0.039720153078644,1.1874133500992718,0.10303875004518823,0.416826805616649
q_patient_1034,1,0.211,q_patient,collusive,0.679735,0.25005434834047807,0.09500907606239514,0.10476190476190476,0.0507575964343401,0.20657161339556995,0.135,0.053780640634753726,0.010391447075573794,0.14536340852130325,0.8210595859265948,0.4190587081502325,0.153625,0.0625,0.12062818336162988,0.8646616541353384,0.03714218664501625,1.1642241848724428,0.08853069145524435,0.24139371856979328
q_patient_1034,2,0.224,q_patient,collusive,0.679735,0.2569437779310789,-0.02380923523928477,0.06666666666666667,0.04942454148851891,0.20841674121664583,0.215,0.057046164219389135,0.01212592926878087,0.16040100250626566,0.7968691530095958,0.385282069566151,0.15356250000000002,0.0525,0.14638238664265837,0.7844611528822055,0.03843933500051142,1.1539172276628753,0.11909528069522624,0.2755717404174084
q_patient_1035,0,0.149,q_patient,collusive,0.661079,-0.009012888544151498,0.03380701086243441,0.05555555555555555,0.060160126542061744,0.18490488948163883,0.115,0.05209530215885147,0.00930151699683861,0.11904761904761904,0.8260203285038115,0.5094450737279509,0.0670625,0.065,0.09250887956086534,0.8847117794486216,0.023113111185204822,1.0699880289524453,0.10565993684665068,0.08174696001972005
q_patient_1035,1,0.324,q_patient,collusive,0.661079,0.04984185621180533,0.10523540733714934,0.15544041450777202,0.07540566115244753,0.2391721411002741,0.05,0.06710881251746417,0.024376776285909306,0.2794486215538847,0.6899768853259465,0.6225155560356559,0.0440375,0.1325,0.1969836486411072,0.949874686716792,0.045708453632496836,1.1109723472854744,0.11958607055013719,0.0950517477186326
q_patient_1035,2,0.435,q_patient,collusive,0.661079,0.07952477786211759,0.1438770144113021,0.25296442687747034,0.07131253519673184,0.2394823943173828,0.085,0.0642194384091041,0.03371159853172851,0.3972431077694235,0.5407373687295417,0.6253945079615253,0.03685,0.13,0.28203494721514377,0.9147869674185464,0.04992793047596573,1.0930745261083625,0.1330457746207683,0.11793268492720362
q_patient_1036,0,0.196,q_patient,collusive,0.796317,0.005957964926252164,0.08200825787396257,0.041666666666666664,0.07418564556023996,0.3137761443635523,0.1125,0.07451428106658345,0.009717735942516032,0.06265664160401002,0.7915590556360532,0.29191652092587234,0.39343749999999994,0.05,0.050904725914729027,0.8872180451127819,0.04754184005508367,1.151789740424519,0.11206290870126863,0.05534858651988414
q_patient_1036,1,0.31,q_patient,collusive,0.796317,0.28646002440349033,-0.06633846839124619,0.17105263157894737,0.0762415255678381,0.36090662990692535,0.045,0.0834204439286936,0.01899508578457502,0.11152882205513784,0.7005449391609411,0.31348177766587115,0.4384125,0.065,0.14768025354344574,0.9548872180451128,0.08291956901910877,1.2762121119893062,0.13533998621509707,0.3304310382864457
q_patient_1036,2,0.427,q_patient,collusive,0.796317,0.2807838915324386,-0.034404070467854396,0.15384615384615385,0.07762118855646216,0.3610287839835443,0.04,0.08198814556774175,0.021546360698266043,0.13157894736842105,0.6739270366996699,0.3066008722912849,0.44693749999999993,0.0675,0.17625054608999563,0.9598997493734336,0.08110950721251925,1.2400819569047485,0.1353857939938292,0.3588592802675995
q_patient_1037,0,0.469,q_patient,collusive,0.725936,0.09705882254093587,-0.008865088844057465,0.15483870967741936,0.06412349523956781,0.3170506563143029,0.05,0.058116181212711546,0.023758933894229728,0.22431077694235588,0.5343504355991461,0.36235544817879617,0.2887875000000001,0.105,0.17663612195259915,0.949874686716792,0.04483294436944439,1.1377518479645663,0.09511519689429099,0.15173754045318752
q_patient_1037,1,0.205,q_patient,collusive,0.725936,0.008662694074879887,-0.06148164455511842,0.07142857142857142,0.0645070260631168,0.2535902744495993,0.045,0.05604541532181706,0.010010142412484178,0.09398496240601503,0.7882082796441889,0.3440004416119852,0.2806249999999999,0.055,0.08304355025666502,0.9548872180451128,0.01786201337889041,1.0983568276860778,0.09509635291859977,0.11284200978737943
q_patient_1037,2,0.263,q_patient,collusive,0.725936,0.03222222560169308,-0.01883005397004713,0.15217391304347827,0.06532837415631271,0.2864581570800557,0.0125,0.05748348649828657,0.013680750191932486,0.13283208020050125,0.746521648018307,0.37879203761080305,0.28002499999999997,0.09,0.10683626875407697,0.9874686716791979,0.04058157225300791,1.113648644258309,0.09548605236001867,0.06714703459728791
q_patient_1038,0,0.192,q_patient,collusive,0.636367,0.17252447217733866,0.05096400359754269,0.11711711711711711,0.05102006918426914,0.2293036817270522,0.1975,0.05482740580449486,0.011467796340644335,0.15538847117794485,0.8153768318259462,0.5853259624040795,0.0492125,0.095,0.11237373737373738,0.8020050125313283,0.0247543747318977,1.1185366797797696,0.09380605161561231,0.21309603388081055
q_patient_1038,1,0.471,q_patient,collusive,0.636367,0.35195077012732395,0.2768000717635674,0.23846153846153847,0.0493949577288777,0.2519615272036271,0.205,0.057402251474088506,0.02831146650700738,0.40350877192982454,0.6101598641041834,0.5983075290704543,0.052925,0.14,0.3032193958664547,0.7969924812030075,0.04426351153577231,1.110492390716771,0.13647916056863132,0.2598373822285791
q_patient_1038,2,0.252,q_patient,collusive,0.636367,0.10423146509244,0.11240025390845805,0.06474820143884892,0.05328175535714284,0.2539746034898565,0.205,0.053161395500295104,0.013314040408511705,0.18546365914786966,0.7742511951347715,0.5762275391806342,0.059425000000000006,0.1175,0.12784207502257244,0.7944862155388471,0.027408092626613707,1.076833108539936,0.11640502659951768,0.0899410065120004
q_patient_1039,0,0.309,q_patient,collusive,0.595068,0.13220546400926314,-0.027065119086584048,0.06962025316455696,0.0948531261586574,0.2719802900606665,0.0425,0.07662884976739485,0.026641344201848903,0.21177944862155387,0.6747900809087555,0.3708238637458367,0.1727875,0.0625,0.16270526633220933,0.9573934837092731,0.049280832373377596,1.1621959321995312,0.113325120858611,0.17598341238367238
q_patient_1039,1,0.231,q_patient,collusive,0.595068,0.12119399824209745,0.1438924641092413,0.07627118644067797,0.08909599878225667,0.3169870350575844,0.0475,0.07146889054316435,0.018045448827123483,0.15914786967418545,0.7370988345326943,0.3492790416757222,0.18406250000000002,0.0475,0.10567981905001256,0.9523809523809523,0.0366492274188853,1.1633812861498325,0.11320965537770862,0.1144023391047849
q_patient_1039,2,0.398,q_patient,collusive,0.595068,0.03528151181469171,0.12573194296786025,0.14673913043478262,0.09626635105254727,0.27181087356013356,0.0425,0.0790795092463704,0.03451566648382648,0.2644110275689223,0.5758982498467364,0.3760108039857263,0.16968750000000005,0.0575,0.18153759820426485,0.9573934837092731,0.06307406168510787,1.1629203151691596,0.11325453065005577,0.08691445855360012
q_patient_1040,0,0.283,q_patient,collusive,0.727638,0.3335232558133422,0.27763790980426883,0.14814814814814814,0.0339393552557285,0.1638922587801772,0.0,0.028456077660695772,0.00410757540802449,0.03884711779448621,0.7053096966161205,0.10709415624248915,0.7904375,0.0325,0.06435309973045822,1.0,0.0018850455111435304,1.0689452962205965,0.0,0.2827422164321853
q_patient_1040,1,0.435,q_patient,collusive,0.727638,0.10573496164390912,0.2371408487567461,0.13513513513513514,0.037099740286244576,0.24641893917062718,0.0125,0.031755861994106946,0.005489700677708212,0.05263157894736842,0.6713513341074187,0.14089506824058712,0.729325,0.0425,0.09569597069597069,0.9874686716791979,0.0010881748026053343,1.098171376276043,0.04106982319510453,0.09801060144001104
q_patient_1040,2,0.181,q_patient,collusive,0.727638,-0.12857281261935413,0.0,0.0,0.0367278949351085,0.16384191049118987,0.0,0.027163658383773902,0.0020531567730725543,0.021303258145363407,0.8501713488033118,0.11868596095739516,0.7235625000000001,0.0225,0.025047080979284368,1.0,0.0011764105844667683,1.0532814978296101,0.040960477622797434,0.12866546993271896
q_patient_1041,0,0.147,q_patient,collusive,0.539183,-0.11391420988412326,-0.005640621070041517,0.060240963855421686,0.09689143872190503,0.3048006541765917,0.035,0.08137812914718148,0.011958151749553968,0.11027568922305764,0.8698301797688502,0.6408422869169177,0.058912500000000007,0.1175,0.06429597701149425,0.9649122807017544,0.035169306251145185,1.124399989699253,0.16412342917201095,0.12022968650870092
q_patient_1041,1,0.389,q_patient,collusive,0.539183,0.13956499034103267,0.05744371822141239,0.1415929203539823,0.09664638913555798,0.3098404583877321,0.025,0.0841422630040857,0.03888685914987732,0.3233082706766917,0.5639974992995633,0.6344352266074702,0.05429999999999999,0.1725,0.22045229448662923,0.974937343358396,0.08699366716270936,1.1841551648903148,0.19067105131552747,0.11445973664298613
q_patient_1041,2,0.466,q_patient,collusive,0.539183,0.13475635989007337,0.123748434507055,0.2549019607843137,0.10178280303595075,0.3098773862921216,0.0175,0.09204918040723323,0.04892800836191395,0.40100250626566414,0.5397248436066284,0.624955204168659,0.055499999999999994,0.135,0.2653337498698324,0.9824561403508771,0.09905916447043227,1.1840140498214335,0.19069377617976715,0.09759308496611294
q_patient_1042,0,0.354,q_patient,collusive,0.627601,0.2686808137060124,0.22724128292356915,0.1206896551724138,0.1263455056866257,0.3672167286078129,0.1675,0.13340650873532045,0.04935337611928314,0.24436090225563908,0.6419571414344907,0.45773997968660673,0.0987,0.0675,0.18905319761859035,0.8320802005012531,0.11858040194627295,1.2198440597783744,0.2983635919938481,0.20509202978474092
q_patient_1042,1,0.449,q_patient,collusive,0.627601,0.19143830169471174,0.20976916034688453,0.14732142857142858,0.11821571356863624,0.3572146207928573,0.175,0.12757045795514582,0.061102500925094026,0.3220551378446115,0.5325252190583043,0.4326666633376761,0.11697499999999998,0.0675,0.2191529235382309,0.8245614035087719,0.14116847033256194,1.219848306689947,0.2902368793941967,0.17358499654159315
q_patient_1042,2,0.391,q_patient,collusive,0.627601,0.15506666941526953,0.25091120187865495,0.14492753623188406,0.11574305543669097,0.3554489226462677,0.205,0.12242823396579378,0.057626822515489846,0.2969924812030075,0.540332278427521,0.432944980266376,0.11742499999999999,0.065,0.18765852885225112,0.7969924812030075,0.14629757486965292,1.225907922451918,0.2665866919847009,0.07184161883733077
q_patient_1043,0,0.167,q_patient,collusive,0.748544,0.22629056764560004,-0.06143885825793778,0.027777777777777776,0.025772074488426267,0.2128666919398042,0.6925,0.04002640734251034,0.004077467962327071,0.046365914786967416,0.8541415485046644,0.26834261203880083,0.46553750000000005,0.05,0.08509454949944383,0.3057644110275689,0.011185113533782806,1.118016817834229,0.06081905483994391,0.32627687547088147
q_patient_1043,1,0.18,q_patient,collusive,0.748544,0.224933347319839,0.04836121906407578,0.047619047619047616,0.024340729597377857,0.18198676334488129,0.7075,0.04171385028712413,0.005017178939332565,0.05513784461152882,0.8329729434820898,0.25101332496726025,0.49459999999999993,0.055,0.07714786674459381,0.2932330827067669,0.027246605811521763,1.120525718293765,0.06066225444829368,0.2341661546318116
q_patient_1043,2,0.204,q_patient,collusive,0.748544,0.277032618579856,0.01833207606540074,0.047619047619047616,0.018813144957502446,0.1820626931371206,0.8075,0.03671070395878652,0.004791123503608435,0.05513784461152882,0.7987159751769035,0.24029465090165875,0.5794874999999999,0.0475,0.1332528180354267,0.19298245614035087,0.02745389817147055,1.1013428358639763,0.060687564379040236,0.289004156136108
q_patient_1044,0,0.172,q_patient,collusive,0.702018,-0.0020714440254743704,0.10868585227358327,0.1044776119402985,0.0458410594859977,0.2585629677236064,0.465,0.052932528475605416,0.008397356199043604,0.09273182957393483,0.8221198352333912,0.428457218984409,0.24272500000000005,0.0725,0.09356343283582089,0.5363408521303258,0.023641752835839015,1.1035211864684853,0.08618765590786888,0.07212421192804491
q_patient_1044,1,0.427,q_patient,collusive,0.702018,0.05903794088945819,0.11823240773742123,0.13385826771653545,0.038229622511111575,0.2580902785560276,0.5675,0.0502147452184027,0.015632034415465325,0.18045112781954886,0.6342106099751044,0.4284540463368061,0.3190624999999999,0.13,0.25,0.43107769423558895,0.04822389970415359,1.1191132126315753,0.06452256963900681,0.10402830570731383
q_patient_1044,2,0.189,q_patient,collusive,0.702018,0.07493932410177458,0.14694595296393806,0.08536585365853659,0.04154062741385861,0.19396401905303637,0.475,0.04943440909128781,0.010910813658789572,0.11152882205513784,0.7198245905609802,0.40221273543112057,0.23791250000000003,0.0775,0.11984795750137388,0.5238095238095238,0.032327336508839385,1.1165578757976768,0.08620623069023849,0.038624106305407066
q_patient_1045,0,0.218,q_patient,collusive,0.748242,0.31445580950411384,0.1477118768576834,0.1590909090909091,0.031256268843207535,0.25257590984410166,0.805,0.060139463231915546,0.010128357286981506,0.06390977443609022,0.7550969265832561,0.19306934669428866,0.5741875000000001,0.0375,0.1859903381642512,0.19298245614035087,0.0450642916068001,1.1702671371576203,0.0841919699480338,0.3162057922309908
q_patient_1045,1,0.357,q_patient,collusive,0.748242,0.2776837198469881,0.0958840642122274,0.1,0.02330419195982355,0.2508074471012403,0.825,0.050815011859334375,0.011105091642744957,0.08270676691729323,0.6623939468439773,0.19338979679747095,0.6479625,0.0575,0.18205574912891986,0.17293233082706766,0.06096014339266246,1.1785187814177003,0.08360248236708001,0.3316634847608941
q_patient_1045,2,0.415,q_patient,collusive,0.748242,0.13215107579807955,0.06291607333617866,0.08108108108108109,0.0329288009176556,0.2927004526013832,0.7825,0.055357788120413205,0.014042914661147625,0.10025062656641603,0.6062511998143595,0.21385408897159308,0.5902374999999999,0.0625,0.23792613636363635,0.21553884711779447,0.06378460226180256,1.1781493048090397,0.0836287007432523,0.14119081318447263
q_patient_1046,0,0.305,q_patient,collusive,0.791057,0.10571341394855674,0.15974202037075136,0.11764705882352941,0.0086680585903027,0.23563654420240362,0.9275,0.02439696315219252,0.002699738422655536,0.023809523809523808,0.6333896718677453,0.07218698410421592,0.8521375,0.0225,0.0625,0.07017543859649122,0.0005205520122291693,1.068184635887662,0.0,0.05528711886212427
q_patient_1046,1,0.269,q_patient,collusive,0.791057,-0.4511852260388792,9.8712960688886e-21,0.0,0.008137101302594273,0.3019955122612306,0.9275,0.02190953386268519,0.0019763003447894507,0.017543859649122806,0.753214861235219,0.07202560286765142,0.8613750000000001,0.0225,0.10714285714285714,0.07017543859649122,0.00075057364158493,1.0523030699333948,0.0,0.5726629920976077
q_patient_1046,2,0.469,q_patient,collusive,0.791057,0.04204111531490045,0.13931201209088628,0.2857142857142857,0.007488615446815861,0.302910287736372,0.945,0.026532147417030538,0.005609449772895777,0.045112781954887216,0.3929677043902448,0.07621246539790179,0.8793375000000001,0.03,0.34615384615384615,0.05263157894736842,0.0003012747959867301,1.0879240026249886,0.0,0.16324389651144025
q_patient_1047,0,0.108,q_patient,collusive,0.709237,-0.1217976807905942,-0.00015475506747474903,0.0,0.10048398860622633,0.24894681861902923,0.4375,0.0899251603516834,0.007884166732295524,0.047619047619047616,0.915169416903161,0.2631465009776975,0.23761250000000003,0.0175,0.03,0.5639097744360902,0.0260837960956764,1.1117089494055024,0.1810522317229303,0.13612207413303698
q_patient_1047,1,0.133,q_patient,collusive,0.709237,0.0713384833028219,-6.552861446862203e-22,0.0,0.0901326139031491,0.2942181998094006,0.49,0.09309112308121083,0.014294001610173315,0.08270676691729323,0.8444463883804865,0.28051929258759484,0.24556250000000002,0.035,0.06407520325203252,0.5087719298245614,0.033654329548627765,1.1552770910691539,0.18105735372886197,0.10351033756889641
q_patient_1047,2,0.182,q_patient,collusive,0.709237,0.16147859280604931,0.08852400257999839,0.05405405405405406,0.07811238145728283,0.24869354443708,0.5425,0.09001924428368907,0.0163189202091317,0.09774436090225563,0.8182919986315591,0.3069271354484708,0.2299875,0.03,0.07536764705882354,0.45614035087719296,0.04587423203411254,1.1415624735783474,0.18086803231787632,0.16532417303095126
q_patient_1048,0,0.146,q_patient,collusive,0.847943,0.22295832600310794,0.07331794085029826,0.03125,0.08714233744589099,0.2830609569008058,0.01,0.06503661992743406,0.005472714526546191,0.041353383458646614,0.8888448557271332,0.24909056677011016,0.416625,0.035,0.041204684190855864,0.9899749373433584,0.03252563790475095,1.1537230198386057,0.12131183867177381,0.2900570629380631
q_patient_1048,1,0.328,q_patient,collusive,0.847943,0.39879580753981225,0.10429308218140694,0.14583333333333334,0.06460181949501322,0.2830752653928589,0.0125,0.07476907269012797,0.010743278958697831,0.06892230576441102,0.8058973235994698,0.22430461674347313,0.5644125,0.055,0.1144766693236863,0.9874686716791979,0.06029792005179517,1.272387125748415,0.1213179708826537,0.40810718518137556
q_patient_1048,2,0.201,q_patient,collusive,0.847943,0.476932996173268,0.08331158607094334,0.02127659574468085,0.06284296120914022,0.2838069215896652,0.01,0.07224357755976901,0.008992807934366404,0.06015037593984962,0.8261509391661612,0.27814801822912233,0.5027,0.0725,0.0816740412979351,0.9899749373433584,0.0431135263179471,1.2372752294515608,0.12365873012121101,0.5671398613679419
q_patient_1049,0,0.451,q_patient,collusive,0.620823,0.3692855423495728,-0.04975311617206004,0.23076923076923078,0.045720614724951626,0.23334285027088583,0.05,0.049767404649155286,0.014693581736982457,0.16040100250626566,0.6339668297805705,0.36510487220438614,0.42233749999999987,0.11,0.1807338872104733,0.949874686716792,0.04414068917624252,1.1429794660053474,0.08750356885158203,0.44937505084331575
q_patient_1049,1,0.277,q_patient,collusive,0.620823,0.1160068164070885,-0.03427829978193737,0.1095890410958904,0.05099766872369428,0.2909995362265011,0.05,0.04757803766724021,0.008606001321986747,0.10150375939849623,0.7757816616065378,0.3757873528193599,0.39064999999999994,0.0925,0.12278516057585825,0.949874686716792,0.029815526252715267,1.1086849005112382,0.0727498840566252,0.2501830936085604
q_patient_1049,2,0.112,q_patient,collusive,0.620823,-0.1810563343239003,-0.015144563320384488,0.024390243902439025,0.06881323854594745,0.26298052947495837,0.03,0.05774192959944971,0.004906626420167703,0.05263157894736842,0.9113312366649133,0.3802293207774571,0.22672499999999998,0.05,0.020744325767690253,0.9699248120300752,0.014235413276422254,1.0865994916737542,0.10227020590692826,0.20479043656104706
q_patient_1050,0,0.458,q_patient,collusive,0.828755,0.45826332634071004,0.2952067812212868,0.2553191489361702,0.010355307309946854,0.1982931187011099,0.8875,0.03328457044108447,0.007233750640447062,0.07393483709273183,0.5473696881415797,0.15898561131883956,0.7664749999999999,0.0675,0.20850202429149797,0.11278195488721804,0.0013770355465354855,1.0998367859261347,0.033048853116851656,0.35990160830189993
q_patient_1050,1,0.222,q_patient,collusive,0.828755,0.4178221921018943,0.032108086987207594,0.06060606060606061,0.01222672872202967,0.19827127657345406,0.8475,0.035179940158010264,0.003368016672509245,0.043859649122807015,0.8403081932734873,0.16077525583793756,0.7126625,0.0475,0.09610983981693363,0.15288220551378445,0.0016098949807246271,1.1134486183544925,0.022030141841494898,0.4526349941814649
q_patient_1050,2,0.381,q_patient,collusive,0.828755,0.386771363679523,0.128040542981195,0.1111111111111111,0.016304250218109193,0.19896712130573932,0.84,0.042162027372607616,0.006261009386674616,0.06265664160401002,0.7552638491958887,0.19288895812887108,0.6990875000000001,0.0625,0.16016016016016016,0.16040100250626566,0.0012502932501360369,1.1976905762137728,0.04421491584571985,0.45213784289207326
q_patient_1051,0,0.232,q_patient,collusive,0.712487,0.14451322883422654,0.12870397442578077,0.10185185185185185,0.08932405855399445,0.3206504666040826,0.195,0.08604279413491778,0.021985164466409534,0.14912280701754385,0.7565473560261742,0.3710535104145012,0.15990000000000007,0.055,0.10195360195360195,0.8045112781954887,0.039307537894515944,1.113487839981721,0.1832288380594758,0.14521780948301088
q_patient_1051,1,0.313,q_patient,collusive,0.712487,-0.1207667479054693,0.12698495989582978,0.10967741935483871,0.11165696582540008,0.3634814757286674,0.1275,0.08597112353501438,0.033820174903325284,0.21553884711779447,0.6277342122230245,0.35513085214443213,0.18287499999999995,0.0475,0.13074517781796263,0.87468671679198,0.06475575356147413,1.1226051215083424,0.1590231456312922,0.17859147565129294
q_patient_1051,2,0.209,q_patient,collusive,0.712487,0.2141917027931575,0.06856677511653514,0.08045977011494253,0.08804923545567502,0.32059539567736023,0.21,0.08686750839676796,0.01928393357457807,0.11779448621553884,0.7746986012859074,0.2997039196267478,0.2259875,0.0325,0.11112352021442931,0.7919799498746867,0.030998335296330157,1.1735362316539106,0.16029769783868025,0.2296434657509844
q_patient_1052,0,0.193,q_patient,collusive,0.757658,0.09210132110402952,0.10842638211371411,0.11926605504587157,0.09398623714694207,0.29860599570116625,0.075,0.08235610423361613,0.017175457647473098,0.15288220551378445,0.7970540485665246,0.5129713755024785,0.077775,0.085,0.10182926829268293,0.924812030075188,0.05571007382484445,1.1691967137802792,0.14930299785058318,0.07820119412961234
q_patient_1052,1,0.3,q_patient,collusive,0.757658,0.1556243144636064,0.041507954952352426,0.13496932515337423,0.10355606910831416,0.3030170273835089,0.0575,0.08676928915991514,0.025858971885735545,0.23182957393483708,0.7368924568407447,0.5639968189232438,0.0651625,0.1075,0.19317105946309135,0.9423558897243107,0.052186265827159885,1.2158499674170826,0.15150851369175464,0.15002180367326343
q_patient_1052,2,0.166,q_patient,collusive,0.757658,0.13910012996411084,-0.02039875451689455,0.10810810810810811,0.10085123989095424,0.30422696799684534,0.0425,0.08166058603359035,0.018451861216851276,0.15413533834586465,0.7752168967947917,0.5400227837455549,0.0781,0.1025,0.13362840192108486,0.9573934837092731,0.034184643178140156,1.2110144123544,0.15211348399842287,0.17848472168314372
q_patient_1053,0,0.19,q_patient,collusive,0.753985,0.18028670664187885,0.14046319277576663,0.07317073170731707,0.054018793950174074,0.23815901140357346,0.0075,0.06547858640855733,0.008356456540476266,0.05513784461152882,0.8181249514893023,0.2389639922405768,0.5545499999999999,0.055,0.03193554078691995,0.9924812030075187,0.04983125058227729,1.190015472779219,0.09851122744420532,0.17176214737743112
q_patient_1053,1,0.236,q_patient,collusive,0.753985,0.16559809756903207,0.0058908285865551385,0.07352941176470588,0.06827267900809296,0.2853841887798103,0.01,0.07999036232550838,0.014635086604092832,0.09147869674185463,0.7659230304267363,0.32025143237698767,0.448125,0.085,0.05852087651761918,0.9899749373433584,0.06073560940698523,1.220836758975795,0.1207394644837657,0.16630706637533088
q_patient_1053,2,0.423,q_patient,collusive,0.753985,0.3328846524777259,0.19739071657586169,0.14893617021276595,0.05928305942795399,0.24130014938297706,0.0375,0.07721304585208737,0.019462349710998816,0.13533834586466165,0.6912324028522481,0.3378621193922495,0.436125,0.0975,0.09859077093119645,0.9624060150375939,0.08885822365288805,1.222068799964354,0.1217468935523199,0.2818060514412787
q_patient_1054,0,0.206,q_patient,collusive,0.722308,0.2244809166145821,-0.2562300241674689,0.13636363636363635,0.05463678540943519,0.19409160003351764,0.0,0.034037872657578516,0.003307826767488521,0.03132832080200501,0.8196125490794754,0.14331324539932455,0.6536000000000002,0.0225,0.0582010582010582,1.0,0.0006616759092051712,1.105041194867876,0.038818320006703384,0.47249644836273397
q_patient_1054,1,0.256,q_patient,collusive,0.722308,0.08659283264131026,0.030474918986821087,0.038461538461538464,0.05113707657377459,0.27377402372192905,0.005,0.039058294311664354,0.003724816649277948,0.03383458646616541,0.7889170720553896,0.14986365733428264,0.7171749999999998,0.0375,0.07275326198504618,0.9949874686716792,0.0006017011510372068,1.1208230702137882,0.039110574817418545,0.15598479077084274
q_patient_1054,2,0.123,q_patient,collusive,0.722308,0.03540034454430475,0.09639253854237602,0.1,0.05407561800009245,0.27330637256364415,0.0675,0.03285688021581064,0.002642059455502468,0.02756892230576441,0.8525198484221213,0.21201352532842305,0.45557500000000006,0.025,0.04298172757475083,0.9323308270676691,0.010113747005367223,1.0326582846867545,0.03904376750909213,0.13471438918811818
q_patient_1055,0,0.256,q_patient,collusive,0.575253,0.13605967326163998,0.08629409583559436,0.07228915662650602,0.08340675635704249,0.26399764623396293,0.045,0.04965523255569891,0.01149613810354663,0.11152882205513784,0.6760574872549943,0.3189553987551228,0.39042499999999986,0.0725,0.14318744838976052,0.9548872180451128,0.03566879962903725,1.1063818116351842,0.08249926444811316,0.15213035048287973
q_patient_1055,1,0.464,q_patient,collusive,0.575253,0.2173031767265498,0.1330642242217434,0.16363636363636364,0.08050580758310184,0.29878444051460534,0.0125,0.050802231892621535,0.016058311617744046,0.16040100250626566,0.5746438207050202,0.3019902565544102,0.46762499999999985,0.0975,0.216528162511542,0.9874686716791979,0.06206633305375856,1.1410061888263945,0.08299567792072388,0.2151037025706816
q_patient_1055,2,0.327,q_patient,collusive,0.575253,0.047666057966839204,0.07209001107622116,0.19230769230769232,0.08484167473884056,0.30002949809413215,0.005,0.05489517894208327,0.012783211698246234,0.11654135338345864,0.6805442947095666,0.31899403531265846,0.4267874999999999,0.075,0.11987179487179486,0.9949874686716792,0.054037570893297984,1.1362712597187252,0.08334152724837009,0.13464166697042335
q_patient_1056,0,0.425,q_patient,collusive,0.645005,0.18140117984712475,0.10519438488475434,0.26515151515151514,0.07861148757929143,0.2588032512898484,0.1075,0.07908735162425327,0.03840428363438539,0.41854636591478694,0.5821061604165186,0.6839920393653147,0.034962499999999994,0.1925,0.2763527701502181,0.8922305764411027,0.07888181289313868,1.1796105442893472,0.14018509444866778,0.16041601348374201
q_patient_1056,1,0.364,q_patient,collusive,0.645005,0.10782358490857412,0.12075854174497681,0.21818181818181817,0.0859060337426136,0.2613111292550985,0.095,0.07975022121252721,0.0326638911568873,0.3358395989974937,0.6410873639231087,0.6802739044515617,0.0388,0.16,0.2185984406654798,0.9047619047619048,0.07292070438094576,1.1682894830699762,0.15243149206547402,0.1022413572503854
q_patient_1056,2,0.427,q_patient,collusive,0.645005,0.13080621501356485,0.08990450555127096,0.22083333333333333,0.08749908277911138,0.30359037395478555,0.075,0.07891466861263344,0.03600584009041271,0.3671679197994987,0.6081773948479513,0.6409291386630747,0.040825,0.16,0.2545828437132785,0.924812030075188,0.06257033748919312,1.1440807111900764,0.14095267362186475,0.11025651080263342
q_patient_1057,0,0.206,q_patient,collusive,0.478688,0.1640003602785694,-0.1506099113288302,0.08571428571428572,0.0798801667056844,0.35700633164551665,0.1525,0.07955283973254358,0.014092355196533561,0.14285714285714285,0.83209968751328,0.5422943994546321,0.08460000000000001,0.085,0.11521464646464646,0.8471177944862155,0.03463494262232622,1.1387296197631953,0.1561902700949136,0.31489039871857777
q_patient_1057,1,0.433,q_patient,collusive,0.478688,0.16951555981350028,0.05108777065006135,0.24186046511627907,0.07612557267483187,0.3107166231625787,0.2375,0.07309976565663981,0.03287388547960691,0.33458646616541354,0.5700464045728411,0.5568594129648312,0.07159999999999998,0.11,0.3143586439333862,0.7644110275689223,0.06436272908367704,1.1740619894801534,0.11097022255806399,0.2075642789441967
q_patient_1057,2,0.421,q_patient,collusive,0.478688,-0.05075582224871258,-0.10708177542559623,0.22325581395348837,0.07883131298355386,0.35036139103801683,0.235,0.07156731150720935,0.03205060344082112,0.32957393483709274,0.5852365793952325,0.556493751354487,0.08145,0.1225,0.23846153846153847,0.7644110275689223,0.06153977019309995,1.1597373813529228,0.10948793469938041,0.06213761607345215
q_patient_1058,0,0.458,q_patient,collusive,0.799968,0.23655628865227152,0.11644856313902233,0.15625,0.008172297977290206,0.1885914917836201,0.9175,0.025464129467154886,0.0045690503439640645,0.046365914786967416,0.5455829612743566,0.10646852881438515,0.8242625,0.045,0.25217391304347825,0.08270676691729323,0.0010613373996480784,1.099819212776879,0.0,0.22490615473937264
q_patient_1058,1,0.441,q_patient,collusive,0.799968,0.14389546988456353,0.08004799175816835,0.11363636363636363,0.013687941491927353,0.18879919299210132,0.86,0.030581628467659685,0.006190783897192966,0.06140350877192982,0.5837636062037768,0.14043195308149212,0.7415874999999998,0.0525,0.26051051051051055,0.13784461152882205,0.0013425720390549407,1.0799427827657737,0.0,0.14385400637714563
q_patient_1058,2,0.309,q_patient,collusive,0.799968,0.03899547552193111,0.025087480146945784,0.07692307692307693,0.011684057981978895,0.18819959165603586,0.8775,0.027235208591879133,0.002712149503815054,0.03508771929824561,0.7999292568562613,0.11721012042086555,0.7714749999999999,0.0375,0.18067226890756302,0.12030075187969924,0.0014755792356544028,1.0833834657647257,0.0,0.058726497103510765
q_patient_1059,0,0.129,q_patient,collusive,0.679242,0.16986032334517934,0.11504658898810324,0.0547945205479452,0.0840879338906161,0.2594578605320553,0.0275,0.07742127481321823,0.010463440718654316,0.09649122807017543,0.8813016607841375,0.5985857882928245,0.061262500000000004,0.0975,0.05503132080501133,0.9724310776942355,0.03144943764024914,1.1193364851275374,0.1533160084962144,0.17697070240109114
q_patient_1059,1,0.475,q_patient,collusive,0.679242,0.27336631758992574,0.19751268186677237,0.2796610169491525,0.07892170074152102,0.28698800269644004,0.04,0.08445000759615584,0.04036892644445539,0.37844611528822053,0.60002724540028,0.6560687462048199,0.051300000000000005,0.18,0.2784169028311681,0.9624060150375939,0.08490061746436352,1.1655001768194682,0.19132533513096,0.19615825858647695
q_patient_1059,2,0.186,q_patient,collusive,0.679242,0.2506131590236017,0.14114245959147736,0.09259259259259259,0.08119150619227176,0.2876156676921804,0.0075,0.08242159943387611,0.01651927915942975,0.14786967418546365,0.8222328864206643,0.5933717652650441,0.0577125,0.11,0.1,0.9924812030075187,0.052913908094651144,1.1632809500227386,0.19174377846145363,0.28582995448573184
