date,timestamp,seller,product_id,product_name,price,city,availability,source
2026-08-15,2026-08-15T17:27:30.755717,ANKER OFFICIAL,B0DBTV5QF5,"Anker Zolo USB C to USB C Cable, Braided and Dirt-Free Type C Fast Charging Cable, Slim Connector, for iPhone 16 Series, MacBook (240W) (Black, 3ft) | Braided and Dirt-Free, Slim Connector, for iPhone 17 Series, MacBook, and More",699.0,Online,In stock,ecommerce_amazon
2026-08-15,2026-08-15T17:27:37.388202,ANKER OFFICIAL,B0CZ43567W,"Anker Nano USB C to USB C Cable, 240W Fast Charging Cable (6 ft, Black) | Flexible Multi-Color Braided Charger for iPhone 17 Series, MacBook Pro, and More",1499.0,Online,In stock,ecommerce_amazon
2026-08-15,2026-08-15T17:27:44.864382,Cocoblu Retail,B0DZHJT3JB,"Ambrane 20000mAh Powerbank with in-Build Type C Cable, 22.5W Fast Charging, USB & Type C Output, Power Delivery, Quick Charge for iPhone, Android Mobile & Tablets, Earbuds, (Stylo N20, Black)",1499.0,Online,In stock,ecommerce_amazon
date,timestamp,seller,product_id,product_name,price,city,availability,source
2026-08-15,2026-08-15T17:28:00.092853,Cocoblu Retail,B098NS6PVG,"Ambrane Unbreakable 3A Fast Charging 1.5m Braided Type C Cable for Smartphones, Tablets & other Type C devices, 480Mbps Data Sync, Quick Charge 3.0 (RCT15A, Black)",99.0,Online,In stock,ecommerce_amazon
2026-08-15,2026-08-15T17:28:07.076782,Cocoblu Retail,B084DTMYWK,MYVN 100W Ultra Fast Charging Cable for OnePlus | USB-A to Type-C | WARP/Dash Compatible | Compatible with OnePlus 13/13R/13S/12R/11R/10R/10T/10/10 Pro/9/9 Pro/8/8 Pro/7 Pro/7T Pro/Nord/CE 3 Lite |1M,289.0,Online,In stock,ecommerce_amazon
2026-08-15,2026-08-15T17:28:13.970550,Cocoblu Retail,B082LZGK39,"Ambrane Unbreakable 60W / 3A Fast Charging 1.5m Braided Micro USB Cable for Smartphones, Tablets, Laptops & Other Micro USB Devices, 480Mbps Data Sync, Quick Charge 3.0 (RCM15, Black)",109.0,Online,In stock,ecommerce_amazon
2026-08-15,2026-08-15T17:28:21.358181,ANKER OFFICIAL,B0DBTV5QF5,"Anker Zolo USB C to USB C Cable, Braided and Dirt-Free Type C Fast Charging Cable, Slim Connector, for iPhone 16 Series, MacBook (240W) (Black, 3ft) | Braided and Dirt-Free, Slim Connector, for iPhone 17 Series, MacBook, and More",699.0,Online,In stock,ecommerce_amazon
2026-08-15,2026-08-15T17:28:28.531272,ANKER OFFICIAL,B0CZ43567W,"Anker Nano USB C to USB C Cable, 240W Fast Charging Cable (6 ft, Black) | Flexible Multi-Color Braided Charger for iPhone 17 Series, MacBook Pro, and More",1499.0,Online,In stock,ecommerce_amazon
2026-08-15,2026-08-15T17:28:35.557824,Cocoblu Retail,B0DZHJT3JB,"Ambrane 20000mAh Powerbank with in-Build Type C Cable, 22.5W Fast Charging, USB & Type C Output, Power Delivery, Quick Charge for iPhone, Android Mobile & Tablets, Earbuds, (Stylo N20, Black)",1499.0,Online,In stock,ecommerce_amazon
2026-08-15,2026-08-15T17:32:05.737947,Cocoblu Retail,B098NS6PVG,"Ambrane Unbreakable 3A Fast Charging 1.5m Braided Type C Cable for Smartphones, Tablets & other Type C devices, 480Mbps Data Sync, Quick Charge 3.0 (RCT15A, Black)",99.0,Online,In stock,ecommerce_amazon
2026-08-15,2026-08-15T17:32:13.785210,Cocoblu Retail,B084DTMYWK,MYVN 100W Ultra Fast Charging Cable for OnePlus | USB-A to Type-C | WARP/Dash Compatible | Compatible with OnePlus 13/13R/13S/12R/11R/10R/10T/10/10 Pro/9/9 Pro/8/8 Pro/7 Pro/7T Pro/Nord/CE 3 Lite |1M,289.0,Online,In stock,ecommerce_amazon
2026-08-15,2026-08-15T17:32:22.095859,Cocoblu Retail,B082LZGK39,"Ambrane Unbreakable 60W / 3A Fast Charging 1.5m Braided Micro USB Cable for Smartphones, Tablets, Laptops & Other Micro USB Devices, 480Mbps Data Sync, Quick Charge 3.0 (RCM15, Black)",109.0,Online,In stock,ecommerce_amazon
2026-08-15,2026-08-15T17:32:29.909135,ANKER OFFICIAL,B0DBTV5QF5,"Anker Zolo USB C to USB C Cable, Braided and Dirt-Free Type C Fast Charging Cable, Slim Connector, for iPhone 16 Series, MacBook (240W) (Black, 3ft) | Braided and Dirt-Free, Slim Connector, for iPhone 17 Series, MacBook, and More",699.0,Online,In stock,ecommerce_amazon
2026-08-15,2026-08-15T17:32:37.341059,ANKER OFFICIAL,B0CZ43567W,"Anker Nano USB C to USB C Cable, 240W Fast Charging Cable (6 ft, Black) | Flexible Multi-Color Braided Charger for iPhone 17 Series, MacBook Pro, and More",1499.0,Online,In stock,ecommerce_amazon
2026-08-15,2026-08-15T17:32:45.129189,Clicktech Retail Private Ltd,B09KH58JZR,Portronics Konnect L POR-1403 Fast Charging 3A Type-C Cable 1.2 Meter with Charge & Sync Function for All Type-C Devices (White),137.0,Online,In stock,ecommerce_amazon
2026-08-15,2026-08-15T17:32:52.405796,ANKER OFFICIAL,B0C5XVM3V1,"Anker Type C to Type C Braided 3ft Black PD Cable, Super Fast Charging (50% Charge in 30 mins), Data Sync Compatibility & Power Delivery (PD) for iPhone 15, Samsung, OnePlus & others",539.0,Online,In stock,ecommerce_amazon
2026-08-15,2026-08-15T17:33:01.190974,Cocoblu Retail,B0DZHJT3JB,"Ambrane 20000mAh Powerbank with in-Build Type C Cable, 22.5W Fast Charging, USB & Type C Output, Power Delivery, Quick Charge for iPhone, Android Mobile & Tablets, Earbuds, (Stylo N20, Black)",1499.0,Online,In stock,ecommerce_amazon
2026-08-15,2026-08-15T17:33:08.450225,Cocoblu Retail,B0GXV5X15P,"Ambrane 20000mAh Power Bank with 22.5W Fast Charging | 3 Output Ports | Type-C & USB Input | Compact Portable Charger for iPhone, Android Mobile Phone, Tablets, Earbuds, Speakers,smartwatch",1199.0,Online,In stock,ecommerce_amazon
2026-08-15,2026-08-15T17:33:15.620810,Cocoblu Retail,B0DCZ3WDTB,"Xiaomi Power Bank 4i 20000mAh 33W Super Fast Charging PD |Smart 12 Layer Protection|Type C Input & Output|Triple Output Ports|Supports Android,Apple, Tablets, Earbuds,Watch(MI Powerbank),Black",1999.0,Online,In stock,ecommerce_amazon
2026-08-15,2026-08-15T17:33:23.632910,Clicktech Retail Private Ltd,B0D96JNKFN,"Amazon Basics 20000 mAh Power Bank | 22.5W Fast Charging | Dual Output & Input | Charge 3 Devices Simultaneously | for Smartphones, TWS Earbuds, Speakers, Tablets (Black)",1299.0,Online,In stock,ecommerce_amazon
2026-08-15,2026-08-15T17:33:31.027152,Cocoblu Retail,B0GPBGDR4L,"Ambrane 25W Qi2.2 Magsafe Wireless 20000mAh Powerbank, 35W Wired Charging, Fastest Qi2.2 Technology - Now Charge 40% in 30 mins wirelessly, Support Macbook Air Charging For iPhone (Orbit 20K,Titanium)",2799.0,Online,In stock,ecommerce_amazon
2026-08-15,2026-08-15T17:33:38.583696,Clicktech Retail Private Ltd,B0GXBBD73Q,"boAt 2026 Launch Airdopes Plus 224, Powerful Spatial Audio, 60H Playback, Quad Mics AI-ENx™, 13 mm Drivers, App Support, Multi Connect, Google Fast Pair, Bluetooth v6.0 TWS Earbuds (Off White)",999.0,Online,In stock,ecommerce_amazon
2026-08-15,2026-08-15T17:33:46.252445,Cocoblu Retail,B0D78XSMSM,"pTron Bassbuds Astra in-Ear TWS Earbuds w/Stereo Sound, 34Hrs Playtime, Stereo Calls, Custom EQ, Mobile App, BTv5.3 Headphones, Touch Control, Voice Assistant, Type C Charging & IPX4 (Black)",599.0,Online,In stock,ecommerce_amazon
2026-08-15,2026-08-15T17:33:55.172120,Clicktech Retail Private Ltd,B0GZNHB218,"boAt 2026 Launch Airdopes Joy v2, 35H Battery, Pocketable Design, ASAP™ Charge, 13mm Drivers, Easy Touch Controls, ENx™ Tech, IWP™ & App Support TWS Bluetooth Earbuds with mic (Dusty Rose)",799.0,Online,In stock,ecommerce_amazon
2026-08-15,2026-08-15T17:34:03.470808,Clicktech Retail Private Ltd,B0C411BWXD,"boAt Airdopes Joy, 35Hrs Battery, Fast Charge, IWP Tech, Low Latency, 2Mic ENx, Type-C Port, v5.3 Bluetooth Earbuds, TWS Ear Buds Wireless Earphones with mic(Dark Cyan)",799.0,Online,In stock,ecommerce_amazon
2026-08-15,2026-08-15T17:34:11.436192,Clicktech Retail Private Ltd,B0GZN7C6X8,"boAt 2026 Launch Airdopes ProClip, Air Conduction Tech,Feather-Light Earbuds, Clip-On Design,All Day Wear Comfort,52H Battery,12mm Dynamic Drivers,App Support,BT v6.0,OWS Earbuds with mic(Silk Grey)",1799.0,Online,In stock,ecommerce_amazon
2026-08-15,2026-08-15T17:34:20.465355,Clicktech Retail Private Ltd,B0BF57RN3K,"Fire-Boltt Ninja Call Pro Plus Bluetooth Calling Smart Watch, 1.83″ HD Display, AI Voice Assistant, 120+ Sports Modes, IP67 Waterproof, SpO2 & Heart Rate Monitor Smartwatch for Men & Women - Black",999.0,Online,In stock,ecommerce_amazon
2026-08-15,2026-08-15T17:34:28.691022,Clicktech Retail Private Ltd,B0CMF25TKG,"Fire‑Boltt Rise Smart Watch 1.85″ HD Display with Bluetooth Calling, AI Voice Assistant, Rotating Crown,SpO2 & Heart Rate Monitor, 120+ Sports Modes,IP67 Waterproof Smart Watch for Men & Women - Black",1199.0,Online,In stock,ecommerce_amazon
2026-08-15,2026-08-15T17:34:36.450332,Clicktech Retail Private Ltd,B0B854R7NS,"Fire-Boltt Ninja Call Pro Bluetooth Calling Smart Watch, 1.69″ HD Display,Dual Chip,AI Voice Assistant, 120+ Sports Modes, SpO2 & Heart Rate Monitor, Fitness Tracker Smartwatch for Men & Women - Black",999.0,Online,In stock,ecommerce_amazon
2026-08-15,2026-08-15T17:34:45.224597,Clicktech Retail Private Ltd,B0FLF44GTQ,"boAt Wave Call 3 Smartwatch 1.83” HD Display with Animated Watch Faces; BT Calling, Functional Crown, Multiple Sports Modes, IP68, HR, SpO2 Monitor, Smart Watches for Men & Women (Bold Black)",1399.0,Online,In stock,ecommerce_amazon
2026-08-15,2026-08-15T17:34:53.957915,Clicktech Retail Private Ltd,B0G61HJYR3,"Fire-Boltt Ninja X Ring Smart Watch with 1.96” Large Display, Bluetooth Calling, Wireless Charging, AI Voice Assistant, 500+ Watch Faces, Health Suite, Smart Watch for Man & Woman – Blue S",1199.0,Online,In stock,ecommerce_amazon
2026-08-15,2026-08-15T17:35:01.898374,OUTSHINY INDIA PVT LTD,B0DFYT73XG,Arctic Fox ProMaxe Wireless Mouse | 2400 DPI |2.4 GHz with USB Nano Receiver | High Precision Optical Tracking| for PC/Mac/Laptop - Black Jet,399.0,Online,In stock,ecommerce_amazon
2026-08-15,2026-08-15T17:35:09.306193,Clicktech Retail Private Ltd,B0G7Z7YGRG,"Lenovo 210 Wireless USB A Compact Mouse,1600 DPI Optical Sensor, 2.4GHz Wireless Nano USB, 10m Range, 3Yr Warranty, 3-Button(Left,Right,Scroll) Upto 3M Left/Right clicks, 1Yr Battery, GY51U02463",499.0,Online,In stock,ecommerce_amazon
2026-08-15,2026-08-15T17:35:17.716353,Clicktech Retail Private Ltd,B0B296NTFV,"Portronics Toad 23 Wireless Optical Mouse with 2.4GHz, USB Nano Dongle, Optical Orientation, Click Wheel, Adjustable DPI(Black)",279.0,Online,In stock,ecommerce_amazon
2026-08-15,2026-08-15T17:35:26.336024,Clicktech Retail Private Ltd,B0FF4XBM5N,"ZEBRONICS Wireless Mouse, 2.4GHz, 3200 DPI, 3 Buttons, Comfortable & Ergonomic, USB Nano Receiver, Power-Saving Mode, Works on Most Surfaces, for Mac | Laptop | Computer (Freego, Black)",199.0,Online,In stock,ecommerce_amazon
2026-08-15,2026-08-15T17:35:34.051409,Clicktech Retail Private Ltd,B0CMXNFK9W,"Portronics Toad 32 Wireless Mouse with 6 Buttons, 2.4 GHz Connectivity, 10m Working Range, Ergonomic Design, Adjustable Optical DPI, Auto Power Saving, for Laptop & PC (Red)",399.0,Online,In stock,ecommerce_amazon
2026-08-15,2026-08-15T17:35:41.662263,Cocoblu Retail,B0CHJ3X3VM,"Ambrane 65W Charger Adapter, 3 Ports - 2 Type C & 1 USB for Samsung, Type C Laptops: MacBook, Dell, HP, ASUS, Fast Charger with PD Technology & GaN Technology for All Devices (RAAP G65, Black)",1999.0,Online,In stock,ecommerce_amazon
2026-08-15,2026-08-15T17:35:49.272701,RAIKWAR JII TRADER,B0H6C18HC7,"Ailkin 65W GaN Charger | Triple Port High-Speed PD 3.0 & PPS Fast Charging Adapter, 2 x Type C PD Port,1 x USB-A Port | Compatible with iPhone 17/16/15, Laptops, Smartphones, Tablets, MacBooks, iPads",989.0,Online,In stock,ecommerce_amazon
2026-08-15,2026-08-15T17:35:56.299964,Cocoblu Retail,B0DLY1ZQCQ,"JGD 65W Fast Charger USB Adapter | Compatible with OnePlus, Samsung, Realme, Redmi, Nothing, Oppo, Pixel & Other Smartphones |C Type Charger Adapter Supports Dash,Warp, Vooc, SuperVooc(BIS Certified)",258.0,Online,In stock,ecommerce_amazon
2026-08-15,2026-08-15T17:36:03.799565,RAIKWAR JII TRADER,B0GFWVT3K7,"65W Fast Charger Adapter & USB-A to Type C Cable Combo, Compatible with OnePlus, Realme, Xiaomi, Redmi, Oppo, Vivo & Other Smartphones, Type C Charger Supports Dash, Warp, Vooc, SuperVooc by AILKIN",654.0,Online,In stock,ecommerce_amazon
2026-08-15,2026-08-15T17:36:11.798195,Cocoblu Retail,B0BCNQCWHS,"Belkin 65W (45W+20W) USB -C GaN Charger | Fast Charging PD | Gan Technology for Samsung Galaxy S25, Apple iPhone 17, Air, Pro, Pro Max, iPad, MacBook & More | 2 Years Warranty | White | 65W total output with GaN technology, dual USB-C ports (45W+20W) for simultaneous fast charging, 2-year warranty included",3099.0,Online,In stock,ecommerce_amazon
2026-08-15,2026-08-15T17:36:19.232435,KiViS Retail,B0GVJ1ZGMV,"SANDISK 128GB Extreme GO microSDXC UHS-I Card, 5K & 4K UHD Video, 240MB/s Read, 120MB/s Write, A2, U3, V30, High-Speed for Android, Action Camera & Gaming",3499.0,Online,In stock,ecommerce_amazon
2026-08-15,2026-08-15T17:36:26.503413,GaLiDaMai-2,B0HC9WQ2Q2,"256GB High-Capacity TF Memory Card | Micro Memory Card for Smartphone, Tablet, Action Camera, Dash Cam & CCTV | Storage Expansion",1599.0,Online,In stock,ecommerce_amazon
2026-08-15,2026-08-15T17:36:33.930742,Clicktech Retail Private Ltd,B07DJGJ18T,"HP 128GB MicroSD Memory Card | SDXC mx310 Class 10 | UHS-I, U1 Card | Upto 100MB/s R | Compitable with Smartphones, Camera, CCTV | Memory Card",2159.0,Online,In stock,ecommerce_amazon
2026-08-15,2026-08-15T17:36:41.569452,Clicktech Retail Private Ltd,B0BDYVC5TD,"SanDisk Ultra 128GB microSDXC UHS-I, 140MB/s R, Memory Card, 10 Y Warranty, for Smartphones",2525.0,Online,In stock,ecommerce_amazon
2026-08-15,2026-08-15T17:36:48.867276,Clicktech Retail Private Ltd,B0GWW7V4KG,"SANDISK 128GB Ultra Go microSD Card UHS-I, Up to 190MB/s, Full HD Video, Memory Card for Android Smartphones, Tablets, 10-Year Warranty",2449.0,Online,In stock,ecommerce_amazon
2026-08-15,2026-08-15T17:36:56.923297,Clicktech Retail Private Ltd,B0DD7T8H2Q,"Marshall Willen II Portable Bluetooth Speaker with 17+ Hours of Portable Playtime, Dust & Waterproof (IP67) - Black & Brass.",9999.0,Online,In stock,ecommerce_amazon
2026-08-15,2026-08-15T17:37:05.744978,Clicktech Retail Private Ltd,B0DYDRF64T,"Marshall Emberton III Compact Portable Bluetooth Speaker with 32+ Hours of Playtime, (360° Sound), Dust & Waterproof (IP67) – Sage.",16499.0,Online,In stock,ecommerce_amazon
2026-08-15,2026-08-15T17:37:13.870050,Clicktech Retail Private Ltd,B0FCFWGB8V,"Dubstep Pop 1200 Portable Bluetooth Speaker | 12W Loud Sound, Deep Bass with XBASS, 16 Hrs Playtime, TWS Stereo Pairing, 52mm Driver, Splash-Resistant, Carry Strap (Black)",599.0,Online,In stock,ecommerce_amazon
2026-08-15,2026-08-15T17:37:21.304358,Clicktech Retail Private Ltd,B097D69GJ1,"Portronics SoundDrum 1 12W TWS Portable Bluetooth Speaker with Powerful Bass, Bluetooth 5.3V, 360° Surround Sound, USB Drive in, Type C Fast Charging(Blue)",949.0,Online,In stock,ecommerce_amazon
2026-08-15,2026-08-15T17:37:29.383876,Clicktech Retail Private Ltd,B0BTHL673V,"Marshall Middleton Portable Bluetooth Speaker with 20+ Hours of Portable Playtime, 360° Sound, Dust & Waterproof (IP67) - Black & Brass.",23499.0,Online,Only 1 left in stock.,ecommerce_amazon
2026-08-15,2026-08-15T17:32:42.548473,Cocoblu Retail,B098NS6PVG,"Ambrane Unbreakable 3A Fast Charging 1.5m Braided Type C Cable for Smartphones, Tablets & other Type C devices, 480Mbps Data Sync, Quick Charge 3.0 (RCT15A, Black)",99.0,Online,In stock,ecommerce_amazon
2026-08-15,2026-08-15T17:32:50.795475,Cocoblu Retail,B084DTMYWK,MYVN 100W Ultra Fast Charging Cable for OnePlus | USB-A to Type-C | WARP/Dash Compatible | Compatible with OnePlus 13/13R/13S/12R/11R/10R/10T/10/10 Pro/9/9 Pro/8/8 Pro/7 Pro/7T Pro/Nord/CE 3 Lite |1M,289.0,Online,In stock,ecommerce_amazon
2026-08-15,2026-08-15T17:32:59.715730,Cocoblu Retail,B082LZGK39,"Ambrane Unbreakable 60W / 3A Fast Charging 1.5m Braided Micro USB Cable for Smartphones, Tablets, Laptops & Other Micro USB Devices, 480Mbps Data Sync, Quick Charge 3.0 (RCM15, Black)",109.0,Online,In stock,ecommerce_amazon
2026-08-15,2026-08-15T17:33:07.336985,ANKER OFFICIAL,B0DBTV5QF5,"Anker Zolo USB C to USB C Cable, Braided and Dirt-Free Type C Fast Charging Cable, Slim Connector, for iPhone 16 Series, MacBook (240W) (Black, 3ft) | Braided and Dirt-Free, Slim Connector, for iPhone 17 Series, MacBook, and More",699.0,Online,In stock,ecommerce_amazon
2026-08-15,2026-08-15T17:33:14.444407,ANKER OFFICIAL,B0CZ43567W,"Anker Nano USB C to USB C Cable, 240W Fast Charging Cable (6 ft, Black) | Flexible Multi-Color Braided Charger for iPhone 17 Series, MacBook Pro, and More",1499.0,Online,In stock,ecommerce_amazon
2026-08-15,2026-08-15T17:33:22.428363,Clicktech Retail Private Ltd,B09KH58JZR,Portronics Konnect L POR-1403 Fast Charging 3A Type-C Cable 1.2 Meter with Charge & Sync Function for All Type-C Devices (White),137.0,Online,In stock,ecommerce_amazon
2026-08-15,2026-08-15T17:33:29.484824,ANKER OFFICIAL,B0C5XVM3V1,"Anker Type C to Type C Braided 3ft Black PD Cable, Super Fast Charging (50% Charge in 30 mins), Data Sync Compatibility & Power Delivery (PD) for iPhone 15, Samsung, OnePlus & others",539.0,Online,In stock,ecommerce_amazon
2026-08-15,2026-08-15T17:33:38.189353,Cocoblu Retail,B0DZHJT3JB,"Ambrane 20000mAh Powerbank with in-Build Type C Cable, 22.5W Fast Charging, USB & Type C Output, Power Delivery, Quick Charge for iPhone, Android Mobile & Tablets, Earbuds, (Stylo N20, Black)",1499.0,Online,In stock,ecommerce_amazon
2026-08-15,2026-08-15T17:33:45.541458,Cocoblu Retail,B0GXV5X15P,"Ambrane 20000mAh Power Bank with 22.5W Fast Charging | 3 Output Ports | Type-C & USB Input | Compact Portable Charger for iPhone, Android Mobile Phone, Tablets, Earbuds, Speakers,smartwatch",1199.0,Online,In stock,ecommerce_amazon
2026-08-15,2026-08-15T17:33:55.094352,Cocoblu Retail,B0DCZ3WDTB,"Xiaomi Power Bank 4i 20000mAh 33W Super Fast Charging PD |Smart 12 Layer Protection|Type C Input & Output|Triple Output Ports|Supports Android,Apple, Tablets, Earbuds,Watch(MI Powerbank),Black",1999.0,Online,In stock,ecommerce_amazon
2026-08-15,2026-08-15T17:34:03.482662,Clicktech Retail Private Ltd,B0D96JNKFN,"Amazon Basics 20000 mAh Power Bank | 22.5W Fast Charging | Dual Output & Input | Charge 3 Devices Simultaneously | for Smartphones, TWS Earbuds, Speakers, Tablets (Black)",1299.0,Online,In stock,ecommerce_amazon
2026-08-15,2026-08-15T17:34:11.434909,Cocoblu Retail,B0GPBGDR4L,"Ambrane 25W Qi2.2 Magsafe Wireless 20000mAh Powerbank, 35W Wired Charging, Fastest Qi2.2 Technology - Now Charge 40% in 30 mins wirelessly, Support Macbook Air Charging For iPhone (Orbit 20K,Titanium)",2799.0,Online,In stock,ecommerce_amazon
2026-08-15,2026-08-15T17:34:19.560507,Clicktech Retail Private Ltd,B0GXBBD73Q,"boAt 2026 Launch Airdopes Plus 224, Powerful Spatial Audio, 60H Playback, Quad Mics AI-ENx™, 13 mm Drivers, App Support, Multi Connect, Google Fast Pair, Bluetooth v6.0 TWS Earbuds (Off White)",999.0,Online,In stock,ecommerce_amazon
2026-08-15,2026-08-15T17:34:27.076678,Cocoblu Retail,B0D78XSMSM,"pTron Bassbuds Astra in-Ear TWS Earbuds w/Stereo Sound, 34Hrs Playtime, Stereo Calls, Custom EQ, Mobile App, BTv5.3 Headphones, Touch Control, Voice Assistant, Type C Charging & IPX4 (Black)",599.0,Online,In stock,ecommerce_amazon
2026-08-15,2026-08-15T17:34:34.479953,Clicktech Retail Private Ltd,B0GZNHB218,"boAt 2026 Launch Airdopes Joy v2, 35H Battery, Pocketable Design, ASAP™ Charge, 13mm Drivers, Easy Touch Controls, ENx™ Tech, IWP™ & App Support TWS Bluetooth Earbuds with mic (Dusty Rose)",799.0,Online,In stock,ecommerce_amazon
2026-08-15,2026-08-15T17:34:42.822582,Clicktech Retail Private Ltd,B0C411BWXD,"boAt Airdopes Joy, 35Hrs Battery, Fast Charge, IWP Tech, Low Latency, 2Mic ENx, Type-C Port, v5.3 Bluetooth Earbuds, TWS Ear Buds Wireless Earphones with mic(Dark Cyan)",799.0,Online,In stock,ecommerce_amazon
2026-08-15,2026-08-15T17:34:51.183899,Clicktech Retail Private Ltd,B0GZN7C6X8,"boAt 2026 Launch Airdopes ProClip, Air Conduction Tech,Feather-Light Earbuds, Clip-On Design,All Day Wear Comfort,52H Battery,12mm Dynamic Drivers,App Support,BT v6.0,OWS Earbuds with mic(Silk Grey)",1799.0,Online,In stock,ecommerce_amazon
2026-08-15,2026-08-15T17:35:00.457716,Clicktech Retail Private Ltd,B0BF57RN3K,"Fire-Boltt Ninja Call Pro Plus Bluetooth Calling Smart Watch, 1.83″ HD Display, AI Voice Assistant, 120+ Sports Modes, IP67 Waterproof, SpO2 & Heart Rate Monitor Smartwatch for Men & Women - Black",999.0,Online,In stock,ecommerce_amazon
2026-08-15,2026-08-15T17:35:08.930510,Clicktech Retail Private Ltd,B0CMF25TKG,"Fire‑Boltt Rise Smart Watch 1.85″ HD Display with Bluetooth Calling, AI Voice Assistant, Rotating Crown,SpO2 & Heart Rate Monitor, 120+ Sports Modes,IP67 Waterproof Smart Watch for Men & Women - Black",1199.0,Online,In stock,ecommerce_amazon
2026-08-15,2026-08-15T17:35:18.294565,Clicktech Retail Private Ltd,B0B854R7NS,"Fire-Boltt Ninja Call Pro Bluetooth Calling Smart Watch, 1.69″ HD Display,Dual Chip,AI Voice Assistant, 120+ Sports Modes, SpO2 & Heart Rate Monitor, Fitness Tracker Smartwatch for Men & Women - Black",999.0,Online,In stock,ecommerce_amazon
2026-08-15,2026-08-15T17:35:27.516589,Clicktech Retail Private Ltd,B0FLF44GTQ,"boAt Wave Call 3 Smartwatch 1.83” HD Display with Animated Watch Faces; BT Calling, Functional Crown, Multiple Sports Modes, IP68, HR, SpO2 Monitor, Smart Watches for Men & Women (Bold Black)",1399.0,Online,In stock,ecommerce_amazon
2026-08-15,2026-08-15T17:35:35.604122,Clicktech Retail Private Ltd,B0G61HJYR3,"Fire-Boltt Ninja X Ring Smart Watch with 1.96” Large Display, Bluetooth Calling, Wireless Charging, AI Voice Assistant, 500+ Watch Faces, Health Suite, Smart Watch for Man & Woman – Blue S",1199.0,Online,In stock,ecommerce_amazon
2026-08-15,2026-08-15T17:35:43.255785,OUTSHINY INDIA PVT LTD,B0DFYT73XG,Arctic Fox ProMaxe Wireless Mouse | 2400 DPI |2.4 GHz with USB Nano Receiver | High Precision Optical Tracking| for PC/Mac/Laptop - Black Jet,399.0,Online,In stock,ecommerce_amazon
2026-08-15,2026-08-15T17:35:50.425747,Clicktech Retail Private Ltd,B0G7Z7YGRG,"Lenovo 210 Wireless USB A Compact Mouse,1600 DPI Optical Sensor, 2.4GHz Wireless Nano USB, 10m Range, 3Yr Warranty, 3-Button(Left,Right,Scroll) Upto 3M Left/Right clicks, 1Yr Battery, GY51U02463",499.0,Online,In stock,ecommerce_amazon
2026-08-15,2026-08-15T17:35:58.013626,Clicktech Retail Private Ltd,B0B296NTFV,"Portronics Toad 23 Wireless Optical Mouse with 2.4GHz, USB Nano Dongle, Optical Orientation, Click Wheel, Adjustable DPI(Black)",279.0,Online,In stock,ecommerce_amazon
2026-08-15,2026-08-15T17:36:05.099791,Clicktech Retail Private Ltd,B0FF4XBM5N,"ZEBRONICS Wireless Mouse, 2.4GHz, 3200 DPI, 3 Buttons, Comfortable & Ergonomic, USB Nano Receiver, Power-Saving Mode, Works on Most Surfaces, for Mac | Laptop | Computer (Freego, Black)",199.0,Online,In stock,ecommerce_amazon
2026-08-15,2026-08-15T17:36:12.755775,Clicktech Retail Private Ltd,B0CMXNFK9W,"Portronics Toad 32 Wireless Mouse with 6 Buttons, 2.4 GHz Connectivity, 10m Working Range, Ergonomic Design, Adjustable Optical DPI, Auto Power Saving, for Laptop & PC (Red)",399.0,Online,In stock,ecommerce_amazon
2026-08-15,2026-08-15T17:36:20.369944,Cocoblu Retail,B0CHJ3X3VM,"Ambrane 65W Charger Adapter, 3 Ports - 2 Type C & 1 USB for Samsung, Type C Laptops: MacBook, Dell, HP, ASUS, Fast Charger with PD Technology & GaN Technology for All Devices (RAAP G65, Black)",1999.0,Online,In stock,ecommerce_amazon
2026-08-15,2026-08-15T17:36:27.830263,RAIKWAR JII TRADER,B0H6C18HC7,"Ailkin 65W GaN Charger | Triple Port High-Speed PD 3.0 & PPS Fast Charging Adapter, 2 x Type C PD Port,1 x USB-A Port | Compatible with iPhone 17/16/15, Laptops, Smartphones, Tablets, MacBooks, iPads",989.0,Online,In stock,ecommerce_amazon
2026-08-15,2026-08-15T17:36:35.119131,Cocoblu Retail,B0DLY1ZQCQ,"JGD 65W Fast Charger USB Adapter | Compatible with OnePlus, Samsung, Realme, Redmi, Nothing, Oppo, Pixel & Other Smartphones |C Type Charger Adapter Supports Dash,Warp, Vooc, SuperVooc(BIS Certified)",258.0,Online,In stock,ecommerce_amazon
2026-08-15,2026-08-15T17:36:42.490228,RAIKWAR JII TRADER,B0GFWVT3K7,"65W Fast Charger Adapter & USB-A to Type C Cable Combo, Compatible with OnePlus, Realme, Xiaomi, Redmi, Oppo, Vivo & Other Smartphones, Type C Charger Supports Dash, Warp, Vooc, SuperVooc by AILKIN",654.0,Online,In stock,ecommerce_amazon
2026-08-15,2026-08-15T17:36:50.348010,Cocoblu Retail,B0BCNQCWHS,"Belkin 65W (45W+20W) USB -C GaN Charger | Fast Charging PD | Gan Technology for Samsung Galaxy S25, Apple iPhone 17, Air, Pro, Pro Max, iPad, MacBook & More | 2 Years Warranty | White | 65W total output with GaN technology, dual USB-C ports (45W+20W) for simultaneous fast charging, 2-year warranty included",3099.0,Online,In stock,ecommerce_amazon
2026-08-15,2026-08-15T17:36:57.509239,KiViS Retail,B0GVJ1ZGMV,"SANDISK 128GB Extreme GO microSDXC UHS-I Card, 5K & 4K UHD Video, 240MB/s Read, 120MB/s Write, A2, U3, V30, High-Speed for Android, Action Camera & Gaming",3499.0,Online,In stock,ecommerce_amazon
2026-08-15,2026-08-15T17:37:04.717660,GaLiDaMai-2,B0HC9WQ2Q2,"256GB High-Capacity TF Memory Card | Micro Memory Card for Smartphone, Tablet, Action Camera, Dash Cam & CCTV | Storage Expansion",1599.0,Online,In stock,ecommerce_amazon
2026-08-15,2026-08-15T17:37:12.347503,Clicktech Retail Private Ltd,B07DJGJ18T,"HP 128GB MicroSD Memory Card | SDXC mx310 Class 10 | UHS-I, U1 Card | Upto 100MB/s R | Compitable with Smartphones, Camera, CCTV | Memory Card",2159.0,Online,In stock,ecommerce_amazon
2026-08-15,2026-08-15T17:37:20.410710,Clicktech Retail Private Ltd,B0BDYVC5TD,"SanDisk Ultra 128GB microSDXC UHS-I, 140MB/s R, Memory Card, 10 Y Warranty, for Smartphones",2525.0,Online,In stock,ecommerce_amazon
2026-08-15,2026-08-15T17:37:27.537586,Clicktech Retail Private Ltd,B0GWW7V4KG,"SANDISK 128GB Ultra Go microSD Card UHS-I, Up to 190MB/s, Full HD Video, Memory Card for Android Smartphones, Tablets, 10-Year Warranty",2449.0,Online,In stock,ecommerce_amazon
2026-08-15,2026-08-15T17:37:34.987062,Clicktech Retail Private Ltd,B0DD7T8H2Q,"Marshall Willen II Portable Bluetooth Speaker with 17+ Hours of Portable Playtime, Dust & Waterproof (IP67) - Black & Brass.",9999.0,Online,In stock,ecommerce_amazon
2026-08-15,2026-08-15T17:37:42.448938,Clicktech Retail Private Ltd,B0DYDRF64T,"Marshall Emberton III Compact Portable Bluetooth Speaker with 32+ Hours of Playtime, (360° Sound), Dust & Waterproof (IP67) – Sage.",16499.0,Online,In stock,ecommerce_amazon
2026-08-15,2026-08-15T17:37:49.640832,Clicktech Retail Private Ltd,B0FCFWGB8V,"Dubstep Pop 1200 Portable Bluetooth Speaker | 12W Loud Sound, Deep Bass with XBASS, 16 Hrs Playtime, TWS Stereo Pairing, 52mm Driver, Splash-Resistant, Carry Strap (Black)",599.0,Online,In stock,ecommerce_amazon
2026-08-15,2026-08-15T17:37:56.523820,Clicktech Retail Private Ltd,B097D69GJ1,"Portronics SoundDrum 1 12W TWS Portable Bluetooth Speaker with Powerful Bass, Bluetooth 5.3V, 360° Surround Sound, USB Drive in, Type C Fast Charging(Blue)",949.0,Online,In stock,ecommerce_amazon
2026-08-15,2026-08-15T17:38:03.721953,Clicktech Retail Private Ltd,B0BTHL673V,"Marshall Middleton Portable Bluetooth Speaker with 20+ Hours of Portable Playtime, 360° Sound, Dust & Waterproof (IP67) - Black & Brass.",23499.0,Online,Only 1 left in stock.,ecommerce_amazon
2026-08-16,2026-08-16T19:49:14.067388,Cocoblu Retail,B098NS6PVG,"Ambrane Unbreakable 3A Fast Charging 1.5m Braided Type C Cable for Smartphones, Tablets & other Type C devices, 480Mbps Data Sync, Quick Charge 3.0 (RCT15A, Black)",99.0,Online,In stock,ecommerce_amazon
2026-08-16,2026-08-16T19:49:21.146704,Cocoblu Retail,B084DTMYWK,MYVN 100W Ultra Fast Charging Cable for OnePlus | USB-A to Type-C | WARP/Dash Compatible | Compatible with OnePlus 13/13R/13S/12R/11R/10R/10T/10/10 Pro/9/9 Pro/8/8 Pro/7 Pro/7T Pro/Nord/CE 3 Lite |1M,289.0,Online,In stock,ecommerce_amazon
2026-08-16,2026-08-16T19:49:28.226271,Cocoblu Retail,B082LZGK39,"Ambrane Unbreakable 60W / 3A Fast Charging 1.5m Braided Micro USB Cable for Smartphones, Tablets, Laptops & Other Micro USB Devices, 480Mbps Data Sync, Quick Charge 3.0 (RCM15, Black)",109.0,Online,In stock,ecommerce_amazon
2026-08-16,2026-08-16T19:49:39.604586,ANKER OFFICIAL,B0DBTV5QF5,"Anker Zolo USB C to USB C Cable, Braided and Dirt-Free Type C Fast Charging Cable, Slim Connector, for iPhone 16 Series, MacBook (240W) (Black, 3ft) | Braided and Dirt-Free, Slim Connector, for iPhone 17 Series, MacBook, and More",699.0,Online,In stock,ecommerce_amazon
2026-08-16,2026-08-16T19:49:46.342047,ANKER OFFICIAL,B0CZ43567W,"Anker Nano USB C to USB C Cable, 240W Fast Charging Cable (6 ft, Black) | Flexible Multi-Color Braided Charger for iPhone 17 Series, MacBook Pro, and More",1499.0,Online,In stock,ecommerce_amazon
2026-08-16,2026-08-16T19:49:53.503017,Clicktech Retail Private Ltd,B09KH58JZR,Portronics Konnect L POR-1403 Fast Charging 3A Type-C Cable 1.2 Meter with Charge & Sync Function for All Type-C Devices (White),137.0,Online,In stock,ecommerce_amazon
2026-08-16,2026-08-16T19:50:00.473139,Clicktech Retail Private Ltd,B0GVT5NF8W,"Zebronics Type-C Fast Charging Cable, Upto 480 Mbps, 36W Rapid Charge, 3A Output, Charge & Sync Data Cable, 1 Meter Length, Tangle-Free Durable Design (CU300T)",79.0,Online,In stock,ecommerce_amazon
2026-08-16,2026-08-16T19:50:08.516487,Cocoblu Retail,B0FQCN6WG9,"100W USB-A to Type-C Fast Charger Cable Compatible for OnePlus 15R/15/13R/13/12R/12/11/10/9/8, Nord 6/CE6/5/CE5/4/3/2 & Lite, Data Transfer upto 480mbps",299.0,Online,In stock,ecommerce_amazon
2026-08-16,2026-08-16T19:50:15.883782,Cocoblu Retail,B0DZHJT3JB,"Ambrane 20000mAh Powerbank with in-Build Type C Cable, 22.5W Fast Charging, USB & Type C Output, Power Delivery, Quick Charge for iPhone, Android Mobile & Tablets, Earbuds, (Stylo N20, Black)",1499.0,Online,In stock,ecommerce_amazon
2026-08-16,2026-08-16T19:50:23.045644,Cocoblu Retail,B0FDKY6JDP,"Ambrane 20000mAh Small Pocket Size Powerbank, Hanging InBuilt Type C Cable, 22.5W Fast Charging, Type C PD & USB Output for iPhone, Android Mobiles & Other Devices (MiniCharge 20, Black-Grey)",1599.0,Online,In stock,ecommerce_amazon
2026-08-16,2026-08-16T19:50:30.187619,Cocoblu Retail,B0DCZ3WDTB,"Xiaomi Power Bank 4i 20000mAh 33W Super Fast Charging PD |Smart 12 Layer Protection|Type C Input & Output|Triple Output Ports|Supports Android,Apple, Tablets, Earbuds,Watch(MI Powerbank),Black",1999.0,Online,In stock,ecommerce_amazon
2026-08-16,2026-08-16T19:50:37.593909,Clicktech Retail Private Ltd,B0D96JNKFN,"Amazon Basics 20000 mAh Power Bank | 22.5W Fast Charging | Dual Output & Input | Charge 3 Devices Simultaneously | for Smartphones, TWS Earbuds, Speakers, Tablets (Black)",1299.0,Online,In stock,ecommerce_amazon
2026-08-16,2026-08-16T19:50:44.915083,Cocoblu Retail,B0F48D1KB2,"boAt Energyshroom PB435 20000 mAh 35W Super Fast Charging Power Bank, Smart 12 Layer Protection (4X Output Ports, Supports Android, iPhone, Tablets, Earbuds, etc.) (Onyx Black)",1799.0,Online,In stock,ecommerce_amazon
2026-08-16,2026-08-16T19:50:52.079683,Cocoblu Retail,B0D78Y3KRP,"pTron Bassbuds Astra in-Ear TWS Earbuds w/Stereo Sound, 34Hrs Playtime, Stereo Calls, Custom EQ, Mobile App, BTv5.3 Headphones, Touch Control, Voice Assistant, Type C Charging & IPX4 (Light Blue)",599.0,Online,In stock,ecommerce_amazon
2026-08-16,2026-08-16T19:50:59.102893,Cocoblu Retail,B0G2H4R5YB,"Kratos TW02 Ear Buds Wireless with 60H Playtime, Noise Isolation & Clear Calls, Bluetooth Earbuds with Voice Assistant, Ear Buds with Bluetooth V 5.3 & with Type C Fast Charging, IPX5 TWS Earphones",499.0,Online,In stock,ecommerce_amazon
2026-08-16,2026-08-16T19:51:05.767739,Varni Enterprise  .,B0HCC9J9WV,"VarniEnterprise TWS Bluetooth Earbuds with Calling, Low Latency Gaming, HD Sound, Type-C Fast Charging, Noise Reduction, Wireless Earphones",249.0,Online,In stock,ecommerce_amazon
2026-08-16,2026-08-16T19:51:12.743793,Clicktech Retail Private Ltd,B0GZNHB218,"boAt 2026 Launch Airdopes Joy v2, 35H Battery, Pocketable Design, ASAP™ Charge, 13mm Drivers, Easy Touch Controls, ENx™ Tech, IWP™ & App Support TWS Bluetooth Earbuds with mic (Dusty Rose)",799.0,Online,In stock,ecommerce_amazon
2026-08-16,2026-08-16T19:51:20.038811,Clicktech Retail Private Ltd,B0GXB9M2HW,"boAt 2026 Launch Airdopes Plus 224, Powerful Spatial Audio, 60H Playback, Quad Mics AI-ENx™, 13 mm Drivers, App Support, Multi Connect, Google Fast Pair, Bluetooth v6.0 TWS Earbuds (Matte Black)",999.0,Online,In stock,ecommerce_amazon
2026-08-16,2026-08-16T19:51:26.687318,Whoop India,B0DY2VVZWZ,"WHOOP One – 12-Month Membership – 5.0 Health and Fitness Wearable – 24/7 Activity Tracker with VO2 Max, Sleep Tracking, Personalized Coaching, Menstrual Cycle Insights – 14+ Days Battery Life",21990.0,Online,In stock,ecommerce_amazon
2026-08-16,2026-08-16T19:51:34.197086,Clicktech Retail Private Ltd,B0BF57RN3K,"Fire-Boltt Ninja Call Pro Plus Bluetooth Calling Smart Watch, 1.83″ HD Display, AI Voice Assistant, 120+ Sports Modes, IP67 Waterproof, SpO2 & Heart Rate Monitor Smartwatch for Men & Women - Black",1199.0,Online,In stock,ecommerce_amazon
2026-08-16,2026-08-16T19:51:41.538767,Clicktech Retail Private Ltd,B0B854R7NS,"Fire-Boltt Ninja Call Pro Bluetooth Calling Smart Watch, 1.69″ HD Display,Dual Chip,AI Voice Assistant, 120+ Sports Modes, SpO2 & Heart Rate Monitor, Fitness Tracker Smartwatch for Men & Women - Black",1099.0,Online,In stock,ecommerce_amazon
2026-08-16,2026-08-16T19:51:49.277469,Clicktech Retail Private Ltd,B0FLF44GTQ,"boAt Wave Call 3 Smartwatch 1.83” HD Display with Animated Watch Faces; BT Calling, Functional Crown, Multiple Sports Modes, IP68, HR, SpO2 Monitor, Smart Watches for Men & Women (Bold Black)",1399.0,Online,In stock,ecommerce_amazon
2026-08-16,2026-08-16T19:51:56.813375,Clicktech Retail Private Ltd,B0DSF14WQZ,"Fire-Boltt Rise Smart Watch 1.85″ with Bluetooth Calling, AI Voice Assistant, Rotating Crown, SpO2 & Heart Rate Monitor, 123 Sports Modes, IP67 Waterproof Metal Smartwatch for Men & Women - Black",1699.0,Online,In stock,ecommerce_amazon
2026-08-16,2026-08-16T19:52:03.904511,Clicktech Retail Private Ltd,B0G7Z7YGRG,"Lenovo 210 Wireless USB A Compact Mouse,1600 DPI Optical Sensor, 2.4GHz Wireless Nano USB, 10m Range, 3Yr Warranty, 3-Button(Left,Right,Scroll) Upto 3M Left/Right clicks, 1Yr Battery, GY51U02463",499.0,Online,In stock,ecommerce_amazon
2026-08-16,2026-08-16T19:52:11.082279,GENTECH PERIPHERALS,B0FNK9Q9C8,"Ocean Wireless Optical Mouse 2.4GHz -1600 DPI Adjustable Silent Click Computer Mouse with USB Receiver, Ergonomic Cordless Mouse for Laptop PC Desktop Gaming Office Work Black",399.0,Online,In stock,ecommerce_amazon
2026-08-16,2026-08-16T19:52:18.278331,Clicktech Retail Private Ltd,B0FF4XBM5N,"ZEBRONICS Wireless Mouse, 2.4GHz, 3200 DPI, 3 Buttons, Comfortable & Ergonomic, USB Nano Receiver, Power-Saving Mode, Works on Most Surfaces, for Mac | Laptop | Computer (Freego, Black)",199.0,Online,In stock,ecommerce_amazon
2026-08-16,2026-08-16T19:52:25.343336,Clicktech Retail Private Ltd,B0B296NTFV,"Portronics Toad 23 Wireless Optical Mouse with 2.4GHz, USB Nano Dongle, Optical Orientation, Click Wheel, Adjustable DPI(Black)",279.0,Online,In stock,ecommerce_amazon
2026-08-16,2026-08-16T19:52:32.442460,Clicktech Retail Private Ltd,B0CMXNFK9W,"Portronics Toad 32 Wireless Mouse with 6 Buttons, 2.4 GHz Connectivity, 10m Working Range, Ergonomic Design, Adjustable Optical DPI, Auto Power Saving, for Laptop & PC (Red)",399.0,Online,In stock,ecommerce_amazon
2026-08-16,2026-08-16T19:52:39.926877,Cocoblu Retail,B0G52HG8L7,"Kratos 65W Fast Charger Adapter & USB-A to Type C Cable Combo, Compatible with OnePlus, Realme, Xiaomi, Redmi, Oppo, Vivo & Other Smartphones, Type C Charger Supports Dash, Warp, Vooc,SuperVooc",599.0,Online,In stock,ecommerce_amazon
2026-08-16,2026-08-16T19:52:47.025710,RAIKWAR JII TRADER,B0H6C18HC7,"Ailkin 65W GaN Charger | Triple Port High-Speed PD 3.0 & PPS Fast Charging Adapter, 2 x Type C PD Port,1 x USB-A Port | Compatible with iPhone 17/16/15, Laptops, Smartphones, Tablets, MacBooks, iPads",989.0,Online,In stock,ecommerce_amazon
2026-08-16,2026-08-16T19:52:54.237156,Cocoblu Retail,B0DLY1ZQCQ,"JGD 65W Fast Charger USB Adapter | Compatible with OnePlus, Samsung, Realme, Redmi, Nothing, Oppo, Pixel & Other Smartphones |C Type Charger Adapter Supports Dash,Warp, Vooc, SuperVooc(BIS Certified)",258.0,Online,In stock,ecommerce_amazon
2026-08-16,2026-08-16T19:53:01.533426,Cocoblu Retail,B0GFWVT3K7,"65W Fast Charger Adapter & USB-A to Type C Cable Combo, Compatible with OnePlus, Realme, Xiaomi, Redmi, Oppo, Vivo & Other Smartphones, Type C Charger Supports Dash, Warp, Vooc, SuperVooc by AILKIN",649.0,Online,In stock,ecommerce_amazon
2026-08-16,2026-08-16T19:53:08.777421,Clicktech Retail Private Ltd,B0GFDYXRX3,"GM G+ 65W Spyder GaN Charger | Foldable Indian Pin |Travel Friendly | Compact Dual-Type-C Port | Fast Charging for iPhone, Samsung, Laptop, MacBook Air, MacBook M4, 1 Year Warranty | Grey",1599.0,Online,In stock,ecommerce_amazon
2026-08-16,2026-08-16T19:53:15.575092,GaLiDaMai-2,B0HC9WQ2Q2,"256GB High-Capacity TF Memory Card | Micro Memory Card for Smartphone, Tablet, Action Camera, Dash Cam & CCTV | Storage Expansion",1799.0,Online,In stock,ecommerce_amazon
2026-08-16,2026-08-16T19:53:22.859781,Clicktech Retail Private Ltd,B0GVJ1ZGMV,"SANDISK 128GB Extreme GO microSDXC UHS-I Card, 5K & 4K UHD Video, 240MB/s Read, 120MB/s Write, A2, U3, V30, High-Speed for Android, Action Camera & Gaming",3499.0,Online,In stock,ecommerce_amazon
2026-08-16,2026-08-16T19:53:30.198855,Clicktech Retail Private Ltd,B07DJGJ18T,"HP 128GB MicroSD Memory Card | SDXC mx310 Class 10 | UHS-I, U1 Card | Upto 100MB/s R | Compitable with Smartphones, Camera, CCTV | Memory Card",2159.0,Online,In stock,ecommerce_amazon
2026-08-16,2026-08-16T19:53:37.523881,KiViS Retail,B0BDYVC5TD,"SanDisk Ultra 128GB microSDXC UHS-I, 140MB/s R, Memory Card, 10 Y Warranty, for Smartphones",2525.0,Online,In stock,ecommerce_amazon
2026-08-16,2026-08-16T19:53:44.428305,Clicktech Retail Private Ltd,B0GWW7V4KG,"SANDISK 128GB Ultra Go microSD Card UHS-I, Up to 190MB/s, Full HD Video, Memory Card for Android Smartphones, Tablets, 10-Year Warranty",2467.0,Online,In stock,ecommerce_amazon
2026-08-16,2026-08-16T19:53:52.030881,Clicktech Retail Private Ltd,B0DFHCWZ81,"Marshall Willen II Portable Bluetooth Speaker with 17+ Hours of Portable Playtime, Dust & Waterproof (IP67) - Cream.",9999.0,Online,In stock,ecommerce_amazon
2026-08-16,2026-08-16T19:53:59.569907,Clicktech Retail Private Ltd,B0DYDRF64T,"Marshall Emberton III Compact Portable Bluetooth Speaker with 32+ Hours of Playtime, (360° Sound), Dust & Waterproof (IP67) – Sage.",16499.0,Online,In stock,ecommerce_amazon
2026-08-16,2026-08-16T19:54:07.232788,Clicktech Retail Private Ltd,B0FCFWGB8V,"Dubstep Pop 1200 Portable Bluetooth Speaker | 12W Loud Sound, Deep Bass with XBASS, 16 Hrs Playtime, TWS Stereo Pairing, 52mm Driver, Splash-Resistant, Carry Strap (Black)",599.0,Online,In stock,ecommerce_amazon
2026-08-16,2026-08-16T19:54:14.506590,Clicktech Retail Private Ltd,B097D69GJ1,"Portronics SoundDrum 1 12W TWS Portable Bluetooth Speaker with Powerful Bass, Bluetooth 5.3V, 360° Surround Sound, USB Drive in, Type C Fast Charging(Blue)",949.0,Online,In stock,ecommerce_amazon
2026-08-16,2026-08-16T19:54:21.960513,Clicktech Retail Private Ltd,B0BTHL673V,"Marshall Middleton Portable Bluetooth Speaker with 20+ Hours of Portable Playtime, 360° Sound, Dust & Waterproof (IP67) - Black & Brass.",23499.0,Online,Only 1 left in stock.,ecommerce_amazon
2026-08-17,2026-08-17T16:11:36.485178,Cocoblu Retail,B098NS6PVG,"Ambrane Unbreakable 3A Fast Charging 1.5m Braided Type C Cable for Smartphones, Tablets & other Type C devices, 480Mbps Data Sync, Quick Charge 3.0 (RCT15A, Black)",179.0,Online,In stock,ecommerce_amazon
2026-08-17,2026-08-17T16:11:43.670661,Cocoblu Retail,B084DTMYWK,MYVN 100W Ultra Fast Charging Cable for OnePlus | USB-A to Type-C | WARP/Dash Compatible | Compatible with OnePlus 13/13R/13S/12R/11R/10R/10T/10/10 Pro/9/9 Pro/8/8 Pro/7 Pro/7T Pro/Nord/CE 3 Lite |1M,328.0,Online,In stock,ecommerce_amazon
2026-08-17,2026-08-17T16:11:50.796862,Cocoblu Retail,B082LZGK39,"Ambrane Unbreakable 60W / 3A Fast Charging 1.5m Braided Micro USB Cable for Smartphones, Tablets, Laptops & Other Micro USB Devices, 480Mbps Data Sync, Quick Charge 3.0 (RCM15, Black)",149.0,Online,In stock,ecommerce_amazon
2026-08-17,2026-08-17T16:11:58.244897,ANKER OFFICIAL,B0DBTTC2CH,"Anker Zolo USB C to USB C Cable, Braided and Dirt-Free Type C Fast Charging Cable, Slim Connector, for iPhone 16 Series, MacBook (240W) (Black, 6ft) | Braided and Dirt-Free, Slim Connector, for iPhone 17 Series, MacBook, and More",999.0,Online,In stock,ecommerce_amazon
2026-08-17,2026-08-17T16:12:04.892153,ANKER OFFICIAL,B0CZ43567W,"Anker Nano USB C to USB C Cable, 240W Fast Charging Cable (6 ft, Black) | Flexible Multi-Color Braided Charger for iPhone 17 Series, MacBook Pro, and More",1499.0,Online,In stock,ecommerce_amazon
2026-08-17,2026-08-17T16:12:12.899193,Clicktech Retail Private Ltd,B09KH58JZR,Portronics Konnect L POR-1403 Fast Charging 3A Type-C Cable 1.2 Meter with Charge & Sync Function for All Type-C Devices (White),145.0,Online,In stock,ecommerce_amazon
2026-08-17,2026-08-17T16:12:19.799436,Clicktech Retail Private Ltd,B0GVT5NF8W,"Zebronics Type-C Fast Charging Cable, Upto 480 Mbps, 36W Rapid Charge, 3A Output, Charge & Sync Data Cable, 1 Meter Length, Tangle-Free Durable Design (CU300T)",109.0,Online,In stock,ecommerce_amazon
2026-08-17,2026-08-17T16:12:26.985763,Cocoblu Retail,B0FQCN6WG9,"100W USB-A to Type-C Fast Charger Cable Compatible for OnePlus 15R/15/13R/13/12R/12/11/10/9/8, Nord 6/CE6/5/CE5/4/3/2 & Lite, Data Transfer upto 480mbps",299.0,Online,In stock,ecommerce_amazon
2026-08-17,2026-08-17T16:12:33.966737,Cocoblu Retail,B0DZHF6N9Q,"Ambrane 20000mAh Powerbank with in-Build Type C Cable, 22.5W Fast Charging, USB & Type C Output, Power Delivery, Quick Charge for iPhone, Android Mobile & Tablets, Earbuds, (Stylo N20, Purple)",1599.0,Online,In stock,ecommerce_amazon
2026-08-17,2026-08-17T16:12:41.358961,Cocoblu Retail,B0FDKY6JDP,"Ambrane 20000mAh Small Pocket Size Powerbank, Hanging InBuilt Type C Cable, 22.5W Fast Charging, Type C PD & USB Output for iPhone, Android Mobiles & Other Devices (MiniCharge 20, Black-Grey)",1999.0,Online,In stock,ecommerce_amazon
2026-08-17,2026-08-17T16:12:48.643705,Cocoblu Retail,B0DCZ3WDTB,"Xiaomi Power Bank 4i 20000mAh 33W Super Fast Charging PD |Smart 12 Layer Protection|Type C Input & Output|Triple Output Ports|Supports Android,Apple, Tablets, Earbuds,Watch(MI Powerbank),Black",2299.0,Online,In stock,ecommerce_amazon
2026-08-17,2026-08-17T16:12:56.384745,Clicktech Retail Private Ltd,B0D96JNKFN,"Amazon Basics 20000 mAh Power Bank | 22.5W Fast Charging | Dual Output & Input | Charge 3 Devices Simultaneously | for Smartphones, TWS Earbuds, Speakers, Tablets (Black)",1299.0,Online,In stock,ecommerce_amazon
2026-08-17,2026-08-17T16:13:03.666363,Clicktech Retail Private Ltd,B0D96HMLYX,"Amazon Basics 20000 mAh Power Bank | 22.5W Fast Charging | Dual Output & Input | Charge 3 Devices Simultaneously | for Smartphones, TWS Earbuds, Speakers, Tablets (Dark Blue)",1399.0,Online,In stock,ecommerce_amazon
2026-08-17,2026-08-17T16:13:10.531937,Clicktech Retail Private Ltd,B0FC2YFSN4,"boAt Airdopes 219, 4Mics ENx, 40H Battery, Best in Segment for Calling, Stream Ad Free Music via App Support, Bluetooth Earbuds, TWS Ear Buds Wireless Earphones with mic (Forest Sage)",1099.0,Online,Only 1 left in stock.,ecommerce_amazon
2026-08-17,2026-08-17T16:13:18.337241,Clicktech Retail Private Ltd,B0DZ12NCD7,"GOBOULT Astra Neo Bluetooth in Ear Earbuds with 70H Playtime, 40mm Bass Driver, Zen ENC Mic, Type-C Fast Charging, 4EQ Modes, Bluetooth 5.4, Low Latency Gaming, Wireless Earbuds (White)",1099.0,Online,In stock,ecommerce_amazon
2026-08-17,2026-08-17T16:13:24.842809,Varni Enterprise  .,B0HCC9J9WV,"VarniEnterprise TWS Bluetooth Earbuds with Calling, Low Latency Gaming, HD Sound, Type-C Fast Charging, Noise Reduction, Wireless Earphones",249.0,Online,In stock,ecommerce_amazon
2026-08-17,2026-08-17T16:13:33.500411,Cocoblu Retail,B0FMDLD86P,"OnePlus Nord Buds 3r TWS Earbuds up to 54 Hours Playback, 2-mic Clear Calls, 3D Spatial Audio, AI Translation, 12.4mm Drivers, Dual-Device Connectivity, 47ms Low Latency - Aura Blue",1807.0,Online,In stock,ecommerce_amazon
2026-08-17,2026-08-17T16:13:40.496099,Cocoblu Retail,B0D78WK937,"pTron Bassbuds Astra in-Ear TWS Earbuds w/Stereo Sound, 34Hrs Playtime, Stereo Calls, Custom EQ, Mobile App, BTv5.3 Headphones, Touch Control, Voice Assistant, Type C Charging & IPX4 (Grey)",699.0,Online,In stock,ecommerce_amazon
2026-08-17,2026-08-17T16:13:48.940496,Clicktech Retail Private Ltd,B0B854R7NS,"Fire-Boltt Ninja Call Pro Bluetooth Calling Smart Watch, 1.69″ HD Display,Dual Chip,AI Voice Assistant, 120+ Sports Modes, SpO2 & Heart Rate Monitor, Fitness Tracker Smartwatch for Men & Women - Black",1099.0,Online,In stock,ecommerce_amazon
2026-08-17,2026-08-17T16:13:57.622885,Clicktech Retail Private Ltd,B0CMF25TKG,"Fire‑Boltt Rise Smart Watch 1.85″ HD Display with Bluetooth Calling, AI Voice Assistant, Rotating Crown,SpO2 & Heart Rate Monitor, 120+ Sports Modes,IP67 Waterproof Smart Watch for Men & Women - Black",1407.0,Online,In stock,ecommerce_amazon
2026-08-17,2026-08-17T16:14:10.248051,Clicktech Retail Private Ltd,B0FLF44GTQ,"boAt Wave Call 3 Smartwatch 1.83” HD Display with Animated Watch Faces; BT Calling, Functional Crown, Multiple Sports Modes, IP68, HR, SpO2 Monitor, Smart Watches for Men & Women (Bold Black)",1399.0,Online,In stock,ecommerce_amazon
2026-08-17,2026-08-17T16:14:19.752883,Clicktech Retail Private Ltd,B0H5QCGFDH,"CrossBeats Vector Smart Band with 45 Days Battery Life, 5ATM Waterproof, HRV & SpO2 Tracking, Sleep & Stress Monitoring, 6-Axis Motion Sensor, Strava & Google Health Connect",3999.0,Online,In stock,ecommerce_amazon
2026-08-17,2026-08-17T16:14:28.958734,Clicktech Retail Private Ltd,B0G61HJYR3,"Fire-Boltt Ninja X Ring Smart Watch with 1.96” Large Display, Bluetooth Calling, Wireless Charging, AI Voice Assistant, 500+ Watch Faces, Health Suite, Smart Watch for Man & Woman – Blue S",1199.0,Online,In stock,ecommerce_amazon
2026-08-17,2026-08-17T16:14:36.081372,Clicktech Retail Private Ltd,B0F8QYQV88,"Ambrane Wireless Mouse with 2.4GHz, USB Nano Dongle, Silent Click, Optical Orientation Click Wheel, 4 Buttons, 1600 Adjustable DPI, Both Hand Use, Compatible with PC, Mac, Laptop (Sliq 3, Blue)",399.0,Online,In stock,ecommerce_amazon
2026-08-17,2026-08-17T16:14:42.899892,Consistent,B0D9BTYHF2,"Consistent Fusion Wireless Mouse (MG1151) Wireless Mouse, 2.4GHz with USB Nano Receiver, High Precision Optical Tracking, Buttons, Plug & Play, Ambidextrous, for PC/Mac/Laptop (Black)",549.0,Online,Only 1 left in stock.,ecommerce_amazon
2026-08-17,2026-08-17T16:14:49.848663,Clicktech Retail Private Ltd,B0B296NTFV,"Portronics Toad 23 Wireless Optical Mouse with 2.4GHz, USB Nano Dongle, Optical Orientation, Click Wheel, Adjustable DPI(Black)",279.0,Online,In stock,ecommerce_amazon
2026-08-17,2026-08-17T16:14:56.915423,Clicktech Retail Private Ltd,B0FF4XBM5N,"ZEBRONICS Wireless Mouse, 2.4GHz, 3200 DPI, 3 Buttons, Comfortable & Ergonomic, USB Nano Receiver, Power-Saving Mode, Works on Most Surfaces, for Mac | Laptop | Computer (Freego, Black)",229.0,Online,In stock,ecommerce_amazon
2026-08-17,2026-08-17T16:15:03.795177,Clicktech Retail Private Ltd,B0G7Z7YGRG,"Lenovo 210 Wireless USB A Compact Mouse,1600 DPI Optical Sensor, 2.4GHz Wireless Nano USB, 10m Range, 3Yr Warranty, 3-Button(Left,Right,Scroll) Upto 3M Left/Right clicks, 1Yr Battery, GY51U02463",499.0,Online,In stock,ecommerce_amazon
2026-08-17,2026-08-17T16:15:11.829451,Cocoblu Retail,B0CHJ3X3VM,"Ambrane 65W Charger Adapter, 3 Ports - 2 Type C & 1 USB for Samsung, Type C Laptops: MacBook, Dell, HP, ASUS, Fast Charger with PD Technology & GaN Technology for All Devices (RAAP G65, Black)",2399.0,Online,In stock,ecommerce_amazon
2026-08-17,2026-08-17T16:15:18.651675,Cocoblu Retail,B0FCFGLP7B,"Ambrane 70W Fast Charging Adapter Gan Charger,3 Ports (2 Type C & 1 USB),BIS Certified,for iPhone 16/15/14 Samsung,Type C Laptops: MacBook,Dell,ASUS,Fast Charger PD Technology (Charge 70),Black",1899.0,Online,In stock,ecommerce_amazon
2026-08-17,2026-08-17T16:15:25.221406,Cocoblu Retail,B0DLY1ZQCQ,"JGD 65W Fast Charger USB Adapter | Compatible with OnePlus, Samsung, Realme, Redmi, Nothing, Oppo, Pixel & Other Smartphones |C Type Charger Adapter Supports Dash,Warp, Vooc, SuperVooc(BIS Certified)",279.0,Online,In stock,ecommerce_amazon
2026-08-17,2026-08-17T16:15:32.042628,Cocoblu Retail,B0GFWVT3K7,"65W Fast Charger Adapter & USB-A to Type C Cable Combo, Compatible with OnePlus, Realme, Xiaomi, Redmi, Oppo, Vivo & Other Smartphones, Type C Charger Supports Dash, Warp, Vooc, SuperVooc by AILKIN",649.0,Online,In stock,ecommerce_amazon
2026-08-17,2026-08-17T16:15:39.096056,RAIKWAR JII TRADER,B0H6C18HC7,"Ailkin 65W GaN Charger | Triple Port High-Speed PD 3.0 & PPS Fast Charging Adapter, 2 x Type C PD Port,1 x USB-A Port | Compatible with iPhone 17/16/15, Laptops, Smartphones, Tablets, MacBooks, iPads",999.0,Online,In stock,ecommerce_amazon
2026-08-17,2026-08-17T16:15:46.345621,GaLiDaMai-2,B0HC9WQ2Q2,"256GB High-Capacity TF Memory Card | Micro Memory Card for Smartphone, Tablet, Action Camera, Dash Cam & CCTV | Storage Expansion",1999.0,Online,In stock,ecommerce_amazon
2026-08-17,2026-08-17T16:15:53.334024,Clicktech Retail Private Ltd,B0CGCZJ75B,"Amazon Basics 128 GB Micro SD Card with Adapter | Upto 120 MB/s | Class 10 | U1, C10, V10 Speed Classes",2499.0,Online,In stock,ecommerce_amazon
2026-08-17,2026-08-17T16:16:00.205731,Clicktech Retail Private Ltd,B07DJGJ18T,"HP 128GB MicroSD Memory Card | SDXC mx310 Class 10 | UHS-I, U1 Card | Upto 100MB/s R | Compitable with Smartphones, Camera, CCTV | Memory Card",2159.0,Online,In stock,ecommerce_amazon
2026-08-17,2026-08-17T16:16:06.861182,YEWON INDIA,B0HB56THRG,"YEWON 128GB MicroSDXC Memory Card | Class 10 A1 Speed | Up to 100MB/s Read Speed | Full HD Video Recording Support | Waterproof, Shockproof | for Smartphone, Camera, Tablet & Gaming Console",999.0,Online,In stock,ecommerce_amazon
2026-08-17,2026-08-17T16:16:13.985643,Clicktech Retail Private Ltd,B0GMRLT6YG,"Samsung T7 microSDXC, 128GB, 170 MB/s Read, A2, U3, V30, Memory Card for Gamers & Video Creators, Compatible with Smartphone, Tablet, Laptop, Action Camera, Drone & Gaming Console (MB-MB128T/WW)",3899.0,Online,In stock,ecommerce_amazon
2026-08-17,2026-08-17T16:16:21.869179,Clicktech Retail Private Ltd,B0DD7T8H2Q,"Marshall Willen II Portable Bluetooth Speaker with 17+ Hours of Portable Playtime, Dust & Waterproof (IP67) - Black & Brass.",12499.0,Online,Only 2 left in stock.,ecommerce_amazon
2026-08-17,2026-08-17T16:16:29.732501,Clicktech Retail Private Ltd,B0DFHGYGM7,"Marshall Emberton III Compact Portable Bluetooth Speaker with 32+ Hours of Playtime, (360° Sound), Dust & Waterproof (IP67) – Cream.",17999.0,Online,In stock,ecommerce_amazon
2026-08-17,2026-08-17T16:16:37.534499,Clicktech Retail Private Ltd,B0FCFWGB8V,"Dubstep Pop 1200 Portable Bluetooth Speaker | 12W Loud Sound, Deep Bass with XBASS, 16 Hrs Playtime, TWS Stereo Pairing, 52mm Driver, Splash-Resistant, Carry Strap (Black)",599.0,Online,In stock,ecommerce_amazon
2026-08-17,2026-08-17T16:16:44.331096,Clicktech Retail Private Ltd,B097D69GJ1,"Portronics SoundDrum 1 12W TWS Portable Bluetooth Speaker with Powerful Bass, Bluetooth 5.3V, 360° Surround Sound, USB Drive in, Type C Fast Charging(Blue)",949.0,Online,In stock,ecommerce_amazon
2026-08-17,2026-08-17T16:16:52.585412,Clicktech Retail Private Ltd,B0BTHL673V,"Marshall Middleton Portable Bluetooth Speaker with 20+ Hours of Portable Playtime, 360° Sound, Dust & Waterproof (IP67) - Black & Brass.",26999.0,Online,Only 1 left in stock.,ecommerce_amazon
2026-08-18,2026-08-18T16:40:10.679079,Cocoblu Retail,B098NS6PVG,"Ambrane Unbreakable 3A Fast Charging 1.5m Braided Type C Cable for Smartphones, Tablets & other Type C devices, 480Mbps Data Sync, Quick Charge 3.0 (RCT15A, Black)",179.0,Online,In stock,ecommerce_amazon
2026-08-18,2026-08-18T16:40:18.152034,Cocoblu Retail,B084DTMYWK,MYVN 100W Ultra Fast Charging Cable for OnePlus | USB-A to Type-C | WARP/Dash Compatible | Compatible with OnePlus 13/13R/13S/12R/11R/10R/10T/10/10 Pro/9/9 Pro/8/8 Pro/7 Pro/7T Pro/Nord/CE 3 Lite |1M,328.0,Online,In stock,ecommerce_amazon
2026-08-18,2026-08-18T16:40:25.374348,Cocoblu Retail,B082LZGK39,"Ambrane Unbreakable 60W / 3A Fast Charging 1.5m Braided Micro USB Cable for Smartphones, Tablets, Laptops & Other Micro USB Devices, 480Mbps Data Sync, Quick Charge 3.0 (RCM15, Black)",149.0,Online,In stock,ecommerce_amazon
2026-08-18,2026-08-18T16:40:32.473611,ANKER OFFICIAL,B0DBTV5QF5,"Anker Zolo USB C to USB C Cable, Braided and Dirt-Free Type C Fast Charging Cable, Slim Connector, for iPhone 16 Series, MacBook (240W) (Black, 3ft)",699.0,Online,In stock,ecommerce_amazon
2026-08-18,2026-08-18T16:40:39.451528,ANKER OFFICIAL,B0CZ43567W,"Anker Nano USB C to USB C Cable, 240W Fast Charging Cable (6 ft, Black) | Flexible Multi-Color Braided Charger for iPhone 17 Series, MacBook Pro, and More",1499.0,Online,In stock,ecommerce_amazon
2026-08-18,2026-08-18T16:40:46.948259,Cocoblu Retail,B0DZHJT3JB,"Ambrane 20000mAh Powerbank with in-Build Type C Cable, 22.5W Fast Charging, USB & Type C Output, Power Delivery, Quick Charge for iPhone, Android Mobile & Tablets, Earbuds, (Stylo N20, Black)",1899.0,Online,In stock,ecommerce_amazon
2026-08-18,2026-08-18T16:40:54.169257,Clicktech Retail Private Ltd,B09KH58JZR,Portronics Konnect L POR-1403 Fast Charging 3A Type-C Cable 1.2 Meter with Charge & Sync Function for All Type-C Devices (White),145.0,Online,In stock,ecommerce_amazon
2026-08-18,2026-08-18T16:41:01.169934,ANKER OFFICIAL,B0C5XVM3V1,"Anker Type C to Type C Braided 3ft Black PD Cable, Super Fast Charging (50% Charge in 30 mins), Data Sync Compatibility & Power Delivery (PD) for iPhone 15, Samsung, OnePlus & others",699.0,Online,In stock,ecommerce_amazon
2026-08-18,2026-08-18T16:41:08.128058,Cocoblu Retail,B0GXV5X15P,"Ambrane 20000mAh Power Bank with 22.5W Fast Charging | 3 Output Ports | Type-C & USB Input | Compact Portable Charger for iPhone, Android Mobile Phone, Tablets, Earbuds, Speakers,smartwatch",1399.0,Online,In stock,ecommerce_amazon
2026-08-18,2026-08-18T16:41:15.409673,Cocoblu Retail,B0DCZ3WDTB,"Xiaomi Power Bank 4i 20000mAh 33W Super Fast Charging PD |Smart 12 Layer Protection|Type C Input & Output|Triple Output Ports|Supports Android,Apple, Tablets, Earbuds,Watch(MI Powerbank),Black",2307.0,Online,In stock,ecommerce_amazon
2026-08-18,2026-08-18T16:41:22.519124,Clicktech Retail Private Ltd,B0D96JNKFN,"Amazon Basics 20000 mAh Power Bank | 22.5W Fast Charging | Dual Output & Input | Charge 3 Devices Simultaneously | for Smartphones, TWS Earbuds, Speakers, Tablets (Black)",1299.0,Online,In stock,ecommerce_amazon
2026-08-18,2026-08-18T16:41:29.338898,Clicktech Retail Private Ltd,B0GXBBD73Q,"boAt 2026 Launch Airdopes Plus 224, Powerful Spatial Audio, 60H Playback, Quad Mics AI-ENx™, 13 mm Drivers, App Support, Multi Connect, Google Fast Pair, Bluetooth v6.0 TWS Earbuds (Off White)",1199.0,Online,In stock,ecommerce_amazon
2026-08-18,2026-08-18T16:41:36.358506,Cocoblu Retail,B0D78XSMSM,"pTron Bassbuds Astra in-Ear TWS Earbuds w/Stereo Sound, 34Hrs Playtime, Stereo Calls, Custom EQ, Mobile App, BTv5.3 Headphones, Touch Control, Voice Assistant, Type C Charging & IPX4 (Black)",699.0,Online,In stock,ecommerce_amazon
2026-08-18,2026-08-18T16:41:43.961962,Clicktech Retail Private Ltd,B0BF57RN3K,"Fire-Boltt Ninja Call Pro Plus Bluetooth Calling Smart Watch, 1.83″ HD Display, AI Voice Assistant, 120+ Sports Modes, IP67 Waterproof, SpO2 & Heart Rate Monitor Smartwatch for Men & Women - Black",1199.0,Online,In stock,ecommerce_amazon
2026-08-18,2026-08-18T16:41:50.677225,AR TRADERSS,B0HD92HJN3,"Novobit 100W Type C to C PD Fast Charging Cable Compatible with Apple iPhone 17/17 Air/17 Pro/17 Pro Max, 16/15 Series, MacBook, iPad, Type C Laptops & Other USB C Devices",599.0,Online,In stock,ecommerce_amazon
2026-08-18,2026-08-18T16:41:57.742570,Clicktech Retail Private Ltd,B0GVT5NF8W,"Zebronics Type-C Fast Charging Cable, Upto 480 Mbps, 36W Rapid Charge, 3A Output, Charge & Sync Data Cable, 1 Meter Length, Tangle-Free Durable Design (CU300T)",109.0,Online,In stock,ecommerce_amazon
2026-08-18,2026-08-18T16:42:04.374812,BUXSA,B0GS8X5PND,"HDMI Cable V2.1 with Ethernet,Wozoyo 8k@60Hz,4K@120Hz UHD Resolution,2 Mtr braided, 48 Gbps transmission Ultra high Speed,HDR/HDR10/Dolby Vision,Dolby Atmos and DTS:X,Compatible with all HDMI Devices",1098.0,Online,In stock,ecommerce_amazon
2026-08-18,2026-08-18T16:42:11.573153,Clicktech Retail Private Ltd,B08HRGRCGL,"Honeywell HDMI Cable 2.1 with Ethernet, 8k@60Hz, 4K@120Hz UHD Resolution, (9.8ft/3M), 48 GBPS Transmission Ultra High Speed, Dolby DTS, eARC, 3D,Male-to-Male,Compatible with All HDMI-Enabled Devices",1419.0,Online,In stock,ecommerce_amazon
2026-08-18,2026-08-18T16:42:18.770801,Clicktech Retail Private Ltd,B08HRG2MB5,"Honeywell HDMI Cable 2.1 with Ethernet, 8k@60Hz, 4k@120Hz UHD Resolution, 2 Mtr(6.6ft), 48 GBPS Transmission Ultra High Speed, Dolby DTS, eARC,3D,Male-to-Male,Compatible with all HDMI-Enabled Devices",1229.0,Online,In stock,ecommerce_amazon
2026-08-18,2026-08-18T16:42:25.719198,Clicktech Retail Private Ltd,B07VSG5SXZ,"Zebronics HAA2021 HDMI Cable 2.1 with eARC & CEC, 8K @ 60Hz, 4K @ 120Hz, UHD Resolution, 2 Mtr (6.6ft), 48 Gbps Transmission, Ultra High Speed, Supports Dolby | DTS | 3D, Gold Plated, Male-to-Male",450.0,Online,In stock,ecommerce_amazon
2026-08-18,2026-08-18T16:42:33.032937,Clicktech Retail Private Ltd,B00GG59HU2,"BlueRigger 8K HDMI 2.1 Cable(3.3FT, 8K 60Hz HDR, 4K 120Hz, High Speed 48Gbps with Ethernet, eARC, 3D, HDCP 2.3) - Compatible with PS5, Xbox, Roku, Apple TV, Switch, PC",578.0,Online,In stock,ecommerce_amazon
2026-08-18,2026-08-18T16:42:39.868544,Cocoblu Retail,B0G2CJ4JX3,"Braided USB-C to Compatible with Lightning Fast Charging Cable Compatible for iPhone 14, 13, 12,11, X, 8, 7, 6, 5, iPad Air, Pro, Mini, iPad Blue Color",349.0,Online,In stock,ecommerce_amazon
2026-08-18,2026-08-18T16:42:46.830484,RAIKWAR JII TRADER,B0GSZYK89P,"UNBREAKcable USB C to Lightning Cable (1M) | MFi Certified Fast Charging PD Cable Compatible for iPhone 15/14/13/12/11/X/8, iPad | Durable Braided Type C to Lightning Charger Cord (White)",299.0,Online,In stock,ecommerce_amazon
2026-08-18,2026-08-18T16:42:53.908483,Cocoblu Retail,B0DFCGB2D6,APFEN® 27W Type C to Lightning Fast Charging Cable With High-Speed Data Transfer Compatible with iPhone 14/14 Pro/ 14 Pro Max/ 13/13 Pro/ 13 ProMax/ 12/11/XR/XS/X/8 S,299.0,Online,In stock,ecommerce_amazon
2026-08-18,2026-08-18T16:43:00.809637,Clicktech Retail Private Ltd,B0CX23929Q,Apple USB-C to Lightning Cable (1m) ​​​​​​​,1599.0,Online,In stock,ecommerce_amazon
2026-08-18,2026-08-18T16:43:07.778334,Clicktech Retail Private Ltd,B0B8SSC5D9,"amazon basics USB C to Lightning TPE MFi Certified Charging Cable (White, 2 meter)",999.0,Online,In stock,ecommerce_amazon
2026-08-18,2026-08-18T16:43:15.053683,BlueRigger India,B07PFTDTWH,"BlueRigger Cat6/Cat7 Flat Ethernet Cable with 10Gbps High Speed, 100% Pure Copper Wire for Networks, PC, Switch, Router and Modem compatible for Gaming PS5/4/3 Xbox PC Laptop - 3 Feet (0.9 Meters)",450.0,Online,In stock,ecommerce_amazon
2026-08-18,2026-08-18T16:43:22.265082,CPU Tech,B0BQLPLKNS,"FEDUS 5M Cat6 Ethernet Cable,Flat RJ45 LAN Cable Wire High Speed 250MHZ/1 Gigabit Speed UTP LAN Cable,Network Internet Cable,Patch Computer Cord Gigabit Category 6 Wires For Modem,White",349.0,Online,In stock,ecommerce_amazon
2026-08-18,2026-08-18T16:43:29.397151,Clicktech Retail Private Ltd,B0BPMB2ND2,"Sounce Cat6 Ethernet Cable 10 Meter/ 550 MHz Outdoor & Indoor, Upto 10 Gbps Support Cat6 Network, Heavy Duty Flat LAN Internet Patch Cord, Solid Weatherproof High Speed Cable for Router, Modem",208.0,Online,In stock,ecommerce_amazon
2026-08-18,2026-08-18T16:43:36.318482,Clicktech Retail Private Ltd,B08CSKRT23,"FEDUS Cat6 Ethernet Cable, 3 Meter High Speed 550MHZ / 10 Gigabit Speed UTP LAN Cable, Network Cable Internet Cable RJ45 Cable LAN Wire, Patch Computer Cord Gigabit Category 6 Wires for Modem, Router",249.0,Online,In stock,ecommerce_amazon
2026-08-18,2026-08-18T16:43:43.462518,iVoltaa Official,B09T6XYT66,"iVoltaa Cat 7 Ethernet LAN Cable | 100% Pure Copper | High Speed Flat Shielded STP RJ45 Patch Cord for Router, Modem, Switch, Laptop, PS5 – Black 10 Feet (3.0 m)",499.0,Online,Only 1 left in stock.,ecommerce_amazon
2026-08-18,2026-08-18T16:43:50.967686,Clicktech Retail Private Ltd,B0D96HMLYX,"Amazon Basics 20000 mAh Power Bank | 22.5W Fast Charging | Dual Output & Input | Charge 3 Devices Simultaneously | for Smartphones, TWS Earbuds, Speakers, Tablets (Dark Blue)",1399.0,Online,In stock,ecommerce_amazon
2026-08-18,2026-08-18T16:43:58.079518,Cocoblu Retail,B0F48D1KB2,"boAt Energyshroom PB435 20000 mAh 35W Super Fast Charging Power Bank, Smart 12 Layer Protection (4X Output Ports, Supports Android, iPhone, Tablets, Earbuds, etc.) (Onyx Black)",2099.0,Online,In stock,ecommerce_amazon
2026-08-18,2026-08-18T16:44:05.187379,Cocoblu Retail,B0F4XRZ81C,"boAt EnergyShroom PB331 (Magsafe) 10000mAh Magnetic Wireless Powerbank, 15W Wireless & 22.5W Wired Charging for (iPhone 16, 15, 14, 13 & 12, Android & Other Qi Enabled Devices) (Purple)",1699.0,Online,In stock,ecommerce_amazon
2026-08-18,2026-08-18T16:44:12.527127,Clicktech Retail Private Ltd,B0DG2WDRCM,Amazon Basics 10000mAh 20W Fast Charging Power Bank and 15W Wireless Output | Type C Power Delivery (Input & Output) Quick Charge| Two Way Fast Charge | Made in India (Black),1399.0,Online,In stock,ecommerce_amazon
2026-08-18,2026-08-18T16:44:19.648135,Cocoblu Retail,B0D22ZZM34,"ZEBRONICS MB10000S15 Power Bank, 10000 mAh, Rapid Charge, 22.5W Output, Dual USB Output, PD 3.0 Type C, Built in Protections, Percentage Indicator, Made in India, Black",699.0,Online,In stock,ecommerce_amazon
2026-08-18,2026-08-18T16:44:26.815538,Inventa Global,B0C7C7Z2VX,"boAt Energyshroom PB300 10000 mAh 22.5W Fast Charging Power Bank (2X Output Ports, Supports Android,iPhone,Tablets,Earbuds) (Steel Blue)",999.0,Online,In stock,ecommerce_amazon
2026-08-18,2026-08-18T16:44:34.078517,Cocoblu Retail,B0DWSQBX9K,"Ambrane 10000mAh Slim & Compact Powerbank with in-Build Type C Cable, 22.5W Fast Charging, USB & Type C Output, Power Delivery, Quick Charge for iPhone, Android & Tablets, Earbuds, (Stylo N10,Purple)",1299.0,Online,In stock,ecommerce_amazon
2026-08-18,2026-08-18T16:44:41.179804,Cocoblu Retail,B0CHJ3X3VM,"Ambrane 65W Charger Adapter, 3 Ports - 2 Type C & 1 USB for Samsung, Type C Laptops: MacBook, Dell, HP, ASUS, Fast Charger with PD Technology & GaN Technology for All Devices (RAAP G65, Black)",2399.0,Online,In stock,ecommerce_amazon
2026-08-18,2026-08-18T16:44:48.309411,RAIKWAR JII TRADER,B0H6C18HC7,"Ailkin 65W GaN Charger | Triple Port High-Speed PD 3.0 & PPS Fast Charging Adapter, 2 x Type C PD Port,1 x USB-A Port | Compatible with iPhone 17/16/15, Laptops, Smartphones, Tablets, MacBooks, iPads",999.0,Online,In stock,ecommerce_amazon
2026-08-18,2026-08-18T16:44:55.190930,AmazXp - Direct,B0GTB1GFJY,"65W GaN 3-Port Fast Charger (2 USB Type-C & 1 USB-A) Multiport Charging Adapter Compatible with CMF Phone/Nothing Phone 4a/4a pro/3/3A/2/2A/2A Plus/1/Samsung,iPhone,MacBook,Other Type C",919.0,Online,In stock,ecommerce_amazon
2026-08-18,2026-08-18T16:45:02.275812,Clicktech Retail Private Ltd,B0GFDYXRX3,"GM G+ 65W Spyder GaN Charger | Foldable Indian Pin |Travel Friendly | Compact Dual-Type-C Port | Fast Charging for iPhone, Samsung, Laptop, MacBook Air, MacBook M4, 1 Year Warranty | Grey",1699.0,Online,In stock,ecommerce_amazon
2026-08-18,2026-08-18T16:45:09.394703,Chargik,B0GCDVHJ5N,65W Gan Trio Charger Adapter | 3 Port USB Type C to A Fast Wall Charging Adaptor Compatible with CMF Phone 1|Nothing Phone 2a Plus|2A|Phone 2(Dark Grey),899.0,Online,In stock,ecommerce_amazon
2026-08-18,2026-08-18T16:45:16.346932,UNIGEN,B0C5T2C4KY,"UNIGEN UNIPAD 200 Wireless Charger, 15W Qi Fast Wireless Charging Pad [USB A to C Cable] Compatible with All Wireless Compatible Smartphones and Earbuds (Black)",749.0,Online,In stock,ecommerce_amazon
2026-08-18,2026-08-18T16:45:23.877493,EllerSante-Direct,B09PBYPRV9,"eller santé® 23w Magnetic MagSafe Charger 3in1 Wireless Charger for iPhone 17/17 Air /17 Pro/17 Pro Max, 16/16 Plus/16 Pro/16 Pro Max, 15/14/13/12 Series Fast Charging Adaptor- White",2797.0,Online,In stock,ecommerce_amazon
2026-08-18,2026-08-18T16:45:30.565396,EYNK Studio,B0H2RQB2F5,"New Magnetic Wireless Charger for iPhone,MagSaf Fast Charger USB C 15W,Qi Type C Wireless Charging Compatible with iPhone 17/17 pro/17 Pro max/16/16 Plus/16 Pro/16 Pro Max/15/14/13/12 Series(White)",298.0,Online,In stock,ecommerce_amazon
2026-08-18,2026-08-18T16:45:37.262587,RK PRIME STORE,B0H6N77FZF,"Magnetic Wireless Charger for iPhone, 15W USB-C MagSafe Fast Wireless Charging Pad, Qi Compatible with iPhone 16/16 Pro/16 Pro Max/16 Plus, 15/14/13/12 Series (White)",649.0,Online,In stock,ecommerce_amazon
2026-08-18,2026-08-18T16:45:44.105561,SMART MEBLE,B0GM7TH9CD,"4-in-1 MagSafe Compatible Wireless Charger with 15W Bluetooth Speaker, Charging Dock for iPhone, Apple Watch & AirPods with Night Light – Brown",3199.0,Online,In stock,ecommerce_amazon
2026-08-18,2026-08-18T16:45:51.086093,Clicktech Retail Private Ltd,B0FC2Z19RX,"boAt Airdopes 219, 4Mics ENx, 40H Battery, Best in Segment for Calling, Stream Ad Free Music via App Support, Bluetooth Earbuds, TWS Ear Buds Wireless Earphones with mic (Ivory Mist)",1099.0,Online,Only 1 left in stock.,ecommerce_amazon
2026-08-18,2026-08-18T16:45:58.399812,Clicktech Retail Private Ltd,B0DN1RPL19,"GOBOULT Mustang Torq Wireless in Ear Earbuds with 60H Playtime, App Support, Quad Mic ENC, 45ms Low Latency, 13mm Driver, Breathing LEDs, Made in India Ear Buds Wireless (Silver)",1799.0,Online,In stock,ecommerce_amazon
2026-08-18,2026-08-18T16:46:05.028199,Varni Enterprise  .,B0HCC9J9WV,"VarniEnterprise TWS Bluetooth Earbuds with Calling, Low Latency Gaming, HD Sound, Type-C Fast Charging, Noise Reduction, Wireless Earphones",249.0,Online,In stock,ecommerce_amazon
2026-08-18,2026-08-18T16:46:12.016538,Clicktech Retail Private Ltd,B0C411BWXD,"boAt Airdopes Joy, 35Hrs Battery, Fast Charge, IWP Tech, Low Latency, 2Mic ENx, Type-C Port, v5.3 Bluetooth Earbuds, TWS Ear Buds Wireless Earphones with mic(Dark Cyan)",1099.0,Online,In stock,ecommerce_amazon
2026-08-18,2026-08-18T16:46:18.926641,Clicktech Retail Private Ltd,B0BQN2RMJF,"GOBOULT Z40 True Wireless in Ear Earbuds with 60H Playtime, Zen™ ENC Mic, Low Latency Gaming, Type-C Fast Charging, Made in India, 10mm Rich Bass Drivers, IPX5, Ear Buds TWS (Blue)",1099.0,Online,In stock,ecommerce_amazon
2026-08-18,2026-08-18T16:46:26.418125,Clicktech Retail Private Ltd,B0C4YY6WXX,"Sony MDR-MV1, Audiophile Headphones for Mixing and Mastering, Studio Monitor Sound for Neutral Frequency Response, Excellent Wearing Comfort, Spatial Sound Creation",24990.0,Online,In stock,ecommerce_amazon
2026-08-18,2026-08-18T16:46:33.534910,Clicktech Retail Private Ltd,B0DV5J28LW,"boAt Rockerz 650 Pro, Touch/Swipe Controls, Dolby Audio, 80Hrs Battery, 2Mics ENx, Fast Charge, App Support, Dual Pair, Bluetooth Over Ear Headphones with Mic (Iris Black)",2999.0,Online,In stock,ecommerce_amazon
2026-08-18,2026-08-18T16:46:40.678398,Spigen India,B0DGX1VCWX,"Spigen Audio Newly Launched SA-HP P10 Wireless Over Ear Headphones with 60H Playtime, Upto 43dB Multi-Mode Adaptive ANC Pro, EQ Customizing App, 5-MIC, Gaming Mode, 40mm Driver - Black",2699.0,Online,In stock,ecommerce_amazon
2026-08-18,2026-08-18T16:46:47.638475,Clicktech Retail Private Ltd,B0FC2Y8XYF,"boAt Rockerz 411, 40Ms Low Latency, 40Hrs Battery, 40Mm Drivers, ENx Tech, Stream Ad Free Music via App Support, Bluetooth Headphones, Wireless Over Ear Headphone with Mic (Active Black)",1499.0,Online,In stock,ecommerce_amazon
2026-08-18,2026-08-18T16:46:54.607664,Clicktech Retail Private Ltd,B0FG2QT7H2,"boAt Rockerz 512 ANC,(~40dB) Hybrid ANC, 80H Battery, 40mm Drivers, 40ms Low Latency, ENx Tech,Stream Ad Free Music via App Support, Bluetooth Headphones, Wireless Headphone with Mic (Cosmic Black)",3099.0,Online,In stock,ecommerce_amazon
2026-08-18,2026-08-18T16:47:02.192047,Clicktech Retail Private Ltd,B0DD7T8H2Q,"Marshall Willen II Portable Bluetooth Speaker with 17+ Hours of Portable Playtime, Dust & Waterproof (IP67) - Black & Brass.",12499.0,Online,In stock,ecommerce_amazon
2026-08-18,2026-08-18T16:47:09.531442,Starone Electronics,B0DFHGYGM7,"Marshall Emberton III Compact Portable Bluetooth Speaker with 32+ Hours of Playtime, (360° Sound), Dust & Waterproof (IP67) – Cream.",17999.0,Online,In stock,ecommerce_amazon
2026-08-18,2026-08-18T16:47:16.799279,Clicktech Retail Private Ltd,B0FCFWGB8V,"Dubstep Pop 1200 Portable Bluetooth Speaker | 12W Loud Sound, Deep Bass with XBASS, 16 Hrs Playtime, TWS Stereo Pairing, 52mm Driver, Splash-Resistant, Carry Strap (Black)",599.0,Online,In stock,ecommerce_amazon
2026-08-18,2026-08-18T16:47:23.965909,Clicktech Retail Private Ltd,B0GSF8FB2X,"Zebronics 2026 Launch Portable Bluetooth Speaker, 5W RMS, Up to 10Hrs Playback, Passive Radiator, TWS, BT v5.4, USB & mSD, 9 RGB Modes, Splash Proof, Type-C Charging (Sonic POD 15)",679.0,Online,In stock,ecommerce_amazon
2026-08-18,2026-08-18T16:47:31.329304,Clicktech Retail Private Ltd,B0BTHL673V,"Marshall Middleton Portable Bluetooth Speaker with 20+ Hours of Portable Playtime, 360° Sound, Dust & Waterproof (IP67) - Black & Brass.",26999.0,Online,Only 2 left in stock.,ecommerce_amazon
2026-08-18,2026-08-18T16:47:38.468958,Cocoblu Retail,B0G2SPF2W1,"Kratos N1 Neckband Bluetooth Headphones with 30 Hours Playtime with 13mm Drivers, Rich Music Experience, Type C Fast Charging, Neckband Earphones with Voice Assistant & IPX4 Water Resistant",299.0,Online,In stock,ecommerce_amazon
2026-08-18,2026-08-18T16:47:45.445823,Cocoblu Retail,B0GKY49GCY,"Kratos Jazz Neckband Bluetooth Headphones with 55H Playtime, Deep Bass, Stereo Sound, HD Calls, Magnetic Earbuds, Voice Assistant, Type-C Fast Charging, Rich Audio, Comfort Fit Bluetooth Neckband",499.0,Online,In stock,ecommerce_amazon
2026-08-18,2026-08-18T16:47:52.760606,TrustSphere Retail,B0F7Y54PJX,"boAt Rockerz 113, 40H Battery, Dual Pair, Fast Charge, ENx Tech, Stream Ad Free Music via App Support, Magnetic Buds, Bluetooth Neckband, Wireless with Mic in Ear Earphones (Active Black)",979.0,Online,In stock,ecommerce_amazon
2026-08-18,2026-08-18T16:47:59.856831,Clicktech Retail Private Ltd,B0FBRGKXHG,"OnePlus Bullets Wireless Z3 in-Ear Neckband with 12.4mm Drivers, 3D Spatial Audio,10 mins Charge for 27 hrs Playback, 4 EQ preset, Dynamic bass Enhancement & BT5.4",1999.0,Online,In stock,ecommerce_amazon
2026-08-18,2026-08-18T16:48:06.998738,Clicktech Retail Private Ltd,B0D2565WBY,"Noise Airwave Pro Bluetooth in Ear Neckband with Upto 32 dB ANC, 60H of Playtime, Dual Device Pairing, 3 Mic ENC for Calling, Low Latency(Upto 40ms), 13mm Driver (Matte Black)",1499.0,Online,In stock,ecommerce_amazon
2026-08-18,2026-08-18T16:48:14.242470,Whoop India,B0DY2VVZWZ,"WHOOP One – 12-Month Membership – 5.0 Health and Fitness Wearable – 24/7 Activity Tracker with VO2 Max, Sleep Tracking, Personalized Coaching, Menstrual Cycle Insights – 14+ Days Battery Life",21990.0,Online,In stock,ecommerce_amazon
2026-08-18,2026-08-18T16:48:21.808475,Clicktech Retail Private Ltd,B0B3RS9DNF,"Fire-Boltt Phoenix Round Smart Watch 1.38"" HD Display with Bluetooth Calling, SpO2 & Heart Rate Monitor, 120+ Sports Modes, IP67 Waterproof, Fitness Tracker Smartwatch for Men & Women - Pink",1499.0,Online,In stock,ecommerce_amazon
2026-08-18,2026-08-18T16:48:29.332813,Clicktech Retail Private Ltd,B0B854R7NS,"Fire-Boltt Ninja Call Pro Bluetooth Calling Smart Watch, 1.69″ HD Display,Dual Chip,AI Voice Assistant, 120+ Sports Modes, SpO2 & Heart Rate Monitor, Fitness Tracker Smartwatch for Men & Women - Black",1099.0,Online,In stock,ecommerce_amazon
2026-08-18,2026-08-18T16:48:37.294910,Clicktech Retail Private Ltd,B0FLF44GTQ,"boAt Wave Call 3 Smartwatch 1.83” HD Display with Animated Watch Faces; BT Calling, Functional Crown, Multiple Sports Modes, IP68, HR, SpO2 Monitor, Smart Watches for Men & Women (Bold Black)",1399.0,Online,In stock,ecommerce_amazon
2026-08-18,2026-08-18T16:48:44.697745,Clicktech Retail Private Ltd,B0G61HJYR3,"Fire-Boltt Ninja X Ring Smart Watch with 1.96” Large Display, Bluetooth Calling, Wireless Charging, AI Voice Assistant, 500+ Watch Faces, Health Suite, Smart Watch for Man & Woman – Blue S",1199.0,Online,In stock,ecommerce_amazon
2026-08-18,2026-08-18T16:48:52.540258,Clicktech Retail Private Ltd,B0GWFFD4B2,"pTron Reflect ACE Smart Fitness Band w/ 45 Days Battery Life, 112 Sports Modes, Heart Rate, SpO2, Stress, Sleep Tracking, HRV, Smart Notifications, 1-Key Measurement, Nylon & Silicon Straps (Blue)",2610.0,Online,In stock,ecommerce_amazon
2026-08-18,2026-08-18T16:48:59.869230,Clicktech Retail Private Ltd,B0H5QCGFDH,"CrossBeats Vector Smart Band with 45 Days Battery Life, 5ATM Waterproof, HRV & SpO2 Tracking, Sleep & Stress Monitoring, 6-Axis Motion Sensor, Strava & Google Health Connect",3999.0,Online,In stock,ecommerce_amazon
2026-08-18,2026-08-18T16:49:06.808627,X- SKY,B0GLRKXDNV,"X-SKY Smart Ring Fitness Tracker with Heart Rate, SpO2, Sleep & Stress Monitor, 5ATM Waterproof, Bluetooth 5.2, Steps, Calories & Activity Tracking, Skin Temperature, Touch Control, 33+ Languages",6750.0,Online,In stock,ecommerce_amazon
2026-08-18,2026-08-18T16:49:13.675036,Clicktech Retail Private Ltd,B0F8QYQV88,"Ambrane Wireless Mouse with 2.4GHz, USB Nano Dongle, Silent Click, Optical Orientation Click Wheel, 4 Buttons, 1600 Adjustable DPI, Both Hand Use, Compatible with PC, Mac, Laptop (Sliq 3, Blue)",399.0,Online,In stock,ecommerce_amazon
2026-08-18,2026-08-18T16:49:20.862211,Consistent,B0D9BTYHF2,"Consistent Fusion Wireless Mouse (MG1151) Wireless Mouse, 2.4GHz with USB Nano Receiver, High Precision Optical Tracking, Buttons, Plug & Play, Ambidextrous, for PC/Mac/Laptop (Black)",549.0,Online,Only 1 left in stock.,ecommerce_amazon
2026-08-18,2026-08-18T16:49:27.656546,Clicktech Retail Private Ltd,B0B296NTFV,"Portronics Toad 23 Wireless Optical Mouse with 2.4GHz, USB Nano Dongle, Optical Orientation, Click Wheel, Adjustable DPI(Black)",279.0,Online,In stock,ecommerce_amazon
2026-08-18,2026-08-18T16:49:35.102125,Clicktech Retail Private Ltd,B0FF4XBM5N,"ZEBRONICS Wireless Mouse, 2.4GHz, 3200 DPI, 3 Buttons, Comfortable & Ergonomic, USB Nano Receiver, Power-Saving Mode, Works on Most Surfaces, for Mac | Laptop | Computer (Freego, Black)",229.0,Online,In stock,ecommerce_amazon
2026-08-18,2026-08-18T16:49:42.336408,Clicktech Retail Private Ltd,B0GXB53GBH,"Ant Globe 25 Dual Mode Wireless Mouse|30-Hour Playtime|Bluetooth + 2.4GHz USB |Rechargeable Silent Optical Mouse for Laptop, MacBook, iPad, PC |3-Level Adjustable 1600 DPI, Slim Portable Design –White",399.0,Online,In stock,ecommerce_amazon
2026-08-18,2026-08-18T16:49:49.441728,Clicktech Retail Private Ltd,B0GRGKY1HT,"Zebronics Mechanical Keyboard, Silent Linear Red Switches, 61 Keys Layout, 26 Key Anti Ghosting, Double Shot Keycaps, 17 LED Modes, Media Controls, 1.5m Cable (Max Ninja 61, Black)",1249.0,Online,In stock,ecommerce_amazon
2026-08-18,2026-08-18T16:49:56.495467,Clicktech Retail Private Ltd,B0H2Z4JCC9,"Zebronics Max Ninja 61W Mechanical Keyboard, 60% Compact Layout, Tri-Mode Rechargeable, N-Key Rollover, Linear Red Switches, 1000Hz Polling Rate, 61 Keys, Software Support, Win & Mac Support",1999.0,Online,In stock,ecommerce_amazon
2026-08-18,2026-08-18T16:50:03.802862,Kay Kay Overseas Corporation Store,B085366TJW,"EvoFox Fireblade TKL Semi-Mechanical Gaming Keyboard with Rainbow Backlit& Breathing Effect, Floating Keycaps, 19 Anti-Ghosting & 12 Multimedia Keys, Windows Lock Key, Braided Cable (Black)",899.0,Online,In stock,ecommerce_amazon
2026-08-18,2026-08-18T16:50:11.210278,Kay Kay Overseas Corporation Store,B0DDV1GWP7,"EvoFox Katana X2 TKL Mechanical Gaming Keyboard | 3‑Pin Replaceable Clicky Blue Switches, Dynamic Backlighting, All Keys Anti‑Ghosting, Volume Knob, Copilot, Xbox Gamebar, Screenshot & More (Black)",1899.0,Online,In stock,ecommerce_amazon
2026-08-18,2026-08-18T16:50:18.701481,Clicktech Retail Private Ltd,B0DHWBTC2Y,"Kreo Hive RGB Anti-ghosting Gaming Keyboard, 75% Tenkeyless Wired Mechanical Keyboard with RGB Backlight, Volume Knob, NKRO, PC Gaming Keyboard Detachable USB C Cable (White - Purple, Brown)",2992.0,Online,In stock,ecommerce_amazon
2026-08-18,2026-08-18T16:50:26.179458,Clicktech Retail Private Ltd,B0CHBHYLLR,"Honeywell 7-in-1 TypeC Docking Station with 4K HDMI,1xUSB 3.0, 2xUSB 2.0 & TypeC 3.0 PD 100W Charging Port, SD & Micro SD Slot,for All Type C Devices- MacBook,Laptop, Thunderbolt 3,PC,3 Years Warranty",1899.0,Online,In stock,ecommerce_amazon
2026-08-18,2026-08-18T16:50:33.482565,Clicktech Retail Private Ltd,B0DF35RPNX,"Honeywell New Launch 5-in-1 Type C Docking Station with 4K HDMI Port, USB 3.0 & 2 X USB 2.0 Ports & Type C 3.0 PD 100W, for All Type C Devices- Windows/MacBook, On-The-Go Feature",1299.0,Online,In Stock,ecommerce_amazon
2026-08-18,2026-08-18T16:50:40.675465,Clicktech Retail Private Ltd,B09M869Z5V,"Portronics Mport 31C USB C Hub Dock (4-in-1), Type C Multiport Adapter with 1 x USB 3.0 & 3 x USB 2.0 Ports, up to 5 Gbps High Speed Data Transfer for Laptop, MacBook, PC (Grey)",256.0,Online,In stock,ecommerce_amazon
2026-08-18,2026-08-18T16:50:47.732771,Clicktech Retail Private Ltd,B0B24W3DJZ,"Portronics Mport 52 USB C Hub Dock (7-in-1), Multiport Adapter with 4K HDMI, 60 W PD Charging, USB 3.0/2.0 & USB Type-C Data Ports at up to 10 Gbps, microSD & SD Card Reader for Laptops(Grey)",699.0,Online,In stock,ecommerce_amazon
2026-08-18,2026-08-18T16:50:54.610821,Boye tech gadget store,B0GJG31LGP,"Acer USB C Hub with HDMI 4K, 5-in-1 Type-C Multiport Adapter PD 100W, USB A",2099.0,Online,In stock,ecommerce_amazon
2026-08-18,2026-08-18T16:51:01.108208,GaLiDaMai-2,B0HC9WQ2Q2,"256GB High-Capacity TF Memory Card | Micro Memory Card for Smartphone, Tablet, Action Camera, Dash Cam & CCTV | Storage Expansion",1999.0,Online,In stock,ecommerce_amazon
2026-08-18,2026-08-18T16:51:08.038007,Clicktech Retail Private Ltd,B0CGCZJ75B,"Amazon Basics 128 GB Micro SD Card with Adapter | Upto 120 MB/s | Class 10 | U1, C10, V10 Speed Classes",2499.0,Online,In stock,ecommerce_amazon
2026-08-18,2026-08-18T16:51:15.071473,Clicktech Retail Private Ltd,B07DJGJ18T,"HP 128GB MicroSD Memory Card | SDXC mx310 Class 10 | UHS-I, U1 Card | Upto 100MB/s R | Compitable with Smartphones, Camera, CCTV | Memory Card",2159.0,Online,In stock,ecommerce_amazon
2026-08-18,2026-08-18T16:51:22.162609,YEWON INDIA,B0HB56THRG,"YEWON 128GB MicroSDXC Memory Card | Class 10 A1 Speed | Up to 100MB/s Read Speed | Full HD Video Recording Support | Waterproof, Shockproof | for Smartphone, Camera, Tablet & Gaming Console",999.0,Online,In stock,ecommerce_amazon
2026-08-18,2026-08-18T16:51:29.266906,Clicktech Retail Private Ltd,B0B9R267MD,"Samsung PRO Endurance 128GB MicroSDXC Memory Card with Adapter for Dash Cam, Body Cam, and Security Camera – Class 10, U3, V30 (‎MB-MJ128KA/APC)",5499.0,Online,In stock,ecommerce_amazon
2026-08-18,2026-08-18T16:51:36.765532,Clicktech Retail Private Ltd,B08ZJDWTJ1,"Seagate Expansion 1TB External HDD - USB 3.0 for Windows and Mac with 3 yr Data Recovery Services, Portable Hard Drive (STKM1000400)",9899.0,Online,In stock,ecommerce_amazon
2026-08-18,2026-08-18T16:51:44.136873,DIRECT FACTORY SALE,B0F1Z6XVVG,"MAYUMI SPACIO 1TB External Hard Disk HDD for Laptop, PC, Mac & Mobile (OTG)",4950.0,Online,In stock,ecommerce_amazon
2026-08-18,2026-08-18T16:51:51.597356,JOGI COM,B0DXKXG9LC,"KINGSTER 1TB External Hard Drive – USB 3.0 Portable HDD | Ultra Slim, Plug & Play | Fast Data Transfer | Backup Storage for Laptop, PC, Mac (Black)",5335.0,Online,In stock,ecommerce_amazon
2026-08-18,2026-08-18T16:51:58.852191,JOGI COM,B0G2GK2S2R,"KINGSTER® 500GB Ultra Slim External Hard Drive | Portable USB 3.0 HDD 5Gbps | Plug & Play | Lightweight Backup Drive for Laptop, PC, Mac | Shock-Resistant Slim Body – White",3100.0,Online,In stock,ecommerce_amazon
2026-08-18,2026-08-18T16:52:06.479232,Clicktech Retail Private Ltd,B07DQ91XNK,Seagate Portable 2TB External HDD – USB 3.0 for PC Laptop and Mac (STGX2000400),12599.0,Online,In stock,ecommerce_amazon
2026-08-18,2026-08-18T16:52:14.240195,Clicktech Retail Private Ltd,B0DRDFQB84,"KIOXIA EXCERIA Plus G2 Portable 2TB / Up to 1,050MB/s Read 1000MB/s Write,MIL-STD Drop Tests, 256 AES Encryption, Photographers, Content Creators and Gaming,Smartphone,Mac Compatible External SSD",27769.0,Online,In stock,ecommerce_amazon
2026-08-18,2026-08-18T16:52:21.433699,PC Parts and Solutions,B08XKMYCBB,"Seagate One Touch 1TB External SSD up to 1030 Mb/s, for Windows, Mac, Android App, 3yr Data Recovery Services, Portable Solid State Drive Black, 6 Month Mylio Create (STKG1000400)",18999.0,Online,In stock,ecommerce_amazon
2026-08-18,2026-08-18T16:52:29.079360,Clicktech Retail Private Ltd,B0C5SDQVNL,"SANDISK Extreme 1TB Portable External SSD, 1050MB/s R, 1000MB/s W, 3m Drop Protection, IP65 Water/dust Resistant, PC,MAC & TypeC Smartphone Compatible, 5Y Warranty, SkyBlue Color",19999.0,Online,In stock,ecommerce_amazon
2026-08-18,2026-08-18T16:52:36.541162,Clicktech Retail Private Ltd,B0C5JQ68FY,"SANDISK 1TB Portable SSD, 800MB/s R, USB 3.2 Gen 2, Rugged SSD with Upto 2 Meter Drop Protection, Type-C to Type-A Cable, PC & Mac Compatible, 3 Y Warranty, External SSD (SDSSDE30-1T00-G26)",15700.0,Online,In stock,ecommerce_amazon
2026-08-18,2026-08-18T16:52:43.826129,Clicktech Retail Private Ltd,B09TW9SH67,"GEONIX SATA 2.5"" 256GB Internal Solid State Drive6Gb/s | Fast Performance | Read/Write Speed Upto - 570/500 MB/s | Quad Channel Controller Compatible with PC and Laptop | 5 Years Warranty.",4009.0,Online,In stock,ecommerce_amazon
2026-08-18,2026-08-18T16:52:51.090162,Clicktech Retail Private Ltd,B0BRQCJ57Y,"Qubo 16A Wi-Fi + Bluetooth Smart Plug | Energy Monitoring | Ideal for Heavy Appliances Like ACs, Geysers & Water Pumps | Voice Control with Alexa & Google Assistant | From Hero Group",899.0,Online,In stock,ecommerce_amazon
2026-08-18,2026-08-18T16:52:58.157257,Clicktech Retail Private Ltd,B08HN9Q2SZ,"Wipro 16A Wi-Fi Smart Plug with Energy Monitoring- Suitable for Large Appliances like Geysers, Microwave Ovens, Air Conditioners (Works with Alexa and Google Assistant)- White",999.0,Online,In stock,ecommerce_amazon
2026-08-18,2026-08-18T16:53:05.356872,Clicktech Retail Private Ltd,B08HNB2FSH,"Wipro 10A smart plug with Energy monitoring- Suitable for small appliances like TVs, Electric Kettle, Mobile and Laptop Chargers (Works with Alexa and Google Assistant)",849.0,Online,In stock,ecommerce_amazon
2026-08-18,2026-08-18T16:53:12.837080,TOSS KAMPANI PRIVATE LIMITED,B0FGXKMLFW,"Toss Smart WiFi Plug 16A with Energy Monitoring | Voice Control – Alexa & Google Assistant Compatible | Smart Socket for AC, Geyser, Water Pump, Heater & Heavy Appliances - Remote App Control",975.0,Online,In stock,ecommerce_amazon
2026-08-18,2026-08-18T16:53:20.324643,BHARAT SMART SERVICES,B0F2NNC7F9,"Bharat Smart Plug 16A Heavy Duty | WiFi Alexa Enabled Smart Plug for AC, Geyser, Heater | Accurate Energy Monitoring, Timer, Remote Control | No Hub Required | Made in India | Universal Socket",989.0,Online,In stock,ecommerce_amazon
2026-08-18,2026-08-18T16:53:27.718931,Clicktech Retail Private Ltd,B0C81LB8S3,Trueview 3MP Wi-Fi ATC Robot Camera | BIS-ER (STQC Certified) WiFi CCTV Camera | All Time Color Night Vision | Pan Tilt | Smart Tracking | 2-Way Audio | Memory Card & Cloud | Alexa | T18296S,2099.0,Online,In stock,ecommerce_amazon
2026-08-18,2026-08-18T16:53:34.431018,COSMIC Communication,B0HDL6J5RP,Eyetech 4MP Indoor WiFi Security Camera | 1080P HD | Smart CCTV Camera with 360° Pan Tilt Rotation | Color Night Vision | Motion Detection | Two-Way Audio with Mobile App V380 Pro (Robot Camera),1689.0,Online,In stock,ecommerce_amazon
2026-08-18,2026-08-18T16:53:41.180928,Klyt India Store,B0HDJCZZ1T,Dr Vision 4MP Indoor WiFi Security Camera | 1080P HD | Smart CCTV Camera with 360° Pan Tilt Rotation | Color Night Vision | Motion Detection | Two-Way Audio with Mobile App V380 Pro (Robot Camera),1689.0,Online,In stock,ecommerce_amazon
2026-08-18,2026-08-18T16:53:48.124778,COSMIC Communication,B0H7MXFPJT,Guard Well 4MP Indoor WiFi Security Camera | 1080P HD | Smart CCTV Camera with 360° Pan Tilt Rotation | Color Night Vision | Motion Detection | Two-Way Audio with Mobile App V380 Pro (Robot Camera),1689.0,Online,In stock,ecommerce_amazon
2026-08-18,2026-08-18T16:53:55.322424,Clicktech Retail Private Ltd,B0FNRQ2CJZ,CP PLUS 2MP Full HD Wi-Fi CCTV Camera for Home with Motion Tracking | Smart Detection Suite | Night Vision | Cloud Recording | View & Talk | Supports OK Google | CTC Cyber Secure | CP-E25Q (Pack of 2),4499.0,Online,In stock,ecommerce_amazon
2026-08-18,2026-08-18T16:54:02.531556,Clicktech Retail Private Ltd,B08MCD9JFY,"Tygot 10 Inches Big LED Ring Light for Camera, Phone, tiktok, YouTube, Video Shooting and Makeup, 10"" inch Ring Light with 7 Feet Long Foldable and Lightweight Tripod Stand",599.0,Online,In stock,ecommerce_amazon
2026-08-18,2026-08-18T16:54:09.447193,Clicktech Retail Private Ltd,B09BN2NPBD,"DIGITEK (DRL-14C) LED Ring Light with 5ft Stand & Smartphone Mount - USB Powered, Color Switch Mode, Brightness Control, Dual Temperature - for Photo & Video Shoots, Makeup, Vlogging!",1399.0,Online,In stock,ecommerce_amazon
2026-08-18,2026-08-18T16:54:16.391853,Clicktech Retail Private Ltd,B0C5WYL9M8,"Tygot Professional (12 Inch) LED Ring Light with 7 Feet Tripod Stand for Mobile Phones & Camera, 3 Temperature Mode Dimmable Lighting, Photo-Shoot, Video Shoot, Makeup & More",649.0,Online,In stock,ecommerce_amazon
2026-08-18,2026-08-18T16:54:23.789424,Clicktech Retail Private Ltd,B0B6RNCSVB,"DIGITEK (DRL 18RT C9) LED Ring Light with Remote Control & 250cm Stand - Smartphone Grip - AC Powered, USB Support - Adjustable Lighting Intensity - Photo, Video Shoots, Makeup, & Vlogging",3999.0,Online,In stock,ecommerce_amazon
2026-08-18,2026-08-18T16:54:31.010691,Cocoblu Retail,B0D6Z244CZ,"Kratos K5 Selfie Stick Tripod with Balance Handle, 64 inch & Stable 4 Leg Design,Recharable BT Remote, Long Tripod Stand for 360° Rotation Panoramic Shoot, Made for Phones,Ring Light, Gopro,Camera",1399.0,Online,In stock,ecommerce_amazon
2026-08-18,2026-08-18T16:54:38.251883,Kay Kay Overseas Corporation Store,B0FPMCKTX2,"EvoFox Hyperion Gaming Headphones with Mic - White, 50mm Drivers, Immersive Surround Sound, Retractable Mic, Wired (3.5mm + Type-C), Inline Controls, Durable Build with Over Ear Swappable Ear Pads",1799.0,Online,In stock,ecommerce_amazon
2026-08-18,2026-08-18T16:54:45.398679,Cocoblu Retail,B07N78G8GB,"Havit H2232d Over Ear Wired Gaming Headset with Boom Microphone & RGB LED for PC, Laptop, PS4, Xbox, Switch",1599.0,Online,In stock,ecommerce_amazon
2026-08-18,2026-08-18T16:54:52.572775,Clicktech Retail Private Ltd,B0B5RMKMJL,"Zebronics Jet PRO Premium Wired Gaming On Ear Headphone with LED for Headband + earcups, 40mm Neodymium Drivers, 2 Meter Braided Cable, with mic, Suspension Design, 3.5mm + USB Connector (Black, Blue)",888.0,Online,In stock,ecommerce_amazon
2026-08-18,2026-08-18T16:54:59.527040,Clicktech Retail Private Ltd,B0859KTNZ8,"Cosmic Byte GS430 Gaming wired over ear Headphone, 7 Color RGB LED and Microphone",999.0,Online,In stock,ecommerce_amazon
2026-08-18,2026-08-18T16:55:06.945541,Clicktech Retail Private Ltd,B0BCFKG49M,"HyperX Cloud Stinger 2 Core Essential PC Gaming Wired Headset, Lightweight Over Ear Headset with mic, Swivel-to-Mute Function, 40mm Drivers (683L9AA), Black",2799.0,Online,In stock,ecommerce_amazon
2026-08-18,2026-08-18T16:55:14.455416,Cocoblu Retail,B09ZPL5VYM,"Ambrane Multipurpose Tabletop Mobile Stand | Adjustable Angle & Height| Universal Holder for iPhone, Samsung, OnePlus & All Smartphones | Portable, Anti-Skid | for Home, Office, Bed & Gifting (Black)",189.0,Online,In stock,ecommerce_amazon
2026-08-18,2026-08-18T16:55:21.995249,Clicktech Retail Private Ltd,B0FD3LGS82,"Dyazo Adjustable Mobile Phone Stand | Multiple Height & Angle Adjustable Desk Holder | Portable, Foldable and Durable Base | Compatible with All 4″–10″ Smartphones & Tablets – White",399.0,Online,In stock,ecommerce_amazon
2026-08-18,2026-08-18T16:55:29.415927,Cocoblu Retail,B09CYDJ8DQ,"Sounce Phone Tabletop Stand Height Angle Adjustable Stand, Phone Holder for Desk Compatible with OnePlus Redmi Samsung Mi Oppo Vivo iPhone12 Mini 11 Pro Xs Xr X 8 7 Plus, All Smartphones (Black)",259.0,Online,In stock,ecommerce_amazon
2026-08-18,2026-08-18T16:55:36.509813,Cocoblu Retail,B0CQLXQKGR,"Ambrane 360° Rotation, Foldable Design Mobile Stand with Stable Metalic Round Base, Multiple Height & Angle adjustments Compatible with Smartphones, Tablets, Kindles & iPad (Twistand 360, Black)",249.0,Online,In stock,ecommerce_amazon
2026-08-18,2026-08-18T16:55:43.669900,Clicktech Retail Private Ltd,B0B9S2T7N6,"Tukzer Foldable Tablet & Mobile Stand Holder with Telescopic Height & Multi-Angle Adjustment| Anti-Slip Silicone Surface, Charging Slot| For Up to 12 Inch Screen iPad Tab, Smartphones, Kindle (Silver)",349.0,Online,In stock,ecommerce_amazon
2026-08-18,2026-08-18T16:59:28.880299,Cocoblu Retail,B098NS6PVG,"Ambrane Unbreakable 3A Fast Charging 1.5m Braided Type C Cable for Smartphones, Tablets & other Type C devices, 480Mbps Data Sync, Quick Charge 3.0 (RCT15A, Black)",179.0,Online,In stock,ecommerce_amazon
2026-08-18,2026-08-18T16:59:36.154947,Cocoblu Retail,B084DTMYWK,MYVN 100W Ultra Fast Charging Cable for OnePlus | USB-A to Type-C | WARP/Dash Compatible | Compatible with OnePlus 13/13R/13S/12R/11R/10R/10T/10/10 Pro/9/9 Pro/8/8 Pro/7 Pro/7T Pro/Nord/CE 3 Lite |1M,328.0,Online,In stock,ecommerce_amazon
2026-08-18,2026-08-18T16:59:43.320315,Cocoblu Retail,B082LZGK39,"Ambrane Unbreakable 60W / 3A Fast Charging 1.5m Braided Micro USB Cable for Smartphones, Tablets, Laptops & Other Micro USB Devices, 480Mbps Data Sync, Quick Charge 3.0 (RCM15, Black)",149.0,Online,In stock,ecommerce_amazon
2026-08-18,2026-08-18T16:59:50.431392,ANKER OFFICIAL,B0DBTV5QF5,"Anker Zolo USB C to USB C Cable, Braided and Dirt-Free Type C Fast Charging Cable, Slim Connector, for iPhone 16 Series, MacBook (240W) (Black, 3ft) | Braided and Dirt-Free, Slim Connector, for iPhone 17 Series, MacBook, and More",699.0,Online,In stock,ecommerce_amazon
2026-08-18,2026-08-18T16:59:57.345480,ANKER OFFICIAL,B0CZ43567W,"Anker Nano USB C to USB C Cable, 240W Fast Charging Cable (6 ft, Black) | Flexible Multi-Color Braided Charger for iPhone 17 Series, MacBook Pro, and More",1499.0,Online,In stock,ecommerce_amazon
2026-08-18,2026-08-18T17:00:04.278886,Cocoblu Retail,B0DZHJT3JB,"Ambrane 20000mAh Powerbank with in-Build Type C Cable, 22.5W Fast Charging, USB & Type C Output, Power Delivery, Quick Charge for iPhone, Android Mobile & Tablets, Earbuds, (Stylo N20, Black)",1899.0,Online,In stock,ecommerce_amazon
2026-08-18,2026-08-18T17:00:11.828676,Clicktech Retail Private Ltd,B09KH58JZR,Portronics Konnect L POR-1403 Fast Charging 3A Type-C Cable 1.2 Meter with Charge & Sync Function for All Type-C Devices (White),145.0,Online,In stock,ecommerce_amazon
2026-08-18,2026-08-18T17:00:18.769187,ANKER OFFICIAL,B0C5XVM3V1,"Anker Type C to Type C Braided 3ft Black PD Cable, Super Fast Charging (50% Charge in 30 mins), Data Sync Compatibility & Power Delivery (PD) for iPhone 15, Samsung, OnePlus & others",699.0,Online,In stock,ecommerce_amazon
2026-08-18,2026-08-18T17:00:25.633885,Cocoblu Retail,B0GXV5X15P,"Ambrane 20000mAh Power Bank with 22.5W Fast Charging | 3 Output Ports | Type-C & USB Input | Compact Portable Charger for iPhone, Android Mobile Phone, Tablets, Earbuds, Speakers,smartwatch",1399.0,Online,In stock,ecommerce_amazon
2026-08-18,2026-08-18T17:00:33.177155,Cocoblu Retail,B0DCZ3WDTB,"Xiaomi Power Bank 4i 20000mAh 33W Super Fast Charging PD |Smart 12 Layer Protection|Type C Input & Output|Triple Output Ports|Supports Android,Apple, Tablets, Earbuds,Watch(MI Powerbank),Black",2307.0,Online,In stock,ecommerce_amazon
2026-08-18,2026-08-18T17:00:40.317114,Clicktech Retail Private Ltd,B0D96JNKFN,"Amazon Basics 20000 mAh Power Bank | 22.5W Fast Charging | Dual Output & Input | Charge 3 Devices Simultaneously | for Smartphones, TWS Earbuds, Speakers, Tablets (Black)",1299.0,Online,In stock,ecommerce_amazon
2026-08-18,2026-08-18T17:00:47.618664,Clicktech Retail Private Ltd,B0GXBBD73Q,"boAt 2026 Launch Airdopes Plus 224, Powerful Spatial Audio, 60H Playback, Quad Mics AI-ENx™, 13 mm Drivers, App Support, Multi Connect, Google Fast Pair, Bluetooth v6.0 TWS Earbuds (Off White)",1199.0,Online,In stock,ecommerce_amazon
2026-08-18,2026-08-18T17:00:55.093418,Cocoblu Retail,B0D78XSMSM,"pTron Bassbuds Astra in-Ear TWS Earbuds w/Stereo Sound, 34Hrs Playtime, Stereo Calls, Custom EQ, Mobile App, BTv5.3 Headphones, Touch Control, Voice Assistant, Type C Charging & IPX4 (Black)",699.0,Online,In stock,ecommerce_amazon
2026-08-18,2026-08-18T17:01:03.138662,Clicktech Retail Private Ltd,B0BF57RN3K,"Fire-Boltt Ninja Call Pro Plus Bluetooth Calling Smart Watch, 1.83″ HD Display, AI Voice Assistant, 120+ Sports Modes, IP67 Waterproof, SpO2 & Heart Rate Monitor Smartwatch for Men & Women - Black",1199.0,Online,In stock,ecommerce_amazon
2026-08-18,2026-08-18T17:01:10.118173,AR TRADERSS,B0HD92HJN3,"Novobit 100W Type C to C PD Fast Charging Cable Compatible with Apple iPhone 17/17 Air/17 Pro/17 Pro Max, 16/15 Series, MacBook, iPad, Type C Laptops & Other USB C Devices",599.0,Online,In stock,ecommerce_amazon
2026-08-18,2026-08-18T17:01:17.254209,Clicktech Retail Private Ltd,B0GVT5NF8W,"Zebronics Type-C Fast Charging Cable, Upto 480 Mbps, 36W Rapid Charge, 3A Output, Charge & Sync Data Cable, 1 Meter Length, Tangle-Free Durable Design (CU300T)",109.0,Online,In stock,ecommerce_amazon
2026-08-18,2026-08-18T17:01:24.167358,BUXSA,B0GS8X5PND,"HDMI Cable V2.1 with Ethernet,Wozoyo 8k@60Hz,4K@120Hz UHD Resolution,2 Mtr braided, 48 Gbps transmission Ultra high Speed,HDR/HDR10/Dolby Vision,Dolby Atmos and DTS:X,Compatible with all HDMI Devices",1098.0,Online,In stock,ecommerce_amazon
2026-08-18,2026-08-18T17:01:31.647360,Clicktech Retail Private Ltd,B08HRGRCGL,"Honeywell HDMI Cable 2.1 with Ethernet, 8k@60Hz, 4K@120Hz UHD Resolution, (9.8ft/3M), 48 GBPS Transmission Ultra High Speed, Dolby DTS, eARC, 3D,Male-to-Male,Compatible with All HDMI-Enabled Devices",1419.0,Online,In stock,ecommerce_amazon
2026-08-18,2026-08-18T17:01:39.085378,Clicktech Retail Private Ltd,B08HRG2MB5,"Honeywell HDMI Cable 2.1 with Ethernet, 8k@60Hz, 4k@120Hz UHD Resolution, 2 Mtr(6.6ft), 48 GBPS Transmission Ultra High Speed, Dolby DTS, eARC,3D,Male-to-Male,Compatible with all HDMI-Enabled Devices",1229.0,Online,In stock,ecommerce_amazon
2026-08-18,2026-08-18T17:01:46.612972,Clicktech Retail Private Ltd,B00GG57JO8,"BlueRigger 8K HDMI 2.1 Cable (10FT, 8K 60Hz HDR, 4K 120Hz, High Speed 48Gbps with Ethernet, eARC, 3D, HDCP 2.3) - Compatible with PS5, Xbox, Roku, Apple TV, Switch, PC",764.0,Online,In stock,ecommerce_amazon
2026-08-18,2026-08-18T17:01:53.893274,Clicktech Retail Private Ltd,B00GG59HU2,"BlueRigger 8K HDMI 2.1 Cable(3.3FT, 8K 60Hz HDR, 4K 120Hz, High Speed 48Gbps with Ethernet, eARC, 3D, HDCP 2.3) - Compatible with PS5, Xbox, Roku, Apple TV, Switch, PC",578.0,Online,In stock,ecommerce_amazon
2026-08-18,2026-08-18T17:02:01.023308,RAIKWAR JII TRADER,B0GSZYK89P,"UNBREAKcable USB C to Lightning Cable (1M) | MFi Certified Fast Charging PD Cable Compatible for iPhone 15/14/13/12/11/X/8, iPad | Durable Braided Type C to Lightning Charger Cord (White)",299.0,Online,In stock,ecommerce_amazon
2026-08-18,2026-08-18T17:02:08.058540,Cocoblu Retail,B0G2CJ4JX3,"Braided USB-C to Compatible with Lightning Fast Charging Cable Compatible for iPhone 14, 13, 12,11, X, 8, 7, 6, 5, iPad Air, Pro, Mini, iPad Blue Color",349.0,Online,In stock,ecommerce_amazon
2026-08-18,2026-08-18T17:02:15.281899,Cocoblu Retail,B0DFCGB2D6,APFEN® 27W Type C to Lightning Fast Charging Cable With High-Speed Data Transfer Compatible with iPhone 14/14 Pro/ 14 Pro Max/ 13/13 Pro/ 13 ProMax/ 12/11/XR/XS/X/8 S,299.0,Online,In stock,ecommerce_amazon
2026-08-18,2026-08-18T17:02:22.807730,Cocoblu Retail,B0F2FYKDS4,"HAMMER 27W Type-C to Lightning 8 Pin Nylon Braided Cable, 27W Fast Charging, 480Mbps High Speed Data Transfer & Durable Tangle Free Design, Compatible with iPhone, iPad, iMac, AirPods, 1.2M (Blue)",149.0,Online,In stock,ecommerce_amazon
2026-08-18,2026-08-18T17:02:29.861181,Clicktech Retail Private Ltd,B0B8SSC5D9,"amazon basics USB C to Lightning TPE MFi Certified Charging Cable (White, 2 meter)",999.0,Online,In stock,ecommerce_amazon
2026-08-18,2026-08-18T17:02:37.139038,BlueRigger India,B07PFTDTWH,"BlueRigger Cat6/Cat7 Flat Ethernet Cable with 10Gbps High Speed, 100% Pure Copper Wire for Networks, PC, Switch, Router and Modem compatible for Gaming PS5/4/3 Xbox PC Laptop - 3 Feet (0.9 Meters)",450.0,Online,In stock,ecommerce_amazon
2026-08-18,2026-08-18T17:02:44.241367,CPU Tech,B0BQLPLKNS,"FEDUS 5M Cat6 Ethernet Cable,Flat RJ45 LAN Cable Wire High Speed 250MHZ/1 Gigabit Speed UTP LAN Cable,Network Internet Cable,Patch Computer Cord Gigabit Category 6 Wires For Modem,White",349.0,Online,In stock,ecommerce_amazon
2026-08-18,2026-08-18T17:02:51.231659,Clicktech Retail Private Ltd,B0BPMB2ND2,"Sounce Cat6 Ethernet Cable 10 Meter/ 550 MHz Outdoor & Indoor, Upto 10 Gbps Support Cat6 Network, Heavy Duty Flat LAN Internet Patch Cord, Solid Weatherproof High Speed Cable for Router, Modem",208.0,Online,In stock,ecommerce_amazon
2026-08-18,2026-08-18T17:02:58.331882,Clicktech Retail Private Ltd,B08CSKRT23,"FEDUS Cat6 Ethernet Cable, 3 Meter High Speed 550MHZ / 10 Gigabit Speed UTP LAN Cable, Network Cable Internet Cable RJ45 Cable LAN Wire, Patch Computer Cord Gigabit Category 6 Wires for Modem, Router",249.0,Online,In stock,ecommerce_amazon
2026-08-18,2026-08-18T17:03:05.350532,iVoltaa Official,B09T6XYT66,"iVoltaa Cat 7 Ethernet LAN Cable | 100% Pure Copper | High Speed Flat Shielded STP RJ45 Patch Cord for Router, Modem, Switch, Laptop, PS5 – Black 10 Feet (3.0 m)",499.0,Online,Only 1 left in stock.,ecommerce_amazon
2026-08-18,2026-08-18T17:03:12.375588,Clicktech Retail Private Ltd,B0D96HMLYX,"Amazon Basics 20000 mAh Power Bank | 22.5W Fast Charging | Dual Output & Input | Charge 3 Devices Simultaneously | for Smartphones, TWS Earbuds, Speakers, Tablets (Dark Blue)",1399.0,Online,In stock,ecommerce_amazon
2026-08-18,2026-08-18T17:03:19.735739,Cocoblu Retail,B0FDKY6JDP,"Ambrane 20000mAh Small Pocket Size Powerbank, Hanging InBuilt Type C Cable, 22.5W Fast Charging, Type C PD & USB Output for iPhone, Android Mobiles & Other Devices (MiniCharge 20, Black-Grey)",1998.0,Online,In stock,ecommerce_amazon
2026-08-18,2026-08-18T17:03:26.699092,Clicktech Retail Private Ltd,B0DG2WDRCM,Amazon Basics 10000mAh 20W Fast Charging Power Bank and 15W Wireless Output | Type C Power Delivery (Input & Output) Quick Charge| Two Way Fast Charge | Made in India (Black),1399.0,Online,In stock,ecommerce_amazon
2026-08-18,2026-08-18T17:03:33.859256,Cocoblu Retail,B0GFLT72ZW,"Lifelong Electronics 10000mAh MagSafe Wireless Power Bank | 2 Cables - Lightning & Type C - for Wired Fast Charging | Powerbank for iPhone, iWatch and All Qi Enabled Phones & Devices | Display & Stand",1889.0,Online,In stock,ecommerce_amazon
2026-08-18,2026-08-18T17:03:41.085761,Cocoblu Retail,B0D22ZZM34,"ZEBRONICS MB10000S15 Power Bank, 10000 mAh, Rapid Charge, 22.5W Output, Dual USB Output, PD 3.0 Type C, Built in Protections, Percentage Indicator, Made in India, Black",699.0,Online,In stock,ecommerce_amazon
2026-08-18,2026-08-18T17:03:47.832518,Inventa Global,B0C7C7Z2VX,"boAt Energyshroom PB300 10000 mAh 22.5W Fast Charging Power Bank (2X Output Ports, Supports Android,iPhone,Tablets,Earbuds) (Steel Blue)",999.0,Online,In stock,ecommerce_amazon
2026-08-18,2026-08-18T17:03:54.920946,Cocoblu Retail,B0DWSS3Q5K,"Ambrane 10000mAh Slim & Compact Powerbank with in-Build Type C Cable, 22.5W Fast Charging, USB & Type C Output, Power Delivery, Quick Charge for iPhone, Android & Tablets, Earbuds, (Stylo N10,Black)",1299.0,Online,In stock,ecommerce_amazon
2026-08-18,2026-08-18T17:04:02.521491,Cocoblu Retail,B0CHJ3X3VM,"Ambrane 65W Charger Adapter, 3 Ports - 2 Type C & 1 USB for Samsung, Type C Laptops: MacBook, Dell, HP, ASUS, Fast Charger with PD Technology & GaN Technology for All Devices (RAAP G65, Black)",2399.0,Online,In stock,ecommerce_amazon
2026-08-18,2026-08-18T17:04:09.662063,RAIKWAR JII TRADER,B0H6C18HC7,"Ailkin 65W GaN Charger | Triple Port High-Speed PD 3.0 & PPS Fast Charging Adapter, 2 x Type C PD Port,1 x USB-A Port | Compatible with iPhone 17/16/15, Laptops, Smartphones, Tablets, MacBooks, iPads",999.0,Online,In stock,ecommerce_amazon
2026-08-18,2026-08-18T17:04:16.957850,AmazXp - Direct,B0GTB1GFJY,"65W GaN 3-Port Fast Charger (2 USB Type-C & 1 USB-A) Multiport Charging Adapter Compatible with CMF Phone/Nothing Phone 4a/4a pro/3/3A/2/2A/2A Plus/1/Samsung,iPhone,MacBook,Other Type C",919.0,Online,In stock,ecommerce_amazon
2026-08-18,2026-08-18T17:04:24.138045,Clicktech Retail Private Ltd,B0GFDYXRX3,"GM G+ 65W Spyder GaN Charger | Foldable Indian Pin |Travel Friendly | Compact Dual-Type-C Port | Fast Charging for iPhone, Samsung, Laptop, MacBook Air, MacBook M4, 1 Year Warranty | Grey",1699.0,Online,In stock,ecommerce_amazon
2026-08-18,2026-08-18T17:04:31.378972,KINGOF EXPORTS,B0DQTHJVHV,"100W Retractable Car Charger, 4-in-1 Fast Charging Adapter with Dual USB Ports & 31.5"" Cables, Car Phone Charger for iPhone, Android, iPad, Samsung, Pixel and More",1499.0,Online,In stock,ecommerce_amazon
2026-08-18,2026-08-18T17:04:38.426636,UNIGEN,B0C5T2C4KY,"UNIGEN UNIPAD 200 Wireless Charger, 15W Qi Fast Wireless Charging Pad [USB A to C Cable] Compatible with All Wireless Compatible Smartphones and Earbuds (Black)",749.0,Online,In stock,ecommerce_amazon
2026-08-18,2026-08-18T17:04:45.925551,EllerSante-Direct,B09PBYPRV9,"eller santé® 23w Magnetic MagSafe Charger 3in1 Wireless Charger for iPhone 17/17 Air /17 Pro/17 Pro Max, 16/16 Plus/16 Pro/16 Pro Max, 15/14/13/12 Series Fast Charging Adaptor- White",2797.0,Online,In stock,ecommerce_amazon
2026-08-18,2026-08-18T17:04:52.788994,EYNK Studio,B0H2RQB2F5,"New Magnetic Wireless Charger for iPhone,MagSaf Fast Charger USB C 15W,Qi Type C Wireless Charging Compatible with iPhone 17/17 pro/17 Pro max/16/16 Plus/16 Pro/16 Pro Max/15/14/13/12 Series(White)",298.0,Online,In stock,ecommerce_amazon
2026-08-18,2026-08-18T17:04:59.965870,RK PRIME STORE,B0H6N77FZF,"Magnetic Wireless Charger for iPhone, 15W USB-C MagSafe Fast Wireless Charging Pad, Qi Compatible with iPhone 16/16 Pro/16 Pro Max/16 Plus, 15/14/13/12 Series (White)",649.0,Online,In stock,ecommerce_amazon
2026-08-18,2026-08-18T17:05:06.827884,Cocoblu Retail,B0GLH8N3H2,"DailyObjects Surge Conoid Qi2.2-Certified MagSafe-Compatible Wireless Charger with 25W Fast Charging, Premium Cosmic Orange Finish, Sleek Conoid Design, Supports iPhone & Qi-Enabled Devices – Orange",4499.0,Online,In stock,ecommerce_amazon
2026-08-18,2026-08-18T17:05:13.677907,Amazon / Direct,B0FC2Z19RX,"boAt Airdopes 219, 4Mics ENx, 40H Battery, Best in Segment for Calling, Stream Ad Free Music via App Support, Bluetooth Earbuds, TWS Ear Buds Wireless Earphones with mic (Ivory Mist)",1199.0,Online,Currently unavailable. We don't know when or if this item will be back in stock.,ecommerce_amazon
2026-08-18,2026-08-18T17:05:21.064268,Clicktech Retail Private Ltd,B0BW8TXJJ2,"boAt Nirvana Ion, 120HRS Battery, Crystal Bionic Sound w/Dual EQ Modes, 4Mics ENx, App Support, Low Latency, IPX4, v.5.2 Bluetooth Earbuds, TWS Ear Buds Wireless Earphones with mic (Charcoal Black)",1799.0,Online,In stock,ecommerce_amazon
2026-08-18,2026-08-18T17:05:27.715143,Varni Enterprise  .,B0HCC9J9WV,"VarniEnterprise TWS Bluetooth Earbuds with Calling, Low Latency Gaming, HD Sound, Type-C Fast Charging, Noise Reduction, Wireless Earphones",249.0,Online,In stock,ecommerce_amazon
2026-08-18,2026-08-18T17:05:34.332735,Alakh Enterprise .,B0HCCPSMC7,"AlakhDM Wireless Bluetooth Earbuds, ENC Noise Reduction, HD Stereo Sound, Gaming Earphones, Type-C Fast Charging, Smart Touch Control",249.0,Online,In stock,ecommerce_amazon
2026-08-18,2026-08-18T17:05:41.342637,Clicktech Retail Private Ltd,B0BQN2RMJF,"GOBOULT Z40 True Wireless in Ear Earbuds with 60H Playtime, Zen™ ENC Mic, Low Latency Gaming, Type-C Fast Charging, Made in India, 10mm Rich Bass Drivers, IPX5, Ear Buds TWS (Blue)",1099.0,Online,In stock,ecommerce_amazon
2026-08-18,2026-08-18T17:05:48.680556,Clicktech Retail Private Ltd,B0C4YY6WXX,"Sony MDR-MV1, Audiophile Headphones for Mixing and Mastering, Studio Monitor Sound for Neutral Frequency Response, Excellent Wearing Comfort, Spatial Sound Creation",24990.0,Online,In stock,ecommerce_amazon
2026-08-18,2026-08-18T17:05:56.470945,Clicktech Retail Private Ltd,B0F8HJNYSS,"Noise Master Buds Max, Sound by Bose Wireless Over-Ear Headphones, Adaptive ANC, LHDC 5.0, Immersive Spatial Audio,Upto 60H Playtime, Fast Pairing, Wear Detection(Silver)",9999.0,Online,In stock,ecommerce_amazon
2026-08-18,2026-08-18T17:06:03.619027,Spigen India,B0DGX1VCWX,"Spigen Audio Newly Launched SA-HP P10 Wireless Over Ear Headphones with 60H Playtime, Upto 43dB Multi-Mode Adaptive ANC Pro, EQ Customizing App, 5-MIC, Gaming Mode, 40mm Driver - Black",2699.0,Online,In stock,ecommerce_amazon
2026-08-18,2026-08-18T17:06:10.965706,Clicktech Retail Private Ltd,B0FG2QT7H2,"boAt Rockerz 512 ANC,(~40dB) Hybrid ANC, 80H Battery, 40mm Drivers, 40ms Low Latency, ENx Tech,Stream Ad Free Music via App Support, Bluetooth Headphones, Wireless Headphone with Mic (Cosmic Black)",3099.0,Online,In stock,ecommerce_amazon
2026-08-18,2026-08-18T17:06:18.263985,Clicktech Retail Private Ltd,B0DV5J28LW,"boAt Rockerz 650 Pro, Touch/Swipe Controls, Dolby Audio, 80Hrs Battery, 2Mics ENx, Fast Charge, App Support, Dual Pair, Bluetooth Over Ear Headphones with Mic (Iris Black)",2999.0,Online,In stock,ecommerce_amazon
2026-08-18,2026-08-18T17:06:25.925232,Clicktech Retail Private Ltd,B0DD7T8H2Q,"Marshall Willen II Portable Bluetooth Speaker with 17+ Hours of Portable Playtime, Dust & Waterproof (IP67) - Black & Brass.",12499.0,Online,In stock,ecommerce_amazon
2026-08-18,2026-08-18T17:06:33.899241,Clicktech Retail Private Ltd,B0DYDRF64T,"Marshall Emberton III Compact Portable Bluetooth Speaker with 32+ Hours of Playtime, (360° Sound), Dust & Waterproof (IP67) – Sage.",17999.0,Online,In stock,ecommerce_amazon
2026-08-18,2026-08-18T17:06:41.242619,Clicktech Retail Private Ltd,B0FCFWGB8V,"Dubstep Pop 1200 Portable Bluetooth Speaker | 12W Loud Sound, Deep Bass with XBASS, 16 Hrs Playtime, TWS Stereo Pairing, 52mm Driver, Splash-Resistant, Carry Strap (Black)",599.0,Online,In stock,ecommerce_amazon
2026-08-18,2026-08-18T17:06:48.022791,Clicktech Retail Private Ltd,B0GSF8FB2X,"Zebronics 2026 Launch Portable Bluetooth Speaker, 5W RMS, Up to 10Hrs Playback, Passive Radiator, TWS, BT v5.4, USB & mSD, 9 RGB Modes, Splash Proof, Type-C Charging (Sonic POD 15)",679.0,Online,In stock,ecommerce_amazon
2026-08-18,2026-08-18T17:06:55.402545,Clicktech Retail Private Ltd,B0BTHL673V,"Marshall Middleton Portable Bluetooth Speaker with 20+ Hours of Portable Playtime, 360° Sound, Dust & Waterproof (IP67) - Black & Brass.",26999.0,Online,Only 2 left in stock.,ecommerce_amazon
2026-08-18,2026-08-18T17:07:02.385161,Cocoblu Retail,B0G2SPF2W1,"Kratos N1 Neckband Bluetooth Headphones with 30 Hours Playtime with 13mm Drivers, Rich Music Experience, Type C Fast Charging, Neckband Earphones with Voice Assistant & IPX4 Water Resistant",299.0,Online,In stock,ecommerce_amazon
2026-08-18,2026-08-18T17:07:09.361586,Cocoblu Retail,B0GKY49GCY,"Kratos Jazz Neckband Bluetooth Headphones with 55H Playtime, Deep Bass, Stereo Sound, HD Calls, Magnetic Earbuds, Voice Assistant, Type-C Fast Charging, Rich Audio, Comfort Fit Bluetooth Neckband",499.0,Online,In stock,ecommerce_amazon
2026-08-18,2026-08-18T17:07:16.763151,21st Gen,B0F7Y54PJX,"boAt Rockerz 113, 40H Battery, Dual Pair, Fast Charge, ENx Tech, Stream Ad Free Music via App Support, Magnetic Buds, Bluetooth Neckband, Wireless with Mic in Ear Earphones (Active Black)",949.0,Online,Only 1 left in stock.,ecommerce_amazon
2026-08-18,2026-08-18T17:07:23.990548,Cocoblu Retail,B0FBRGKXHG,"OnePlus Bullets Wireless Z3 in-Ear Neckband with 12.4mm Drivers, 3D Spatial Audio,10 mins Charge for 27 hrs Playback, 4 EQ preset, Dynamic bass Enhancement & BT5.4",1999.0,Online,In stock,ecommerce_amazon
2026-08-18,2026-08-18T17:07:31.275464,Clicktech Retail Private Ltd,B0D2565WBY,"Noise Airwave Pro Bluetooth in Ear Neckband with Upto 32 dB ANC, 60H of Playtime, Dual Device Pairing, 3 Mic ENC for Calling, Low Latency(Upto 40ms), 13mm Driver (Matte Black)",1499.0,Online,In stock,ecommerce_amazon
2026-08-18,2026-08-18T17:07:38.673224,Whoop India,B0DY2VVZWZ,"WHOOP One – 12-Month Membership – 5.0 Health and Fitness Wearable – 24/7 Activity Tracker with VO2 Max, Sleep Tracking, Personalized Coaching, Menstrual Cycle Insights – 14+ Days Battery Life",21990.0,Online,In stock,ecommerce_amazon
2026-08-18,2026-08-18T17:07:46.386911,Clicktech Retail Private Ltd,B0B854R7NS,"Fire-Boltt Ninja Call Pro Bluetooth Calling Smart Watch, 1.69″ HD Display,Dual Chip,AI Voice Assistant, 120+ Sports Modes, SpO2 & Heart Rate Monitor, Fitness Tracker Smartwatch for Men & Women - Black",1099.0,Online,In stock,ecommerce_amazon
2026-08-18,2026-08-18T17:07:54.110714,Clicktech Retail Private Ltd,B0FLF44GTQ,"boAt Wave Call 3 Smartwatch 1.83” HD Display with Animated Watch Faces; BT Calling, Functional Crown, Multiple Sports Modes, IP68, HR, SpO2 Monitor, Smart Watches for Men & Women (Bold Black)",1399.0,Online,In stock,ecommerce_amazon
2026-08-18,2026-08-18T17:08:01.579235,Clicktech Retail Private Ltd,B0G61HJYR3,"Fire-Boltt Ninja X Ring Smart Watch with 1.96” Large Display, Bluetooth Calling, Wireless Charging, AI Voice Assistant, 500+ Watch Faces, Health Suite, Smart Watch for Man & Woman – Blue S",1199.0,Online,In stock,ecommerce_amazon
2026-08-18,2026-08-18T17:08:10.243022,Clicktech Retail Private Ltd,B0F7XWCCY3,"Noise Endeavour Pro (Smartchoice) Outdoor Rugged Military Smart Watch, Dual-Band GPS, 164ft Water Resistance, 28 Days Battery on Standby, AI Companion, for iOS & Android (Carbon Black)",9999.0,Online,In stock,ecommerce_amazon
2026-08-18,2026-08-18T17:08:17.989648,Clicktech Retail Private Ltd,B0GWFFD4B2,"pTron Reflect ACE Smart Fitness Band w/ 45 Days Battery Life, 112 Sports Modes, Heart Rate, SpO2, Stress, Sleep Tracking, HRV, Smart Notifications, 1-Key Measurement, Nylon & Silicon Straps (Blue)",2610.0,Online,In stock,ecommerce_amazon
2026-08-18,2026-08-18T17:08:25.325288,Clicktech Retail Private Ltd,B0H5QCGFDH,"CrossBeats Vector Smart Band with 45 Days Battery Life, 5ATM Waterproof, HRV & SpO2 Tracking, Sleep & Stress Monitoring, 6-Axis Motion Sensor, Strava & Google Health Connect",3999.0,Online,In stock,ecommerce_amazon
2026-08-18,2026-08-18T17:08:32.769263,X- SKY,B0GLRKXDNV,"X-SKY Smart Ring Fitness Tracker with Heart Rate, SpO2, Sleep & Stress Monitor, 5ATM Waterproof, Bluetooth 5.2, Steps, Calories & Activity Tracking, Skin Temperature, Touch Control, 33+ Languages",6750.0,Online,In stock,ecommerce_amazon
2026-08-18,2026-08-18T17:08:39.723376,Clicktech Retail Private Ltd,B0GZ9WRCJF,AILKIN Corvex Smart Fitness Band with 45 Days Battery Life Tracker Max,2399.0,Online,Only 1 left in stock.,ecommerce_amazon
2026-08-18,2026-08-18T17:08:46.741758,Clicktech Retail Private Ltd,B0F8QYQV88,"Ambrane Wireless Mouse with 2.4GHz, USB Nano Dongle, Silent Click, Optical Orientation Click Wheel, 4 Buttons, 1600 Adjustable DPI, Both Hand Use, Compatible with PC, Mac, Laptop (Sliq 3, Blue)",399.0,Online,In stock,ecommerce_amazon
2026-08-18,2026-08-18T17:08:53.606271,Consistent,B0D9BTYHF2,"Consistent Fusion Wireless Mouse (MG1151) Wireless Mouse, 2.4GHz with USB Nano Receiver, High Precision Optical Tracking, Buttons, Plug & Play, Ambidextrous, for PC/Mac/Laptop (Black)",549.0,Online,Only 1 left in stock.,ecommerce_amazon
2026-08-18,2026-08-18T17:09:00.420942,Clicktech Retail Private Ltd,B0B296NTFV,"Portronics Toad 23 Wireless Optical Mouse with 2.4GHz, USB Nano Dongle, Optical Orientation, Click Wheel, Adjustable DPI(Black)",279.0,Online,In stock,ecommerce_amazon
2026-08-18,2026-08-18T17:09:07.510641,Clicktech Retail Private Ltd,B0FF4XBM5N,"ZEBRONICS Wireless Mouse, 2.4GHz, 3200 DPI, 3 Buttons, Comfortable & Ergonomic, USB Nano Receiver, Power-Saving Mode, Works on Most Surfaces, for Mac | Laptop | Computer (Freego, Black)",229.0,Online,In stock,ecommerce_amazon
2026-08-18,2026-08-18T17:09:14.749365,Clicktech Retail Private Ltd,B0GXB53GBH,"Ant Globe 25 Dual Mode Wireless Mouse|30-Hour Playtime|Bluetooth + 2.4GHz USB |Rechargeable Silent Optical Mouse for Laptop, MacBook, iPad, PC |3-Level Adjustable 1600 DPI, Slim Portable Design –White",399.0,Online,In stock,ecommerce_amazon
2026-08-18,2026-08-18T17:09:21.921219,Clicktech Retail Private Ltd,B09BVCVTBC,"Redragon K617 Fizz 60% Wired RGB Gaming Keyboard, 61 Keys Compact Mechanical Keyboard w/White and Grey Color Keycaps, Linear Red Switch, Pro Driver/Software Supported",2489.0,Online,In stock,ecommerce_amazon
2026-08-18,2026-08-18T17:09:28.949750,Clicktech Retail Private Ltd,B09JSZYKYR,"Redragon K617 Fizz 60% Wired RGB Gaming Keyboard, 61 Keys Compact Mechanical Keyboard, (Linear RED Switch), Pro Driver/Software Supported || Black",2081.0,Online,In Stock,ecommerce_amazon
2026-08-18,2026-08-18T17:09:35.530660,Kay Kay Overseas Corporation Store,B085366TJW,"EvoFox Fireblade TKL Semi-Mechanical Gaming Keyboard with Rainbow Backlit& Breathing Effect, Floating Keycaps, 19 Anti-Ghosting & 12 Multimedia Keys, Windows Lock Key, Braided Cable (Black)",899.0,Online,In stock,ecommerce_amazon
2026-08-18,2026-08-18T17:09:42.699572,Kay Kay Overseas Corporation Store,B0DDV1GWP7,"EvoFox Katana X2 TKL Mechanical Gaming Keyboard | 3‑Pin Replaceable Clicky Blue Switches, Dynamic Backlighting, All Keys Anti‑Ghosting, Volume Knob, Copilot, Xbox Gamebar, Screenshot & More (Black)",1899.0,Online,In stock,ecommerce_amazon
2026-08-18,2026-08-18T17:09:49.967501,Clicktech Retail Private Ltd,B0H2Z4JCC9,"Zebronics Max Ninja 61W Mechanical Keyboard, 60% Compact Layout, Tri-Mode Rechargeable, N-Key Rollover, Linear Red Switches, 1000Hz Polling Rate, 61 Keys, Software Support, Win & Mac Support",1999.0,Online,In stock,ecommerce_amazon
2026-08-18,2026-08-18T17:09:57.851415,Clicktech Retail Private Ltd,B0CHBHYLLR,"Honeywell 7-in-1 TypeC Docking Station with 4K HDMI,1xUSB 3.0, 2xUSB 2.0 & TypeC 3.0 PD 100W Charging Port, SD & Micro SD Slot,for All Type C Devices- MacBook,Laptop, Thunderbolt 3,PC,3 Years Warranty",1899.0,Online,In stock,ecommerce_amazon
2026-08-18,2026-08-18T17:10:04.826164,Clicktech Retail Private Ltd,B0DF35RPNX,"Honeywell New Launch 5-in-1 Type C Docking Station with 4K HDMI Port, USB 3.0 & 2 X USB 2.0 Ports & Type C 3.0 PD 100W, for All Type C Devices- Windows/MacBook, On-The-Go Feature",1299.0,Online,In Stock,ecommerce_amazon
2026-08-18,2026-08-18T17:10:11.768591,Clicktech Retail Private Ltd,B09M869Z5V,"Portronics Mport 31C USB C Hub Dock (4-in-1), Type C Multiport Adapter with 1 x USB 3.0 & 3 x USB 2.0 Ports, up to 5 Gbps High Speed Data Transfer for Laptop, MacBook, PC (Grey)",256.0,Online,In stock,ecommerce_amazon
2026-08-18,2026-08-18T17:10:18.784309,Clicktech Retail Private Ltd,B0B24W3DJZ,"Portronics Mport 52 USB C Hub Dock (7-in-1), Multiport Adapter with 4K HDMI, 60 W PD Charging, USB 3.0/2.0 & USB Type-C Data Ports at up to 10 Gbps, microSD & SD Card Reader for Laptops(Grey)",699.0,Online,In stock,ecommerce_amazon
2026-08-18,2026-08-18T17:10:26.158312,Boye tech gadget store,B0GJG31LGP,"Acer USB C Hub with HDMI 4K, 5-in-1 Type-C Multiport Adapter PD 100W, USB A",2099.0,Online,In stock,ecommerce_amazon
2026-08-18,2026-08-18T17:10:33.226265,GaLiDaMai-2,B0HC9WQ2Q2,"256GB High-Capacity TF Memory Card | Micro Memory Card for Smartphone, Tablet, Action Camera, Dash Cam & CCTV | Storage Expansion",1999.0,Online,In stock,ecommerce_amazon
2026-08-18,2026-08-18T17:10:40.578118,Clicktech Retail Private Ltd,B0CGCZJ75B,"Amazon Basics 128 GB Micro SD Card with Adapter | Upto 120 MB/s | Class 10 | U1, C10, V10 Speed Classes",2499.0,Online,In stock,ecommerce_amazon
2026-08-18,2026-08-18T17:10:47.979221,Clicktech Retail Private Ltd,B07DJGJ18T,"HP 128GB MicroSD Memory Card | SDXC mx310 Class 10 | UHS-I, U1 Card | Upto 100MB/s R | Compitable with Smartphones, Camera, CCTV | Memory Card",2159.0,Online,In stock,ecommerce_amazon
2026-08-18,2026-08-18T17:10:55.547960,YEWON INDIA,B0HB56THRG,"YEWON 128GB MicroSDXC Memory Card | Class 10 A1 Speed | Up to 100MB/s Read Speed | Full HD Video Recording Support | Waterproof, Shockproof | for Smartphone, Camera, Tablet & Gaming Console",999.0,Online,In stock,ecommerce_amazon
2026-08-18,2026-08-18T17:11:03.209099,Clicktech Retail Private Ltd,B0B9R267MD,"Samsung PRO Endurance 128GB MicroSDXC Memory Card with Adapter for Dash Cam, Body Cam, and Security Camera – Class 10, U3, V30 (‎MB-MJ128KA/APC)",5499.0,Online,In stock,ecommerce_amazon
2026-08-18,2026-08-18T17:11:11.334155,Clicktech Retail Private Ltd,B08ZJDWTJ1,"Seagate Expansion 1TB External HDD - USB 3.0 for Windows and Mac with 3 yr Data Recovery Services, Portable Hard Drive (STKM1000400)",9899.0,Online,In stock,ecommerce_amazon
2026-08-18,2026-08-18T17:11:19.348753,DIRECT FACTORY SALE,B0FHBXTVR8,"MAYUMI DRIXEL HS 3.1 1TB External Hard Disk for Laptop, PC, Mac & Mobile",5295.0,Online,In stock,ecommerce_amazon
2026-08-18,2026-08-18T17:11:26.931582,JOGI COM,B0DXKXG9LC,"KINGSTER 1TB External Hard Drive – USB 3.0 Portable HDD | Ultra Slim, Plug & Play | Fast Data Transfer | Backup Storage for Laptop, PC, Mac (Black)",5335.0,Online,In stock,ecommerce_amazon
2026-08-18,2026-08-18T17:11:34.664370,DIRECT FACTORY SALE,B0F1TXJRNZ,"MAYUMI Trident 1TB External Hard Disk for Laptop, PC, Mac & Mobile (OTG)",5100.0,Online,Only 1 left in stock.,ecommerce_amazon
2026-08-18,2026-08-18T17:11:42.138182,JOGI COM,B0G2GK2S2R,"KINGSTER® 500GB Ultra Slim External Hard Drive | Portable USB 3.0 HDD 5Gbps | Plug & Play | Lightweight Backup Drive for Laptop, PC, Mac | Shock-Resistant Slim Body – White",3100.0,Online,In stock,ecommerce_amazon
2026-08-18,2026-08-18T17:11:49.074328,Clicktech Retail Private Ltd,B087DFFJRD,"Samsung T7 2TB Up to 1,050MB/s USB 3.2 Gen 2 (10Gbps, Type-C) External Solid State Drive (Portable SSD) Grey(MU-PC2T0T)",45579.0,Online,In stock,ecommerce_amazon
2026-08-18,2026-08-18T17:11:56.877856,Clicktech Retail Private Ltd,B0DRDFQB84,"KIOXIA EXCERIA Plus G2 Portable 2TB / Up to 1,050MB/s Read 1000MB/s Write,MIL-STD Drop Tests, 256 AES Encryption, Photographers, Content Creators and Gaming,Smartphone,Mac Compatible External SSD",27769.0,Online,In stock,ecommerce_amazon
2026-08-18,2026-08-18T17:12:03.909072,Clicktech Retail Private Ltd,B0C5SDQVNL,"SANDISK Extreme 1TB Portable External SSD, 1050MB/s R, 1000MB/s W, 3m Drop Protection, IP65 Water/dust Resistant, PC,MAC & TypeC Smartphone Compatible, 5Y Warranty, SkyBlue Color",19999.0,Online,In stock,ecommerce_amazon
2026-08-18,2026-08-18T17:12:10.988069,Clicktech Retail Private Ltd,B0C5JQ68FY,"SANDISK 1TB Portable SSD, 800MB/s R, USB 3.2 Gen 2, Rugged SSD with Upto 2 Meter Drop Protection, Type-C to Type-A Cable, PC & Mac Compatible, 3 Y Warranty, External SSD (SDSSDE30-1T00-G26)",15700.0,Online,In stock,ecommerce_amazon
2026-08-18,2026-08-18T17:12:17.847637,Clicktech Retail Private Ltd,B09TW9SH67,"GEONIX SATA 2.5"" 256GB Internal Solid State Drive6Gb/s | Fast Performance | Read/Write Speed Upto - 570/500 MB/s | Quad Channel Controller Compatible with PC and Laptop | 5 Years Warranty.",4009.0,Online,In stock,ecommerce_amazon
2026-08-18,2026-08-18T17:12:24.913246,Clicktech Retail Private Ltd,B0BRQCJ57Y,"Qubo 16A Wi-Fi + Bluetooth Smart Plug | Energy Monitoring | Ideal for Heavy Appliances Like ACs, Geysers & Water Pumps | Voice Control with Alexa & Google Assistant | From Hero Group",899.0,Online,In stock,ecommerce_amazon
2026-08-18,2026-08-18T17:12:31.983479,Clicktech Retail Private Ltd,B08HN9Q2SZ,"Wipro 16A Wi-Fi Smart Plug with Energy Monitoring- Suitable for Large Appliances like Geysers, Microwave Ovens, Air Conditioners (Works with Alexa and Google Assistant)- White",999.0,Online,In stock,ecommerce_amazon
2026-08-18,2026-08-18T17:12:38.951429,Clicktech Retail Private Ltd,B08HNB2FSH,"Wipro 10A smart plug with Energy monitoring- Suitable for small appliances like TVs, Electric Kettle, Mobile and Laptop Chargers (Works with Alexa and Google Assistant)",849.0,Online,In stock,ecommerce_amazon
2026-08-18,2026-08-18T17:12:45.826840,TOSS KAMPANI PRIVATE LIMITED,B0FGXKMLFW,"Toss Smart WiFi Plug 16A with Energy Monitoring | Voice Control – Alexa & Google Assistant Compatible | Smart Socket for AC, Geyser, Water Pump, Heater & Heavy Appliances - Remote App Control",975.0,Online,In stock,ecommerce_amazon
2026-08-18,2026-08-18T17:12:52.525681,BHARAT SMART SERVICES,B0F2NNC7F9,"Bharat Smart Plug 16A Heavy Duty | WiFi Alexa Enabled Smart Plug for AC, Geyser, Heater | Accurate Energy Monitoring, Timer, Remote Control | No Hub Required | Made in India | Universal Socket",989.0,Online,In stock,ecommerce_amazon
2026-08-18,2026-08-18T17:12:59.639743,Clicktech Retail Private Ltd,B0C81LB8S3,Trueview 3MP Wi-Fi ATC Robot Camera | BIS-ER (STQC Certified) WiFi CCTV Camera | All Time Color Night Vision | Pan Tilt | Smart Tracking | 2-Way Audio | Memory Card & Cloud | Alexa | T18296S,2099.0,Online,In stock,ecommerce_amazon
2026-08-18,2026-08-18T17:13:06.367997,COSMIC Communication,B0HDL6J5RP,Eyetech 4MP Indoor WiFi Security Camera | 1080P HD | Smart CCTV Camera with 360° Pan Tilt Rotation | Color Night Vision | Motion Detection | Two-Way Audio with Mobile App V380 Pro (Robot Camera),1689.0,Online,In stock,ecommerce_amazon
2026-08-18,2026-08-18T17:13:13.177185,Klyt India Store,B0HDJCZZ1T,Dr Vision 4MP Indoor WiFi Security Camera | 1080P HD | Smart CCTV Camera with 360° Pan Tilt Rotation | Color Night Vision | Motion Detection | Two-Way Audio with Mobile App V380 Pro (Robot Camera),1689.0,Online,In stock,ecommerce_amazon
2026-08-18,2026-08-18T17:13:19.831728,COSMIC Communication,B0H7MXFPJT,Guard Well 4MP Indoor WiFi Security Camera | 1080P HD | Smart CCTV Camera with 360° Pan Tilt Rotation | Color Night Vision | Motion Detection | Two-Way Audio with Mobile App V380 Pro (Robot Camera),1689.0,Online,In stock,ecommerce_amazon
2026-08-18,2026-08-18T17:13:26.953176,Clicktech Retail Private Ltd,B0FNRQ2CJZ,CP PLUS 2MP Full HD Wi-Fi CCTV Camera for Home with Motion Tracking | Smart Detection Suite | Night Vision | Cloud Recording | View & Talk | Supports OK Google | CTC Cyber Secure | CP-E25Q (Pack of 2),4499.0,Online,In stock,ecommerce_amazon
2026-08-18,2026-08-18T17:13:34.005601,Clicktech Retail Private Ltd,B08MCD9JFY,"Tygot 10 Inches Big LED Ring Light for Camera, Phone, tiktok, YouTube, Video Shooting and Makeup, 10"" inch Ring Light with 7 Feet Long Foldable and Lightweight Tripod Stand",599.0,Online,In stock,ecommerce_amazon
2026-08-18,2026-08-18T17:13:40.915966,Clicktech Retail Private Ltd,B09BN2NPBD,"DIGITEK (DRL-14C) LED Ring Light with 5ft Stand & Smartphone Mount - USB Powered, Color Switch Mode, Brightness Control, Dual Temperature - for Photo & Video Shoots, Makeup, Vlogging!",1399.0,Online,In stock,ecommerce_amazon
2026-08-18,2026-08-18T17:13:47.633130,Clicktech Retail Private Ltd,B0C5WYL9M8,"Tygot Professional (12 Inch) LED Ring Light with 7 Feet Tripod Stand for Mobile Phones & Camera, 3 Temperature Mode Dimmable Lighting, Photo-Shoot, Video Shoot, Makeup & More",649.0,Online,In stock,ecommerce_amazon
2026-08-18,2026-08-18T17:13:54.883401,Clicktech Retail Private Ltd,B0BH98BQKR,"Kreo Ring Light 12"" for Video Shooting Professional Studio Light with Stand, Ringlight kit for YouTube Instagram with Accessories (12"" RL W/Tripod)",1399.0,Online,In stock,ecommerce_amazon
2026-08-18,2026-08-18T17:14:01.979444,Clicktech Retail Private Ltd,B0B6RNCSVB,"DIGITEK (DRL 18RT C9) LED Ring Light with Remote Control & 250cm Stand - Smartphone Grip - AC Powered, USB Support - Adjustable Lighting Intensity - Photo, Video Shoots, Makeup, & Vlogging",3999.0,Online,In stock,ecommerce_amazon
2026-08-18,2026-08-18T17:14:09.046530,Clicktech Retail Private Ltd,B0BCFKG49M,"HyperX Cloud Stinger 2 Core Essential PC Gaming Wired Headset, Lightweight Over Ear Headset with mic, Swivel-to-Mute Function, 40mm Drivers (683L9AA), Black",2799.0,Online,In stock,ecommerce_amazon
2026-08-18,2026-08-18T17:14:16.148319,Clicktech Retail Private Ltd,B0BDGMNF6V,"HyperX Cloud Stinger 2 Core Smartchoice- Gaming Headset for PlayStation, Lightweight Over-Ear Headset with mic, Swivel-to-Mute Function, 40mm Drivers (6H9B5AA), White",2699.0,Online,In stock,ecommerce_amazon
2026-08-18,2026-08-18T17:14:23.013802,Clicktech Retail Private Ltd,B0B5RMKMJL,"Zebronics Jet PRO Premium Wired Gaming On Ear Headphone with LED for Headband + earcups, 40mm Neodymium Drivers, 2 Meter Braided Cable, with mic, Suspension Design, 3.5mm + USB Connector (Black, Blue)",888.0,Online,In stock,ecommerce_amazon
2026-08-18,2026-08-18T17:14:29.848429,Clicktech Retail Private Ltd,B0859KTNZ8,"Cosmic Byte GS430 Gaming wired over ear Headphone, 7 Color RGB LED and Microphone",999.0,Online,In stock,ecommerce_amazon
2026-08-18,2026-08-18T17:14:36.918094,Clicktech Retail Private Ltd,B0C3BV19Q3,"HyperX Cloud III–Smartchoice Wired Gaming Over Ear Headset, Pc, Ps5, Xbox Series X|S, Angled 53Mm Drivers, DTS, Memory Foam, Durable Frame, Ultra-Clear 10Mm Mic, USB-C, USB-A, 3.5Mm–Black/Red(727A9AA)",7499.0,Online,In stock,ecommerce_amazon
2026-08-18,2026-08-18T17:14:43.740794,Cocoblu Retail,B09ZPL5VYM,"Ambrane Multipurpose Tabletop Mobile Stand | Adjustable Angle & Height| Universal Holder for iPhone, Samsung, OnePlus & All Smartphones | Portable, Anti-Skid | for Home, Office, Bed & Gifting (Black)",189.0,Online,In stock,ecommerce_amazon
2026-08-18,2026-08-18T17:14:50.604299,Clicktech Retail Private Ltd,B0FD3LGS82,"Dyazo Adjustable Mobile Phone Stand | Multiple Height & Angle Adjustable Desk Holder | Portable, Foldable and Durable Base | Compatible with All 4″–10″ Smartphones & Tablets – White",399.0,Online,In stock,ecommerce_amazon
2026-08-18,2026-08-18T17:14:57.604562,Cocoblu Retail,B09CYDJ8DQ,"Sounce Phone Tabletop Stand Height Angle Adjustable Stand, Phone Holder for Desk Compatible with OnePlus Redmi Samsung Mi Oppo Vivo iPhone12 Mini 11 Pro Xs Xr X 8 7 Plus, All Smartphones (Black)",259.0,Online,In stock,ecommerce_amazon
2026-08-18,2026-08-18T17:15:04.506752,Cocoblu Retail,B0CQLXQKGR,"Ambrane 360° Rotation, Foldable Design Mobile Stand with Stable Metalic Round Base, Multiple Height & Angle adjustments Compatible with Smartphones, Tablets, Kindles & iPad (Twistand 360, Black)",249.0,Online,In stock,ecommerce_amazon
2026-08-18,2026-08-18T17:15:11.262612,Clicktech Retail Private Ltd,B0B9S2T7N6,"Tukzer Foldable Tablet & Mobile Stand Holder with Telescopic Height & Multi-Angle Adjustment| Anti-Slip Silicone Surface, Charging Slot| For Up to 12 Inch Screen iPad Tab, Smartphones, Kindle (Silver)",349.0,Online,In stock,ecommerce_amazon
2026-08-19,2026-08-19T20:53:37.242803,Cocoblu Retail,B098NS6PVG,"Ambrane Unbreakable 3A Fast Charging 1.5m Braided Type C Cable for Smartphones, Tablets & other Type C devices, 480Mbps Data Sync, Quick Charge 3.0 (RCT15A, Black)",179.0,Online,In stock,ecommerce_amazon
2026-08-19,2026-08-19T20:53:44.651932,Cocoblu Retail,B084DTMYWK,MYVN 100W Ultra Fast Charging Cable for OnePlus | USB-A to Type-C | WARP/Dash Compatible | Compatible with OnePlus 13/13R/13S/12R/11R/10R/10T/10/10 Pro/9/9 Pro/8/8 Pro/7 Pro/7T Pro/Nord/CE 3 Lite |1M,287.0,Online,In stock,ecommerce_amazon
2026-08-19,2026-08-19T20:53:51.978824,Cocoblu Retail,B082LZGK39,"Ambrane Unbreakable 60W / 3A Fast Charging 1.5m Braided Micro USB Cable for Smartphones, Tablets, Laptops & Other Micro USB Devices, 480Mbps Data Sync, Quick Charge 3.0 (RCM15, Black)",149.0,Online,In stock,ecommerce_amazon
2026-08-19,2026-08-19T20:53:59.798950,ANKER OFFICIAL,B0DBTV5QF5,"Anker Zolo USB C to USB C Cable, Braided and Dirt-Free Type C Fast Charging Cable, Slim Connector, for iPhone 16 Series, MacBook (240W) (Black, 3ft)",699.0,Online,In stock,ecommerce_amazon
2026-08-19,2026-08-19T20:54:06.884445,Amazon / Direct,B0CZ43567W,"Anker Nano USB C to USB C Cable, 240W Fast Charging Cable (6 ft, Black) | Flexible Multi-Color Braided Charger for iPhone 17 Series, MacBook Pro, and More",749.0,Online,Currently unavailable. We don't know when or if this item will be back in stock.,ecommerce_amazon
2026-08-19,2026-08-19T20:54:14.079460,Cocoblu Retail,B0DZHJT3JB,"Ambrane 20000mAh Powerbank with in-Build Type C Cable, 22.5W Fast Charging, USB & Type C Output, Power Delivery, Quick Charge for iPhone, Android Mobile & Tablets, Earbuds, (Stylo N20, Black)",1899.0,Online,In stock,ecommerce_amazon
2026-08-19,2026-08-19T20:54:21.240667,Clicktech Retail Private Ltd,B09KH58JZR,Portronics Konnect L POR-1403 Fast Charging 3A Type-C Cable 1.2 Meter with Charge & Sync Function for All Type-C Devices (White),145.0,Online,In stock,ecommerce_amazon
2026-08-19,2026-08-19T20:54:28.291368,ANKER OFFICIAL,B0C5XVM3V1,"Anker Type C to Type C Braided 3ft Black PD Cable, Super Fast Charging (50% Charge in 30 mins), Data Sync Compatibility & Power Delivery (PD) for iPhone 15, Samsung, OnePlus & others",699.0,Online,In stock,ecommerce_amazon
2026-08-19,2026-08-19T20:54:35.631521,Cocoblu Retail,B0GXV5X15P,"Ambrane 20000mAh Power Bank with 22.5W Fast Charging | 3 Output Ports | Type-C & USB Input | Compact Portable Charger for iPhone, Android Mobile Phone, Tablets, Earbuds, Speakers,smartwatch",1399.0,Online,In stock,ecommerce_amazon
2026-08-19,2026-08-19T20:54:43.405254,Cocoblu Retail,B0DCZ3WDTB,"Xiaomi Power Bank 4i 20000mAh 33W Super Fast Charging PD |Smart 12 Layer Protection|Type C Input & Output|Triple Output Ports|Supports Android,Apple, Tablets, Earbuds,Watch(MI Powerbank),Black",2449.0,Online,In stock,ecommerce_amazon
2026-08-19,2026-08-19T20:54:51.380374,Clicktech Retail Private Ltd,B0D96JNKFN,"Amazon Basics 20000 mAh Power Bank | 22.5W Fast Charging | Dual Output & Input | Charge 3 Devices Simultaneously | for Smartphones, TWS Earbuds, Speakers, Tablets (Black)",1299.0,Online,In stock,ecommerce_amazon
2026-08-19,2026-08-19T20:54:58.634173,Clicktech Retail Private Ltd,B0GXBBD73Q,"boAt 2026 Launch Airdopes Plus 224, Powerful Spatial Audio, 60H Playback, Quad Mics AI-ENx™, 13 mm Drivers, App Support, Multi Connect, Google Fast Pair, Bluetooth v6.0 TWS Earbuds (Off White)",1199.0,Online,In stock,ecommerce_amazon
2026-08-19,2026-08-19T20:55:06.786226,Cocoblu Retail,B0D78XSMSM,"pTron Bassbuds Astra in-Ear TWS Earbuds w/Stereo Sound, 34Hrs Playtime, Stereo Calls, Custom EQ, Mobile App, BTv5.3 Headphones, Touch Control, Voice Assistant, Type C Charging & IPX4 (Black)",699.0,Online,In stock,ecommerce_amazon
2026-08-19,2026-08-19T20:55:17.594462,Clicktech Retail Private Ltd,B0BF57RN3K,"Fire-Boltt Ninja Call Pro Plus Bluetooth Calling Smart Watch, 1.83″ HD Display, AI Voice Assistant, 120+ Sports Modes, IP67 Waterproof, SpO2 & Heart Rate Monitor Smartwatch for Men & Women - Black",1199.0,Online,In stock,ecommerce_amazon
2026-08-19,2026-08-19T20:55:25.037802,Clicktech Retail Private Ltd,B08HRGRCGL,"Honeywell HDMI Cable 2.1 with Ethernet, 8k@60Hz, 4K@120Hz UHD Resolution, (9.8ft/3M), 48 GBPS Transmission Ultra High Speed, Dolby DTS, eARC, 3D,Male-to-Male,Compatible with All HDMI-Enabled Devices",1419.0,Online,In stock,ecommerce_amazon
2026-08-19,2026-08-19T20:55:32.696491,Clicktech Retail Private Ltd,B0GS9CLMYL,"HDMI Cable V2.1 with Ethernet,Wozoyo 8k@60Hz,4K@120Hz UHD Resolution,3 Mtr braided, 48 Gbps transmission Ultra high Speed,HDR/HDR10/Dolby Vision,Dolby Atmos and DTS:X, Compatible with all HDMI Devices",999.0,Online,In stock,ecommerce_amazon
2026-08-19,2026-08-19T20:55:40.070588,Clicktech Retail Private Ltd,B08HRG2MB5,"Honeywell HDMI Cable 2.1 with Ethernet, 8k@60Hz, 4k@120Hz UHD Resolution, 2 Mtr(6.6ft), 48 GBPS Transmission Ultra High Speed, Dolby DTS, eARC,3D,Male-to-Male,Compatible with all HDMI-Enabled Devices",1229.0,Online,In stock,ecommerce_amazon
2026-08-19,2026-08-19T20:55:48.428705,Clicktech Retail Private Ltd,B00GG59HU2,"BlueRigger 8K HDMI 2.1 Cable(3.3FT, 8K 60Hz HDR, 4K 120Hz, High Speed 48Gbps with Ethernet, eARC, 3D, HDCP 2.3) - Compatible with PS5, Xbox, Roku, Apple TV, Switch, PC",578.0,Online,In stock,ecommerce_amazon
2026-08-19,2026-08-19T20:56:02.265676,HOC CONNECT PVT LTD,B0H5JP51LL,"HOC Technologies 4K HDMI Cable | 18Gbps High Speed | Ultra HD 4K@30Hz, HDR, ARC | Gold-Plated Connectors | 3 Year Warranty | For TV, Monitor, PS5, Xbox, Laptop – Multi-Length Options Available",349.0,Online,In stock,ecommerce_amazon
2026-08-19,2026-08-19T20:56:09.791537,Cocoblu Retail,B0DFCGB2D6,APFEN® 27W Type C to Lightning Fast Charging Cable With High-Speed Data Transfer Compatible with iPhone 14/14 Pro/ 14 Pro Max/ 13/13 Pro/ 13 ProMax/ 12/11/XR/XS/X/8 S,299.0,Online,In stock,ecommerce_amazon
2026-08-19,2026-08-19T20:56:17.982496,RAIKWAR JII TRADER,B0GSZYK89P,"UNBREAKcable USB C to Lightning Cable (1M) | MFi Certified Fast Charging PD Cable Compatible for iPhone 15/14/13/12/11/X/8, iPad | Durable Braided Type C to Lightning Charger Cord (White)",299.0,Online,In stock,ecommerce_amazon
2026-08-19,2026-08-19T20:56:25.355293,Cocoblu Retail,B0F2FYKDS4,"HAMMER 27W Type-C to Lightning 8 Pin Nylon Braided Cable, 27W Fast Charging, 480Mbps High Speed Data Transfer & Durable Tangle Free Design, Compatible with iPhone, iPad, iMac, AirPods, 1.2M (Blue)",149.0,Online,In stock,ecommerce_amazon
2026-08-19,2026-08-19T20:56:32.572248,VEERSARA PRIVATE LIMITED,B0GZ3QBQ4G,"USB Type C to Lightening Cable, MFi Certified, 27W Fast Charging & 480Mbps Data Sync, 1M White Charging Cable Compatible with iPhone 14/13/12/11/X/8 Series, iPad & AirPod (Free Cable Protector)",305.0,Online,In stock,ecommerce_amazon
2026-08-19,2026-08-19T20:56:41.665710,Clicktech Retail Private Ltd,B0B8SSC5D9,"amazon basics USB C to Lightning TPE MFi Certified Charging Cable (White, 2 meter)",999.0,Online,In stock,ecommerce_amazon
2026-08-19,2026-08-19T20:56:49.419545,BlueRigger India,B07PFTDTWH,"BlueRigger Cat6/Cat7 Flat Ethernet Cable with 10Gbps High Speed, 100% Pure Copper Wire for Networks, PC, Switch, Router and Modem compatible for Gaming PS5/4/3 Xbox PC Laptop - 3 Feet (0.9 Meters)",450.0,Online,In stock,ecommerce_amazon
2026-08-19,2026-08-19T20:56:56.915819,SevenXt,B08N5N7LNX,7SEVEN® CAT 6 RJ45 ethernet Patch Internet Cable with Gold platted connectors Supports Upto 1000mbps Speed 3 Meters(10 feet) Length,299.0,Online,In stock,ecommerce_amazon
2026-08-19,2026-08-19T20:57:03.972693,Clicktech Retail Private Ltd,B0BPMB2ND2,"Sounce Cat6 Ethernet Cable 10 Meter/ 550 MHz Outdoor & Indoor, Upto 10 Gbps Support Cat6 Network, Heavy Duty Flat LAN Internet Patch Cord, Solid Weatherproof High Speed Cable for Router, Modem",208.0,Online,In stock,ecommerce_amazon
2026-08-19,2026-08-19T20:57:11.890003,Clicktech Retail Private Ltd,B08CSKRT23,"FEDUS Cat6 Ethernet Cable, 3 Meter High Speed 550MHZ / 10 Gigabit Speed UTP LAN Cable, Network Cable Internet Cable RJ45 Cable LAN Wire, Patch Computer Cord Gigabit Category 6 Wires for Modem, Router",249.0,Online,In stock,ecommerce_amazon
2026-08-19,2026-08-19T20:57:20.018034,iVoltaa Official,B09T6XYT66,"iVoltaa Cat 7 Ethernet LAN Cable | 100% Pure Copper | High Speed Flat Shielded STP RJ45 Patch Cord for Router, Modem, Switch, Laptop, PS5 – Black 10 Feet (3.0 m)",499.0,Online,In stock,ecommerce_amazon
2026-08-19,2026-08-19T20:57:28.022979,Cocoblu Retail,B0F48D1KB2,"boAt Energyshroom PB435 20000 mAh 35W Super Fast Charging Power Bank, Smart 12 Layer Protection (4X Output Ports, Supports Android, iPhone, Tablets, Earbuds, etc.) (Onyx Black)",2099.0,Online,In stock,ecommerce_amazon
2026-08-19,2026-08-19T20:57:36.087143,Clicktech Retail Private Ltd,B0DG2WDRCM,Amazon Basics 10000mAh 20W Fast Charging Power Bank and 15W Wireless Output | Type C Power Delivery (Input & Output) Quick Charge| Two Way Fast Charge | Made in India (Black),1399.0,Online,In stock,ecommerce_amazon
2026-08-19,2026-08-19T20:57:44.064794,Cocoblu Retail,B0DWSS3Q5K,"Ambrane 10000mAh Slim & Compact Powerbank with in-Build Type C Cable, 22.5W Fast Charging, USB & Type C Output, Power Delivery, Quick Charge for iPhone, Android & Tablets, Earbuds, (Stylo N10,Black)",1299.0,Online,In stock,ecommerce_amazon
2026-08-19,2026-08-19T20:57:51.602566,Cocoblu Retail,B0D22ZZM34,"ZEBRONICS MB10000S15 Power Bank, 10000 mAh, Rapid Charge, 22.5W Output, Dual USB Output, PD 3.0 Type C, Built in Protections, Percentage Indicator, Made in India, Black",699.0,Online,In stock,ecommerce_amazon
2026-08-19,2026-08-19T20:57:58.586534,Inventa Global,B0C7C7Z2VX,"boAt Energyshroom PB300 10000 mAh 22.5W Fast Charging Power Bank (2X Output Ports, Supports Android,iPhone,Tablets,Earbuds) (Steel Blue)",999.0,Online,In stock,ecommerce_amazon
2026-08-19,2026-08-19T20:58:06.537313,Cocoblu Retail,B0D9S9TV5Q,"Ambrane Magsafe Wireless 10000Mah Fast Charging Power Bank, Strong Magnet, Micro USB Input, 22.5W Output For Iphone 12 Above, Android & Other Qi Enabled Devices + Magnetic Ring (Aerosync Snap, Purple)",1749.0,Online,In stock,ecommerce_amazon
2026-08-19,2026-08-19T20:58:14.519241,Cocoblu Retail,B0CHJ3X3VM,"Ambrane 65W Charger Adapter, 3 Ports - 2 Type C & 1 USB for Samsung, Type C Laptops: MacBook, Dell, HP, ASUS, Fast Charger with PD Technology & GaN Technology for All Devices (RAAP G65, Black)",2399.0,Online,In stock,ecommerce_amazon
2026-08-19,2026-08-19T20:58:22.285146,RAIKWAR JII TRADER,B0H6C18HC7,"Ailkin 65W GaN Charger | Triple Port High-Speed PD 3.0 & PPS Fast Charging Adapter, 2 x Type C PD Port,1 x USB-A Port | Compatible with iPhone 17/16/15, Laptops, Smartphones, Tablets, MacBooks, iPads",999.0,Online,In stock,ecommerce_amazon
2026-08-19,2026-08-19T20:58:29.903607,Cocoblu Retail,B0FMFK6QPH,"Portronics 65W Adapto 65M GaN Triple Port Fast Charging Laptop Adaptor, 2 x Type-C PD Port, 1 x USB-A Port, Compatible with Laptops, Smartphones, Tablets, MacBooks, iPads (White)",979.0,Online,In stock,ecommerce_amazon
2026-08-19,2026-08-19T20:58:37.388293,Clicktech Retail Private Ltd,B0GFDYXRX3,GM G+ Spyder GaN Charger | Foldable Indian Pin | Travel Friendly (Grey),1699.0,Online,In stock,ecommerce_amazon
2026-08-19,2026-08-19T20:58:44.969782,KINGOF EXPORTS,B0DQTHJVHV,"100W Retractable Car Charger, 4-in-1 Fast Charging Adapter with Dual USB Ports & 31.5"" Cables, Car Phone Charger for iPhone, Android, iPad, Samsung, Pixel and More",1499.0,Online,In stock,ecommerce_amazon
2026-08-19,2026-08-19T20:58:52.853525,UNIGEN,B0C5T2C4KY,"UNIGEN UNIPAD 200 Wireless Charger, 15W Qi Fast Wireless Charging Pad [USB A to C Cable] Compatible with All Wireless Compatible Smartphones and Earbuds (Black)",749.0,Online,In stock,ecommerce_amazon
2026-08-19,2026-08-19T20:59:01.258197,EllerSante-Direct,B09PBYPRV9,"eller santé® 23w Magnetic MagSafe Charger 3in1 Wireless Charger for iPhone 17/17 Air /17 Pro/17 Pro Max, 16/16 Plus/16 Pro/16 Pro Max, 15/14/13/12 Series Fast Charging Adaptor- White",2797.0,Online,In stock,ecommerce_amazon
2026-08-19,2026-08-19T20:59:08.905478,EYNK Studio,B0H2RQB2F5,"New Magnetic Wireless Charger for iPhone,MagSaf Fast Charger USB C 15W,Qi Type C Wireless Charging Compatible with iPhone 17/17 pro/17 Pro max/16/16 Plus/16 Pro/16 Pro Max/15/14/13/12 Series(White)",298.0,Online,In stock,ecommerce_amazon
2026-08-19,2026-08-19T20:59:16.378484,UNIGEN,B0C5RR48L7,"UNIGEN UNIPAD 200 Wireless Charger, 15W Qi Fast Wireless Charging Pad [Type-C to C Cable] Compatible with All Wireless Enabled Smartphones & Earbuds-Black",749.0,Online,In stock,ecommerce_amazon
2026-08-19,2026-08-19T20:59:23.342330,Cocoblu Retail,B0GXJGWYWB,"Belkin MagSafe Qi2.2 25W Wireless Charger, Fast Wireless Charging Pad with Kickstand - White",3798.0,Online,Only 2 left in stock.,ecommerce_amazon
2026-08-19,2026-08-19T20:59:30.263210,Varni Enterprise  .,B0HCC9J9WV,"VarniEnterprise TWS Bluetooth Earbuds with Calling, Low Latency Gaming, HD Sound, Type-C Fast Charging, Noise Reduction, Wireless Earphones",249.0,Online,In stock,ecommerce_amazon
2026-08-19,2026-08-19T20:59:37.643792,Clicktech Retail Private Ltd,B0GZNHB218,"boAt 2026 Launch Airdopes Joy v2, 35H Battery, Pocketable Design, ASAP™ Charge, 13mm Drivers, Easy Touch Controls, ENx™ Tech, IWP™ & App Support TWS Bluetooth Earbuds with mic (Dusty Rose)",1099.0,Online,In stock,ecommerce_amazon
2026-08-19,2026-08-19T20:59:48.835665,Clicktech Retail Private Ltd,B0CQJXC3SP,"Noise Buds N1 Truly Wireless Earbuds with Chrome Finish, 40H of Playtime, Quad Mic with ENC, Ultra Low Latency Gaming (Up to 40 Ms), Instacharge(10 Min=120 Min), Bluetooth V5.3(Calm Beige)",1199.0,Online,In stock,ecommerce_amazon
2026-08-19,2026-08-19T20:59:57.053933,Clicktech Retail Private Ltd,B0F9YWD4Z3,"GOBOULT Soniq Over Ear Bluetooth Headphones with 70H Playtime, 40mm Bass Drivers, Zen™ ENC Mic, Type-C Fast Charging, Dual Pairing, AUX, Wireless Headphones (White)",1999.0,Online,In stock,ecommerce_amazon
2026-08-19,2026-08-19T21:00:04.384115,Clicktech Retail Private Ltd,B0HC4BKDLR,"GOBOULT Q Over Ear Bluetooth Headphones with 70H Playtime, 40mm Bass Drivers, Zen™ ENC Mic, Type-C Fast Charging, 4 EQ Modes, Made in India, IPX5 Headphones Wireless with mic (Jet Black)",2799.0,Online,In stock,ecommerce_amazon
2026-08-19,2026-08-19T21:00:13.585682,Spigen India,B0DGX1VCWX,"Spigen Audio Newly Launched SA-HP P10 Wireless Over Ear Headphones with 60H Playtime, Upto 43dB Multi-Mode Adaptive ANC Pro, EQ Customizing App, 5-MIC, Gaming Mode, 40mm Driver - Black",2699.0,Online,In stock,ecommerce_amazon
2026-08-19,2026-08-19T21:00:22.720276,Clicktech Retail Private Ltd,B0FG2QT7H2,"boAt Rockerz 512 ANC,(~40dB) Hybrid ANC, 80H Battery, 40mm Drivers, 40ms Low Latency, ENx Tech,Stream Ad Free Music via App Support, Bluetooth Headphones, Wireless Headphone with Mic (Cosmic Black)",3099.0,Online,In stock,ecommerce_amazon
2026-08-19,2026-08-19T21:00:33.552255,Clicktech Retail Private Ltd,B0GWDGNJC9,"Noise Alt Buds Open Wireless Open-Ear Earbuds (2026), Red Dot Award-Winning Design, Hi-Res LHDC Audio, AI-Powered, Quad Mic ENC, App Support, Up to 35H Playtime, Bluetooth v6.0 (Chosen Black)",4499.0,Online,In stock,ecommerce_amazon
2026-08-19,2026-08-19T21:00:42.962221,Clicktech Retail Private Ltd,B0DD7T8H2Q,"Marshall Willen II Portable Bluetooth Speaker with 17+ Hours of Portable Playtime, Dust & Waterproof (IP67) - Black & Brass.",12499.0,Online,In stock,ecommerce_amazon
2026-08-19,2026-08-19T21:00:52.865605,Clicktech Retail Private Ltd,B0DYDRF64T,"Marshall Emberton III Compact Portable Bluetooth Speaker with 32+ Hours of Playtime, (360° Sound), Dust & Waterproof (IP67) – Sage.",17999.0,Online,In stock,ecommerce_amazon
2026-08-19,2026-08-19T21:01:01.251657,Clicktech Retail Private Ltd,B0FHHQQNZY,"Dubstep Pop 1400 Portable Bluetooth Speaker | 14W Loud Sound, Deep Bass with XBASS, 16 Hrs Playtime, TWS Stereo Pairing, 52mm Driver, Splash-Resistant, Carry Strap (Black)",699.0,Online,In stock,ecommerce_amazon
2026-08-19,2026-08-19T21:01:09.441389,Clicktech Retail Private Ltd,B0GSF8FB2X,"Zebronics 2026 Launch Portable Bluetooth Speaker, 5W RMS, Up to 10Hrs Playback, Passive Radiator, TWS, BT v5.4, USB & mSD, 9 RGB Modes, Splash Proof, Type-C Charging (Sonic POD 15)",679.0,Online,In stock,ecommerce_amazon
2026-08-19,2026-08-19T21:01:20.455341,Clicktech Retail Private Ltd,B0BTHL673V,"Marshall Middleton Portable Bluetooth Speaker with 20+ Hours of Portable Playtime, 360° Sound, Dust & Waterproof (IP67) - Black & Brass.",26999.0,Online,Only 1 left in stock.,ecommerce_amazon
2026-08-19,2026-08-19T21:01:28.855803,Cocoblu Retail,B0FZC523RD,"pTron Tangent Rush w/ 50Hrs Playtime, Pristine Sound, Dual-Device Pairing, Bluetooth 5.4 Wireless in-Ear Earphones with Mic, Voice Assistant, Type-C Fast Charging & IPX5 Water Resistant (Ink Blue)",498.0,Online,In stock,ecommerce_amazon
2026-08-19,2026-08-19T21:01:36.679294,Cocoblu Retail,B0GKY49GCY,"Kratos Jazz Neckband Bluetooth Headphones with 55H Playtime, Deep Bass, Stereo Sound, HD Calls, Magnetic Earbuds, Voice Assistant, Type-C Fast Charging, Rich Audio, Comfort Fit Bluetooth Neckband",499.0,Online,In stock,ecommerce_amazon
2026-08-19,2026-08-19T21:01:44.186787,TrustSphere Retail,B0F7Y54PJX,"boAt Rockerz 113, 40H Battery, Dual Pair, Fast Charge, ENx Tech, Stream Ad Free Music via App Support, Magnetic Buds, Bluetooth Neckband, Wireless with Mic in Ear Earphones (Active Black)",979.0,Online,In stock,ecommerce_amazon
2026-08-19,2026-08-19T21:01:52.307664,Cocoblu Retail,B0FBRGKXHG,"OnePlus Bullets Wireless Z3 in-Ear Neckband with 12.4mm Drivers, 3D Spatial Audio,10 mins Charge for 27 hrs Playback, 4 EQ preset, Dynamic bass Enhancement & BT5.4",1999.0,Online,In stock,ecommerce_amazon
2026-08-19,2026-08-19T21:02:01.151227,Clicktech Retail Private Ltd,B0DH4PGF11,CrossBeats Shuffl AI ANC Neckband Bluetooth Headphones Dual Device Pairing | AI ENC mic | 120Hrs Playback| | Type-c Wireless Ear Buds|40ms Low Latency Gaming Mode in Ear Earphones | BT v5.4 (Black),1799.0,Online,In Stock,ecommerce_amazon
2026-08-19,2026-08-19T21:02:09.661568,miracle digital,B0CQCTWJLR,"Miracle Digital Smartwatch for Men with Bluetooth Calling – 1.46"" HD Screen, AI Assistant, 30-Day Battery, Health Monitoring, 100+ Sports Modes, IPX68 Waterproof, Silver Strap, Android/iOS",2899.0,Online,In stock,ecommerce_amazon
2026-08-19,2026-08-19T21:02:17.399536,Whoop India,B0DY2VVZWZ,"WHOOP One – 12-Month Membership – 5.0 Health and Fitness Wearable – 24/7 Activity Tracker with VO2 Max, Sleep Tracking, Personalized Coaching, Menstrual Cycle Insights – 14+ Days Battery Life",21990.0,Online,In stock,ecommerce_amazon
2026-08-19,2026-08-19T21:02:25.504137,Clicktech Retail Private Ltd,B0B854R7NS,"Fire-Boltt Ninja Call Pro Bluetooth Calling Smart Watch, 1.69″ HD Display,Dual Chip,AI Voice Assistant, 120+ Sports Modes, SpO2 & Heart Rate Monitor, Fitness Tracker Smartwatch for Men & Women - Black",1399.0,Online,In stock,ecommerce_amazon
2026-08-19,2026-08-19T21:02:45.176569,Clicktech Retail Private Ltd,B0FLF44GTQ,"boAt Wave Call 3 Smartwatch 1.83” HD Display with Animated Watch Faces; BT Calling, Functional Crown, Multiple Sports Modes, IP68, HR, SpO2 Monitor, Smart Watches for Men & Women (Bold Black)",1399.0,Online,In stock,ecommerce_amazon
2026-08-19,2026-08-19T21:02:52.860007,Clicktech Retail Private Ltd,B0DSF14WQZ,"Fire-Boltt Rise Smart Watch 1.85″ with Bluetooth Calling, AI Voice Assistant, Rotating Crown, SpO2 & Heart Rate Monitor, 123 Sports Modes, IP67 Waterproof Metal Smartwatch for Men & Women - Black",1699.0,Online,In stock,ecommerce_amazon
2026-08-19,2026-08-19T21:03:00.476644,ZAVYOO Fitness band,B0GQSQHTJY,"Screenless Fitness Band for Men & Women | HRV, Heart Rate, SpO2 & Sleep Tracker | No Screen, No Distractions | Activity & Recovery Monitor | 30 Day Battery | iOS & Android | Black",4299.0,Online,In stock,ecommerce_amazon
2026-08-19,2026-08-19T21:03:07.719846,Koozo Commerce Pvt. Ltd.,B0FT7SPSCR,"Pulse Smart Band for Men & Women, 24/7 Health & Fitness Tracker with HRV, BP, Stress & Sleep Monitor, 127+ Sports Modes, Upto 45 Days Battery, IP68 Waterproof, No Subscription Needed",4444.0,Online,In Stock,ecommerce_amazon
2026-08-19,2026-08-19T21:03:16.426315,Clicktech Retail Private Ltd,B0H5QCGFDH,"CrossBeats Vector Smart Band with 45 Days Battery Life, 5ATM Waterproof, HRV & SpO2 Tracking, Sleep & Stress Monitoring, 6-Axis Motion Sensor, Strava & Google Health Connect",3999.0,Online,In stock,ecommerce_amazon
2026-08-19,2026-08-19T21:03:23.759191,X- SKY,B0GLRKXDNV,"X-SKY Smart Ring Fitness Tracker with Heart Rate, SpO2, Sleep & Stress Monitor, 5ATM Waterproof, Bluetooth 5.2, Steps, Calories & Activity Tracking, Skin Temperature, Touch Control, 33+ Languages",6750.0,Online,In stock,ecommerce_amazon
2026-08-19,2026-08-19T21:03:31.106556,Clicktech Retail Private Ltd,B0F8QYQV88,"Ambrane Wireless Mouse with 2.4GHz, USB Nano Dongle, Silent Click, Optical Orientation Click Wheel, 4 Buttons, 1600 Adjustable DPI, Both Hand Use, Compatible with PC, Mac, Laptop (Sliq 3, Blue)",399.0,Online,In stock,ecommerce_amazon
2026-08-19,2026-08-19T21:03:38.501278,Clicktech Retail Private Ltd,B0827J11YM,"HP M120 Wireless Mouse, USB-A Nano dongle, 2.4 GHz Wireless Connection, 6 Buttons, Up to 1600 dpi, Optical Sensor, Ergonomic Design, 12-Month Battery Life, 1-Year Warranty, 60g±5%, Black, 7J4G4AA",445.0,Online,In stock,ecommerce_amazon
2026-08-19,2026-08-19T21:03:45.700256,Clicktech Retail Private Ltd,B0B296NTFV,"Portronics Toad 23 Wireless Optical Mouse with 2.4GHz, USB Nano Dongle, Optical Orientation, Click Wheel, Adjustable DPI(Black)",279.0,Online,In stock,ecommerce_amazon
2026-08-19,2026-08-19T21:03:53.135000,Clicktech Retail Private Ltd,B0FF4XBM5N,"ZEBRONICS Wireless Mouse, 2.4GHz, 3200 DPI, 3 Buttons, Comfortable & Ergonomic, USB Nano Receiver, Power-Saving Mode, Works on Most Surfaces, for Mac | Laptop | Computer (Freego, Black)",229.0,Online,In stock,ecommerce_amazon
2026-08-19,2026-08-19T21:04:01.015804,Clicktech Retail Private Ltd,B0GXB53GBH,"Ant Globe 25 Dual Mode Wireless Mouse|30-Hour Playtime|Bluetooth + 2.4GHz USB |Rechargeable Silent Optical Mouse for Laptop, MacBook, iPad, PC |3-Level Adjustable 1600 DPI, Slim Portable Design –White",399.0,Online,In stock,ecommerce_amazon
2026-08-19,2026-08-19T21:04:09.576241,FEONIX INFOTECH (DR),B0GR5KY1TD,"KARNAGE by EVM Visage 95 RGB Backlit Wireless Gaming Keyboard [95 Keys] Triple Mode BT 5.0, 2.4GHz & USB-C | Semi- Mechanical | Volume Knob & Display | 2000mAh | Win & Mac | 2 Year Warranty | Black",2350.0,Online,In stock,ecommerce_amazon
2026-08-19,2026-08-19T21:04:16.907884,Clicktech Retail Private Ltd,B0GR5VQKJB,"KARNAGE by EVM Visage RGB Backlit Wireless Gaming Keyboard [84 Keys] Triple Mode BT 5.0, 2.4GHz & USB-C | Semi- Mechanical | Volume Knob & Display | 2000mAh | Win & Mac | 2 Year Warranty | White Blue",2099.0,Online,In stock,ecommerce_amazon
2026-08-19,2026-08-19T21:04:25.907553,Kay Kay Overseas Corporation Store,B085366TJW,"EvoFox Fireblade TKL Semi-Mechanical Gaming Keyboard with Rainbow Backlit& Breathing Effect, Floating Keycaps, 19 Anti-Ghosting & 12 Multimedia Keys, Windows Lock Key, Braided Cable (Black)",899.0,Online,In stock,ecommerce_amazon
2026-08-19,2026-08-19T21:04:34.963188,Kay Kay Overseas Corporation Store,B0DDV1GWP7,"EvoFox Katana X2 TKL Mechanical Gaming Keyboard | 3‑Pin Replaceable Clicky Blue Switches, Dynamic Backlighting, All Keys Anti‑Ghosting, Volume Knob, Copilot, Xbox Gamebar, Screenshot & More (Black)",1899.0,Online,In stock,ecommerce_amazon
2026-08-19,2026-08-19T21:04:42.800118,Clicktech Retail Private Ltd,B0DHWBTC2Y,"Kreo Hive RGB Anti-ghosting Gaming Keyboard, 75% Tenkeyless Wired Mechanical Keyboard with RGB Backlight, Volume Knob, NKRO, PC Gaming Keyboard Detachable USB C Cable (White - Purple, Brown)",2992.0,Online,In stock,ecommerce_amazon
2026-08-19,2026-08-19T21:04:50.791229,Clicktech Retail Private Ltd,B0CHBHYLLR,"Honeywell 7-in-1 TypeC Docking Station with 4K HDMI,1xUSB 3.0, 2xUSB 2.0 & TypeC 3.0 PD 100W Charging Port, SD & Micro SD Slot,for All Type C Devices- MacBook,Laptop, Thunderbolt 3,PC,3 Years Warranty",1899.0,Online,In stock,ecommerce_amazon
2026-08-19,2026-08-19T21:04:58.213689,Clicktech Retail Private Ltd,B0FRD7C9NJ,"Belkin USB C Hub 5-in-1, Type C Hub for Laptop & PC – USB Hub with 4K HDMI 2.0, 100W PD Charging, USB-A Ports, 5Gbps Data Transfer | USB Docking Station for MacBook Pro, Air, iPad Pro & More",2799.0,Online,In stock,ecommerce_amazon
2026-08-19,2026-08-19T21:05:05.439359,Clicktech Retail Private Ltd,B0B24W3DJZ,"Portronics Mport 52 USB C Hub Dock (7-in-1), Multiport Adapter with 4K HDMI, 60 W PD Charging, USB 3.0/2.0 & USB Type-C Data Ports at up to 10 Gbps, microSD & SD Card Reader for Laptops(Grey)",699.0,Online,In stock,ecommerce_amazon
2026-08-19,2026-08-19T21:05:12.751647,Clicktech Retail Private Ltd,B09M869Z5V,"Portronics Mport 31C USB C Hub Dock (4-in-1), Type C Multiport Adapter with 1 x USB 3.0 & 3 x USB 2.0 Ports, up to 5 Gbps High Speed Data Transfer for Laptop, MacBook, PC (Grey)",256.0,Online,In stock,ecommerce_amazon
2026-08-19,2026-08-19T21:05:19.992695,Clicktech Retail Private Ltd,B0DD4G8YL2,"Honeywell New Launch 6-in-1 Type C Docking Station with 4K HDMI Port, 1GBPS RJ45 Ethernet Port, 3xUSB Port & Type C 3.0 PD 100W, for All Type C Devices-Windows/MacBook, On-The-Go Feature",2609.0,Online,In stock,ecommerce_amazon
2026-08-19,2026-08-19T21:05:27.383842,GaLiDaMai-2,B0HC9WQ2Q2,"256GB High-Capacity TF Memory Card | Micro Memory Card for Smartphone, Tablet, Action Camera, Dash Cam & CCTV | Storage Expansion",1999.0,Online,In stock,ecommerce_amazon
2026-08-19,2026-08-19T21:05:34.873949,Clicktech Retail Private Ltd,B0CGCZJ75B,"Amazon Basics 128 GB Micro SD Card with Adapter | Upto 120 MB/s | Class 10 | U1, C10, V10 Speed Classes",2499.0,Online,In stock,ecommerce_amazon
2026-08-19,2026-08-19T21:05:41.950192,Clicktech Retail Private Ltd,B07DJGJ18T,"HP 128GB MicroSD Memory Card | SDXC mx310 Class 10 | UHS-I, U1 Card | Upto 100MB/s R | Compitable with Smartphones, Camera, CCTV | Memory Card",2159.0,Online,In stock,ecommerce_amazon
2026-08-19,2026-08-19T21:05:49.210652,YEWON INDIA,B0HB56THRG,"YEWON 128GB MicroSDXC Memory Card | Class 10 A1 Speed | Up to 100MB/s Read Speed | Full HD Video Recording Support | Waterproof, Shockproof | for Smartphone, Camera, Tablet & Gaming Console",999.0,Online,In stock,ecommerce_amazon
2026-08-19,2026-08-19T21:05:56.309648,Clicktech Retail Private Ltd,B0B9R267MD,"Samsung PRO Endurance 128GB MicroSDXC Memory Card with Adapter for Dash Cam, Body Cam, and Security Camera – Class 10, U3, V30 (‎MB-MJ128KA/APC)",5499.0,Online,In stock,ecommerce_amazon
2026-08-19,2026-08-19T21:06:04.118170,Clicktech Retail Private Ltd,B08ZJDWTJ1,"Seagate Expansion 1TB External HDD - USB 3.0 for Windows and Mac with 3 yr Data Recovery Services, Portable Hard Drive (STKM1000400)",9899.0,Online,In stock,ecommerce_amazon
2026-08-19,2026-08-19T21:06:12.858838,PHDD Storage Retail,B0GCLLF4QG,UnionSine External Hard Disk 500GB Portable HDD-USB 3.0 Blue,3299.0,Online,Only 1 left in stock.,ecommerce_amazon
2026-08-19,2026-08-19T21:06:20.805053,JOGI COM,B0DXKXG9LC,"KINGSTER 1TB External Hard Drive – USB 3.0 Portable HDD | Ultra Slim, Plug & Play | Fast Data Transfer | Backup Storage for Laptop, PC, Mac (Black)",5335.0,Online,In stock,ecommerce_amazon
2026-08-19,2026-08-19T21:06:28.439504,JOGI COM,B0G2GK2S2R,"KINGSTER® 500GB Ultra Slim External Hard Drive | Portable USB 3.0 HDD 5Gbps | Plug & Play | Lightweight Backup Drive for Laptop, PC, Mac | Shock-Resistant Slim Body – White",3100.0,Online,In stock,ecommerce_amazon
2026-08-19,2026-08-19T21:06:36.134639,Clicktech Retail Private Ltd,B0G2665NXT,"GEONIX PowerShell S3 500GB Portable External Hard Drive 2.5-Inch SATA USB 3.0, Up to 5Gbps with UASP Support, Tool-Free Setup, LED Indicator, Compatible with Windows/Mac/Linux (3 Yr Warranty)(Black)",2999.0,Online,In stock,ecommerce_amazon
2026-08-19,2026-08-19T21:06:43.467798,Clicktech Retail Private Ltd,B09PYT14F8,"EVM EnSave 1TB Ultra Compact Portable SSD | USB 3.1 Gen 2 Type-C | Up to 550MB/s Read | Shockproof | High Speed Storage for PC, Mac & Android | Plug & Play | 10 Year Warranty (EPSSD/1TB)",11998.0,Online,In stock,ecommerce_amazon
2026-08-19,2026-08-19T21:06:51.949547,Clicktech Retail Private Ltd,B0DRDBT6RV,"KIOXIA EXCERIA Plus G2 Portable 1TB / Up to 1,050MB/s Read 1000MB/s Write,MIL-STD Drop Tests, 256 AES Encryption, Photographers, Content Creators and Gaming,Smartphone,Mac Compatible External SSD",16989.0,Online,In stock,ecommerce_amazon
2026-08-19,2026-08-19T21:06:59.510621,Clicktech Retail Private Ltd,B0C5SDQVNL,"SANDISK Extreme 1TB Portable External SSD, 1050MB/s R, 1000MB/s W, 3m Drop Protection, IP65 Water/dust Resistant, PC,MAC & TypeC Smartphone Compatible, 5Y Warranty, SkyBlue Color",19999.0,Online,In stock,ecommerce_amazon
2026-08-19,2026-08-19T21:07:07.254393,Clicktech Retail Private Ltd,B0C5JQ68FY,"SANDISK 1TB Portable SSD, 800MB/s R, USB 3.2 Gen 2, Rugged SSD with Upto 2 Meter Drop Protection, Type-C to Type-A Cable, PC & Mac Compatible, 3 Y Warranty, External SSD (SDSSDE30-1T00-G26)",15700.0,Online,In stock,ecommerce_amazon
2026-08-19,2026-08-19T21:07:15.192507,Clicktech Retail Private Ltd,B09TW9SH67,"GEONIX SATA 2.5"" 256GB Internal Solid State Drive6Gb/s | Fast Performance | Read/Write Speed Upto - 570/500 MB/s | Quad Channel Controller Compatible with PC and Laptop | 5 Years Warranty.",4009.0,Online,In stock,ecommerce_amazon
2026-08-19,2026-08-19T21:07:22.839013,Clicktech Retail Private Ltd,B0BRQCJ57Y,"Qubo 16A Wi-Fi + Bluetooth Smart Plug | Energy Monitoring | Ideal for Heavy Appliances Like ACs, Geysers & Water Pumps | Voice Control with Alexa & Google Assistant | From Hero Group",949.0,Online,In stock,ecommerce_amazon
2026-08-19,2026-08-19T21:07:30.660880,Clicktech Retail Private Ltd,B08HN9Q2SZ,"Wipro 16A Wi-Fi Smart Plug with Energy Monitoring- Suitable for Large Appliances like Geysers, Microwave Ovens, Air Conditioners (Works with Alexa and Google Assistant)- White",999.0,Online,In stock,ecommerce_amazon
2026-08-19,2026-08-19T21:07:38.350730,Clicktech Retail Private Ltd,B08HNB2FSH,"Wipro 10A smart plug with Energy monitoring- Suitable for small appliances like TVs, Electric Kettle, Mobile and Laptop Chargers (Works with Alexa and Google Assistant)",849.0,Online,In stock,ecommerce_amazon
2026-08-19,2026-08-19T21:07:45.809155,TOSS KAMPANI PRIVATE LIMITED,B0FGXKMLFW,"Toss Smart WiFi Plug 16A with Energy Monitoring | Voice Control – Alexa & Google Assistant Compatible | Smart Socket for AC, Geyser, Water Pump, Heater & Heavy Appliances - Remote App Control",926.0,Online,In stock,ecommerce_amazon
2026-08-19,2026-08-19T21:07:53.374880,Clicktech Retail Private Ltd,B0GQGSC9MT,"AGARO Regency 16A Wi-Fi Smart Plug with Energy Monitoring & App Control, Compatible with Alexa & Google Assistant, Voice Control for Geyser, AC & Other Heavy Appliances, Timer & Scheduling, White",699.0,Online,In stock,ecommerce_amazon
2026-08-19,2026-08-19T21:08:00.887331,Clicktech Retail Private Ltd,B0C81LB8S3,Trueview 3MP Wi-Fi ATC Robot Camera | BIS-ER (STQC Certified) WiFi CCTV Camera | All Time Color Night Vision | Pan Tilt | Smart Tracking | 2-Way Audio | Memory Card & Cloud | Alexa | T18296S,2099.0,Online,In stock,ecommerce_amazon
2026-08-19,2026-08-19T21:08:07.986137,Klyt India Store,B0HDJCZZ1T,Dr Vision 4MP Indoor WiFi Security Camera | 1080P HD | Smart CCTV Camera with 360° Pan Tilt Rotation | Color Night Vision | Motion Detection | Two-Way Audio with Mobile App V380 Pro (Robot Camera),1689.0,Online,In stock,ecommerce_amazon
2026-08-19,2026-08-19T21:08:15.289234,Klyt India Store,B0H9HR3SY8,Dr Vision 5MP Indoor WiFi Smart CCTV Camera for Home | 1080p HD | Color Night Vision | Two Way Audio | Wireless Home Security Camera with Mobile App V380 Pro (CV Dual Lens),1889.0,Online,In stock,ecommerce_amazon
2026-08-19,2026-08-19T21:08:23.574734,Clicktech Retail Private Ltd,B09WDTVG8C,Trueview 3MP WiFi Robot Security Camera | 360° Pan Tilt | All-Time Color Night Vision | AI Auto Tracking & 2-Way Audio | Alexa Compatible | Supports 256GB Memory Card | STQC Certified for Privacy,1999.0,Online,In stock,ecommerce_amazon
2026-08-19,2026-08-19T21:08:31.057135,Clicktech Retail Private Ltd,B0B38CMWWB,Trueview 3MP 4G Mini PT Security Camera with SIM Support | All-Time Color Vision | 360° Pan | Two-Way Audio | Human Detection | 256GB SD & Cloud | IP66 Waterproof | Alexa Compatible | STQC Certified,3899.0,Online,In stock,ecommerce_amazon
2026-08-19,2026-08-19T21:08:39.169581,Clicktech Retail Private Ltd,B08MCD9JFY,"Tygot 10 Inches Big LED Ring Light for Camera, Phone, tiktok, YouTube, Video Shooting and Makeup, 10"" inch Ring Light with 7 Feet Long Foldable and Lightweight Tripod Stand",599.0,Online,In stock,ecommerce_amazon
2026-08-19,2026-08-19T21:08:46.448983,Clicktech Retail Private Ltd,B09BN2NPBD,"DIGITEK (DRL-14C) LED Ring Light with 5ft Stand & Smartphone Mount - USB Powered, Color Switch Mode, Brightness Control, Dual Temperature - for Photo & Video Shoots, Makeup, Vlogging!",1399.0,Online,In stock,ecommerce_amazon
2026-08-19,2026-08-19T21:08:53.812663,Clicktech Retail Private Ltd,B0C5WYL9M8,"Tygot Professional (12 Inch) LED Ring Light with 7 Feet Tripod Stand for Mobile Phones & Camera, 3 Temperature Mode Dimmable Lighting, Photo-Shoot, Video Shoot, Makeup & More",649.0,Online,In stock,ecommerce_amazon
2026-08-19,2026-08-19T21:09:01.219717,Clicktech Retail Private Ltd,B0G4S2B7R9,Studio Panel Light for Video & Photography with Tripod Stand | Content Creation Lighting with Video Recording & Remote Control | 3000K-6500K | 7Ft 360 Rotatable Tripod,1799.0,Online,In stock,ecommerce_amazon
2026-08-19,2026-08-19T21:09:09.023714,Clicktech Retail Private Ltd,B0B6RNCSVB,"DIGITEK (DRL 18RT C9) LED Ring Light with Remote Control & 250cm Stand - Smartphone Grip - AC Powered, USB Support - Adjustable Lighting Intensity - Photo, Video Shoots, Makeup, & Vlogging",3999.0,Online,In stock,ecommerce_amazon
2026-08-19,2026-08-19T21:09:17.115054,Cocoblu Retail,B07N78G8GB,"Havit H2232d Over Ear Wired Gaming Headset with Boom Microphone & RGB LED for PC, Laptop, PS4, Xbox, Switch",1599.0,Online,In stock,ecommerce_amazon
2026-08-19,2026-08-19T21:09:25.175248,Clicktech Retail Private Ltd,B0BCFKG49M,"HyperX Cloud Stinger 2 Core Essential PC Gaming Wired Headset, Lightweight Over Ear Headset with mic, Swivel-to-Mute Function, 40mm Drivers (683L9AA), Black",2799.0,Online,In stock,ecommerce_amazon
2026-08-19,2026-08-19T21:09:32.999827,Clicktech Retail Private Ltd,B0B5RMKMJL,"Zebronics Jet PRO Premium Wired Gaming On Ear Headphone with LED for Headband + earcups, 40mm Neodymium Drivers, 2 Meter Braided Cable, with mic, Suspension Design, 3.5mm + USB Connector (Black, Blue)",888.0,Online,In stock,ecommerce_amazon
2026-08-19,2026-08-19T21:09:40.422860,Clicktech Retail Private Ltd,B0859KTNZ8,"Cosmic Byte GS430 Gaming wired over ear Headphone, 7 Color RGB LED and Microphone",999.0,Online,In stock,ecommerce_amazon
2026-08-19,2026-08-19T21:09:48.480218,Clicktech Retail Private Ltd,B0BDGMNF6V,"HyperX Cloud Stinger 2 Core Smartchoice- Gaming Headset for PlayStation, Lightweight Over-Ear Headset with mic, Swivel-to-Mute Function, 40mm Drivers (6H9B5AA), White",2699.0,Online,In stock,ecommerce_amazon
2026-08-19,2026-08-19T21:09:57.921060,Cocoblu Retail,B09ZPL5VYM,"Ambrane Multipurpose Tabletop Mobile Stand | Adjustable Angle & Height| Universal Holder for iPhone, Samsung, OnePlus & All Smartphones | Portable, Anti-Skid | for Home, Office, Bed & Gifting (Black)",189.0,Online,In stock,ecommerce_amazon
2026-08-19,2026-08-19T21:10:06.600816,Clicktech Retail Private Ltd,B0DQK87RJG,"Overhead Mobile Stand for Desk | 360° Adjustable Phone Holder | Lazy Arm Mount for Video/Photo Shooting | Bed, Kitchen, Study Table Clamp | Sturdy Metal Stand for Content Creators",795.0,Online,In stock,ecommerce_amazon
2026-08-19,2026-08-19T21:10:14.840158,Cocoblu Retail,B09CYDJ8DQ,"Sounce Phone Tabletop Stand Height Angle Adjustable Stand, Phone Holder for Desk Compatible with OnePlus Redmi Samsung Mi Oppo Vivo iPhone12 Mini 11 Pro Xs Xr X 8 7 Plus, All Smartphones (Black)",259.0,Online,In stock,ecommerce_amazon
2026-08-19,2026-08-19T21:10:23.688905,Cocoblu Retail,B0CQLXQKGR,"Ambrane 360° Rotation, Foldable Design Mobile Stand with Stable Metalic Round Base, Multiple Height & Angle adjustments Compatible with Smartphones, Tablets, Kindles & iPad (Twistand 360, Black)",249.0,Online,In stock,ecommerce_amazon
2026-08-19,2026-08-19T21:10:31.349673,SHREE RAM PLASTIC,B0GSWDHVK4,"SPREAD Magnetic Foldable Phone Stand with 360° Rotation | Strong Suction Cup Mobile Holder | Adjustable Desk & Car Mount for Smartphones | Compact Portable Stand for Gym, Kitchen & Office",849.0,Online,In stock,ecommerce_amazon
2026-08-22,2026-08-22T18:08:53.405359,Cocoblu Retail,B098NS6PVG,"Ambrane Unbreakable 3A Fast Charging 1.5m Braided Type C Cable for Smartphones, Tablets & other Type C devices, 480Mbps Data Sync, Quick Charge 3.0 (RCT15A, Black)",179.0,Online,In stock,ecommerce_amazon
2026-08-22,2026-08-22T18:09:00.299577,Cocoblu Retail,B084DTMYWK,MYVN 100W Ultra Fast Charging Cable for OnePlus | USB-A to Type-C | WARP/Dash Compatible | Compatible with OnePlus 13/13R/13S/12R/11R/10R/10T/10/10 Pro/9/9 Pro/8/8 Pro/7 Pro/7T Pro/Nord/CE 3 Lite |1M,287.0,Online,In stock,ecommerce_amazon
2026-08-22,2026-08-22T18:09:07.140771,Cocoblu Retail,B082LZGK39,"Ambrane Unbreakable 60W / 3A Fast Charging 1.5m Braided Micro USB Cable for Smartphones, Tablets, Laptops & Other Micro USB Devices, 480Mbps Data Sync, Quick Charge 3.0 (RCM15, Black)",149.0,Online,In stock,ecommerce_amazon
2026-08-22,2026-08-22T18:09:14.148868,ANKER OFFICIAL,B0DBTV5QF5,"Anker Zolo USB C to USB C Cable, Braided and Dirt-Free Type C Fast Charging Cable, Slim Connector, for iPhone 16 Series, MacBook (240W) (Black, 3ft)",699.0,Online,In stock,ecommerce_amazon
2026-08-22,2026-08-22T18:09:20.840193,ANKER OFFICIAL,B0CZ43567W,"Anker Nano USB C to USB C Cable, 240W Fast Charging Cable (6 ft, Black) | Flexible Multi-Color Braided Charger for iPhone 17 Series, MacBook Pro, and More",1499.0,Online,In stock,ecommerce_amazon
2026-08-22,2026-08-22T18:09:27.816711,Cocoblu Retail,B0DZHJT3JB,"Ambrane 20000mAh Powerbank with in-Build Type C Cable, 22.5W Fast Charging, USB & Type C Output, Power Delivery, Quick Charge for iPhone, Android Mobile & Tablets, Earbuds, (Stylo N20, Black)",1899.0,Online,In stock,ecommerce_amazon
2026-08-22,2026-08-22T18:09:34.986652,Clicktech Retail Private Ltd,B09KH58JZR,Portronics Konnect L POR-1403 Fast Charging 3A Type-C Cable 1.2 Meter with Charge & Sync Function for All Type-C Devices (White),145.0,Online,In stock,ecommerce_amazon
2026-08-22,2026-08-22T18:09:41.712119,ANKER OFFICIAL,B0C5XVM3V1,"Anker Type C to Type C Braided 3ft Black PD Cable, Super Fast Charging (50% Charge in 30 mins), Data Sync Compatibility & Power Delivery (PD) for iPhone 15, Samsung, OnePlus & others",699.0,Online,In stock,ecommerce_amazon
2026-08-22,2026-08-22T18:09:48.383808,Cocoblu Retail,B0GXV5X15P,"Ambrane 20000mAh Power Bank with 22.5W Fast Charging | 3 Output Ports | Type-C & USB Input | Compact Portable Charger for iPhone, Android Mobile Phone, Tablets, Earbuds, Speakers,smartwatch",1399.0,Online,In stock,ecommerce_amazon
2026-08-22,2026-08-22T18:09:55.405999,Cocoblu Retail,B0DCZ3WDTB,"Xiaomi Power Bank 4i 20000mAh 33W Super Fast Charging PD |Smart 12 Layer Protection|Type C Input & Output|Triple Output Ports|Supports Android,Apple, Tablets, Earbuds,Watch(MI Powerbank),Black",2449.0,Online,In stock,ecommerce_amazon
2026-08-22,2026-08-22T18:10:02.288492,Clicktech Retail Private Ltd,B0D96JNKFN,"Amazon Basics 20000 mAh Power Bank | 22.5W Fast Charging | Dual Output & Input | Charge 3 Devices Simultaneously | for Smartphones, TWS Earbuds, Speakers, Tablets (Black)",1106.0,Online,In stock,ecommerce_amazon
2026-08-22,2026-08-22T18:10:08.990367,Clicktech Retail Private Ltd,B0GXBBD73Q,"boAt 2026 Launch Airdopes Plus 224, Powerful Spatial Audio, 60H Playback, Quad Mics AI-ENx™, 13 mm Drivers, App Support, Multi Connect, Google Fast Pair, Bluetooth v6.0 TWS Earbuds (Off White)",1199.0,Online,In stock,ecommerce_amazon
2026-08-22,2026-08-22T18:10:15.866760,Cocoblu Retail,B0D78XSMSM,"pTron Bassbuds Astra in-Ear TWS Earbuds w/Stereo Sound, 34Hrs Playtime, Stereo Calls, Custom EQ, Mobile App, BTv5.3 Headphones, Touch Control, Voice Assistant, Type C Charging & IPX4 (Black)",699.0,Online,In stock,ecommerce_amazon
2026-08-22,2026-08-22T18:10:23.259017,Clicktech Retail Private Ltd,B0BF57RN3K,"Fire-Boltt Ninja Call Pro Plus Bluetooth Calling Smart Watch, 1.83″ HD Display, AI Voice Assistant, 120+ Sports Modes, IP67 Waterproof, SpO2 & Heart Rate Monitor Smartwatch for Men & Women - Black",1399.0,Online,In stock,ecommerce_amazon
2026-08-22,2026-08-22T18:10:30.531469,ANKER OFFICIAL,B0DBTTC2CH,"Anker Zolo USB C to USB C Cable, Braided and Dirt-Free Type C Fast Charging Cable, Slim Connector, for iPhone 16 Series, MacBook (240W) (Black, 6ft)",999.0,Online,In stock,ecommerce_amazon
2026-08-22,2026-08-22T18:10:37.190758,AR TRADERSS,B0HDVPSSMK,"Novobit 80W SUPERVOOC Fast Charging USB Type-C Cable, Compatible with OnePlus 13/13R/12/12R/11/10/10T/9/9R/9RT/8/8T/7T/7Pro, Nord 4/3/2/2T/CE4/CE3/CE2Lite, 1m Red, 1Yr Warranty, 480Mbps Sync",299.0,Online,In stock,ecommerce_amazon
2026-08-22,2026-08-22T18:10:44.445485,Clicktech Retail Private Ltd,B08HRGRCGL,"Honeywell HDMI Cable 2.1 with Ethernet, 8k@60Hz, 4K@120Hz UHD Resolution, (9.8ft/3M), 48 GBPS Transmission Ultra High Speed, Dolby DTS, eARC, 3D,Male-to-Male,Compatible with All HDMI-Enabled Devices",1419.0,Online,In stock,ecommerce_amazon
2026-08-22,2026-08-22T18:10:50.838800,BUXSA,B0GS96B79D,"HDMI Cable V2.1 with Ethernet,Wozoyo 8k@60Hz,4K@120Hz UHD Resolution,1 Mtr braided, 48 Gbps transmission Ultra high Speed,HDR/HDR10/Dolby Vision,Dolby Atmos and DTS:X, Compatible with all HDMI Devices",699.0,Online,Only 1 left in stock.,ecommerce_amazon
2026-08-22,2026-08-22T18:10:58.004490,Clicktech Retail Private Ltd,B08HRG2MB5,"Honeywell HDMI Cable 2.1 with Ethernet, 8k@60Hz, 4k@120Hz UHD Resolution, 2 Mtr(6.6ft), 48 GBPS Transmission Ultra High Speed, Dolby DTS, eARC,3D,Male-to-Male,Compatible with all HDMI-Enabled Devices",1229.0,Online,In stock,ecommerce_amazon
2026-08-22,2026-08-22T18:11:05.146927,Clicktech Retail Private Ltd,B00GG59HU2,"BlueRigger 8K HDMI 2.1 Cable(3.3FT, 8K 60Hz HDR, 4K 120Hz, High Speed 48Gbps with Ethernet, eARC, 3D, HDCP 2.3) - Compatible with PS5, Xbox, Roku, Apple TV, Switch, PC",578.0,Online,In stock,ecommerce_amazon
2026-08-22,2026-08-22T18:11:11.989448,DHIVIS® AV Store.,B083J8LZLX,"DHIVIS Certified HDMI 2.1, 3 Meters, Diamond Series, 48Gbps- 4K 120hz (4096 x 2160), 8K@60hz - HDCP 2.3, HDR10+ and Dolby Vision, Atmos",2758.0,Online,In stock,ecommerce_amazon
2026-08-22,2026-08-22T18:11:18.850215,Cocoblu Retail,B0DFCGB2D6,APFEN® 27W Type C to Lightning Fast Charging Cable With High-Speed Data Transfer Compatible with iPhone 14/14 Pro/ 14 Pro Max/ 13/13 Pro/ 13 ProMax/ 12/11/XR/XS/X/8 S,268.0,Online,In stock,ecommerce_amazon
2026-08-22,2026-08-22T18:11:26.012883,Cocoblu Retail,B0G2CJ4JX3,"Braided USB-C to Compatible with Lightning Fast Charging Cable Compatible for iPhone 14, 13, 12,11, X, 8, 7, 6, 5, iPad Air, Pro, Mini, iPad Blue Color",349.0,Online,In stock,ecommerce_amazon
2026-08-22,2026-08-22T18:11:33.121984,Cocoblu Retail,B0F2FYKDS4,"HAMMER 27W Type-C to Lightning 8 Pin Nylon Braided Cable, 27W Fast Charging, 480Mbps High Speed Data Transfer & Durable Tangle Free Design, Compatible with iPhone, iPad, iMac, AirPods, 1.2M (Blue)",149.0,Online,In stock,ecommerce_amazon
2026-08-22,2026-08-22T18:11:40.145606,Clicktech Retail Private Ltd,B0B8SSC5D9,"amazon basics USB C to Lightning TPE MFi Certified Charging Cable (White, 2 meter)",999.0,Online,In stock,ecommerce_amazon
2026-08-22,2026-08-22T18:11:46.705523,VEERSARA PRIVATE LIMITED,B0B63T163B,USB C to Lightning Cable 1M [Apple MFi Certified] iPhone Fast Charger Cable USB-C Charging Cord for iPhone 13/12/12 PRO Max/12 Mini/11/11PRO/XS/Max/XR/X/8/8Plus/iPad,299.0,Online,In stock,ecommerce_amazon
2026-08-22,2026-08-22T18:11:53.349204,SevenXt,B08N5K2RCQ,7SEVEN® CAT 6 RJ45 ethernet Patch Internet Cable with Gold platted connectors Supports Upto 1000mbps Speed 5 Meters(16 feet) Length,299.0,Online,In stock,ecommerce_amazon
2026-08-22,2026-08-22T18:12:00.000438,Smartdeal Inc,B08ZKZ7N6T,CAT6 Ethernet LAN Cable | 10Gbps 550MHz | 100% Pure Copper | Gold Plated RJ45 | Made in India | High Speed UTP Network Patch Cord (15M),590.0,Online,In stock,ecommerce_amazon
2026-08-22,2026-08-22T18:12:06.572692,Clicktech Retail Private Ltd,B0BPMB2ND2,"Sounce Cat6 Ethernet Cable 10 Meter/ 550 MHz Outdoor & Indoor, Upto 10 Gbps Support Cat6 Network, Heavy Duty Flat LAN Internet Patch Cord, Solid Weatherproof High Speed Cable for Router, Modem",208.0,Online,In stock,ecommerce_amazon
2026-08-22,2026-08-22T18:12:13.461568,Clicktech Retail Private Ltd,B08CSKRT23,"FEDUS Cat6 Ethernet Cable, 3 Meter High Speed 550MHZ / 10 Gigabit Speed UTP LAN Cable, Network Cable Internet Cable RJ45 Cable LAN Wire, Patch Computer Cord Gigabit Category 6 Wires for Modem, Router",249.0,Online,In stock,ecommerce_amazon
2026-08-22,2026-08-22T18:12:20.128250,Jainendra tech Corporation,B0GS3NM2Z3,"Cat6 Ethernet Patch Cable [Pack of 3-24] Snagless RJ45 LAN Wire, Heavy-Duty Matte Black PVC for Server Racks, Patch Panels, Router & Data Centers (PACK OF 24, 0.5 FT)",1449.0,Online,In stock,ecommerce_amazon
2026-08-22,2026-08-22T18:12:26.858627,Cocoblu Retail,B0DFGZW6JG,"boAt Energyshroom PB400 Pro 20000 mAh 22.5W Pocket Size, Compact Power Bank, Fast Charging (2X Output Ports, Supports Android, iPhone, Tablets, Earbuds, etc.) (Steel Blue)",2199.0,Online,In stock,ecommerce_amazon
2026-08-22,2026-08-22T18:12:33.594784,Clicktech Retail Private Ltd,B0DG2WDRCM,Amazon Basics 10000mAh 20W Fast Charging Power Bank and 15W Wireless Output | Type C Power Delivery (Input & Output) Quick Charge| Two Way Fast Charge | Made in India (Black),1399.0,Online,In stock,ecommerce_amazon
2026-08-22,2026-08-22T18:12:40.528465,Cocoblu Retail,B0DWSS3Q5K,"Ambrane 10000mAh Slim & Compact Powerbank with in-Build Type C Cable, 22.5W Fast Charging, USB & Type C Output, Power Delivery, Quick Charge for iPhone, Android & Tablets, Earbuds, (Stylo N10,Black)",1299.0,Online,In stock,ecommerce_amazon
2026-08-22,2026-08-22T18:12:47.511760,Cocoblu Retail,B0D22ZZM34,"ZEBRONICS MB10000S15 Power Bank, 10000 mAh, Rapid Charge, 22.5W Output, Dual USB Output, PD 3.0 Type C, Built in Protections, Percentage Indicator, Made in India, Black",699.0,Online,In stock,ecommerce_amazon
2026-08-22,2026-08-22T18:12:54.300619,Cocoblu Retail,B0CXM92ZHM,"Hammer Ultra Charge 10000mAh 22.5W Power Bank 20W PD Fast Charging, 3 Output, 2 Input Ports Type-C/PD, Micro USB and Multiple Layers of Protection (Green)",799.0,Online,In stock,ecommerce_amazon
2026-08-22,2026-08-22T18:13:01.031777,Inventa Global,B0C7C7Z2VX,"boAt Energyshroom PB300 10000 mAh 22.5W Fast Charging Power Bank (2X Output Ports, Supports Android,iPhone,Tablets,Earbuds) (Steel Blue)",999.0,Online,In Stock,ecommerce_amazon
2026-08-22,2026-08-22T18:13:07.789266,Cocoblu Retail,B0CHJ3X3VM,"Ambrane 65W Charger Adapter, 3 Ports - 2 Type C & 1 USB for Samsung, Type C Laptops: MacBook, Dell, HP, ASUS, Fast Charger with PD Technology & GaN Technology for All Devices (RAAP G65, Black)",2399.0,Online,In stock,ecommerce_amazon
2026-08-22,2026-08-22T18:13:14.468658,Cocoblu Retail,B0H6FZKP75,"Nextech 65W GaN Fast Charger, 3-Port 65W GaN Charger with 2 USB-C + 1 USB-A, PD PPS QC FCP, Compact Type-C Fast Charging Adapter for Laptop | MacBook | iPhone | Samsung | iPad & More, White",2457.0,Online,In stock,ecommerce_amazon
2026-08-22,2026-08-22T18:13:21.252630,Cocoblu Retail,B0FMFK6QPH,"Portronics 65W Adapto 65M GaN Triple Port Fast Charging Laptop Adaptor, 2 x Type-C PD Port, 1 x USB-A Port, Compatible with Laptops, Smartphones, Tablets, MacBooks, iPads (White)",979.0,Online,In stock,ecommerce_amazon
2026-08-22,2026-08-22T18:13:27.940167,RAIKWAR JII TRADER,B0H6C18HC7,"Ailkin 65W GaN Charger | Triple Port High-Speed PD 3.0 & PPS Fast Charging Adapter, 2 x Type C PD Port,1 x USB-A Port | Compatible with iPhone 17/16/15, Laptops, Smartphones, Tablets, MacBooks, iPads",998.0,Online,In stock,ecommerce_amazon
2026-08-22,2026-08-22T18:13:34.810527,Clicktech Retail Private Ltd,B0GFDYXRX3,"GM G+ 65W Spyder GaN Charger | Foldable Indian Pin | Travel Friendly | Compact Dual-Type-C Port | Fast Charging for iPhone, Samsung, Laptop, MacBook Air, MacBook M4 | 1 Year Warranty (Grey)",1699.0,Online,In stock,ecommerce_amazon
2026-08-22,2026-08-22T18:13:41.756813,UNIGEN,B0C5T2C4KY,"UNIGEN UNIPAD 200 Wireless Charger, 15W Qi Fast Wireless Charging Pad [USB A to C Cable] Compatible with All Wireless Compatible Smartphones and Earbuds (Black)",749.0,Online,In stock,ecommerce_amazon
2026-08-22,2026-08-22T18:13:48.581628,UNIGEN,B0D964YPF8,UNIGEN UNIPAD 200 Wireless Charger 15W Qi Fast Wireless Charging Pad [Type-C to C Cable] Compatible with All Wireless Enabled Smartphones & Earbuds- Pink,709.0,Online,In stock,ecommerce_amazon
2026-08-22,2026-08-22T18:13:55.250094,EYNK Studio,B0H2RQB2F5,"New Magnetic Wireless Charger for iPhone,MagSaf Fast Charger USB C 15W,Qi Type C Wireless Charging Compatible with iPhone 17/17 pro/17 Pro max/16/16 Plus/16 Pro/16 Pro Max/15/14/13/12 Series(White)",298.0,Online,In stock,ecommerce_amazon
2026-08-22,2026-08-22T18:14:02.275187,UNIGEN,B0C5RR48L7,"UNIGEN UNIPAD 200 Wireless Charger, 15W Qi Fast Wireless Charging Pad [Type-C to C Cable] Compatible with All Wireless Enabled Smartphones & Earbuds-Black",749.0,Online,In stock,ecommerce_amazon
2026-08-22,2026-08-22T18:14:09.458754,EllerSante-Direct,B09PBYPRV9,"eller santé® 23w Magnetic MagSafe Charger 3in1 Wireless Charger for iPhone 17/17 Air /17 Pro/17 Pro Max, 16/16 Plus/16 Pro/16 Pro Max, 15/14/13/12 Series Fast Charging Adaptor- White",2797.0,Online,In stock,ecommerce_amazon
2026-08-22,2026-08-22T18:14:16.400126,Clicktech Retail Private Ltd,B0BQN3NW8C,"GOBOULT Z40 True Wireless in Ear Earbuds with 60H Playtime, Zen™ ENC Mic, Low Latency Gaming, Type-C Fast Charging, Made in India, 10mm Rich Bass Drivers, IPX5, Ear Buds TWS (White)",1099.0,Online,In stock,ecommerce_amazon
2026-08-22,2026-08-22T18:14:22.973791,Varni Enterprise  .,B0HCC9J9WV,"VarniEnterprise TWS Bluetooth Earbuds with Calling, Low Latency Gaming, HD Sound, Type-C Fast Charging, Noise Reduction, Wireless Earphones",249.0,Online,In stock,ecommerce_amazon
2026-08-22,2026-08-22T18:14:30.302598,Cocoblu Retail,B0FMDLD86P,"OnePlus Nord Buds 3r TWS Earbuds up to 54 Hours Playback, 2-mic Clear Calls, 3D Spatial Audio, AI Translation, 12.4mm Drivers, Dual-Device Connectivity, 47ms Low Latency - Aura Blue",1799.0,Online,In stock,ecommerce_amazon
2026-08-22,2026-08-22T18:14:37.125373,Cocoblu Retail,B0D78WK937,"pTron Bassbuds Astra in-Ear TWS Earbuds w/Stereo Sound, 34Hrs Playtime, Stereo Calls, Custom EQ, Mobile App, BTv5.3 Headphones, Touch Control, Voice Assistant, Type C Charging & IPX4 (Grey)",699.0,Online,In stock,ecommerce_amazon
2026-08-22,2026-08-22T18:14:44.314914,Clicktech Retail Private Ltd,B0DV5J28LW,"boAt Rockerz 650 Pro, Touch/Swipe Controls, Dolby Audio, 80Hrs Battery, 2Mics ENx, Fast Charge, App Support, Dual Pair, Bluetooth Over Ear Headphones with Mic (Iris Black)",2999.0,Online,In stock,ecommerce_amazon
2026-08-22,2026-08-22T18:14:51.097273,Clicktech Retail Private Ltd,B0F9YWD4Z3,"GOBOULT Soniq Over Ear Bluetooth Headphones with 70H Playtime, 40mm Bass Drivers, Zen™ ENC Mic, Type-C Fast Charging, Dual Pairing, AUX, Wireless Headphones (White)",1999.0,Online,In stock,ecommerce_amazon
2026-08-22,2026-08-22T18:14:58.061876,Spigen India,B0DGX1VCWX,"Spigen Audio Newly Launched SA-HP P10 Wireless Over Ear Headphones with 60H Playtime, Upto 43dB Multi-Mode Adaptive ANC Pro, EQ Customizing App, 5-MIC, Gaming Mode, 40mm Driver - Black",2699.0,Online,In stock,ecommerce_amazon
2026-08-22,2026-08-22T18:15:04.970549,Clicktech Retail Private Ltd,B0FC2Y8XYF,"boAt Rockerz 411, 40Ms Low Latency, 40Hrs Battery, 40Mm Drivers, ENx Tech, Stream Ad Free Music via App Support, Bluetooth Headphones, Wireless Over Ear Headphone with Mic (Active Black)",1499.0,Online,In stock,ecommerce_amazon
2026-08-22,2026-08-22T18:15:12.059406,Clicktech Retail Private Ltd,B0FS1Z5X5Z,"Noise Airwave Max 6 Wireless Bluetooth Headphones (2026 Launch), Hi-Res LDAC Audio, Adaptive ANC 45dB, 120H Battery, Low Latency 80ms, Deep Bass, Over-Ear Noise Cancelling Headphones (Forest Green)",5499.0,Online,In stock,ecommerce_amazon
2026-08-22,2026-08-22T18:15:18.679419,Sonilex E Store,B0GL8QTHS6,"sonilex Mini Bomb 3Watt Portable Bluetooth Speaker with TWS Feature, Hi-Bass Sound, Long Playtime, Fast Type-C Charging, BTv5.3 Stable Connectivity, Compact Round Metal Design (Teal)",499.0,Online,Only 1 left in stock.,ecommerce_amazon
2026-08-22,2026-08-22T18:15:25.925218,Clicktech Retail Private Ltd,B0DD7T8H2Q,"Marshall Willen II Portable Bluetooth Speaker with 17+ Hours of Portable Playtime, Dust & Waterproof (IP67) - Black & Brass.",12499.0,Online,In stock,ecommerce_amazon
2026-08-22,2026-08-22T18:15:33.071582,Clicktech Retail Private Ltd,B0FHHQQNZY,"Dubstep Pop 1400 Portable Bluetooth Speaker | 14W Loud Sound, Deep Bass with XBASS, 16 Hrs Playtime, TWS Stereo Pairing, 52mm Driver, Splash-Resistant, Carry Strap (Black)",699.0,Online,In stock,ecommerce_amazon
2026-08-22,2026-08-22T18:15:40.210211,Clicktech Retail Private Ltd,B095HBHKHB,"Portronics SoundDrum 1 12W TWS Portable Bluetooth Speaker with Powerful Bass, Bluetooth 5.3V, 360° Surround Sound, USB Drive in, Type C Fast Charging(Black)",899.0,Online,In Stock,ecommerce_amazon
2026-08-22,2026-08-22T18:15:47.329382,Clicktech Retail Private Ltd,B0DYDRF64T,"Marshall Emberton III Compact Portable Bluetooth Speaker with 32+ Hours of Playtime, (360° Sound), Dust & Waterproof (IP67) – Sage.",17999.0,Online,In stock,ecommerce_amazon
2026-08-22,2026-08-22T18:15:54.250870,Cocoblu Retail,B0FZC523RD,"pTron Tangent Rush w/ 50Hrs Playtime, Pristine Sound, Dual-Device Pairing, Bluetooth 5.4 Wireless in-Ear Earphones with Mic, Voice Assistant, Type-C Fast Charging & IPX5 Water Resistant (Ink Blue)",498.0,Online,In stock,ecommerce_amazon
2026-08-22,2026-08-22T18:16:01.245828,Cocoblu Retail,B0GKY49GCY,"Kratos Jazz Neckband Bluetooth Headphones with 55H Playtime, Deep Bass, Stereo Sound, HD Calls, Magnetic Earbuds, Voice Assistant, Type-C Fast Charging, Rich Audio, Comfort Fit Bluetooth Neckband",499.0,Online,In stock,ecommerce_amazon
2026-08-22,2026-08-22T18:16:08.124327,Clicktech Retail Private Ltd,B0F7Y54PJX,"boAt Rockerz 113, 40H Battery, Dual Pair, Fast Charge, ENx Tech, Stream Ad Free Music via App Support, Magnetic Buds, Bluetooth Neckband, Wireless with Mic in Ear Earphones (Active Black)",999.0,Online,In stock,ecommerce_amazon
2026-08-22,2026-08-22T18:16:15.164625,Cocoblu Retail,B0FBRGKXHG,"OnePlus Bullets Wireless Z3 in-Ear Neckband with 12.4mm Drivers, 3D Spatial Audio,10 mins Charge for 27 hrs Playback, 4 EQ preset, Dynamic bass Enhancement & BT5.4",1999.0,Online,In stock,ecommerce_amazon
2026-08-22,2026-08-22T18:16:21.935885,Clicktech Retail Private Ltd,B0D2565WBY,"Noise Airwave Pro Bluetooth in Ear Neckband with Upto 32 dB ANC, 60H of Playtime, Dual Device Pairing, 3 Mic ENC for Calling, Low Latency(Upto 40ms), 13mm Driver (Matte Black)",1499.0,Online,In stock,ecommerce_amazon
2026-08-22,2026-08-22T18:16:29.666642,Clicktech Retail Private Ltd,B0DQCSGN1H,"Noise Endeavour 2 (Smartchoice) Rugged Smart Watch – 1.46″ AMOLED Display, Built-in GPS, ABC Sensors, Up to 7-Day Battery, 5ATM Water Resistance, AI, Strava Integration, for iOS & Android (Jet Black)",4999.0,Online,In stock,ecommerce_amazon
2026-08-22,2026-08-22T18:16:37.106244,Clicktech Retail Private Ltd,B0FMRKHN4M,Pebble Newly Launched Qore Fitness Band with 45 Days Battery Life | 100+ Sports Modes | Advanced Health Tracking | HR & SpO2| Stress| Sleep | OneKey Measurement | Smart Notifications - Black,2849.0,Online,In stock,ecommerce_amazon
2026-08-22,2026-08-22T18:16:44.459590,Clicktech Retail Private Ltd,B0B854R7NS,"Fire-Boltt Ninja Call Pro Bluetooth Calling Smart Watch, 1.69″ HD Display,Dual Chip,AI Voice Assistant, 120+ Sports Modes, SpO2 & Heart Rate Monitor, Fitness Tracker Smartwatch for Men & Women - Black",1399.0,Online,In stock,ecommerce_amazon
2026-08-22,2026-08-22T18:16:53.014540,Clicktech Retail Private Ltd,B0FLF44GTQ,"boAt Wave Call 3 Smartwatch 1.83” HD Display with Animated Watch Faces; BT Calling, Functional Crown, Multiple Sports Modes, IP68, HR, SpO2 Monitor, Smart Watches for Men & Women (Bold Black)",1399.0,Online,In stock,ecommerce_amazon
2026-08-22,2026-08-22T18:17:00.013662,Whoop India,B0DY2VVZWZ,"WHOOP One – 12-Month Membership – 5.0 Health and Fitness Wearable – 24/7 Activity Tracker with VO2 Max, Sleep Tracking, Personalized Coaching, Menstrual Cycle Insights – 14+ Days Battery Life",21990.0,Online,In stock,ecommerce_amazon
2026-08-22,2026-08-22T18:17:06.876955,Koozo Commerce Pvt. Ltd.,B0FT7SPSCR,"Pulse Smart Band for Men & Women, 24/7 Health & Fitness Tracker with HRV, BP, Stress & Sleep Monitor, 127+ Sports Modes, Upto 45 Days Battery, IP68 Waterproof, No Subscription Needed",4444.0,Online,In stock,ecommerce_amazon
2026-08-22,2026-08-22T18:17:13.866375,Clicktech Retail Private Ltd,B0GG4W7N66,Pebble Qore 2 Smart Band Heart Rate | HRV | Body Temperature Monitoring | Sleep Tracker | 5ATM Water Resistant | Multiple Sports Modes | Premium Metal Body (Cosmic Black),3549.0,Online,In stock,ecommerce_amazon
2026-08-22,2026-08-22T18:17:21.148281,Clicktech Retail Private Ltd,B0H5QCGFDH,"CrossBeats Vector Smart Band with 45 Days Battery Life, 5ATM Waterproof, HRV & SpO2 Tracking, Sleep & Stress Monitoring, 6-Axis Motion Sensor, Strava & Google Health Connect",3999.0,Online,In stock,ecommerce_amazon
2026-08-22,2026-08-22T18:17:27.894038,Clicktech Retail Private Ltd,B0F8QYQV88,"Ambrane Wireless Mouse with 2.4GHz, USB Nano Dongle, Silent Click, Optical Orientation Click Wheel, 4 Buttons, 1600 Adjustable DPI, Both Hand Use, Compatible with PC, Mac, Laptop (Sliq 3, Blue)",399.0,Online,In stock,ecommerce_amazon
2026-08-22,2026-08-22T18:17:34.784184,OUTSHINY INDIA PVT LTD,B0DFYT73XG,Arctic Fox ProMaxe Wireless Mouse | 2400 DPI |2.4 GHz with USB Nano Receiver | High Precision Optical Tracking| for PC/Mac/Laptop - Black Jet,399.0,Online,In stock,ecommerce_amazon
2026-08-22,2026-08-22T18:17:41.427387,Clicktech Retail Private Ltd,B0B296NTFV,"Portronics Toad 23 Wireless Optical Mouse with 2.4GHz, USB Nano Dongle, Optical Orientation, Click Wheel, Adjustable DPI(Black)",279.0,Online,In stock,ecommerce_amazon
2026-08-22,2026-08-22T18:17:48.552036,Clicktech Retail Private Ltd,B0FF4XBM5N,"ZEBRONICS Wireless Mouse, 2.4GHz, 3200 DPI, 3 Buttons, Comfortable & Ergonomic, USB Nano Receiver, Power-Saving Mode, Works on Most Surfaces, for Mac | Laptop | Computer (Freego, Black)",249.0,Online,In stock,ecommerce_amazon
2026-08-22,2026-08-22T18:17:55.296369,Clicktech Retail Private Ltd,B0CMXNFK9W,"Portronics Toad 32 Wireless Mouse with 6 Buttons, 2.4 GHz Connectivity, 10m Working Range, Ergonomic Design, Adjustable Optical DPI, Auto Power Saving, for Laptop & PC (Red)",401.0,Online,In stock,ecommerce_amazon
2026-08-22,2026-08-22T18:18:02.593648,Clicktech Retail Private Ltd,B09BVCVTBC,"Redragon K617 Fizz 60% Wired RGB Gaming Keyboard, 61 Keys Compact Mechanical Keyboard w/White and Grey Color Keycaps, Linear Red Switch, Pro Driver/Software Supported",2489.0,Online,In stock,ecommerce_amazon
2026-08-22,2026-08-22T18:18:09.671683,Clicktech Retail Private Ltd,B0G2YMLZNM,"Kreo Swarm 65 Wireless Mechanical Gaming Keyboard 65% Gasket Mounted, Pre-Lubed Switches, 5-Layer Sound Dampening, RGB, Hot-Swap PCB, Tri-Mode – Windows & macOS (Starling Linear)",4199.0,Online,Available to ship in 1-2 days,ecommerce_amazon
2026-08-22,2026-08-22T18:18:16.432922,Kay Kay Overseas Corporation Store,B085366TJW,"EvoFox Fireblade TKL Semi-Mechanical Gaming Keyboard with Rainbow Backlit& Breathing Effect, Floating Keycaps, 19 Anti-Ghosting & 12 Multimedia Keys, Windows Lock Key, Braided Cable (Black)",899.0,Online,In stock,ecommerce_amazon
2026-08-22,2026-08-22T18:18:23.347772,Kay Kay Overseas Corporation Store,B0DDV1GWP7,"EvoFox Katana X2 TKL Mechanical Gaming Keyboard | 3‑Pin Replaceable Clicky Blue Switches, Dynamic Backlighting, All Keys Anti‑Ghosting, Volume Knob, Copilot, Xbox Gamebar, Screenshot & More (Black)",1899.0,Online,In stock,ecommerce_amazon
2026-08-22,2026-08-22T18:18:30.273770,Clicktech Retail Private Ltd,B016MAK38U,Redragon Kumara K552 Rainbow LED Backlit TKL Ten Key-Less Mechanical Wired Gaming Keyboard Without Numlock Keys (Black),2289.0,Online,In stock,ecommerce_amazon
2026-08-22,2026-08-22T18:18:37.150690,Clicktech Retail Private Ltd,B0CHBHYLLR,"Honeywell 7-in-1 TypeC Docking Station with 4K HDMI,1xUSB 3.0, 2xUSB 2.0 & TypeC 3.0 PD 100W Charging Port, SD & Micro SD Slot,for All Type C Devices- MacBook,Laptop, Thunderbolt 3,PC,3 Years Warranty",1899.0,Online,In stock,ecommerce_amazon
2026-08-22,2026-08-22T18:18:43.982694,Clicktech Retail Private Ltd,B0FRD7C9NJ,"Belkin USB C Hub 5-in-1, Type C Hub for Laptop & PC – USB Hub with 4K HDMI 2.0, 100W PD Charging, USB-A Ports, 5Gbps Data Transfer | USB Docking Station for MacBook Pro, Air, iPad Pro & More",2799.0,Online,In stock,ecommerce_amazon
2026-08-22,2026-08-22T18:18:52.422942,Clicktech Retail Private Ltd,B09M869Z5V,"Portronics Mport 31C USB C Hub Dock (4-in-1), Type C Multiport Adapter with 1 x USB 3.0 & 3 x USB 2.0 Ports, up to 5 Gbps High Speed Data Transfer for Laptop, MacBook, PC (Grey)",256.0,Online,In stock,ecommerce_amazon
2026-08-22,2026-08-22T18:18:58.959117,ETZIN PRIVATE LIMITED,B0BBS5PBT9,"Etzin USB C Hub Multiport Adapter 6 in 1 Type C Hub with 4K HDMI USB 3.0 Data Transfer, 87W Power Deliver(PD), SD/TF Card Reader USB C Adapter for MacBook Pro Air Surface Pro Pro, XPS, EPL-283TC",521.0,Online,In stock,ecommerce_amazon
2026-08-22,2026-08-22T18:19:05.492766,Cocoblu Retail,B0H6WCKHF4,"Ambrane 7-in-1 Type C Docking Station, 4K/60Hz HDMI, 2 USB 3.0, 1 Type C 3.0 5Gbps, 100W USB C PD Charging, Display Switch, SD & Micro SD Slot for All USB C Devices- Phones, Laptop (EHub 7i, Grey)",2149.0,Online,In stock,ecommerce_amazon
2026-08-22,2026-08-22T18:19:12.302784,Clicktech Retail Private Ltd,B0GWW7V4KG,"SANDISK 128GB Ultra Go microSD Card UHS-I, Up to 190MB/s, Full HD Video, Memory Card for Android Smartphones, Tablets, 10-Year Warranty",2519.0,Online,In stock,ecommerce_amazon
2026-08-22,2026-08-22T18:19:18.829475,GaLiDaMai-2,B0HC9WQ2Q2,"256GB High-Capacity TF Memory Card | Micro Memory Card for Smartphone, Tablet, Action Camera, Dash Cam & CCTV | Storage Expansion",1999.0,Online,In stock,ecommerce_amazon
2026-08-22,2026-08-22T18:19:25.533167,Clicktech Retail Private Ltd,B07DJGJ18T,"HP 128GB MicroSD Memory Card | SDXC mx310 Class 10 | UHS-I, U1 Card | Upto 100MB/s R | Compitable with Smartphones, Camera, CCTV | Memory Card",2159.0,Online,In stock,ecommerce_amazon
2026-08-22,2026-08-22T18:19:32.214018,YEWON INDIA,B0HB56THRG,"YEWON 128GB MicroSDXC Memory Card | Class 10 A1 Speed | Up to 100MB/s Read Speed | Full HD Video Recording Support | Waterproof, Shockproof | for Smartphone, Camera, Tablet & Gaming Console",999.0,Online,In stock,ecommerce_amazon
2026-08-22,2026-08-22T18:19:39.155788,Clicktech Retail Private Ltd,B0GVJ1ZGMV,"SANDISK 128GB Extreme GO microSDXC UHS-I Card, 5K & 4K UHD Video, 240MB/s Read, 120MB/s Write, A2, U3, V30, High-Speed for Android, Action Camera & Gaming",3649.0,Online,In stock,ecommerce_amazon
2026-08-22,2026-08-22T18:19:46.274820,Clicktech Retail Private Ltd,B08ZJDWTJ1,"Seagate Expansion 1TB External HDD - USB 3.0 for Windows and Mac with 3 yr Data Recovery Services, Portable Hard Drive (STKM1000400)",9699.0,Online,In stock,ecommerce_amazon
2026-08-22,2026-08-22T18:19:53.287237,PHDD Storage Retail,B0FHQ7YJWF,UnionSine External Hard Disk Drive 1TB Portable HDD USB 3.0 Black,7999.0,Online,In stock,ecommerce_amazon
2026-08-22,2026-08-22T18:20:00.143951,DIRECT FACTORY SALE,B0F1Z6XVVG,"MAYUMI SPACIO 1TB External Hard Disk HDD for Laptop, PC, Mac & Mobile (OTG)",4950.0,Online,In stock,ecommerce_amazon
2026-08-22,2026-08-22T18:20:06.909554,JOGI COM,B0G2GK2S2R,"KINGSTER® 500GB Ultra Slim External Hard Drive | Portable USB 3.0 HDD 5Gbps | Plug & Play | Lightweight Backup Drive for Laptop, PC, Mac | Shock-Resistant Slim Body – White",3199.0,Online,In stock,ecommerce_amazon
2026-08-22,2026-08-22T18:20:13.588651,Clicktech Retail Private Ltd,B0G263W67G,"GEONIX PowerShell S3 1TB Portable External Hard Drive 2.5-Inch SATA USB 3.0, Up to 5Gbps with UASP Support, Tool-Free Setup, LED Indicator, Compatible with Windows/Mac/Linux (3 Yr Warranty)(Black)",5659.0,Online,Only 1 left in stock.,ecommerce_amazon
2026-08-22,2026-08-22T18:20:20.123105,Clicktech Retail Private Ltd,B0HD7JY8T5,"Samsung T7 1TB, Portable SSD, up to 1050MB/s, USB 3.2 Gen2, for Photography, Gaming, Students & Professionals, External Solid State Drive (MU-PC1T0T), Grey",27499.0,Online,In stock,ecommerce_amazon
2026-08-22,2026-08-22T18:20:26.806685,Clicktech Retail Private Ltd,B0HD7CHPPV,"Samsung T7 Shield Portable SSD 1TB, USB 3.2 Gen2 External SSD, Up to 1,050MB/s, Rugged, IP65 Water & Dust Resistant, for Photographers, Content Creators and Gaming, Mac Compatible, MU-PE1T0R, Blue",28699.0,Online,In stock,ecommerce_amazon
2026-08-22,2026-08-22T18:20:33.829353,Clicktech Retail Private Ltd,B0C5SDQVNL,"SANDISK Extreme 1TB Portable External SSD, 1050MB/s R, 1000MB/s W, 3m Drop Protection, IP65 Water/dust Resistant, PC,MAC & TypeC Smartphone Compatible, 5Y Warranty, SkyBlue Color",19999.0,Online,In stock,ecommerce_amazon
2026-08-22,2026-08-22T18:20:40.702286,Clicktech Retail Private Ltd,B0C5JQ68FY,"SANDISK 1TB Portable SSD, 800MB/s R, USB 3.2 Gen 2, Rugged SSD with Upto 2 Meter Drop Protection, Type-C to Type-A Cable, PC & Mac Compatible, 3 Y Warranty, External SSD (SDSSDE30-1T00-G26)",15277.0,Online,In stock,ecommerce_amazon
2026-08-22,2026-08-22T18:20:47.783698,Clicktech Retail Private Ltd,B0DRDBT6RV,"KIOXIA EXCERIA Plus G2 Portable 1TB / Up to 1,050MB/s Read 1000MB/s Write,MIL-STD Drop Tests, 256 AES Encryption, Photographers, Content Creators and Gaming,Smartphone,Mac Compatible External SSD",16989.0,Online,In stock,ecommerce_amazon
2026-08-22,2026-08-22T18:20:54.742356,Clicktech Retail Private Ltd,B0BRQCJ57Y,"Qubo 16A Wi-Fi + Bluetooth Smart Plug | Energy Monitoring | Ideal for Heavy Appliances Like ACs, Geysers & Water Pumps | Voice Control with Alexa & Google Assistant | From Hero Group",949.0,Online,In stock,ecommerce_amazon
2026-08-22,2026-08-22T18:21:01.516293,Clicktech Retail Private Ltd,B08HN9Q2SZ,"Wipro 16A Wi-Fi Smart Plug with Energy Monitoring- Suitable for Large Appliances like Geysers, Microwave Ovens, Air Conditioners (Works with Alexa and Google Assistant)- White",999.0,Online,In stock,ecommerce_amazon
2026-08-22,2026-08-22T18:21:08.467646,Clicktech Retail Private Ltd,B08HNB2FSH,"Wipro 10A smart plug with Energy monitoring- Suitable for small appliances like TVs, Electric Kettle, Mobile and Laptop Chargers (Works with Alexa and Google Assistant)",949.0,Online,In stock,ecommerce_amazon
2026-08-22,2026-08-22T18:21:15.107681,TOSS KAMPANI PRIVATE LIMITED,B0FGXKMLFW,"Toss Smart WiFi Plug 16A with Energy Monitoring | Voice Control – Alexa & Google Assistant Compatible | Smart Socket for AC, Geyser, Water Pump, Heater & Heavy Appliances - Remote App Control",926.0,Online,In stock,ecommerce_amazon
2026-08-22,2026-08-22T18:21:21.900622,Aziot,B0BSSZTLNR,"AZIOT 16A Smart Plug with Energy Monitoring, WiFi & Bluetooth, Suitable for Large Appliances like Geysers, Microwave Ovens, Air Conditioners. Works with Alexa & Google Home",769.0,Online,In stock,ecommerce_amazon
2026-08-22,2026-08-22T18:21:28.809090,Clicktech Retail Private Ltd,B0FNRV6X18,CP PLUS 2MP Full HD Wi-Fi CCTV Camera for Home with Motion Tracking | Smart Detection Suite | Night Vision | Cloud Recording | View & Talk | Supports OK Google | CTC Cyber Secure | CP-E25Q,2299.0,Online,In stock,ecommerce_amazon
2026-08-22,2026-08-22T18:21:35.714775,Clicktech Retail Private Ltd,B0FL2P622N,CP PLUS 3MP Resolution Smart Wi-fi CCTV Home Security Camera | 360° View | Motion Tracking | 2-Way Talk | Cloud & SD Card Support | CTC Cyber Secure Tech | 15M Night Vision | CP-E31Q,2699.0,Online,In stock,ecommerce_amazon
2026-08-22,2026-08-22T18:21:42.575901,COSMIC Communication,B0H7MXFPJT,Guard Well 4MP Indoor WiFi Security Camera | 1080P HD | Smart CCTV Camera with 360° Pan Tilt Rotation | Color Night Vision | Motion Detection | Two-Way Audio with Mobile App V380 Pro (Robot Camera),1689.0,Online,In stock,ecommerce_amazon
2026-08-22,2026-08-22T18:21:49.567808,Klyt India Store,B0HDJCZZ1T,Dr Vision 4MP Indoor WiFi Security Camera | 1080P HD | Smart CCTV Camera with 360° Pan Tilt Rotation | Color Night Vision | Motion Detection | Two-Way Audio with Mobile App V380 Pro (Robot Camera),1689.0,Online,In stock,ecommerce_amazon
2026-08-22,2026-08-22T18:21:56.408964,Clicktech Retail Private Ltd,B0C81LB8S3,Trueview 3MP Wi-Fi ATC Robot Camera | BIS-ER (STQC Certified) WiFi CCTV Camera | All Time Color Night Vision | Pan Tilt | Smart Tracking | 2-Way Audio | Memory Card & Cloud | Alexa | T18296S,2099.0,Online,In stock,ecommerce_amazon
2026-08-22,2026-08-22T18:22:03.334980,Clicktech Retail Private Ltd,B08MCD9JFY,"Tygot 10 Inches Big LED Ring Light for Camera, Phone, tiktok, YouTube, Video Shooting and Makeup, 10"" inch Ring Light with 7 Feet Long Foldable and Lightweight Tripod Stand",599.0,Online,In stock,ecommerce_amazon
2026-08-22,2026-08-22T18:22:10.139834,Clicktech Retail Private Ltd,B09BN2NPBD,"DIGITEK (DRL-14C) LED Ring Light with 5ft Stand & Smartphone Mount - USB Powered, Color Switch Mode, Brightness Control, Dual Temperature - for Photo & Video Shoots, Makeup, Vlogging!",1399.0,Online,In stock,ecommerce_amazon
2026-08-22,2026-08-22T18:22:17.244750,Clicktech Retail Private Ltd,B0BH98BQKR,"Kreo Ring Light 12"" for Video Shooting Professional Studio Light with Stand, Ringlight kit for YouTube Instagram with Accessories (12"" RL W/Tripod)",1399.0,Online,In stock,ecommerce_amazon
2026-08-22,2026-08-22T18:22:23.963258,Clicktech Retail Private Ltd,B0G4S2B7R9,Studio Panel Light for Video & Photography with Tripod Stand | Content Creation Lighting with Video Recording & Remote Control | 3000K-6500K | 7Ft 360 Rotatable Tripod,1799.0,Online,In stock,ecommerce_amazon
2026-08-22,2026-08-22T18:22:30.773507,Clicktech Retail Private Ltd,B0B6RNCSVB,"DIGITEK (DRL 18RT C9) LED Ring Light with Remote Control & 250cm Stand - Smartphone Grip - AC Powered, USB Support - Adjustable Lighting Intensity - Photo, Video Shoots, Makeup, & Vlogging",3999.0,Online,In stock,ecommerce_amazon
2026-08-22,2026-08-22T18:22:37.760548,Clicktech Retail Private Ltd,B0B1SXW7LB,"Sony INZONE H3, MDR-G300 Wired Gaming Headset, Over-Ear Headphones with 360 Spatial Sound, USB Wired Over-Ear Professional + USB Connector, flip to Mute mic, App Support & PC Compatible (White)",4480.0,Online,In stock,ecommerce_amazon
2026-08-22,2026-08-22T18:22:44.538339,Clicktech Retail Private Ltd,B0FQJJ6K26,"daWg HeadBug G60 Lightweight Wireless Gaming Headphones, 20ms Ultra Low Latency (2.4GHz), Bluetooth v5.4, 40mm Neodymium Drivers, Crystal Clear Mic, Soft Leatherlite Headband, for PS5, PS4, PC, Mobile",3299.0,Online,In stock,ecommerce_amazon
2026-08-22,2026-08-22T18:22:51.375058,Clicktech Retail Private Ltd,B0B5RMKMJL,"Zebronics Jet PRO Premium Wired Gaming On Ear Headphone with LED for Headband + earcups, 40mm Neodymium Drivers, 2 Meter Braided Cable, with mic, Suspension Design, 3.5mm + USB Connector (Black, Blue)",888.0,Online,In stock,ecommerce_amazon
2026-08-22,2026-08-22T18:22:58.157467,Clicktech Retail Private Ltd,B0859KTNZ8,"Cosmic Byte GS430 Gaming wired over ear Headphone, 7 Color RGB LED and Microphone",999.0,Online,In stock,ecommerce_amazon
2026-08-22,2026-08-22T18:23:05.225872,Clicktech Retail Private Ltd,B0BDGMNF6V,"HyperX Cloud Stinger 2 Core Smartchoice- Gaming Headset for PlayStation, Lightweight Over-Ear Headset with mic, Swivel-to-Mute Function, 40mm Drivers (6H9B5AA), White",2699.0,Online,In stock,ecommerce_amazon
2026-08-22,2026-08-22T18:23:12.350754,Cocoblu Retail,B09ZPL5VYM,"Ambrane Multipurpose Tabletop Mobile Stand | Adjustable Angle & Height| Universal Holder for iPhone, Samsung, OnePlus & All Smartphones | Portable, Anti-Skid | for Home, Office, Bed & Gifting (Black)",189.0,Online,In stock,ecommerce_amazon
2026-08-22,2026-08-22T18:23:19.192357,Clicktech Retail Private Ltd,B0CP95HMZ6,"amazon basics Aluminum Adjustable Mobile Phone Foldable Tabletop Stand Dock Mount for All Smartphones, Tabs, Kindle, iPad (Black)",359.0,Online,In stock,ecommerce_amazon
2026-08-22,2026-08-22T18:23:26.584754,Cocoblu Retail,B09CYDJ8DQ,"Sounce Phone Tabletop Stand Height Angle Adjustable Stand, Phone Holder for Desk Compatible with OnePlus Redmi Samsung Mi Oppo Vivo iPhone12 Mini 11 Pro Xs Xr X 8 7 Plus, All Smartphones (Black)",259.0,Online,In stock,ecommerce_amazon
2026-08-22,2026-08-22T18:23:33.524026,Clicktech Retail Private Ltd,B0DQK87RJG,"Overhead Mobile Stand for Desk | 360° Adjustable Phone Holder | Lazy Arm Mount for Video/Photo Shooting | Bed, Kitchen, Study Table Clamp | Sturdy Metal Stand for Content Creators",795.0,Online,In stock,ecommerce_amazon
2026-08-22,2026-08-22T18:23:40.533267,Cocoblu Retail,B0B4DNQQ9X,"WeCool T2 Foldable and Portable Tabletop Mobile Stand with Stable Base,Height and View Angle Adjustable Phone Stand,Ideal Mobile Holder for Smartphones,Tablets, Kindles",399.0,Online,In stock,ecommerce_amazon
2026-08-22,2026-08-22T18:35:55.810020,Cocoblu Retail,B098NS6PVG,"Ambrane Unbreakable 3A Fast Charging 1.5m Braided Type C Cable for Smartphones, Tablets & other Type C devices, 480Mbps Data Sync, Quick Charge 3.0 (RCT15A, Black)",179.0,Online,In stock,ecommerce_amazon
2026-08-22,2026-08-22T18:36:03.056596,Cocoblu Retail,B084DTMYWK,MYVN 100W Ultra Fast Charging Cable for OnePlus | USB-A to Type-C | WARP/Dash Compatible | Compatible with OnePlus 13/13R/13S/12R/11R/10R/10T/10/10 Pro/9/9 Pro/8/8 Pro/7 Pro/7T Pro/Nord/CE 3 Lite |1M,287.0,Online,In stock,ecommerce_amazon
2026-08-22,2026-08-22T18:36:09.822530,Cocoblu Retail,B082LZGK39,"Ambrane Unbreakable 60W / 3A Fast Charging 1.5m Braided Micro USB Cable for Smartphones, Tablets, Laptops & Other Micro USB Devices, 480Mbps Data Sync, Quick Charge 3.0 (RCM15, Black)",149.0,Online,In stock,ecommerce_amazon
2026-08-22,2026-08-22T18:36:16.680073,ANKER OFFICIAL,B0DBTV5QF5,"Anker Zolo USB C to USB C Cable, Braided and Dirt-Free Type C Fast Charging Cable, Slim Connector, for iPhone 16 Series, MacBook (240W) (Black, 3ft)",699.0,Online,In stock,ecommerce_amazon
2026-08-22,2026-08-22T18:36:23.432624,ANKER OFFICIAL,B0CZ43567W,"Anker Nano USB C to USB C Cable, 240W Fast Charging Cable (6 ft, Black) | Flexible Multi-Color Braided Charger for iPhone 17 Series, MacBook Pro, and More",1499.0,Online,In stock,ecommerce_amazon
2026-08-22,2026-08-22T18:36:30.346798,Cocoblu Retail,B0DZHJT3JB,"Ambrane 20000mAh Powerbank with in-Build Type C Cable, 22.5W Fast Charging, USB & Type C Output, Power Delivery, Quick Charge for iPhone, Android Mobile & Tablets, Earbuds, (Stylo N20, Black)",1899.0,Online,In stock,ecommerce_amazon
2026-08-22,2026-08-22T18:36:37.348900,Clicktech Retail Private Ltd,B09KH58JZR,Portronics Konnect L POR-1403 Fast Charging 3A Type-C Cable 1.2 Meter with Charge & Sync Function for All Type-C Devices (White),145.0,Online,In stock,ecommerce_amazon
2026-08-22,2026-08-22T18:36:44.027157,ANKER OFFICIAL,B0C5XVM3V1,"Anker Type C to Type C Braided 3ft Black PD Cable, Super Fast Charging (50% Charge in 30 mins), Data Sync Compatibility & Power Delivery (PD) for iPhone 15, Samsung, OnePlus & others",699.0,Online,In stock,ecommerce_amazon
2026-08-22,2026-08-22T18:36:50.776655,Cocoblu Retail,B0GXV5X15P,"Ambrane 20000mAh Power Bank with 22.5W Fast Charging | 3 Output Ports | Type-C & USB Input | Compact Portable Charger for iPhone, Android Mobile Phone, Tablets, Earbuds, Speakers,smartwatch",1399.0,Online,In stock,ecommerce_amazon
2026-08-22,2026-08-22T18:36:58.004201,Cocoblu Retail,B0DCZ3WDTB,"Xiaomi Power Bank 4i 20000mAh 33W Super Fast Charging PD |Smart 12 Layer Protection|Type C Input & Output|Triple Output Ports|Supports Android,Apple, Tablets, Earbuds,Watch(MI Powerbank),Black",2449.0,Online,In stock,ecommerce_amazon
2026-08-22,2026-08-22T18:37:04.843853,Clicktech Retail Private Ltd,B0D96JNKFN,"Amazon Basics 20000 mAh Power Bank | 22.5W Fast Charging | Dual Output & Input | Charge 3 Devices Simultaneously | for Smartphones, TWS Earbuds, Speakers, Tablets (Black)",1106.0,Online,In stock,ecommerce_amazon
2026-08-22,2026-08-22T18:37:11.681883,Clicktech Retail Private Ltd,B0GXBBD73Q,"boAt 2026 Launch Airdopes Plus 224, Powerful Spatial Audio, 60H Playback, Quad Mics AI-ENx™, 13 mm Drivers, App Support, Multi Connect, Google Fast Pair, Bluetooth v6.0 TWS Earbuds (Off White)",1199.0,Online,In stock,ecommerce_amazon
2026-08-22,2026-08-22T18:37:18.516220,Cocoblu Retail,B0D78XSMSM,"pTron Bassbuds Astra in-Ear TWS Earbuds w/Stereo Sound, 34Hrs Playtime, Stereo Calls, Custom EQ, Mobile App, BTv5.3 Headphones, Touch Control, Voice Assistant, Type C Charging & IPX4 (Black)",699.0,Online,In stock,ecommerce_amazon
2026-08-22,2026-08-22T18:37:26.141052,Clicktech Retail Private Ltd,B0BF57RN3K,"Fire-Boltt Ninja Call Pro Plus Bluetooth Calling Smart Watch, 1.83″ HD Display, AI Voice Assistant, 120+ Sports Modes, IP67 Waterproof, SpO2 & Heart Rate Monitor Smartwatch for Men & Women - Black",1399.0,Online,In stock,ecommerce_amazon
2026-08-22,2026-08-22T18:37:33.005984,ANKER OFFICIAL,B0DBTTC2CH,"Anker Zolo USB C to USB C Cable, Braided and Dirt-Free Type C Fast Charging Cable, Slim Connector, for iPhone 16 Series, MacBook (240W) (Black, 6ft)",999.0,Online,In stock,ecommerce_amazon
2026-08-22,2026-08-22T18:37:39.607146,AR TRADERSS,B0HDVPSSMK,"Novobit 80W SUPERVOOC Fast Charging USB Type-C Cable, Compatible with OnePlus 13/13R/12/12R/11/10/10T/9/9R/9RT/8/8T/7T/7Pro, Nord 4/3/2/2T/CE4/CE3/CE2Lite, 1m Red, 1Yr Warranty, 480Mbps Sync",299.0,Online,In stock,ecommerce_amazon
2026-08-22,2026-08-22T18:37:46.442544,Clicktech Retail Private Ltd,B08HRGRCGL,"Honeywell HDMI Cable 2.1 with Ethernet, 8k@60Hz, 4K@120Hz UHD Resolution, (9.8ft/3M), 48 GBPS Transmission Ultra High Speed, Dolby DTS, eARC, 3D,Male-to-Male,Compatible with All HDMI-Enabled Devices",1419.0,Online,In stock,ecommerce_amazon
2026-08-22,2026-08-22T18:37:53.028607,BUXSA,B0GS96B79D,"HDMI Cable V2.1 with Ethernet,Wozoyo 8k@60Hz,4K@120Hz UHD Resolution,1 Mtr braided, 48 Gbps transmission Ultra high Speed,HDR/HDR10/Dolby Vision,Dolby Atmos and DTS:X, Compatible with all HDMI Devices",699.0,Online,Only 1 left in stock.,ecommerce_amazon
2026-08-22,2026-08-22T18:37:59.982606,Clicktech Retail Private Ltd,B08HRG2MB5,"Honeywell HDMI Cable 2.1 with Ethernet, 8k@60Hz, 4k@120Hz UHD Resolution, 2 Mtr(6.6ft), 48 GBPS Transmission Ultra High Speed, Dolby DTS, eARC,3D,Male-to-Male,Compatible with all HDMI-Enabled Devices",1229.0,Online,In stock,ecommerce_amazon
2026-08-22,2026-08-22T18:38:07.154990,Clicktech Retail Private Ltd,B00GG59HU2,"BlueRigger 8K HDMI 2.1 Cable(3.3FT, 8K 60Hz HDR, 4K 120Hz, High Speed 48Gbps with Ethernet, eARC, 3D, HDCP 2.3) - Compatible with PS5, Xbox, Roku, Apple TV, Switch, PC",578.0,Online,In stock,ecommerce_amazon
2026-08-22,2026-08-22T18:38:14.220562,DHIVIS® AV Store.,B083J8LZLX,"DHIVIS Certified HDMI 2.1, 3 Meters, Diamond Series, 48Gbps- 4K 120hz (4096 x 2160), 8K@60hz - HDCP 2.3, HDR10+ and Dolby Vision, Atmos",2758.0,Online,In stock,ecommerce_amazon
2026-08-22,2026-08-22T18:38:21.175545,Cocoblu Retail,B0DFCGB2D6,APFEN® 27W Type C to Lightning Fast Charging Cable With High-Speed Data Transfer Compatible with iPhone 14/14 Pro/ 14 Pro Max/ 13/13 Pro/ 13 ProMax/ 12/11/XR/XS/X/8 S,268.0,Online,In stock,ecommerce_amazon
2026-08-22,2026-08-22T18:38:27.841830,Cocoblu Retail,B0G2CJ4JX3,"Braided USB-C to Compatible with Lightning Fast Charging Cable Compatible for iPhone 14, 13, 12,11, X, 8, 7, 6, 5, iPad Air, Pro, Mini, iPad Blue Color",349.0,Online,In stock,ecommerce_amazon
2026-08-22,2026-08-22T18:38:34.915283,Cocoblu Retail,B0F2FYKDS4,"HAMMER 27W Type-C to Lightning 8 Pin Nylon Braided Cable, 27W Fast Charging, 480Mbps High Speed Data Transfer & Durable Tangle Free Design, Compatible with iPhone, iPad, iMac, AirPods, 1.2M (Blue)",149.0,Online,In stock,ecommerce_amazon
2026-08-22,2026-08-22T18:38:41.804628,Clicktech Retail Private Ltd,B0B8SSC5D9,"amazon basics USB C to Lightning TPE MFi Certified Charging Cable (White, 2 meter)",999.0,Online,In stock,ecommerce_amazon
2026-08-22,2026-08-22T18:38:48.345802,VEERSARA PRIVATE LIMITED,B0B63T163B,USB C to Lightning Cable 1M [Apple MFi Certified] iPhone Fast Charger Cable USB-C Charging Cord for iPhone 13/12/12 PRO Max/12 Mini/11/11PRO/XS/Max/XR/X/8/8Plus/iPad,299.0,Online,In stock,ecommerce_amazon
2026-08-22,2026-08-22T18:38:55.268519,CPU Tech,B0BQLPLKNS,"FEDUS 5M Cat6 Ethernet Cable,Flat RJ45 LAN Cable Wire High Speed 250MHZ/1 Gigabit Speed UTP LAN Cable,Network Internet Cable,Patch Computer Cord Gigabit Category 6 Wires For Modem,White",349.0,Online,In stock,ecommerce_amazon
2026-08-22,2026-08-22T18:39:01.687422,SevenXt,B08N5K2RCQ,7SEVEN® CAT 6 RJ45 ethernet Patch Internet Cable with Gold platted connectors Supports Upto 1000mbps Speed 5 Meters(16 feet) Length,299.0,Online,In stock,ecommerce_amazon
2026-08-22,2026-08-22T18:39:08.509880,Clicktech Retail Private Ltd,B0BPMB2ND2,"Sounce Cat6 Ethernet Cable 10 Meter/ 550 MHz Outdoor & Indoor, Upto 10 Gbps Support Cat6 Network, Heavy Duty Flat LAN Internet Patch Cord, Solid Weatherproof High Speed Cable for Router, Modem",208.0,Online,In stock,ecommerce_amazon
2026-08-22,2026-08-22T18:39:15.384004,Clicktech Retail Private Ltd,B08CSKRT23,"FEDUS Cat6 Ethernet Cable, 3 Meter High Speed 550MHZ / 10 Gigabit Speed UTP LAN Cable, Network Cable Internet Cable RJ45 Cable LAN Wire, Patch Computer Cord Gigabit Category 6 Wires for Modem, Router",249.0,Online,In stock,ecommerce_amazon
2026-08-22,2026-08-22T18:39:22.243048,Seth Enterprises®,B0C56QHMH9,"Cat6 Copper Ethernet Cable 12 pcs Pack 1ft (12inch / 0.3m) | High Speed RJ45 LAN Network Cable | 550MHz / 10 Gigabit Category 6 Internet Wire for Router, Modem, PC, and Servers",521.0,Online,In stock,ecommerce_amazon
2026-08-22,2026-08-22T18:39:29.118756,Cocoblu Retail,B0D5HTDWSC,Lifelong Electronics 20000mAh 22.5W Fast Charging Power Bank | 3 Inputs (1 Built-in USB A Cable + 1 C + 1 Lightning Port) & 6 Outputs (3 Built-in Cables + 1 C + 2 A Port) | Small Pocket Size Powerbank,2190.0,Online,In stock,ecommerce_amazon
2026-08-22,2026-08-22T18:39:36.123770,Cocoblu Retail,B0F4XRZ81C,"boAt EnergyShroom PB331 (Magsafe) 10000mAh Magnetic Wireless Powerbank, 15W Wireless & 22.5W Wired Charging for (iPhone 16, 15, 14, 13 & 12, Android & Other Qi Enabled Devices) (Purple)",1699.0,Online,In stock,ecommerce_amazon
2026-08-22,2026-08-22T18:39:42.859561,Clicktech Retail Private Ltd,B0DG2WDRCM,Amazon Basics 10000mAh 20W Fast Charging Power Bank and 15W Wireless Output | Type C Power Delivery (Input & Output) Quick Charge| Two Way Fast Charge | Made in India (Black),1399.0,Online,In stock,ecommerce_amazon
2026-08-22,2026-08-22T18:39:49.932364,Cocoblu Retail,B0D22ZZM34,"ZEBRONICS MB10000S15 Power Bank, 10000 mAh, Rapid Charge, 22.5W Output, Dual USB Output, PD 3.0 Type C, Built in Protections, Percentage Indicator, Made in India, Black",699.0,Online,In stock,ecommerce_amazon
2026-08-22,2026-08-22T18:39:56.717844,Cocoblu Retail,B0CXM92ZHM,"Hammer Ultra Charge 10000mAh 22.5W Power Bank 20W PD Fast Charging, 3 Output, 2 Input Ports Type-C/PD, Micro USB and Multiple Layers of Protection (Green)",799.0,Online,In stock,ecommerce_amazon
2026-08-22,2026-08-22T18:40:03.533179,Cocoblu Retail,B0DWSQBX9K,"Ambrane 10000mAh Slim & Compact Powerbank with in-Build Type C Cable, 22.5W Fast Charging, USB & Type C Output, Power Delivery, Quick Charge for iPhone, Android & Tablets, Earbuds, (Stylo N10,Purple)",1299.0,Online,In stock,ecommerce_amazon
2026-08-22,2026-08-22T18:40:10.368578,Cocoblu Retail,B0CHJ3X3VM,"Ambrane 65W Charger Adapter, 3 Ports - 2 Type C & 1 USB for Samsung, Type C Laptops: MacBook, Dell, HP, ASUS, Fast Charger with PD Technology & GaN Technology for All Devices (RAAP G65, Black)",2399.0,Online,In stock,ecommerce_amazon
2026-08-22,2026-08-22T18:40:17.464201,Cocoblu Retail,B0DWSMBSPZ,"Ambrane 6-in-1 Power Hub Charger 65W Fast Charging, 6 Ports - 2 Type-C, 2 USB, 2 AC Sockets (2500W), Multi-Port Desktop Charger for Laptop, iPhone, Android, Portable Charging Station (Charge Hub 65)",1899.0,Online,In stock,ecommerce_amazon
2026-08-22,2026-08-22T18:40:24.258672,Cocoblu Retail,B0FMFK6QPH,"Portronics 65W Adapto 65M GaN Triple Port Fast Charging Laptop Adaptor, 2 x Type-C PD Port, 1 x USB-A Port, Compatible with Laptops, Smartphones, Tablets, MacBooks, iPads (White)",979.0,Online,In stock,ecommerce_amazon
2026-08-22,2026-08-22T18:40:31.027734,RAIKWAR JII TRADER,B0H6C18HC7,"Ailkin 65W GaN Charger | Triple Port High-Speed PD 3.0 & PPS Fast Charging Adapter, 2 x Type C PD Port,1 x USB-A Port | Compatible with iPhone 17/16/15, Laptops, Smartphones, Tablets, MacBooks, iPads",998.0,Online,In stock,ecommerce_amazon
2026-08-22,2026-08-22T18:40:37.496121,Cocoblu Retail,B0H6FZKP75,"Nextech 65W GaN Fast Charger, 3-Port 65W GaN Charger with 2 USB-C + 1 USB-A, PD PPS QC FCP, Compact Type-C Fast Charging Adapter for Laptop | MacBook | iPhone | Samsung | iPad & More, White",2457.0,Online,In stock,ecommerce_amazon
2026-08-22,2026-08-22T18:40:44.389280,UNIGEN,B0C5T2C4KY,"UNIGEN UNIPAD 200 Wireless Charger, 15W Qi Fast Wireless Charging Pad [USB A to C Cable] Compatible with All Wireless Compatible Smartphones and Earbuds (Black)",749.0,Online,In stock,ecommerce_amazon
2026-08-22,2026-08-22T18:40:51.654000,EllerSante-Direct,B09PBYPRV9,"eller santé® 23w Magnetic MagSafe Charger 3in1 Wireless Charger for iPhone 17/17 Air /17 Pro/17 Pro Max, 16/16 Plus/16 Pro/16 Pro Max, 15/14/13/12 Series Fast Charging Adaptor- White",2797.0,Online,In stock,ecommerce_amazon
2026-08-22,2026-08-22T18:40:58.259407,EYNK Studio,B0H2RQB2F5,"New Magnetic Wireless Charger for iPhone,MagSaf Fast Charger USB C 15W,Qi Type C Wireless Charging Compatible with iPhone 17/17 pro/17 Pro max/16/16 Plus/16 Pro/16 Pro Max/15/14/13/12 Series(White)",298.0,Online,In stock,ecommerce_amazon
2026-08-22,2026-08-22T18:41:05.066054,UNIGEN,B0C5RR48L7,"UNIGEN UNIPAD 200 Wireless Charger, 15W Qi Fast Wireless Charging Pad [Type-C to C Cable] Compatible with All Wireless Enabled Smartphones & Earbuds-Black",749.0,Online,In stock,ecommerce_amazon
2026-08-22,2026-08-22T18:41:11.787612,UNIGEN,B0D964YPF8,UNIGEN UNIPAD 200 Wireless Charger 15W Qi Fast Wireless Charging Pad [Type-C to C Cable] Compatible with All Wireless Enabled Smartphones & Earbuds- Pink,709.0,Online,In stock,ecommerce_amazon
2026-08-22,2026-08-22T18:41:18.809821,Clicktech Retail Private Ltd,B0BQN3NW8C,"GOBOULT Z40 True Wireless in Ear Earbuds with 60H Playtime, Zen™ ENC Mic, Low Latency Gaming, Type-C Fast Charging, Made in India, 10mm Rich Bass Drivers, IPX5, Ear Buds TWS (White)",1099.0,Online,In stock,ecommerce_amazon
2026-08-22,2026-08-22T18:41:25.404897,Varni Enterprise  .,B0HCC9J9WV,"VarniEnterprise TWS Bluetooth Earbuds with Calling, Low Latency Gaming, HD Sound, Type-C Fast Charging, Noise Reduction, Wireless Earphones",249.0,Online,In stock,ecommerce_amazon
2026-08-22,2026-08-22T18:41:32.586968,Cocoblu Retail,B0FMDLD86P,"OnePlus Nord Buds 3r TWS Earbuds up to 54 Hours Playback, 2-mic Clear Calls, 3D Spatial Audio, AI Translation, 12.4mm Drivers, Dual-Device Connectivity, 47ms Low Latency - Aura Blue",1799.0,Online,In stock,ecommerce_amazon
2026-08-22,2026-08-22T18:41:39.475263,Cocoblu Retail,B0D78WK937,"pTron Bassbuds Astra in-Ear TWS Earbuds w/Stereo Sound, 34Hrs Playtime, Stereo Calls, Custom EQ, Mobile App, BTv5.3 Headphones, Touch Control, Voice Assistant, Type C Charging & IPX4 (Grey)",699.0,Online,In stock,ecommerce_amazon
2026-08-22,2026-08-22T18:41:46.265836,Clicktech Retail Private Ltd,B0F9YWD4Z3,"GOBOULT Soniq Over Ear Bluetooth Headphones with 70H Playtime, 40mm Bass Drivers, Zen™ ENC Mic, Type-C Fast Charging, Dual Pairing, AUX, Wireless Headphones (White)",1999.0,Online,In stock,ecommerce_amazon
2026-08-22,2026-08-22T18:41:53.568083,Clicktech Retail Private Ltd,B0DGV6TB8D,"Noise Airwave Max 5 Wireless Over-Ear Headphones with Adaptive Hybrid ANC (up to 50dB), HFA Tech, 80H Playtime, Dual Pairing(Calm Beige)",4999.0,Online,In stock,ecommerce_amazon
2026-08-22,2026-08-22T18:42:00.607756,Spigen India,B0DGX1VCWX,"Spigen Audio Newly Launched SA-HP P10 Wireless Over Ear Headphones with 60H Playtime, Upto 43dB Multi-Mode Adaptive ANC Pro, EQ Customizing App, 5-MIC, Gaming Mode, 40mm Driver - Black",2699.0,Online,In stock,ecommerce_amazon
2026-08-22,2026-08-22T18:42:07.551399,Clicktech Retail Private Ltd,B0FC2Y8XYF,"boAt Rockerz 411, 40Ms Low Latency, 40Hrs Battery, 40Mm Drivers, ENx Tech, Stream Ad Free Music via App Support, Bluetooth Headphones, Wireless Over Ear Headphone with Mic (Active Black)",1499.0,Online,In stock,ecommerce_amazon
2026-08-22,2026-08-22T18:42:14.928268,Clicktech Retail Private Ltd,B0FS1XYCGF,"Noise Airwave Max 6 Wireless Bluetooth Headphones (2026 Launch), Hi-Res LDAC Audio, Adaptive ANC 45dB, 120H Battery, Low Latency 80ms, Deep Bass, Over-Ear Noise Cancelling Headphones (Carbon Black)",5499.0,Online,In stock,ecommerce_amazon
2026-08-22,2026-08-22T18:42:22.175223,Clicktech Retail Private Ltd,B0DD7T8H2Q,"Marshall Willen II Portable Bluetooth Speaker with 17+ Hours of Portable Playtime, Dust & Waterproof (IP67) - Black & Brass.",12499.0,Online,In stock,ecommerce_amazon
2026-08-22,2026-08-22T18:42:29.528500,Clicktech Retail Private Ltd,B0DYDRF64T,"Marshall Emberton III Compact Portable Bluetooth Speaker with 32+ Hours of Playtime, (360° Sound), Dust & Waterproof (IP67) – Sage.",17999.0,Online,In stock,ecommerce_amazon
2026-08-22,2026-08-22T18:42:36.503912,Clicktech Retail Private Ltd,B0FHHQQNZY,"Dubstep Pop 1400 Portable Bluetooth Speaker | 14W Loud Sound, Deep Bass with XBASS, 16 Hrs Playtime, TWS Stereo Pairing, 52mm Driver, Splash-Resistant, Carry Strap (Black)",699.0,Online,In stock,ecommerce_amazon
2026-08-22,2026-08-22T18:42:43.277886,Clicktech Retail Private Ltd,B095HBHKHB,"Portronics SoundDrum 1 12W TWS Portable Bluetooth Speaker with Powerful Bass, Bluetooth 5.3V, 360° Surround Sound, USB Drive in, Type C Fast Charging(Black)",899.0,Online,In Stock,ecommerce_amazon
2026-08-22,2026-08-22T18:42:50.437960,Clicktech Retail Private Ltd,B0BTHL673V,"Marshall Middleton Portable Bluetooth Speaker with 20+ Hours of Portable Playtime, 360° Sound, Dust & Waterproof (IP67) - Black & Brass.",26999.0,Online,Only 1 left in stock.,ecommerce_amazon
2026-08-22,2026-08-22T18:42:57.402725,Cocoblu Retail,B0FZC523RD,"pTron Tangent Rush w/ 50Hrs Playtime, Pristine Sound, Dual-Device Pairing, Bluetooth 5.4 Wireless in-Ear Earphones with Mic, Voice Assistant, Type-C Fast Charging & IPX5 Water Resistant (Ink Blue)",498.0,Online,In stock,ecommerce_amazon
2026-08-22,2026-08-22T18:43:04.068757,Cocoblu Retail,B0GKY49GCY,"Kratos Jazz Neckband Bluetooth Headphones with 55H Playtime, Deep Bass, Stereo Sound, HD Calls, Magnetic Earbuds, Voice Assistant, Type-C Fast Charging, Rich Audio, Comfort Fit Bluetooth Neckband",499.0,Online,In stock,ecommerce_amazon
2026-08-22,2026-08-22T18:43:10.839281,Clicktech Retail Private Ltd,B0F7Y54PJX,"boAt Rockerz 113, 40H Battery, Dual Pair, Fast Charge, ENx Tech, Stream Ad Free Music via App Support, Magnetic Buds, Bluetooth Neckband, Wireless with Mic in Ear Earphones (Active Black)",999.0,Online,In stock,ecommerce_amazon
2026-08-22,2026-08-22T18:43:17.963959,Cocoblu Retail,B0FBRGKXHG,"OnePlus Bullets Wireless Z3 in-Ear Neckband with 12.4mm Drivers, 3D Spatial Audio,10 mins Charge for 27 hrs Playback, 4 EQ preset, Dynamic bass Enhancement & BT5.4",1999.0,Online,In stock,ecommerce_amazon
2026-08-22,2026-08-22T18:43:24.647956,Clicktech Retail Private Ltd,B0D2565WBY,"Noise Airwave Pro Bluetooth in Ear Neckband with Upto 32 dB ANC, 60H of Playtime, Dual Device Pairing, 3 Mic ENC for Calling, Low Latency(Upto 40ms), 13mm Driver (Matte Black)",1499.0,Online,In stock,ecommerce_amazon
2026-08-22,2026-08-22T18:43:31.994494,Clicktech Retail Private Ltd,B0FMRKHN4M,Pebble Newly Launched Qore Fitness Band with 45 Days Battery Life | 100+ Sports Modes | Advanced Health Tracking | HR & SpO2| Stress| Sleep | OneKey Measurement | Smart Notifications - Black,2849.0,Online,In stock,ecommerce_amazon
2026-08-22,2026-08-22T18:43:39.649776,Clicktech Retail Private Ltd,B0DQCSGN1H,"Noise Endeavour 2 (Smartchoice) Rugged Smart Watch – 1.46″ AMOLED Display, Built-in GPS, ABC Sensors, Up to 7-Day Battery, 5ATM Water Resistance, AI, Strava Integration, for iOS & Android (Jet Black)",4999.0,Online,In stock,ecommerce_amazon
2026-08-22,2026-08-22T18:43:47.187324,Clicktech Retail Private Ltd,B0B854R7NS,"Fire-Boltt Ninja Call Pro Bluetooth Calling Smart Watch, 1.69″ HD Display,Dual Chip,AI Voice Assistant, 120+ Sports Modes, SpO2 & Heart Rate Monitor, Fitness Tracker Smartwatch for Men & Women - Black",1399.0,Online,In stock,ecommerce_amazon
2026-08-22,2026-08-22T18:43:54.947335,Clicktech Retail Private Ltd,B0FLF44GTQ,"boAt Wave Call 3 Smartwatch 1.83” HD Display with Animated Watch Faces; BT Calling, Functional Crown, Multiple Sports Modes, IP68, HR, SpO2 Monitor, Smart Watches for Men & Women (Bold Black)",1399.0,Online,In stock,ecommerce_amazon
2026-08-22,2026-08-22T18:44:02.014053,Whoop India,B0DY2VVZWZ,"WHOOP One – 12-Month Membership – 5.0 Health and Fitness Wearable – 24/7 Activity Tracker with VO2 Max, Sleep Tracking, Personalized Coaching, Menstrual Cycle Insights – 14+ Days Battery Life",21990.0,Online,In stock,ecommerce_amazon
2026-08-22,2026-08-22T18:44:09.005155,Koozo Commerce Pvt. Ltd.,B0FT7SPSCR,"Pulse Smart Band for Men & Women, 24/7 Health & Fitness Tracker with HRV, BP, Stress & Sleep Monitor, 127+ Sports Modes, Upto 45 Days Battery, IP68 Waterproof, No Subscription Needed",4444.0,Online,In stock,ecommerce_amazon
2026-08-22,2026-08-22T18:44:16.505250,Clicktech Retail Private Ltd,B0GG4W7N66,Pebble Qore 2 Smart Band Heart Rate | HRV | Body Temperature Monitoring | Sleep Tracker | 5ATM Water Resistant | Multiple Sports Modes | Premium Metal Body (Cosmic Black),3549.0,Online,In stock,ecommerce_amazon
2026-08-22,2026-08-22T18:44:23.984728,StyleOxx India,B0G43JZ4DT,"Qfit Smart Fitness Band,24/7 Activity Tracking, Heart Rate Monitoring, HRV Analysis, Stress Monitoring, Sleep Tracking, 20+ Days Battery Life, Ai-Powered Analysis, 30+ Sports mode, Subscription Free",5509.0,Online,In stock,ecommerce_amazon
2026-08-22,2026-08-22T18:44:30.883466,Clicktech Retail Private Ltd,B0F8QYQV88,"Ambrane Wireless Mouse with 2.4GHz, USB Nano Dongle, Silent Click, Optical Orientation Click Wheel, 4 Buttons, 1600 Adjustable DPI, Both Hand Use, Compatible with PC, Mac, Laptop (Sliq 3, Blue)",399.0,Online,In stock,ecommerce_amazon
2026-08-22,2026-08-22T18:44:37.720239,OUTSHINY INDIA PVT LTD,B0DFYT73XG,Arctic Fox ProMaxe Wireless Mouse | 2400 DPI |2.4 GHz with USB Nano Receiver | High Precision Optical Tracking| for PC/Mac/Laptop - Black Jet,399.0,Online,In stock,ecommerce_amazon
2026-08-22,2026-08-22T18:44:44.785602,Clicktech Retail Private Ltd,B0B296NTFV,"Portronics Toad 23 Wireless Optical Mouse with 2.4GHz, USB Nano Dongle, Optical Orientation, Click Wheel, Adjustable DPI(Black)",279.0,Online,In stock,ecommerce_amazon
2026-08-22,2026-08-22T18:44:51.844290,Clicktech Retail Private Ltd,B0FF4XBM5N,"ZEBRONICS Wireless Mouse, 2.4GHz, 3200 DPI, 3 Buttons, Comfortable & Ergonomic, USB Nano Receiver, Power-Saving Mode, Works on Most Surfaces, for Mac | Laptop | Computer (Freego, Black)",249.0,Online,In stock,ecommerce_amazon
2026-08-22,2026-08-22T18:44:58.561538,Clicktech Retail Private Ltd,B0CMXNFK9W,"Portronics Toad 32 Wireless Mouse with 6 Buttons, 2.4 GHz Connectivity, 10m Working Range, Ergonomic Design, Adjustable Optical DPI, Auto Power Saving, for Laptop & PC (Red)",401.0,Online,In stock,ecommerce_amazon
2026-08-22,2026-08-22T18:45:05.580860,Clicktech Retail Private Ltd,B0G2YMLZNM,"Kreo Swarm 65 Wireless Mechanical Gaming Keyboard 65% Gasket Mounted, Pre-Lubed Switches, 5-Layer Sound Dampening, RGB, Hot-Swap PCB, Tri-Mode – Windows & macOS (Starling Linear)",4199.0,Online,Available to ship in 1-2 days,ecommerce_amazon
2026-08-22,2026-08-22T18:45:12.590140,Kay Kay Overseas Corporation Store,B0FBRXM2RG,"EvoFox Katana S Mini Mechanical Keyboards Wireless | Tri-Mode (3X BT, 2.4GHz & Wired) Connectivity | Hot-Swappable Red Switches | 68-Key Compact | Rainbow Backlight | Rechargeable Battery",2499.0,Online,In stock,ecommerce_amazon
2026-08-22,2026-08-22T18:45:19.345173,Kay Kay Overseas Corporation Store,B085366TJW,"EvoFox Fireblade TKL Semi-Mechanical Gaming Keyboard with Rainbow Backlit& Breathing Effect, Floating Keycaps, 19 Anti-Ghosting & 12 Multimedia Keys, Windows Lock Key, Braided Cable (Black)",899.0,Online,In stock,ecommerce_amazon
2026-08-22,2026-08-22T18:45:26.311985,Kay Kay Overseas Corporation Store,B0DDV1GWP7,"EvoFox Katana X2 TKL Mechanical Gaming Keyboard | 3‑Pin Replaceable Clicky Blue Switches, Dynamic Backlighting, All Keys Anti‑Ghosting, Volume Knob, Copilot, Xbox Gamebar, Screenshot & More (Black)",1899.0,Online,In stock,ecommerce_amazon
2026-08-22,2026-08-22T18:45:33.107538,Clicktech Retail Private Ltd,B016MAK38U,Redragon Kumara K552 Rainbow LED Backlit TKL Ten Key-Less Mechanical Wired Gaming Keyboard Without Numlock Keys (Black),2289.0,Online,In stock,ecommerce_amazon
2026-08-22,2026-08-22T18:45:40.131642,Clicktech Retail Private Ltd,B0CHBHYLLR,"Honeywell 7-in-1 TypeC Docking Station with 4K HDMI,1xUSB 3.0, 2xUSB 2.0 & TypeC 3.0 PD 100W Charging Port, SD & Micro SD Slot,for All Type C Devices- MacBook,Laptop, Thunderbolt 3,PC,3 Years Warranty",1899.0,Online,In stock,ecommerce_amazon
2026-08-22,2026-08-22T18:45:47.044251,Clicktech Retail Private Ltd,B0FRD7C9NJ,"Belkin USB C Hub 5-in-1, Type C Hub for Laptop & PC – USB Hub with 4K HDMI 2.0, 100W PD Charging, USB-A Ports, 5Gbps Data Transfer | USB Docking Station for MacBook Pro, Air, iPad Pro & More",2799.0,Online,In stock,ecommerce_amazon
2026-08-22,2026-08-22T18:45:54.599597,Clicktech Retail Private Ltd,B09M869Z5V,"Portronics Mport 31C USB C Hub Dock (4-in-1), Type C Multiport Adapter with 1 x USB 3.0 & 3 x USB 2.0 Ports, up to 5 Gbps High Speed Data Transfer for Laptop, MacBook, PC (Grey)",256.0,Online,In stock,ecommerce_amazon
2026-08-22,2026-08-22T18:46:01.186361,ETZIN PRIVATE LIMITED,B0BBS5PBT9,"Etzin USB C Hub Multiport Adapter 6 in 1 Type C Hub with 4K HDMI USB 3.0 Data Transfer, 87W Power Deliver(PD), SD/TF Card Reader USB C Adapter for MacBook Pro Air Surface Pro Pro, XPS, EPL-283TC",521.0,Online,In stock,ecommerce_amazon
2026-08-22,2026-08-22T18:46:08.035787,Clicktech Retail Private Ltd,B0FY73232K,"Portronics MPort View Three 10-in-1 USB-C Docking Station, 100 W PD Charging, 4K HDMI, VGA, RJ45 Ethernet, SD/TF Card Slots, USB 3.0/2.0 Ports, 3.5 mm Audio, for All Type C Devices, Windows/MacBook",1699.0,Online,In stock,ecommerce_amazon
2026-08-22,2026-08-22T18:46:15.000094,Clicktech Retail Private Ltd,B0GWW7V4KG,"SANDISK 128GB Ultra Go microSD Card UHS-I, Up to 190MB/s, Full HD Video, Memory Card for Android Smartphones, Tablets, 10-Year Warranty",2519.0,Online,In stock,ecommerce_amazon
2026-08-22,2026-08-22T18:46:21.623990,GaLiDaMai-2,B0HC9WQ2Q2,"256GB High-Capacity TF Memory Card | Micro Memory Card for Smartphone, Tablet, Action Camera, Dash Cam & CCTV | Storage Expansion",1999.0,Online,In stock,ecommerce_amazon
2026-08-22,2026-08-22T18:46:28.174107,Clicktech Retail Private Ltd,B07DJGJ18T,"HP 128GB MicroSD Memory Card | SDXC mx310 Class 10 | UHS-I, U1 Card | Upto 100MB/s R | Compitable with Smartphones, Camera, CCTV | Memory Card",2159.0,Online,In stock,ecommerce_amazon
2026-08-22,2026-08-22T18:46:34.731233,YEWON INDIA,B0HB56THRG,"YEWON 128GB MicroSDXC Memory Card | Class 10 A1 Speed | Up to 100MB/s Read Speed | Full HD Video Recording Support | Waterproof, Shockproof | for Smartphone, Camera, Tablet & Gaming Console",999.0,Online,In stock,ecommerce_amazon
2026-08-22,2026-08-22T18:46:41.622332,Clicktech Retail Private Ltd,B0GVJ1ZGMV,"SANDISK 128GB Extreme GO microSDXC UHS-I Card, 5K & 4K UHD Video, 240MB/s Read, 120MB/s Write, A2, U3, V30, High-Speed for Android, Action Camera & Gaming",3649.0,Online,In stock,ecommerce_amazon
2026-08-22,2026-08-22T18:46:48.703214,Clicktech Retail Private Ltd,B08ZJDWTJ1,"Seagate Expansion 1TB External HDD - USB 3.0 for Windows and Mac with 3 yr Data Recovery Services, Portable Hard Drive (STKM1000400)",9699.0,Online,In stock,ecommerce_amazon
2026-08-22,2026-08-22T18:46:55.695613,PHDD Storage Retail,B0FHQ7YJWF,UnionSine External Hard Disk Drive 1TB Portable HDD USB 3.0 Black,7999.0,Online,In stock,ecommerce_amazon
2026-08-22,2026-08-22T18:47:02.496729,DIRECT FACTORY SALE,B0F1Z6XVVG,"MAYUMI SPACIO 1TB External Hard Disk HDD for Laptop, PC, Mac & Mobile (OTG)",4950.0,Online,In stock,ecommerce_amazon
2026-08-22,2026-08-22T18:47:09.421265,JOGI COM,B0G2GK2S2R,"KINGSTER® 500GB Ultra Slim External Hard Drive | Portable USB 3.0 HDD 5Gbps | Plug & Play | Lightweight Backup Drive for Laptop, PC, Mac | Shock-Resistant Slim Body – White",3199.0,Online,In stock,ecommerce_amazon
2026-08-22,2026-08-22T18:47:16.211018,Clicktech Retail Private Ltd,B0G2665NXT,"GEONIX PowerShell S3 500GB Portable External Hard Drive 2.5-Inch SATA USB 3.0, Up to 5Gbps with UASP Support, Tool-Free Setup, LED Indicator, Compatible with Windows/Mac/Linux (3 Yr Warranty)(Black)",2999.0,Online,In stock,ecommerce_amazon
2026-08-22,2026-08-22T18:47:22.932621,Clicktech Retail Private Ltd,B0HD7JY8T5,"Samsung T7 1TB, Portable SSD, up to 1050MB/s, USB 3.2 Gen2, for Photography, Gaming, Students & Professionals, External Solid State Drive (MU-PC1T0T), Grey",27499.0,Online,In stock,ecommerce_amazon
2026-08-22,2026-08-22T18:47:29.343337,Clicktech Retail Private Ltd,B0HD7CHPPV,"Samsung T7 Shield Portable SSD 1TB, USB 3.2 Gen2 External SSD, Up to 1,050MB/s, Rugged, IP65 Water & Dust Resistant, for Photographers, Content Creators and Gaming, Mac Compatible, MU-PE1T0R, Blue",28699.0,Online,In stock,ecommerce_amazon
2026-08-22,2026-08-22T18:47:36.440647,Clicktech Retail Private Ltd,B0C5SDQVNL,"SANDISK Extreme 1TB Portable External SSD, 1050MB/s R, 1000MB/s W, 3m Drop Protection, IP65 Water/dust Resistant, PC,MAC & TypeC Smartphone Compatible, 5Y Warranty, SkyBlue Color",19999.0,Online,In stock,ecommerce_amazon
2026-08-22,2026-08-22T18:47:43.449719,Clicktech Retail Private Ltd,B0C5JQ68FY,"SANDISK 1TB Portable SSD, 800MB/s R, USB 3.2 Gen 2, Rugged SSD with Upto 2 Meter Drop Protection, Type-C to Type-A Cable, PC & Mac Compatible, 3 Y Warranty, External SSD (SDSSDE30-1T00-G26)",15277.0,Online,In stock,ecommerce_amazon
2026-08-22,2026-08-22T18:47:50.730444,Clicktech Retail Private Ltd,B0DRDBT6RV,"KIOXIA EXCERIA Plus G2 Portable 1TB / Up to 1,050MB/s Read 1000MB/s Write,MIL-STD Drop Tests, 256 AES Encryption, Photographers, Content Creators and Gaming,Smartphone,Mac Compatible External SSD",16989.0,Online,In stock,ecommerce_amazon
2026-08-22,2026-08-22T18:47:57.731318,Clicktech Retail Private Ltd,B0BRQCJ57Y,"Qubo 16A Wi-Fi + Bluetooth Smart Plug | Energy Monitoring | Ideal for Heavy Appliances Like ACs, Geysers & Water Pumps | Voice Control with Alexa & Google Assistant | From Hero Group",949.0,Online,In stock,ecommerce_amazon
2026-08-22,2026-08-22T18:48:04.623451,Clicktech Retail Private Ltd,B08HN9Q2SZ,"Wipro 16A Wi-Fi Smart Plug with Energy Monitoring- Suitable for Large Appliances like Geysers, Microwave Ovens, Air Conditioners (Works with Alexa and Google Assistant)- White",999.0,Online,In stock,ecommerce_amazon
2026-08-22,2026-08-22T18:48:11.509606,Clicktech Retail Private Ltd,B08HNB2FSH,"Wipro 10A smart plug with Energy monitoring- Suitable for small appliances like TVs, Electric Kettle, Mobile and Laptop Chargers (Works with Alexa and Google Assistant)",949.0,Online,In stock,ecommerce_amazon
2026-08-22,2026-08-22T18:48:18.633533,TOSS KAMPANI PRIVATE LIMITED,B0FGXKMLFW,"Toss Smart WiFi Plug 16A with Energy Monitoring | Voice Control – Alexa & Google Assistant Compatible | Smart Socket for AC, Geyser, Water Pump, Heater & Heavy Appliances - Remote App Control",926.0,Online,In stock,ecommerce_amazon
2026-08-22,2026-08-22T18:48:25.647795,Aziot,B0BSSZTLNR,"AZIOT 16A Smart Plug with Energy Monitoring, WiFi & Bluetooth, Suitable for Large Appliances like Geysers, Microwave Ovens, Air Conditioners. Works with Alexa & Google Home",769.0,Online,In stock,ecommerce_amazon
2026-08-22,2026-08-22T18:48:32.534111,Clicktech Retail Private Ltd,B0C81LB8S3,Trueview 3MP Wi-Fi ATC Robot Camera | BIS-ER (STQC Certified) WiFi CCTV Camera | All Time Color Night Vision | Pan Tilt | Smart Tracking | 2-Way Audio | Memory Card & Cloud | Alexa | T18296S,2099.0,Online,In stock,ecommerce_amazon
2026-08-22,2026-08-22T18:48:39.669678,Clicktech Retail Private Ltd,B09WDTVG8C,Trueview 3MP WiFi Robot Security Camera | 360° Pan Tilt | All-Time Color Night Vision | AI Auto Tracking & 2-Way Audio | Alexa Compatible | Supports 256GB Memory Card | STQC Certified for Privacy,1999.0,Online,In stock,ecommerce_amazon
2026-08-22,2026-08-22T18:48:46.313561,COSMIC Communication,B0H7MXFPJT,Guard Well 4MP Indoor WiFi Security Camera | 1080P HD | Smart CCTV Camera with 360° Pan Tilt Rotation | Color Night Vision | Motion Detection | Two-Way Audio with Mobile App V380 Pro (Robot Camera),1689.0,Online,In stock,ecommerce_amazon
2026-08-22,2026-08-22T18:48:52.995145,Klyt India Store,B0HDJCZZ1T,Dr Vision 4MP Indoor WiFi Security Camera | 1080P HD | Smart CCTV Camera with 360° Pan Tilt Rotation | Color Night Vision | Motion Detection | Two-Way Audio with Mobile App V380 Pro (Robot Camera),1689.0,Online,In stock,ecommerce_amazon
2026-08-22,2026-08-22T18:48:59.890831,Clicktech Retail Private Ltd,B0GXYYQJ2M,Godrej 3MP Smart Wi-Fi CCTV Camera | EVE Pro 3 | New Launch | Night Vision | 360° View | AI Human Tracking | Motion Detection | Indoor Camera | 2-Way Talk | Up to 256GB SD Card Support | Alexa Support,2450.0,Online,In stock,ecommerce_amazon
2026-08-22,2026-08-22T18:49:06.823205,Clicktech Retail Private Ltd,B08MCD9JFY,"Tygot 10 Inches Big LED Ring Light for Camera, Phone, tiktok, YouTube, Video Shooting and Makeup, 10"" inch Ring Light with 7 Feet Long Foldable and Lightweight Tripod Stand",599.0,Online,In stock,ecommerce_amazon
2026-08-22,2026-08-22T18:49:13.735003,Clicktech Retail Private Ltd,B09BN2NPBD,"DIGITEK (DRL-14C) LED Ring Light with 5ft Stand & Smartphone Mount - USB Powered, Color Switch Mode, Brightness Control, Dual Temperature - for Photo & Video Shoots, Makeup, Vlogging!",1399.0,Online,In stock,ecommerce_amazon
2026-08-22,2026-08-22T18:49:20.934929,Clicktech Retail Private Ltd,B0BH98BQKR,"Kreo Ring Light 12"" for Video Shooting Professional Studio Light with Stand, Ringlight kit for YouTube Instagram with Accessories (12"" RL W/Tripod)",1399.0,Online,In stock,ecommerce_amazon
2026-08-22,2026-08-22T18:49:27.723013,Clicktech Retail Private Ltd,B0G4S2B7R9,Studio Panel Light for Video & Photography with Tripod Stand | Content Creation Lighting with Video Recording & Remote Control | 3000K-6500K | 7Ft 360 Rotatable Tripod,1799.0,Online,In stock,ecommerce_amazon
2026-08-22,2026-08-22T18:49:34.543062,Clicktech Retail Private Ltd,B0B6RNCSVB,"DIGITEK (DRL 18RT C9) LED Ring Light with Remote Control & 250cm Stand - Smartphone Grip - AC Powered, USB Support - Adjustable Lighting Intensity - Photo, Video Shoots, Makeup, & Vlogging",3999.0,Online,In stock,ecommerce_amazon
2026-08-22,2026-08-22T18:49:41.638998,Clicktech Retail Private Ltd,B0B1SXW7LB,"Sony INZONE H3, MDR-G300 Wired Gaming Headset, Over-Ear Headphones with 360 Spatial Sound, USB Wired Over-Ear Professional + USB Connector, flip to Mute mic, App Support & PC Compatible (White)",4480.0,Online,In stock,ecommerce_amazon
2026-08-22,2026-08-22T18:49:48.441032,Clicktech Retail Private Ltd,B0FQJJ6K26,"daWg HeadBug G60 Lightweight Wireless Gaming Headphones, 20ms Ultra Low Latency (2.4GHz), Bluetooth v5.4, 40mm Neodymium Drivers, Crystal Clear Mic, Soft Leatherlite Headband, for PS5, PS4, PC, Mobile",3299.0,Online,In stock,ecommerce_amazon
2026-08-22,2026-08-22T18:49:55.376009,Clicktech Retail Private Ltd,B0B5RMKMJL,"Zebronics Jet PRO Premium Wired Gaming On Ear Headphone with LED for Headband + earcups, 40mm Neodymium Drivers, 2 Meter Braided Cable, with mic, Suspension Design, 3.5mm + USB Connector (Black, Blue)",888.0,Online,In stock,ecommerce_amazon
2026-08-22,2026-08-22T18:50:02.223618,Clicktech Retail Private Ltd,B0859KTNZ8,"Cosmic Byte GS430 Gaming wired over ear Headphone, 7 Color RGB LED and Microphone",999.0,Online,In stock,ecommerce_amazon
2026-08-22,2026-08-22T18:50:09.324659,Clicktech Retail Private Ltd,B0BDGMNF6V,"HyperX Cloud Stinger 2 Core Smartchoice- Gaming Headset for PlayStation, Lightweight Over-Ear Headset with mic, Swivel-to-Mute Function, 40mm Drivers (6H9B5AA), White",2699.0,Online,In stock,ecommerce_amazon
2026-08-22,2026-08-22T18:50:16.451813,Cocoblu Retail,B09ZPL5VYM,"Ambrane Multipurpose Tabletop Mobile Stand | Adjustable Angle & Height| Universal Holder for iPhone, Samsung, OnePlus & All Smartphones | Portable, Anti-Skid | for Home, Office, Bed & Gifting (Black)",189.0,Online,In stock,ecommerce_amazon
2026-08-22,2026-08-22T18:50:23.344337,Clicktech Retail Private Ltd,B0CP95HMZ6,"amazon basics Aluminum Adjustable Mobile Phone Foldable Tabletop Stand Dock Mount for All Smartphones, Tabs, Kindle, iPad (Black)",359.0,Online,In stock,ecommerce_amazon
2026-08-22,2026-08-22T18:50:30.529607,Cocoblu Retail,B09CYDJ8DQ,"Sounce Phone Tabletop Stand Height Angle Adjustable Stand, Phone Holder for Desk Compatible with OnePlus Redmi Samsung Mi Oppo Vivo iPhone12 Mini 11 Pro Xs Xr X 8 7 Plus, All Smartphones (Black)",259.0,Online,In stock,ecommerce_amazon
2026-08-22,2026-08-22T18:50:37.479004,Clicktech Retail Private Ltd,B0DQK87RJG,"Overhead Mobile Stand for Desk | 360° Adjustable Phone Holder | Lazy Arm Mount for Video/Photo Shooting | Bed, Kitchen, Study Table Clamp | Sturdy Metal Stand for Content Creators",795.0,Online,In stock,ecommerce_amazon
2026-08-22,2026-08-22T18:50:44.249225,Cocoblu Retail,B0CQLXQKGR,"Ambrane 360° Rotation, Foldable Design Mobile Stand with Stable Metalic Round Base, Multiple Height & Angle adjustments Compatible with Smartphones, Tablets, Kindles & iPad (Twistand 360, Black)",249.0,Online,In stock,ecommerce_amazon
2026-08-22,2026-08-22T19:30:27.137079,Amazon / Direct,B098NS6PVG,Ambrane Unbreakable 3A Fast Charging 1.5m Braided Type C Cable,149.0,Online,In Stock,ecommerce_amazon
2026-08-22,2026-08-22T19:30:31.771630,Amazon / Direct,B084DTMYWK,MYVN 80W Fast Charging Cable USB-A to Type-C WARP/Dash Compatible,339.0,Online,In Stock,ecommerce_amazon
2026-08-22,2026-08-22T19:30:36.456856,Amazon / Direct,B082LZGK39,Ambrane Unbreakable 60W/3A Fast Charging Micro USB Cable,339.0,Online,In Stock,ecommerce_amazon
2026-08-22,2026-08-22T19:30:41.296631,Amazon / Direct,B0DBTV5QF5,Anker 240W USB C Kabel PD 3.1 Schnellladekabel USB C auf USB C,27999.0,Online,In Stock,ecommerce_amazon
2026-08-22,2026-08-22T19:30:46.078810,Amazon / Direct,B0CZ43567W,"Anker Nano USB C to USB C Cable, 240W Fast Charging Cable (6 ft, Black) | Flexible Multi-Color Braided Charger for iPhone 17 Series, MacBook Pro, and More : Amazon.in: Computers & Accessories",27999.0,Online,In Stock,ecommerce_amazon
2026-08-22,2026-08-22T19:30:50.695547,Amazon / Direct,B0DZHJT3JB,"Ambrane 20000mAh Powerbank with in-Build Type C Cable, 22.5W Fast Charging, USB & Type C Output, Power Delivery, Quick Charge for iPhone, Android Mobile & Tablets, Earbuds, (Stylo N20, Black) : Amazon.in: Electronics",699.0,Online,In Stock,ecommerce_amazon
2026-08-22,2026-08-22T19:30:55.351809,Amazon / Direct,B09KH58JZR,Portronics Konnect L POR-1403 Fast Charging Type-C Cable,27999.0,Online,In Stock,ecommerce_amazon
2026-08-22,2026-08-22T19:31:00.192815,Amazon / Direct,B0C5XVM3V1,"Anker Type C to Type C Braided 3ft Black PD Cable, Super Fast Charging (50% Charge in 30 mins), Data Sync Compatibility & Power Delivery (PD) for iPhone 15, Samsung, OnePlus & others : Amazon.in: Computers & Accessories",27999.0,Online,In Stock,ecommerce_amazon
2026-08-22,2026-08-22T19:31:05.071530,Amazon / Direct,B0GXV5X15P,"Ambrane 20000mAh Power Bank with 22.5W Fast Charging | 3 Output Ports | Type-C & USB Input | Compact Portable Charger for iPhone, Android Mobile Phone, Tablets, Earbuds, Speakers,smartwatch : Amazon.in: Electronics",749.0,Online,In Stock,ecommerce_amazon
2026-08-22,2026-08-22T19:31:09.738762,Amazon / Direct,B0DCZ3WDTB,"Xiaomi Power Bank 4i 20000mAh 33W Super Fast Charging PD |Smart 12 Layer Protection|Type C Input & Output|Triple Output Ports|Supports Android,Apple, Tablets, Earbuds,Watch(MI Powerbank),Black : Amazon.in: Electronics",749.0,Online,In Stock,ecommerce_amazon
2026-08-22,2026-08-22T19:31:14.606027,Amazon / Direct,B0D96JNKFN,"Amazon Basics 20000 mAh Power Bank | 22.5W Fast Charging | Dual Output & Input | Charge 3 Devices Simultaneously | for Smartphones, TWS Earbuds, Speakers, Tablets (Black) : Amazon.in: Electronics",749.0,Online,In Stock,ecommerce_amazon
2026-08-22,2026-08-22T19:31:19.243707,Amazon / Direct,B0GXBBD73Q,"boAt 2026 Launch Airdopes Plus 224, Powerful Spatial Audio, 60H Playback, Quad Mics AI-ENx™, 13 mm Drivers, App Support, Multi Connect, Google Fast Pair, Bluetooth v6.0 TWS Earbuds (Off White) : Amazon.in: Electronics",1999.0,Online,In Stock,ecommerce_amazon
2026-08-22,2026-08-22T19:31:23.876282,Amazon / Direct,B0D78XSMSM,"pTron Bassbuds Astra in-Ear TWS Earbuds w/Stereo Sound, 34Hrs Playtime, Stereo Calls, Custom EQ, Mobile App, BTv5.3 Headphones, Touch Control, Voice Assistant, Type C Charging & IPX4 (Black) : Amazon.in: Electronics",749.0,Online,In Stock,ecommerce_amazon
2026-08-22,2026-08-22T19:31:28.527897,Amazon / Direct,B0BF57RN3K,"Fire-Boltt Ninja Call Pro Plus Bluetooth Calling Smart Watch, 1.83″ HD Display, AI Voice Assistant, 120+ Sports Modes, IP67 Waterproof, SpO2 & Heart Rate Monitor Smartwatch for Men & Women - Black : Amazon.in: Electronics",27999.0,Online,In Stock,ecommerce_amazon
2026-08-22,2026-08-22T19:31:33.160438,Amazon / Direct,B08HRGRCGL,"Honeywell HDMI Cable 2.1 with Ethernet, 9.8ft/3M",1999.0,Online,In Stock,ecommerce_amazon
2026-08-22,2026-08-22T19:31:37.866500,Amazon / Direct,B0GS96B79D,"Buy HDMI Cable V2.1 with Ethernet,Wozoyo 8k@60Hz,4K@120Hz UHD Resolution,1 Mtr braided, 48 Gbps transmission Ultra high Speed,HDR/HDR10/Dolby Vision,Dolby Atmos and DTS:X, Compatible with all HDMI Devices Online at Low Prices in India - Amazon.in",299.0,Online,In Stock,ecommerce_amazon
2026-08-22,2026-08-22T19:31:42.498492,Amazon / Direct,B08HRG2MB5,"Honeywell HDMI Cable 2.1 with Ethernet, 2 Mtr (6.6ft)",1999.0,Online,In Stock,ecommerce_amazon
2026-08-22,2026-08-22T19:31:47.271352,Amazon / Direct,B00GG59HU2,BlueRigger 8K HDMI 2.1 Cable,1999.0,Online,In Stock,ecommerce_amazon
2026-08-22,2026-08-22T19:31:51.919846,Amazon / Direct,B083J8LZLX,"Buy DHIVIS Certified HDMI 2.1, 3 Meters, Diamond Series, 48Gbps- 4K 120hz (4096 x 2160), 8K@60hz - HDCP 2.3, HDR10+ and Dolby Vision, Atmos Online at Low Prices in India - Amazon.in",1999.0,Online,In Stock,ecommerce_amazon
2026-08-22,2026-08-22T19:31:56.551277,Amazon / Direct,B0DFCGB2D6,APFEN Type C to Lightning Fast Charging Cable,27999.0,Online,In Stock,ecommerce_amazon
2026-08-22,2026-08-22T19:32:01.206170,Amazon / Direct,B0B8SSC5D9,"amazon basics USB C to Lightning TPE MFi Certified Charging Cable (White, 2 meter) : Amazon.in: Computers & Accessories",749.0,Online,In Stock,ecommerce_amazon
2026-08-22,2026-08-22T19:32:05.819920,Amazon / Direct,B0CX23929Q,Apple USB-C to Lightning Cable,27999.0,Online,In Stock,ecommerce_amazon
2026-08-22,2026-08-22T19:32:10.519282,Amazon / Direct,B0B63T163B,USB C to Lightning Cable 1M [Apple MFi Certified] iPhone Fast Charger Cable USB-C Charging Cord for iPhone 13/12/12 PRO Max/12 Mini/11/11PRO/XS/Max/XR/X/8/8Plus/iPad : Amazon.in: Computers & Accessories,299.0,Online,In Stock,ecommerce_amazon
2026-08-22,2026-08-22T19:32:15.185569,Amazon / Direct,B0GDQT6MTN,"2-in-1 Type C to Lightning & Type C Fast Charging Cable [MFi Certified] Compatible with iPhone 17/16/15/14/13/12/11 Pro Max Mini, iPad, Samsung Galaxy, Google Pixel by HOMEMO : Amazon.in: Computers & Accessories",299.0,Online,In Stock,ecommerce_amazon
2026-08-22,2026-08-22T19:32:19.819275,Amazon / Direct,B0BQLPLKNS,"FEDUS 5M Cat6 Ethernet Cable,Flat RJ45 LAN Cable Wire High Speed 250MHZ/1 Gigabit Speed UTP LAN Cable,Network Internet Cable,Patch Computer Cord Gigabit Category 6 Wires For Modem,White : Amazon.in: Computers & Accessories",1999.0,Online,In Stock,ecommerce_amazon
2026-08-22,2026-08-22T19:32:24.453118,Amazon / Direct,B08N5K2RCQ,7SEVEN® CAT 6 RJ45 ethernet Patch Internet Cable with Gold platted connectors Supports Upto 1000mbps Speed 5 Meters(16 feet) Length : Amazon.in: Computers & Accessories,1999.0,Online,In Stock,ecommerce_amazon
2026-08-22,2026-08-22T19:32:29.152431,Amazon / Direct,B08CSKRT23,"FEDUS Cat6 Ethernet Cable, 3 Meter High Speed LAN Cable",1999.0,Online,In Stock,ecommerce_amazon
2026-08-22,2026-08-22T19:32:33.767926,Amazon / Direct,B0BPMB2ND2,Sounce Cat6 Ethernet Cable 10 Meter,1999.0,Online,In Stock,ecommerce_amazon
2026-08-22,2026-08-22T19:32:38.386269,Amazon / Direct,B0C56QHMH9,"SETH ENTERPRISES Cat6 Copper Ethernet Cable 12 pcs Pack 1ft (12inch / 0.3m) | High Speed RJ45 LAN Network Cable | 550MHz / 10 Gigabit Category 6 Internet Wire for Router, Modem, PC, and Servers : Amazon.in: Computers & Accessories",149.0,Online,In Stock,ecommerce_amazon
2026-08-22,2026-08-22T19:32:43.151043,Amazon / Direct,B0D5HTDWSC,Lifelong Electronics 20000mAh 22.5W Fast Charging Power Bank | 3 Inputs (1 Built-in USB A Cable + 1 C + 1 Lightning Port) & 6 Outputs (3 Built-in Cables + 1 C + 2 A Port) | Small Pocket Size Powerbank : Amazon.in: Electronics,749.0,Online,In Stock,ecommerce_amazon
2026-08-22,2026-08-22T19:32:47.872037,Amazon / Direct,B0F4XRZ81C,"boAt EnergyShroom PB331 (Magsafe) 10000mAh Magnetic Wireless Powerbank, 15W Wireless & 22.5W Wired Charging for (iPhone 16, 15, 14, 13 & 12, Android & Other Qi Enabled Devices) (Purple) : Amazon.in: Electronics",749.0,Online,In Stock,ecommerce_amazon
2026-08-22,2026-08-22T19:32:52.667249,Amazon / Direct,B0DG2WDRCM,Amazon Basics 10000mAh 20W Fast Charging Power Bank and 15W Wireless Output | Type C Power Delivery (Input & Output) Quick Charge| Two Way Fast Charge | Made in India (Black) : Amazon.in: Electronics,749.0,Online,In Stock,ecommerce_amazon
2026-08-22,2026-08-22T19:32:57.295305,Amazon / Direct,B0CXM92ZHM,"Hammer Ultra Charge 10000mAh 22.5W Power Bank 20W PD Fast Charging, 3 Output, 2 Input Ports Type-C/PD, Micro USB and Multiple Layers of Protection (Green) : Amazon.in: Electronics",749.0,Online,In Stock,ecommerce_amazon
2026-08-22,2026-08-22T19:33:01.961316,Amazon / Direct,B0D73XBQRW,"Xiaomi Power Bank 4i 10000mAh 22.5W Fast Charging PD|Smart 12 Layer Protection| Durable Steel Casing |Triple Output Ports|Supports All Phone(MI Power Bank),Black : Amazon.in: Electronics",749.0,Online,In Stock,ecommerce_amazon
2026-08-22,2026-08-22T19:33:06.611938,Amazon / Direct,B0DWSQBX9K,"Ambrane 10000mAh Slim & Compact Powerbank with in-Build Type C Cable, 22.5W Fast Charging, USB & Type C Output, Power Delivery, Quick Charge for iPhone, Android & Tablets, Earbuds, (Stylo N10,Purple) : Amazon.in: Electronics",749.0,Online,In Stock,ecommerce_amazon
2026-08-22,2026-08-22T19:33:11.254004,Amazon / Direct,B0CHJ3X3VM,"Ambrane 65W Charger Adapter, 3 Ports - 2 Type C & 1 USB for Samsung, Type C Laptops: MacBook, Dell, HP, ASUS, Fast Charger with PD Technology & GaN Technology for All Devices (RAAP G65, Black) : Amazon.in: Computers & Accessories",1999.0,Online,In Stock,ecommerce_amazon
2026-08-22,2026-08-22T19:33:15.950341,Amazon / Direct,B0H6FZKP75,"Nextech 65W GaN Fast Charger, 3-Port 65W GaN Charger with 2 USB-C + 1 USB-A, PD PPS QC FCP, Compact Type-C Fast Charging Adapter for Laptop | MacBook | iPhone | Samsung | iPad & More, White : Amazon.in: Computers & Accessories",1999.0,Online,In Stock,ecommerce_amazon
2026-08-22,2026-08-22T19:33:20.563082,Amazon / Direct,B0FMFK6QPH,"Portronics 65W Adapto 65M GaN Triple Port Fast Charging Laptop Adaptor, 2 x Type-C PD Port, 1 x USB-A Port, Compatible with Laptops, Smartphones, Tablets, MacBooks, iPads (White) : Amazon.in: Computers & Accessories",1999.0,Online,In Stock,ecommerce_amazon
2026-08-22,2026-08-22T19:33:25.224499,Amazon / Direct,B0H6C18HC7,"Ailkin 65W GaN Charger | Triple Port High-Speed PD 3.0 & PPS Fast Charging Adapter, 2 x Type C PD Port,1 x USB-A Port | Compatible with iPhone 17/16/15, Laptops, Smartphones, Tablets, MacBooks, iPads : Amazon.in: Electronics",1999.0,Online,In Stock,ecommerce_amazon
2026-08-22,2026-08-22T19:33:29.889650,Amazon / Direct,B0GFDYXRX3,"GM G+ 65W Spyder GaN Charger | Foldable Indian Pin | Travel Friendly | Compact Dual-Type-C Port | Fast Charging for iPhone, Samsung, Laptop, MacBook Air, MacBook M4 | 1 Year Warranty (Grey) : Amazon.in: Electronics",1999.0,Online,In Stock,ecommerce_amazon
2026-08-22,2026-08-22T19:33:34.550358,Amazon / Direct,B0C5T2C4KY,"UNIGEN UNIPAD 200 Wireless Charger, 15W Qi Fast Wireless Charging Pad [USB A to C Cable] Compatible with All Wireless Compatible Smartphones and Earbuds (Black) : Amazon.in: Electronics",27999.0,Online,In Stock,ecommerce_amazon
2026-08-22,2026-08-22T19:33:39.257257,Amazon / Direct,B0D964YPF8,UNIGEN UNIPAD 200 Wireless Charger 15W Qi Fast Wireless Charging Pad [Type-C to C Cable] Compatible with All Wireless Enabled Smartphones & Earbuds- Pink : Amazon.in: Electronics,27999.0,Online,In Stock,ecommerce_amazon
2026-08-22,2026-08-22T19:33:43.885027,Amazon / Direct,B0H2RQB2F5,"New Magnetic Wireless Charger for iPhone,MagSaf Fast Charger USB C 15W,Qi Type C Wireless Charging Compatible with iPhone 17/17 pro/17 Pro max/16/16 Plus/16 Pro/16 Pro Max/15/14/13/12 Series(White) : Amazon.in: Computers & Accessories",299.0,Online,In Stock,ecommerce_amazon
2026-08-22,2026-08-22T19:33:48.544789,Amazon / Direct,B0C5RR48L7,"UNIGEN UNIPAD 200 Wireless Charger, 15W Qi Fast Wireless Charging Pad [Type-C to C Cable] Compatible with All Wireless Enabled Smartphones & Earbuds-Black : Amazon.in: Electronics",27999.0,Online,In Stock,ecommerce_amazon
2026-08-22,2026-08-22T19:33:53.209657,Amazon / Direct,B0HBX86Y6T,"Portronics TriCharge Ultra Wireless Charger 3-in-1 Phone smartwatch & Earbuds, Smart Height Adjustment,15W Qi Certified Fast Charging,Touch Control Night Light, Type-C (Black) : Amazon.in: Electronics",1999.0,Online,In Stock,ecommerce_amazon
2026-08-22,2026-08-22T19:33:57.917229,Amazon / Direct,B0BQN3NW8C,"GOBOULT Z40 True Wireless in Ear Earbuds with 60H Playtime, Zen™ ENC Mic, Low Latency Gaming, Type-C Fast Charging, Made in India, 10mm Rich Bass Drivers, IPX5, Ear Buds TWS (White) : Amazon.in: Electronics",1999.0,Online,In Stock,ecommerce_amazon
2026-08-22,2026-08-22T19:34:02.533851,Amazon / Direct,B0HCC9J9WV,"VarniEnterprise TWS Bluetooth Earbuds with Calling, Low Latency Gaming, HD Sound, Type-C Fast Charging, Noise Reduction, Wireless Earphones : Amazon.in: Electronics",368.0,Online,In Stock,ecommerce_amazon
2026-08-22,2026-08-22T19:34:12.509244,Cocoblu Retail,B0FMDLD86P,"OnePlus Nord Buds 3r TWS Earbuds up to 54 Hours Playback, 2-mic Clear Calls, 3D Spatial Audio, AI Translation, 12.4mm Drivers, Dual-Device Connectivity, 47ms Low Latency - Aura Blue",1799.0,Online,In stock,ecommerce_amazon
2026-08-22,2026-08-22T19:34:19.589114,Cocoblu Retail,B0D78WK937,"pTron Bassbuds Astra in-Ear TWS Earbuds w/Stereo Sound, 34Hrs Playtime, Stereo Calls, Custom EQ, Mobile App, BTv5.3 Headphones, Touch Control, Voice Assistant, Type C Charging & IPX4 (Grey)",699.0,Online,In stock,ecommerce_amazon
2026-08-22,2026-08-22T19:34:28.219207,Clicktech Retail Private Ltd,B0F9YWD4Z3,"GOBOULT Soniq Over Ear Bluetooth Headphones with 70H Playtime, 40mm Bass Drivers, Zen™ ENC Mic, Type-C Fast Charging, Dual Pairing, AUX, Wireless Headphones (White)",1999.0,Online,In stock,ecommerce_amazon
2026-08-22,2026-08-22T19:34:38.069923,Clicktech Retail Private Ltd,B09CYX92NB,"JBL Tune 770NC Wireless Over Ear Headphones with Adaptive Noise Cancellation, Upto 70H Battery, Smart Ambient, Speed Charge, Customized EQ, Google Fast Pair, Multipoint Connect, BT 5.3 - Black",5799.0,Online,In stock,ecommerce_amazon
2026-08-22,2026-08-22T19:34:46.582576,Spigen India,B0DGX1VCWX,"Spigen Audio Newly Launched SA-HP P10 Wireless Over Ear Headphones with 60H Playtime, Upto 43dB Multi-Mode Adaptive ANC Pro, EQ Customizing App, 5-MIC, Gaming Mode, 40mm Driver - Black",2699.0,Online,In stock,ecommerce_amazon
2026-08-22,2026-08-22T19:34:53.662572,Clicktech Retail Private Ltd,B0FG2QT7H2,"boAt Rockerz 512 ANC,(~40dB) Hybrid ANC, 80H Battery, 40mm Drivers, 40ms Low Latency, ENx Tech,Stream Ad Free Music via App Support, Bluetooth Headphones, Wireless Headphone with Mic (Cosmic Black)",3099.0,Online,In stock,ecommerce_amazon
2026-08-22,2026-08-22T19:35:02.823461,Clicktech Retail Private Ltd,B0CHMN4KVN,"JBL Live 770NC Wireless Over Ear Headphones with True Adaptive Noise Cancelling, Smart Ambient, Spatial Sound, Multipoint Connect, PersoniFi 2.0, Customized EQ, Google Fast Pair, BT 5.3 Black",9999.0,Online,In stock,ecommerce_amazon
2026-08-22,2026-08-22T19:35:10.653458,Clicktech Retail Private Ltd,B0DD7T8H2Q,"Marshall Willen II Portable Bluetooth Speaker with 17+ Hours of Portable Playtime, Dust & Waterproof (IP67) - Black & Brass.",12499.0,Online,In stock,ecommerce_amazon
2026-08-22,2026-08-22T19:35:18.830419,Clicktech Retail Private Ltd,B0DYDRF64T,"Marshall Emberton III Compact Portable Bluetooth Speaker with 32+ Hours of Playtime, (360° Sound), Dust & Waterproof (IP67) – Sage.",17999.0,Online,In stock,ecommerce_amazon
2026-08-22,2026-08-22T19:35:26.514216,Clicktech Retail Private Ltd,B0FHHQQNZY,"Dubstep Pop 1400 Portable Bluetooth Speaker | 14W Loud Sound, Deep Bass with XBASS, 16 Hrs Playtime, TWS Stereo Pairing, 52mm Driver, Splash-Resistant, Carry Strap (Black)",699.0,Online,In stock,ecommerce_amazon
2026-08-22,2026-08-22T19:35:33.633422,Clicktech Retail Private Ltd,B095HBHKHB,"Portronics SoundDrum 1 12W TWS Portable Bluetooth Speaker with Powerful Bass, Bluetooth 5.3V, 360° Surround Sound, USB Drive in, Type C Fast Charging(Black)",899.0,Online,In Stock,ecommerce_amazon
2026-08-22,2026-08-22T19:35:41.793400,Clicktech Retail Private Ltd,B0BTHL673V,"Marshall Middleton Portable Bluetooth Speaker with 20+ Hours of Portable Playtime, 360° Sound, Dust & Waterproof (IP67) - Black & Brass.",26999.0,Online,Only 1 left in stock.,ecommerce_amazon
2026-08-22,2026-08-22T19:35:49.083867,Cocoblu Retail,B0FZC523RD,"pTron Tangent Rush w/ 50Hrs Playtime, Pristine Sound, Dual-Device Pairing, Bluetooth 5.4 Wireless in-Ear Earphones with Mic, Voice Assistant, Type-C Fast Charging & IPX5 Water Resistant (Ink Blue)",498.0,Online,In stock,ecommerce_amazon
2026-08-22,2026-08-22T19:35:57.102270,Cocoblu Retail,B0GKY49GCY,"Kratos Jazz Neckband Bluetooth Headphones with 55H Playtime, Deep Bass, Stereo Sound, HD Calls, Magnetic Earbuds, Voice Assistant, Type-C Fast Charging, Rich Audio, Comfort Fit Bluetooth Neckband",499.0,Online,In stock,ecommerce_amazon
2026-08-22,2026-08-22T19:36:04.243170,Clicktech Retail Private Ltd,B0F7Y54PJX,"boAt Rockerz 113, 40H Battery, Dual Pair, Fast Charge, ENx Tech, Stream Ad Free Music via App Support, Magnetic Buds, Bluetooth Neckband, Wireless with Mic in Ear Earphones (Active Black)",999.0,Online,In stock,ecommerce_amazon
2026-08-22,2026-08-22T19:36:13.681868,Cocoblu Retail,B0FBRGKXHG,"OnePlus Bullets Wireless Z3 in-Ear Neckband with 12.4mm Drivers, 3D Spatial Audio,10 mins Charge for 27 hrs Playback, 4 EQ preset, Dynamic bass Enhancement & BT5.4",1999.0,Online,In stock,ecommerce_amazon
2026-08-22,2026-08-22T19:36:20.773380,Clicktech Retail Private Ltd,B0CMTXW7JP,"Noise Airwave Bluetooth in Ear Neckband with 50H of Playtime, 3 EQ Modes, ENC for Calling, Low Latency(Upto 50ms), 10mm Driver, BT v5.3(Ice Blue)",1099.0,Online,In stock,ecommerce_amazon
2026-08-22,2026-08-22T19:36:38.684846,Clicktech Retail Private Ltd,B0FMRKHN4M,Pebble Newly Launched Qore Fitness Band with 45 Days Battery Life | 100+ Sports Modes | Advanced Health Tracking | HR & SpO2| Stress| Sleep | OneKey Measurement | Smart Notifications - Black,2849.0,Online,In stock,ecommerce_amazon
2026-08-22,2026-08-22T19:36:47.899993,Clicktech Retail Private Ltd,B0CMF25TKG,"Fire‑Boltt Rise Smart Watch 1.85″ HD Display with Bluetooth Calling, AI Voice Assistant, Rotating Crown,SpO2 & Heart Rate Monitor, 120+ Sports Modes,IP67 Waterproof Smart Watch for Men & Women - Black",1499.0,Online,In stock,ecommerce_amazon
2026-08-22,2026-08-22T19:36:56.399676,Clicktech Retail Private Ltd,B0B854R7NS,"Fire-Boltt Ninja Call Pro Bluetooth Calling Smart Watch, 1.69″ HD Display,Dual Chip,AI Voice Assistant, 120+ Sports Modes, SpO2 & Heart Rate Monitor, Fitness Tracker Smartwatch for Men & Women - Black",1399.0,Online,In stock,ecommerce_amazon
2026-08-22,2026-08-22T19:37:05.256182,Clicktech Retail Private Ltd,B0GX9JK9SN,"boAt Storm Call 4 India's first Smartwatch with Type-C Charging,1.96”(4.97 cm) HD Display, Functional Crown, BT Calling, Sports Modes, Heart Rate, SpO2, Sleep & Stress Tracking, SOS,IP68(Active Black)",1599.0,Online,In stock,ecommerce_amazon
2026-08-22,2026-08-22T19:37:12.987171,Whoop India,B0DY2VVZWZ,"WHOOP One – 12-Month Membership – 5.0 Health and Fitness Wearable – 24/7 Activity Tracker with VO2 Max, Sleep Tracking, Personalized Coaching, Menstrual Cycle Insights – 14+ Days Battery Life",21990.0,Online,In stock,ecommerce_amazon
2026-08-22,2026-08-22T19:37:20.039739,Koozo Commerce Pvt. Ltd.,B0FT7SPSCR,"Pulse Smart Band for Men & Women, 24/7 Health & Fitness Tracker with HRV, BP, Stress & Sleep Monitor, 127+ Sports Modes, Upto 45 Days Battery, IP68 Waterproof, No Subscription Needed",4444.0,Online,In stock,ecommerce_amazon
2026-08-22,2026-08-22T19:37:27.511150,Clicktech Retail Private Ltd,B0GG4W7N66,Pebble Qore 2 Smart Band Heart Rate | HRV | Body Temperature Monitoring | Sleep Tracker | 5ATM Water Resistant | Multiple Sports Modes | Premium Metal Body (Cosmic Black),3549.0,Online,In stock,ecommerce_amazon
2026-08-22,2026-08-22T19:37:34.796244,Clicktech Retail Private Ltd,B0G6JYC8P4,Pebble Newly Launched Dash Premium Fitness Band | Activity Tracking | Sports Modes | Health Tracking | Sleek Display | Lightweight - Midnight Blue,2199.0,Online,In stock,ecommerce_amazon
2026-08-22,2026-08-22T19:37:42.165404,Clicktech Retail Private Ltd,B0F8QYQV88,"Ambrane Wireless Mouse with 2.4GHz, USB Nano Dongle, Silent Click, Optical Orientation Click Wheel, 4 Buttons, 1600 Adjustable DPI, Both Hand Use, Compatible with PC, Mac, Laptop (Sliq 3, Blue)",399.0,Online,In stock,ecommerce_amazon
2026-08-22,2026-08-22T19:37:50.014527,OUTSHINY INDIA PVT LTD,B0DFYT73XG,Arctic Fox ProMaxe Wireless Mouse | 2400 DPI |2.4 GHz with USB Nano Receiver | High Precision Optical Tracking| for PC/Mac/Laptop - Black Jet,399.0,Online,In stock,ecommerce_amazon
2026-08-22,2026-08-22T19:37:57.137371,Clicktech Retail Private Ltd,B0B296NTFV,"Portronics Toad 23 Wireless Optical Mouse with 2.4GHz, USB Nano Dongle, Optical Orientation, Click Wheel, Adjustable DPI(Black)",279.0,Online,In stock,ecommerce_amazon
2026-08-22,2026-08-22T19:38:05.021869,Clicktech Retail Private Ltd,B0FF4XBM5N,"ZEBRONICS Wireless Mouse, 2.4GHz, 3200 DPI, 3 Buttons, Comfortable & Ergonomic, USB Nano Receiver, Power-Saving Mode, Works on Most Surfaces, for Mac | Laptop | Computer (Freego, Black)",249.0,Online,In stock,ecommerce_amazon
2026-08-22,2026-08-22T19:38:12.295512,Clicktech Retail Private Ltd,B0CMXNFK9W,"Portronics Toad 32 Wireless Mouse with 6 Buttons, 2.4 GHz Connectivity, 10m Working Range, Ergonomic Design, Adjustable Optical DPI, Auto Power Saving, for Laptop & PC (Red)",401.0,Online,In stock,ecommerce_amazon
2026-08-22,2026-08-22T19:38:19.727035,Clicktech Retail Private Ltd,B09BVCVTBC,"Redragon K617 Fizz 60% Wired RGB Gaming Keyboard, 61 Keys Compact Mechanical Keyboard w/White and Grey Color Keycaps, Linear Red Switch, Pro Driver/Software Supported",2489.0,Online,In stock,ecommerce_amazon
2026-08-22,2026-08-22T19:38:33.504841,Clicktech Retail Private Ltd,B0G2YMLZNM,"Kreo Swarm 65 Wireless Mechanical Gaming Keyboard 65% Gasket Mounted, Pre-Lubed Switches, 5-Layer Sound Dampening, RGB, Hot-Swap PCB, Tri-Mode – Windows & macOS (Starling Linear)",4199.0,Online,Available to ship in 1-2 days,ecommerce_amazon
2026-08-22,2026-08-22T19:38:41.016271,Kay Kay Overseas Corporation Store,B085366TJW,"EvoFox Fireblade TKL Semi-Mechanical Gaming Keyboard with Rainbow Backlit& Breathing Effect, Floating Keycaps, 19 Anti-Ghosting & 12 Multimedia Keys, Windows Lock Key, Braided Cable (Black)",899.0,Online,In stock,ecommerce_amazon
2026-08-22,2026-08-22T19:38:49.766796,Kay Kay Overseas Corporation Store,B0DDV1GWP7,"EvoFox Katana X2 TKL Mechanical Gaming Keyboard | 3‑Pin Replaceable Clicky Blue Switches, Dynamic Backlighting, All Keys Anti‑Ghosting, Volume Knob, Copilot, Xbox Gamebar, Screenshot & More (Black)",1899.0,Online,In stock,ecommerce_amazon
2026-08-22,2026-08-22T19:38:57.125670,Clicktech Retail Private Ltd,B016MAK38U,Redragon Kumara K552 Rainbow LED Backlit TKL Ten Key-Less Mechanical Wired Gaming Keyboard Without Numlock Keys (Black),2289.0,Online,In stock,ecommerce_amazon
2026-08-22,2026-08-22T19:39:04.920986,Clicktech Retail Private Ltd,B0CHBHYLLR,"Honeywell 7-in-1 TypeC Docking Station with 4K HDMI,1xUSB 3.0, 2xUSB 2.0 & TypeC 3.0 PD 100W Charging Port, SD & Micro SD Slot,for All Type C Devices- MacBook,Laptop, Thunderbolt 3,PC,3 Years Warranty",1899.0,Online,In stock,ecommerce_amazon
2026-08-22,2026-08-22T19:39:12.344724,Clicktech Retail Private Ltd,B0FRD7C9NJ,"Belkin USB C Hub 5-in-1, Type C Hub for Laptop & PC – USB Hub with 4K HDMI 2.0, 100W PD Charging, USB-A Ports, 5Gbps Data Transfer | USB Docking Station for MacBook Pro, Air, iPad Pro & More",2799.0,Online,In stock,ecommerce_amazon
2026-08-22,2026-08-22T19:39:19.908457,Clicktech Retail Private Ltd,B09M869Z5V,"Portronics Mport 31C USB C Hub Dock (4-in-1), Type C Multiport Adapter with 1 x USB 3.0 & 3 x USB 2.0 Ports, up to 5 Gbps High Speed Data Transfer for Laptop, MacBook, PC (Grey)",256.0,Online,In stock,ecommerce_amazon
2026-08-22,2026-08-22T19:39:26.392141,ETZIN PRIVATE LIMITED,B0BBS5PBT9,"Etzin USB C Hub Multiport Adapter 6 in 1 Type C Hub with 4K HDMI USB 3.0 Data Transfer, 87W Power Deliver(PD), SD/TF Card Reader USB C Adapter for MacBook Pro Air Surface Pro Pro, XPS, EPL-283TC",521.0,Online,In stock,ecommerce_amazon
2026-08-22,2026-08-22T19:39:33.370308,Clicktech Retail Private Ltd,B0FY73232K,"Portronics MPort View Three 10-in-1 USB-C Docking Station, 100 W PD Charging, 4K HDMI, VGA, RJ45 Ethernet, SD/TF Card Slots, USB 3.0/2.0 Ports, 3.5 mm Audio, for All Type C Devices, Windows/MacBook",1699.0,Online,In stock,ecommerce_amazon
2026-08-22,2026-08-22T19:39:40.764403,GaLiDaMai-2,B0HC9WQ2Q2,"256GB High-Capacity TF Memory Card | Micro Memory Card for Smartphone, Tablet, Action Camera, Dash Cam & CCTV | Storage Expansion",1999.0,Online,In stock,ecommerce_amazon
2026-08-22,2026-08-22T19:39:48.370060,Clicktech Retail Private Ltd,B0GVJ1ZGMV,"SANDISK 128GB Extreme GO microSDXC UHS-I Card, 5K & 4K UHD Video, 240MB/s Read, 120MB/s Write, A2, U3, V30, High-Speed for Android, Action Camera & Gaming",3649.0,Online,In stock,ecommerce_amazon
2026-08-22,2026-08-22T19:39:55.769506,Clicktech Retail Private Ltd,B07DJGJ18T,"HP 128GB MicroSD Memory Card | SDXC mx310 Class 10 | UHS-I, U1 Card | Upto 100MB/s R | Compitable with Smartphones, Camera, CCTV | Memory Card",2159.0,Online,In stock,ecommerce_amazon
2026-08-22,2026-08-22T19:40:02.672804,YEWON INDIA,B0HB56THRG,"YEWON 128GB MicroSDXC Memory Card | Class 10 A1 Speed | Up to 100MB/s Read Speed | Full HD Video Recording Support | Waterproof, Shockproof | for Smartphone, Camera, Tablet & Gaming Console",999.0,Online,In stock,ecommerce_amazon
2026-08-22,2026-08-22T19:40:10.117386,Clicktech Retail Private Ltd,B0CGCZJ75B,"Amazon Basics 128 GB Micro SD Card with Adapter | Upto 120 MB/s | Class 10 | U1, C10, V10 Speed Classes",2499.0,Online,In stock,ecommerce_amazon
2026-08-22,2026-08-22T19:40:18.102756,Clicktech Retail Private Ltd,B08ZJDWTJ1,"Seagate Expansion 1TB External HDD - USB 3.0 for Windows and Mac with 3 yr Data Recovery Services, Portable Hard Drive (STKM1000400)",9699.0,Online,In stock,ecommerce_amazon
2026-08-22,2026-08-22T19:40:26.575933,PHDD Storage Retail,B0FHQ7YJWF,UnionSine External Hard Disk Drive 1TB Portable HDD USB 3.0 Black,7999.0,Online,In stock,ecommerce_amazon
2026-08-22,2026-08-22T19:40:34.232681,DIRECT FACTORY SALE,B0F1Z6XVVG,"MAYUMI SPACIO 1TB External Hard Disk HDD for Laptop, PC, Mac & Mobile (OTG)",4950.0,Online,In stock,ecommerce_amazon
2026-08-22,2026-08-22T19:40:42.743900,JOGI COM,B0G2GK2S2R,"KINGSTER® 500GB Ultra Slim External Hard Drive | Portable USB 3.0 HDD 5Gbps | Plug & Play | Lightweight Backup Drive for Laptop, PC, Mac | Shock-Resistant Slim Body – White",3199.0,Online,In stock,ecommerce_amazon
2026-08-22,2026-08-22T19:40:50.463236,Clicktech Retail Private Ltd,B0G263W67G,"GEONIX PowerShell S3 1TB Portable External Hard Drive 2.5-Inch SATA USB 3.0, Up to 5Gbps with UASP Support, Tool-Free Setup, LED Indicator, Compatible with Windows/Mac/Linux (3 Yr Warranty)(Black)",5659.0,Online,Only 1 left in stock.,ecommerce_amazon
2026-08-22,2026-08-22T19:40:58.702351,Clicktech Retail Private Ltd,B0C5SDQVNL,"SANDISK Extreme 1TB Portable External SSD, 1050MB/s R, 1000MB/s W, 3m Drop Protection, IP65 Water/dust Resistant, PC,MAC & TypeC Smartphone Compatible, 5Y Warranty, SkyBlue Color",19999.0,Online,In stock,ecommerce_amazon
2026-08-22,2026-08-22T19:41:06.144244,Clicktech Retail Private Ltd,B0HD7JY8T5,"Samsung T7 1TB, Portable SSD, up to 1050MB/s, USB 3.2 Gen2, for Photography, Gaming, Students & Professionals, External Solid State Drive (MU-PC1T0T), Grey",27499.0,Online,In stock,ecommerce_amazon
2026-08-22,2026-08-22T19:41:14.642321,Clicktech Retail Private Ltd,B0C5JQ68FY,"SANDISK 1TB Portable SSD, 800MB/s R, USB 3.2 Gen 2, Rugged SSD with Upto 2 Meter Drop Protection, Type-C to Type-A Cable, PC & Mac Compatible, 3 Y Warranty, External SSD (SDSSDE30-1T00-G26)",15277.0,Online,In stock,ecommerce_amazon
2026-08-22,2026-08-22T19:41:22.463434,Clicktech Retail Private Ltd,B0DRDBT6RV,"KIOXIA EXCERIA Plus G2 Portable 1TB / Up to 1,050MB/s Read 1000MB/s Write,MIL-STD Drop Tests, 256 AES Encryption, Photographers, Content Creators and Gaming,Smartphone,Mac Compatible External SSD",16989.0,Online,In stock,ecommerce_amazon
2026-08-22,2026-08-22T19:41:29.445087,Clicktech Retail Private Ltd,B0FNCP6G4Y,"SanDisk 1TB Creator Phone SSD - Up to 1,000 MB/s - Compatible with MagSafe for Your USB-C Smartphone - Shoot in ProRes with iPhone 15 Pro/Pro Max and iPhone 16 Pro/Pro Max, 5 Y Warranty",21700.0,Online,In stock,ecommerce_amazon
2026-08-22,2026-08-22T19:41:37.255011,Clicktech Retail Private Ltd,B0BRQCJ57Y,"Qubo 16A Wi-Fi + Bluetooth Smart Plug | Energy Monitoring | Ideal for Heavy Appliances Like ACs, Geysers & Water Pumps | Voice Control with Alexa & Google Assistant | From Hero Group",949.0,Online,In stock,ecommerce_amazon
2026-08-22,2026-08-22T19:41:45.315319,Clicktech Retail Private Ltd,B08HN9Q2SZ,"Wipro 16A Wi-Fi Smart Plug with Energy Monitoring- Suitable for Large Appliances like Geysers, Microwave Ovens, Air Conditioners (Works with Alexa and Google Assistant)- White",999.0,Online,In stock,ecommerce_amazon
2026-08-22,2026-08-22T19:41:53.049218,Clicktech Retail Private Ltd,B08HNB2FSH,"Wipro 10A smart plug with Energy monitoring- Suitable for small appliances like TVs, Electric Kettle, Mobile and Laptop Chargers (Works with Alexa and Google Assistant)",949.0,Online,In stock,ecommerce_amazon
2026-08-22,2026-08-22T19:42:00.311847,TOSS KAMPANI PRIVATE LIMITED,B0FGXKMLFW,"Toss Smart WiFi Plug 16A with Energy Monitoring | Voice Control – Alexa & Google Assistant Compatible | Smart Socket for AC, Geyser, Water Pump, Heater & Heavy Appliances - Remote App Control",926.0,Online,In stock,ecommerce_amazon
2026-08-22,2026-08-22T19:42:07.673910,Aziot,B0BSSZTLNR,"AZIOT 16A Smart Plug with Energy Monitoring, WiFi & Bluetooth, Suitable for Large Appliances like Geysers, Microwave Ovens, Air Conditioners. Works with Alexa & Google Home",769.0,Online,In stock,ecommerce_amazon
2026-08-22,2026-08-22T19:42:16.060926,Clicktech Retail Private Ltd,B0FPRK6XJN,CP PLUS 2MP FULL HD Smart Wi-Fi CCTV Camera for Home | 360° Pan & Tilt | CTC Cyber Secure Tech | Supports LAN | View & Talk | Smart Detection Suite | Night Vision | Cloud Storage | OK Google | CP-E21Q,2399.0,Online,In stock,ecommerce_amazon
2026-08-22,2026-08-22T19:42:23.513303,Clicktech Retail Private Ltd,B0FL2P622N,CP PLUS 3MP Resolution Smart Wi-fi CCTV Home Security Camera | 360° View | Motion Tracking | 2-Way Talk | Cloud & SD Card Support | CTC Cyber Secure Tech | 15M Night Vision | CP-E31Q,2699.0,Online,In stock,ecommerce_amazon
2026-08-22,2026-08-22T19:42:31.195593,COSMIC Communication,B0H7MXFPJT,Guard Well 4MP Indoor WiFi Security Camera | 1080P HD | Smart CCTV Camera with 360° Pan Tilt Rotation | Color Night Vision | Motion Detection | Two-Way Audio with Mobile App V380 Pro (Robot Camera),1689.0,Online,In stock,ecommerce_amazon
2026-08-22,2026-08-22T19:42:37.808502,Klyt India Store,B0HDJCZZ1T,Dr Vision 4MP Indoor WiFi Security Camera | 1080P HD | Smart CCTV Camera with 360° Pan Tilt Rotation | Color Night Vision | Motion Detection | Two-Way Audio with Mobile App V380 Pro (Robot Camera),1689.0,Online,In stock,ecommerce_amazon
2026-08-22,2026-08-22T19:42:46.816694,Clicktech Retail Private Ltd,B0C81LB8S3,Trueview 3MP Wi-Fi ATC Robot Camera | BIS-ER (STQC Certified) WiFi CCTV Camera | All Time Color Night Vision | Pan Tilt | Smart Tracking | 2-Way Audio | Memory Card & Cloud | Alexa | T18296S,2099.0,Online,In stock,ecommerce_amazon
2026-08-22,2026-08-22T19:42:55.056853,Clicktech Retail Private Ltd,B08MCD9JFY,"Tygot 10 Inches Big LED Ring Light for Camera, Phone, tiktok, YouTube, Video Shooting and Makeup, 10"" inch Ring Light with 7 Feet Long Foldable and Lightweight Tripod Stand",599.0,Online,In stock,ecommerce_amazon
2026-08-22,2026-08-22T19:43:02.506972,Clicktech Retail Private Ltd,B09BN2NPBD,"DIGITEK (DRL-14C) LED Ring Light with 5ft Stand & Smartphone Mount - USB Powered, Color Switch Mode, Brightness Control, Dual Temperature - for Photo & Video Shoots, Makeup, Vlogging!",1399.0,Online,In stock,ecommerce_amazon
2026-08-22,2026-08-22T19:43:11.234756,Clicktech Retail Private Ltd,B0BH98BQKR,"Kreo Ring Light 12"" for Video Shooting Professional Studio Light with Stand, Ringlight kit for YouTube Instagram with Accessories (12"" RL W/Tripod)",1399.0,Online,In stock,ecommerce_amazon
2026-08-22,2026-08-22T19:43:18.851063,Clicktech Retail Private Ltd,B0G4S2B7R9,Studio Panel Light for Video & Photography with Tripod Stand | Content Creation Lighting with Video Recording & Remote Control | 3000K-6500K | 7Ft 360 Rotatable Tripod,1799.0,Online,In stock,ecommerce_amazon
2026-08-22,2026-08-22T19:43:26.212821,Clicktech Retail Private Ltd,B0B6RNCSVB,"DIGITEK (DRL 18RT C9) LED Ring Light with Remote Control & 250cm Stand - Smartphone Grip - AC Powered, USB Support - Adjustable Lighting Intensity - Photo, Video Shoots, Makeup, & Vlogging",3999.0,Online,In stock,ecommerce_amazon
2026-08-22,2026-08-22T19:43:35.143814,Clicktech Retail Private Ltd,B0B1SXW7LB,"Sony INZONE H3, MDR-G300 Wired Gaming Headset, Over-Ear Headphones with 360 Spatial Sound, USB Wired Over-Ear Professional + USB Connector, flip to Mute mic, App Support & PC Compatible (White)",4480.0,Online,In stock,ecommerce_amazon
2026-08-22,2026-08-22T19:43:42.841133,Clicktech Retail Private Ltd,B0BCFKG49M,"HyperX Cloud Stinger 2 Core Essential PC Gaming Wired Headset, Lightweight Over Ear Headset with mic, Swivel-to-Mute Function, 40mm Drivers (683L9AA), Black",2799.0,Online,In stock,ecommerce_amazon
2026-08-22,2026-08-22T19:43:50.404116,Clicktech Retail Private Ltd,B0B5RMKMJL,"Zebronics Jet PRO Premium Wired Gaming On Ear Headphone with LED for Headband + earcups, 40mm Neodymium Drivers, 2 Meter Braided Cable, with mic, Suspension Design, 3.5mm + USB Connector (Black, Blue)",888.0,Online,In stock,ecommerce_amazon
2026-08-22,2026-08-22T19:43:57.856327,Clicktech Retail Private Ltd,B0859KTNZ8,"Cosmic Byte GS430 Gaming wired over ear Headphone, 7 Color RGB LED and Microphone",999.0,Online,In stock,ecommerce_amazon
2026-08-22,2026-08-22T19:44:05.720265,Clicktech Retail Private Ltd,B0BDGMNF6V,"HyperX Cloud Stinger 2 Core Smartchoice- Gaming Headset for PlayStation, Lightweight Over-Ear Headset with mic, Swivel-to-Mute Function, 40mm Drivers (6H9B5AA), White",2699.0,Online,In stock,ecommerce_amazon
2026-08-22,2026-08-22T19:44:14.167170,Cocoblu Retail,B09ZPL5VYM,"Ambrane Multipurpose Tabletop Mobile Stand | Adjustable Angle & Height| Universal Holder for iPhone, Samsung, OnePlus & All Smartphones | Portable, Anti-Skid | for Home, Office, Bed & Gifting (Black)",189.0,Online,In stock,ecommerce_amazon
2026-08-22,2026-08-22T19:44:22.648823,Clicktech Retail Private Ltd,B0CP95HMZ6,"amazon basics Aluminum Adjustable Mobile Phone Foldable Tabletop Stand Dock Mount for All Smartphones, Tabs, Kindle, iPad (Black)",359.0,Online,In stock,ecommerce_amazon
2026-08-22,2026-08-22T19:44:29.803399,Cocoblu Retail,B09CYDJ8DQ,"Sounce Phone Tabletop Stand Height Angle Adjustable Stand, Phone Holder for Desk Compatible with OnePlus Redmi Samsung Mi Oppo Vivo iPhone12 Mini 11 Pro Xs Xr X 8 7 Plus, All Smartphones (Black)",259.0,Online,In stock,ecommerce_amazon
2026-08-22,2026-08-22T19:44:37.169444,Clicktech Retail Private Ltd,B0DQK87RJG,"Overhead Mobile Stand for Desk | 360° Adjustable Phone Holder | Lazy Arm Mount for Video/Photo Shooting | Bed, Kitchen, Study Table Clamp | Sturdy Metal Stand for Content Creators",795.0,Online,In stock,ecommerce_amazon
2026-08-22,2026-08-22T19:44:44.708951,Cocoblu Retail,B0CQLXQKGR,"Ambrane 360° Rotation, Foldable Design Mobile Stand with Stable Metalic Round Base, Multiple Height & Angle adjustments Compatible with Smartphones, Tablets, Kindles & iPad (Twistand 360, Black)",249.0,Online,In stock,ecommerce_amazon
2026-08-28,2026-08-28T21:22:52.301272,Cocoblu Retail,B098NS6PVG,"Ambrane Unbreakable 3A Fast Charging 1.5m Braided Type C Cable for Smartphones, Tablets & other Type C devices, 480Mbps Data Sync, Quick Charge 3.0 (RCT15A, Black)",179.0,Online,In stock,ecommerce_amazon
2026-08-28,2026-08-28T21:23:00.459367,Cocoblu Retail,B084DTMYWK,MYVN 100W Ultra Fast Charging Cable for OnePlus | USB-A to Type-C | WARP/Dash Compatible | Compatible with OnePlus 13/13R/13S/12R/11R/10R/10T/10/10 Pro/9/9 Pro/8/8 Pro/7 Pro/7T Pro/Nord/CE 3 Lite |1M,287.0,Online,In stock,ecommerce_amazon
2026-08-28,2026-08-28T21:23:07.988709,Cocoblu Retail,B082LZGK39,"Ambrane Unbreakable 60W / 3A Fast Charging 1.5m Braided Micro USB Cable for Smartphones, Tablets, Laptops & Other Micro USB Devices, 480Mbps Data Sync, Quick Charge 3.0 (RCM15, Black)",149.0,Online,In stock,ecommerce_amazon
2026-08-28,2026-08-28T21:23:16.145883,ANKER OFFICIAL,B0DBTV5QF5,Anker Zolo USB C to USB C Cable Fast Charging,699.0,Online,In stock,ecommerce_amazon
2026-08-28,2026-08-28T21:23:23.021830,ANKER OFFICIAL,B0CZ43567W,"Anker Nano USB C to USB C Cable Fast Charging Softline, 6ft 240W Flexible Braided Cord, Type C to Type C Cable Fast Charging for iPhone 17 Series/Samsung/iPad/MacBook Pro and More",1499.0,Online,In stock,ecommerce_amazon
2026-08-28,2026-08-28T21:23:30.910798,Cocoblu Retail,B0DZHJT3JB,"Ambrane 20000mAh Powerbank with in-Build Type C Cable, 22.5W Fast Charging, USB & Type C Output, Power Delivery, Quick Charge for iPhone, Android Mobile & Tablets, Earbuds, (Stylo N20, Black)",1899.0,Online,In stock,ecommerce_amazon
2026-08-28,2026-08-28T21:23:38.197355,Clicktech Retail Private Ltd,B09KH58JZR,Portronics Konnect L POR-1403 Fast Charging 3A Type-C Cable 1.2 Meter with Charge & Sync Function for All Type-C Devices (White),145.0,Online,In stock,ecommerce_amazon
2026-08-28,2026-08-28T21:23:45.390531,ANKER OFFICIAL,B0C5XVM3V1,"Anker Type C to Type C Cable Fast Charging, Braided 3ft Black PD Cable, Super Fast Charging (50% Charge in 30 mins), Data Sync Compatibility for iPhone, Samsung, OnePlus and More",699.0,Online,In stock,ecommerce_amazon
2026-08-28,2026-08-28T21:23:52.347949,Cocoblu Retail,B0GXV5X15P,"Ambrane 20000mAh Power Bank with 22.5W Fast Charging | 3 Output Ports | Type-C & USB Input | Compact Portable Charger for iPhone, Android Mobile Phone, Tablets, Earbuds, Speakers,smartwatch",1399.0,Online,In stock,ecommerce_amazon
2026-08-28,2026-08-28T21:23:59.603928,Cocoblu Retail,B0DCZ3WDTB,"Xiaomi Power Bank 4i 20000mAh 33W Super Fast Charging PD |Smart 12 Layer Protection|Type C Input & Output|Triple Output Ports|Supports Android,Apple, Tablets, Earbuds,Watch(MI Powerbank),Black",2249.0,Online,In stock,ecommerce_amazon
2026-08-28,2026-08-28T21:24:07.145603,Amazon / Direct,B0D96JNKFN,"Amazon Basics 20000 mAh Power Bank | 22.5W Fast Charging | Dual Output & Input | Charge 3 Devices Simultaneously | for Smartphones, TWS Earbuds, Speakers, Tablets (Black)",1399.0,Online,Currently unavailable. We don't know when or if this item will be back in stock.,ecommerce_amazon
2026-08-28,2026-08-28T21:24:14.361803,Clicktech Retail Private Ltd,B0GXBBD73Q,"boAt 2026 Launch Airdopes Plus 224, Powerful Spatial Audio, 60H Playback, Quad Mics AI-ENx™, 13 mm Drivers, App Support, Multi Connect, Google Fast Pair, Bluetooth v6.0 TWS Earbuds (Off White)",1199.0,Online,In stock,ecommerce_amazon
2026-08-28,2026-08-28T21:24:21.414368,Cocoblu Retail,B0D78XSMSM,"pTron Bassbuds Astra in-Ear TWS Earbuds w/Stereo Sound, 34Hrs Playtime, Stereo Calls, Custom EQ, Mobile App, BTv5.3 Headphones, Touch Control, Voice Assistant, Type C Charging & IPX4 (Black)",699.0,Online,In stock,ecommerce_amazon
2026-08-28,2026-08-28T21:24:29.415760,Clicktech Retail Private Ltd,B0BF57RN3K,"Fire-Boltt Ninja Call Pro Plus Bluetooth Calling Smart Watch, 1.83″ HD Display, AI Voice Assistant, 120+ Sports Modes, IP67 Waterproof, SpO2 & Heart Rate Monitor Smartwatch for Men & Women - Black",1199.0,Online,In stock,ecommerce_amazon
2026-08-28,2026-08-28T21:24:36.294419,Cocoblu Retail,B0GV7DLTXT,"HUMBLE® SnapKit 60W Fast Charging Cable 6-in-1 Kit – USB-A & Type-C to Micro USB/Type-C/Lighting, Data Transfer, SIM Storage, Eject Pin, Pocket Mirror, Phone Stand, Travel Organizer Case (Black)",209.0,Online,In stock,ecommerce_amazon
2026-08-28,2026-08-28T21:24:43.000333,AR TRADERSS,B0HFT6MJMY,"Novobit® 100W SuperVOOC Type-C Cable Compatible With OnePlus, 1yr Warranty",349.0,Online,In stock,ecommerce_amazon
2026-08-28,2026-08-28T21:24:50.090827,Clicktech Retail Private Ltd,B08HRGRCGL,"Honeywell HDMI Cable 2.1 with Ethernet, 8k@60Hz, 4K@120Hz UHD Resolution, (9.8ft/3M), 48 GBPS Transmission Ultra High Speed, Dolby DTS, eARC, 3D,Male-to-Male,Compatible with All HDMI-Enabled Devices",1419.0,Online,In stock,ecommerce_amazon
2026-08-28,2026-08-28T21:24:57.829209,Clicktech Retail Private Ltd,B0GS8X5PND,"HDMI Cable V2.1 with Ethernet,Wozoyo 8k@60Hz,4K@120Hz UHD Resolution,2 Mtr braided, 48 Gbps transmission Ultra high Speed,HDR/HDR10/Dolby Vision,Dolby Atmos and DTS:X,Compatible with all HDMI Devices",899.0,Online,In stock,ecommerce_amazon
2026-08-28,2026-08-28T21:25:05.677237,Clicktech Retail Private Ltd,B00316263Y,"BlueRigger 8K HDMI 2.1 Cable (6FT, 8K 60Hz HDR, 4K 120Hz, High Speed 48Gbps with Ethernet, eARC, 3D, HDCP 2.3) - Compatible with PS5, Xbox, Roku, Apple TV, Switch, PC",644.0,Online,In stock,ecommerce_amazon
2026-08-28,2026-08-28T21:25:12.732035,Clicktech Retail Private Ltd,B08HRG2MB5,"Honeywell HDMI Cable 2.1 with Ethernet, 8k@60Hz, 4k@120Hz UHD Resolution, 2 Mtr(6.6ft), 48 GBPS Transmission Ultra High Speed, Dolby DTS, eARC,3D,Male-to-Male,Compatible with all HDMI-Enabled Devices",1229.0,Online,In stock,ecommerce_amazon
2026-08-28,2026-08-28T21:25:19.668580,Clicktech Retail Private Ltd,B00GG59HU2,"BlueRigger 8K HDMI 2.1 Cable(3.3FT, 8K 60Hz HDR, 4K 120Hz, High Speed 48Gbps with Ethernet, eARC, 3D, HDCP 2.3) - Compatible with PS5, Xbox, Roku, Apple TV, Switch, PC",578.0,Online,In stock,ecommerce_amazon
2026-08-28,2026-08-28T21:25:26.813013,Clicktech Retail Private Ltd,B0GSZYK89P,"UNBREAKcable USB C to Lightning Cable (1M) | MFi Certified Fast Charging PD Cable Compatible for iPhone 15/14/13/12/11/X/8, iPad | Durable Braided Type C to Lightning Charger Cord (White)",349.0,Online,In stock,ecommerce_amazon
2026-08-28,2026-08-28T21:25:33.800956,Cocoblu Retail,B0DFCGB2D6,APFEN® 27W Type C to Lightning Fast Charging Cable With High-Speed Data Transfer Compatible with iPhone 14/14 Pro/ 14 Pro Max/ 13/13 Pro/ 13 ProMax/ 12/11/XR/XS/X/8 S,268.0,Online,In stock,ecommerce_amazon
2026-08-28,2026-08-28T21:25:40.392810,Clicktech Retail Private Ltd,B0CX23929Q,Apple USB-C to Lightning Cable (1m) ​​​​​​​,1599.0,Online,In stock,ecommerce_amazon
2026-08-28,2026-08-28T21:25:47.290828,VEERSARA PRIVATE LIMITED,B0B63T163B,USB C to Lightning Cable 1M [Apple MFi Certified] iPhone Fast Charger Cable USB-C Charging Cord for iPhone 13/12/12 PRO Max/12 Mini/11/11PRO/XS/Max/XR/X/8/8Plus/iPad,289.0,Online,In stock,ecommerce_amazon
2026-08-28,2026-08-28T21:25:54.180752,Cocoblu Retail,B0GPDS1RCH,"PHILIPS DLC4150LI/94 27W iPhone Original Type-C to Lightning Fast Charging Cable (1.5m, Iron Red) | MFi Certified | 480Mbps Data Sync | Nylon Braided | Compatible with iPhone & Other Lightning Devices",669.0,Online,In stock,ecommerce_amazon
2026-08-28,2026-08-28T21:26:01.230134,CPU Tech,B0BZMKCRMX,"FEDUS 10M Cat6 Ethernet Cable, Flat RJ45 LAN Cable Wire 2 M-High Speed 250MHZ/1Gbps UTP LAN Cable, Network Internet Cable, Patch Computer Cord Gigabit Category 6 Wires For Modem,Router Black",472.63,Online,In stock,ecommerce_amazon
2026-08-28,2026-08-28T21:26:08.275313,Clicktech Retail Private Ltd,B0CKL2V9G2,amazon basics RJ45 Cat-6 Ethernet Patch/LAN Cable for Personal Computer - 10 Feet (Black),329.0,Online,In stock,ecommerce_amazon
2026-08-28,2026-08-28T21:26:14.926605,Clicktech Retail Private Ltd,B0D4HYL67Z,"Electronic Spices RJ45 Cat 6 Cable Ethernet Patch LAN Network Laptop Cable (2 M),2M, Grey",109.0,Online,In stock,ecommerce_amazon
2026-08-28,2026-08-28T21:26:22.061171,Clicktech Retail Private Ltd,B08CSKRT23,"FEDUS Cat6 Ethernet Cable, 3 Meter High Speed 550MHZ / 10 Gigabit Speed UTP LAN Cable, Network Cable Internet Cable RJ45 Cable LAN Wire, Patch Computer Cord Gigabit Category 6 Wires for Modem, Router",249.0,Online,In stock,ecommerce_amazon
2026-08-28,2026-08-28T21:26:29.777017,Seth Enterprises®,B0C56QHMH9,"Cat6 Copper Ethernet Cable 12 pcs Pack 1ft (12inch / 0.3m) | High Speed RJ45 LAN Network Cable | 550MHz / 10 Gigabit Category 6 Internet Wire for Router, Modem, PC, and Servers",433.0,Online,In stock,ecommerce_amazon
2026-08-28,2026-08-28T21:26:37.086129,Cocoblu Retail,B0G52MT9XY,Lifelong Electronics 20000mAh 22.5W Fast Charging Power Bank | 3 Inputs (1 Built-in USB A Cable + 1 C + 1 Lightning Port) & 6 Outputs (3 Built-in Cables + 1 C + 2 A Port) | Small Pocket Size Powerbank,2190.0,Online,In stock,ecommerce_amazon
2026-08-28,2026-08-28T21:26:44.207142,Cocoblu Retail,B0GKXZVPD1,"Kratos Legend Champ Power Bank 20000mAh, 22.5W Fast Charging with Power Delivery & Quick Charge, Triple Output, USB Type-C Input & Output, BIS Certified, Made in India (Blue)",997.38,Online,In stock,ecommerce_amazon
2026-08-28,2026-08-28T21:26:53.502614,Cocoblu Retail,B0DWSS3Q5K,"Ambrane 10000mAh Slim & Compact Powerbank with in-Build Type C Cable, 22.5W Fast Charging, USB & Type C Output, Power Delivery, Quick Charge for iPhone, Android & Tablets, Earbuds, (Stylo N10,Black)",1299.0,Online,In stock,ecommerce_amazon
2026-08-28,2026-08-28T21:27:00.904333,Cocoblu Retail,B0DGGR5DK2,Lifelong Electronics 10000mAh 22.5W Fast Charging Power Bank | 3 Inputs (1 Built-in USB A Cable + 1 C + 1 Lightning Port) & 6 Outputs (3 Built-in Cables + 1 C + 2 A Port) | Small Pocket Size Powerbank,1299.0,Online,In stock,ecommerce_amazon
2026-08-28,2026-08-28T21:27:08.165277,Cocoblu Retail,B0D73XBQRW,"Xiaomi Power Bank 4i 10000mAh 22.5W Fast Charging PD|Smart 12 Layer Protection| Durable Steel Casing |Triple Output Ports|Supports All Phone(MI Power Bank),Black",1299.0,Online,In stock,ecommerce_amazon
2026-08-28,2026-08-28T21:27:15.540161,Cocoblu Retail,B0H1J51MFK,"boAt EnergyShroom PB300 Neo 10000mAh Power Bank with 22.5W Fast Charging, 3X Output Ports, Supports Android, iPhone, Tablets, Earbuds (Mocha Brown)",999.0,Online,In stock,ecommerce_amazon
2026-08-28,2026-08-28T21:27:23.816591,Cocoblu Retail,B0DFZ1KDPL,"Stuffcool Click 20000mAh Magnetic Wireless Powerbank Natural Titanium Finish Perfect for iPhone 16,15,14,13,12 with Led Display and 20W Fast Wired Charging - Charges iPhone 50% in 30 mins",2999.0,Online,Only 2 left in stock (more on the way).,ecommerce_amazon
2026-08-28,2026-08-28T21:27:32.141445,Cocoblu Retail,B0CHJ3X3VM,"Ambrane 65W Charger Adapter, 3 Ports - 2 Type C & 1 USB for Samsung, Type C Laptops: MacBook, Dell, HP, ASUS, Fast Charger with PD Technology & GaN Technology for All Devices (RAAP G65, Black)",2399.0,Online,In stock,ecommerce_amazon
2026-08-28,2026-08-28T21:27:39.680174,Cocoblu Retail,B0DT7CCVZS,AILKIN 65W GaN Trio Charger 3 Port USB-C & USB-A Fast Wall Adapter,989.0,Online,In stock,ecommerce_amazon
2026-08-28,2026-08-28T21:27:46.803775,RAIKWAR JII TRADER,B0H6C18HC7,"AILKIN Conquerer 65W GaN Fast Charger, 1 x Type A, 2 X Type C, PD 3.0 PPS Wall Charger for MacBook Air/Pro, iPhone 16/15/14/13, Samsung Galaxy S25/S24, iPad, Tablets & More",998.0,Online,In stock,ecommerce_amazon
2026-08-28,2026-08-28T21:27:53.910129,AmazXp - Direct,B0GTB1GFJY,"65W GaN 3-Port Fast Charger (2 USB Type-C & 1 USB-A) Multiport Charging Adapter Compatible with CMF Phone/Nothing Phone 4a/4a pro/3/3A/2/2A/2A Plus/1/Samsung,iPhone,MacBook,Other Type C",919.0,Online,In stock,ecommerce_amazon
2026-08-28,2026-08-28T21:28:01.148962,Cocoblu Retail,B0F4XW7J86,"boAt 67W GaN Laptop Charger, Ultra-Fast Triple Port Fast Charging, Compact & Lightweight, Supports iPhone, ipad, Android, Laptops, Macbooks,HP, Dell, Lenovo, Asus, Tablet (for 65W Charging (Ash Grey)",1799.0,Online,In stock,ecommerce_amazon
2026-08-28,2026-08-28T21:28:08.330395,Cocoblu Retail,B0GPQCXJWF,"Ambrane 25W Qi2.2 Magsafe Wireless Charger, Fastest Wireless Charging - Charge 50% in 30mins, New Qi2.2 Certified Technology, iPhone 12 to 17 All Models & Android Wireless devices, AerosynQ 2,Titanium",1699.0,Online,In stock,ecommerce_amazon
2026-08-28,2026-08-28T21:28:16.075930,EllerSante-Direct,B09PBYS1TB,"eller santé® Wireless Charger 3-in-1 23W Magnetic Mag-Safe for iPhone 17/17 Air/17 Pro/17 Pro Max, 16/16 Plus/16 Pro/16 Pro Max, 15/14/13/12, Airpods 3rd/2nd gen, Series 9/8/7/6/5/4/SE-Black",2796.0,Online,In stock,ecommerce_amazon
2026-08-28,2026-08-28T21:28:22.931216,EYNK Studio,B0H2RQB2F5,"New Magnetic Wireless Charger for iPhone,MagSaf Fast Charger USB C 15W,Qi Type C Wireless Charging Compatible with iPhone 17/17 pro/17 Pro max/16/16 Plus/16 Pro/16 Pro Max/15/14/13/12 Series(White)",298.0,Online,In stock,ecommerce_amazon
2026-08-28,2026-08-28T21:28:30.324498,UNIGEN,B0C5T2C4KY,"UNIGEN UNIPAD 200 Wireless Charger, 15W Qi Fast Wireless Charging Pad [USB A to C Cable] Compatible with All Wireless Compatible Smartphones and Earbuds (Black)",749.0,Online,In stock,ecommerce_amazon
2026-08-28,2026-08-28T21:28:37.251348,Cocoblu Retail,B0GPQHGVJ5,"Ambrane 25W Qi2.2 Magsafe Wireless Charger, Fastest Wireless Charging - Charge 50% in 30 mins, New Qi2.2 Certified Technology, iPhone 12 to 17 All Models & Android Wireless devices (AerosynQ 2,Orange)",1699.0,Online,In stock,ecommerce_amazon
2026-08-28,2026-08-28T21:28:43.987484,Dawntech Etel!,B0HCBYMC8D,iQOO Buds | 50-Hour Ultra-Long Battery Life* | DeepX 4.0 Sound Effects | 42 ms Gaming Latency*,1899.0,Online,In stock,ecommerce_amazon
2026-08-28,2026-08-28T21:28:51.490332,Clicktech Retail Private Ltd,B0DGV6RP7C,"Noise Air Clips Wireless Open Ear Earbuds with Chrome Finish, AirWave™ Technology,Up-to 40H Playtime, Dual Device Pairing, Quad Mic with ENC,12mm Driver,BTv5.4 (Pearl Purple)",2299.0,Online,In stock,ecommerce_amazon
2026-08-28,2026-08-28T21:28:58.314890,Alakh Enterprise .,B0HCCDWBYY,"AlakhDM Bluetooth 5.3 Wireless Earbuds with HD Calling Mic, Deep Bass Stereo Sound, Low Latency Gaming, Type-C Fast Charging, Touch Control TWS Earphones",345.0,Online,In stock,ecommerce_amazon
2026-08-28,2026-08-28T21:29:05.265987,Varni Enterprise  .,B0HCC9J9WV,"VarniEnterprise TWS Bluetooth Earbuds with Calling, Low Latency Gaming, HD Sound, Type-C Fast Charging, Noise Reduction, Wireless Earphones",249.0,Online,In stock,ecommerce_amazon
2026-08-28,2026-08-28T21:29:22.662354,Clicktech Retail Private Ltd,B0F8HQVBQB,"Noise Master Buds Max, Sound by Bose Wireless Over-Ear Headphones, Adaptive ANC, LHDC 5.0, Immersive Spatial Audio,Upto 60H Playtime, Fast Pairing, Wear Detection(Titanium)",8999.0,Online,In stock,ecommerce_amazon
2026-08-28,2026-08-28T21:29:29.741613,Clicktech Retail Private Ltd,B0CY1PL36Q,"Noise Airwave Max 4 Wireless Over Ear Headphones with 70H Playtime, ENC, 40mm Driver, Low Latency(up to 40ms), Dual Pairing, BT v5.4 (Calm Beige) (AUD-HDPHN-4-BEIGE)",1999.0,Online,In stock,ecommerce_amazon
2026-08-28,2026-08-28T21:29:38.064373,Spigen India,B0DGX1VCWX,"Spigen Audio Newly Launched SA-HP P10 Wireless Over Ear Headphones with 60H Playtime, Upto 43dB Multi-Mode Adaptive ANC Pro, EQ Customizing App, 5-MIC, Gaming Mode, 40mm Driver - Black",2799.0,Online,In stock,ecommerce_amazon
2026-08-28,2026-08-28T21:29:45.537232,Clicktech Retail Private Ltd,B0FM38MRWL,"boAt Rockerz 371, 40mm Drivers, 50hrs Battery, 60ms Low Latency, ENx Tech, BT v5.4, Foldable Cups, Voice Assistant, Bluetooth Headphones, Wireless Headphone with Mic (Black Sabre)",1099.0,Online,In stock,ecommerce_amazon
2026-08-28,2026-08-28T21:29:52.642375,Clicktech Retail Private Ltd,B0F9YWD4Z3,"GOBOULT Soniq Over Ear Bluetooth Headphones with 70H Playtime, 40mm Bass Drivers, Zen™ ENC Mic, Type-C Fast Charging, Dual Pairing, AUX, Wireless Headphones (White)",1999.0,Online,In stock,ecommerce_amazon
2026-08-28,2026-08-28T21:30:00.195744,Starone Electronics,B0DD7T8H2Q,"Marshall Willen II Portable Bluetooth Speaker with 17+ Hours of Portable Playtime, Dust & Waterproof (IP67) - Black & Brass.",10499.0,Online,In stock,ecommerce_amazon
2026-08-28,2026-08-28T21:30:09.291884,Clicktech Retail Private Ltd,B0FBH7BZ19,"Marshall Emberton III Compact Portable Bluetooth Speaker with 32+ Hours of Playtime, (360° Sound), Dust & Waterproof (IP67) – Midnight Blue.",17999.0,Online,In stock,ecommerce_amazon
2026-08-28,2026-08-28T21:30:18.978865,Clicktech Retail Private Ltd,B0FCFWGB8V,"Dubstep Pop 1200 Portable Bluetooth Speaker | 12W Loud Sound, Deep Bass with XBASS, 16 Hrs Playtime, TWS Stereo Pairing, 52mm Driver, Splash-Resistant, Carry Strap (Black)",599.0,Online,In stock,ecommerce_amazon
2026-08-28,2026-08-28T21:30:27.408653,Clicktech Retail Private Ltd,B0GSF8FB2X,"Zebronics 2026 Launch Portable Bluetooth Speaker, 5W RMS, Up to 10Hrs Playback, Passive Radiator, TWS, BT v5.4, USB & mSD, 9 RGB Modes, Splash Proof, Type-C Charging (Sonic POD 15)",679.0,Online,In stock,ecommerce_amazon
2026-08-28,2026-08-28T21:30:36.458244,Starone Electronics,B0BTHL673V,"Marshall Middleton Portable Bluetooth Speaker with 20+ Hours of Portable Playtime, 360° Sound, Dust & Waterproof (IP67) - Black & Brass.",26999.0,Online,In stock,ecommerce_amazon
2026-08-28,2026-08-28T21:30:43.609401,Cocoblu Retail,B0FZC8CKPG,"pTron Tangent Rush w/ 50Hrs Playtime, Pristine Sound, Dual-Device Pairing, Bluetooth 5.4 Wireless in-Ear Earphones with Mic, Voice Assistant, Type-C Fast Charging & IPX5 Water Resistant (Forest Green)",498.0,Online,In stock,ecommerce_amazon
2026-08-28,2026-08-28T21:30:50.906552,TrustSphere Retail,B0GZG9KCH5,"Wireless Bluetooth Neckband Earphones, Mic, Deep Bass (Black)",549.0,Online,In stock,ecommerce_amazon
2026-08-28,2026-08-28T21:30:58.189092,Clicktech Retail Private Ltd,B0F7Y54PJX,"boAt Rockerz 113, 40 Hours Battery, Dual Pair, Fast Charge, ENx Technology, App Support, Magnetic Buds, Bluetooth Neckband, Wireless in Ear Earphones with Mic (Active Black)",899.0,Online,In stock,ecommerce_amazon
2026-08-28,2026-08-28T21:31:07.671818,Cocoblu Retail,B0FBRGKXHG,"OnePlus Bullets Wireless Z3 in-Ear Neckband with 12.4mm Drivers, 3D Spatial Audio,10 mins Charge for 27 hrs Playback, 4 EQ preset, Dynamic bass Enhancement & BT5.4",1784.0,Online,In stock,ecommerce_amazon
2026-08-28,2026-08-28T21:31:15.853318,Clicktech Retail Private Ltd,B0FCG2D3X7,"Amazon Basics Pro Series IEM Earphone, HiFi Stereo | 3.5 mm Plug| Dual Magnetic Circuit Dynamic Driver | Resin Inlay Metal Body | Detachable 5N OFC Cable | with Mic |for Audiophiles & Musicians |Cyan",999.0,Online,In stock,ecommerce_amazon
2026-08-28,2026-08-28T21:31:23.799354,Whoop India,B0DY2VVZWZ,WHOOP 5.0 Health and Fitness Wearable – 12 Month Membership Included,21990.0,Online,In stock,ecommerce_amazon
2026-08-28,2026-08-28T21:31:32.809670,Clicktech Retail Private Ltd,B0C497MSQN,"Fire-Boltt Ninja Call Pro Max Bluetooth Calling Smart Watch, 2.01"" HD Display, 120+ Sports Modes, Health Suite, AI Voice Assistance, SpO2 & Heart Rate Monitor Smartwatch for Men & Women - Black",1299.0,Online,In stock,ecommerce_amazon
2026-08-28,2026-08-28T21:31:43.029415,Clicktech Retail Private Ltd,B0B854R7NS,"Fire-Boltt Ninja Call Pro Bluetooth Calling Smart Watch, 1.69″ HD Display,Dual Chip,AI Voice Assistant, 120+ Sports Modes, SpO2 & Heart Rate Monitor, Fitness Tracker Smartwatch for Men & Women - Black",1199.0,Online,In stock,ecommerce_amazon
2026-08-28,2026-08-28T21:33:46.795062,Clicktech Retail Private Ltd,B0FLF44GTQ,"boAt Wave Call 3 Smartwatch 1.83” HD Display with Animated Watch Faces; BT Calling, Functional Crown, Multiple Sports Modes, IP68, HR, SpO2 Monitor, Smart Watches for Men & Women (Bold Black)",1399.0,Online,In stock,ecommerce_amazon
2026-08-28,2026-08-28T21:33:56.309777,Titan Company LTD,B0D961T3B4,"Fastrack Limitless FS2+ Smartwatch|2.01"" UltraVU Display|Functional Crown|SingleSync BT Calling|Nitro Fast Charging|110+ Sports Modes|200+ Watchfaces|Upto 7 Day Battery| AI Voice Assitant",1599.0,Online,Only 1 left in stock.,ecommerce_amazon
2026-08-28,2026-08-28T21:34:07.444307,Whoop India,B0DY2SWV16,Whoop 5.0 Health and Fitness Wearable – 12 Month Membership Included,28990.0,Online,In stock,ecommerce_amazon
2026-08-28,2026-08-28T21:34:18.373286,Koozo Commerce Pvt. Ltd.,B0FT7SPSCR,"Pulse Smart Band for Men & Women, 24/7 Health & Fitness Tracker with HRV, BP, Stress & Sleep Monitor, 127+ Sports Modes, Upto 45 Days Battery, IP68 Waterproof, No Subscription Needed",4444.0,Online,In stock,ecommerce_amazon
2026-08-28,2026-08-28T21:34:29.595523,Clicktech Retail Private Ltd,B0FMRKHN4M,Pebble Newly Launched Qore Fitness Band with 45 Days Battery Life | 100+ Sports Modes | Advanced Health Tracking | HR & SpO2| Stress| Sleep | OneKey Measurement | Smart Notifications - Black,2899.0,Online,In stock,ecommerce_amazon
2026-08-28,2026-08-28T21:34:37.061259,DYNO Enterprises *[BRAND AUTHORIZED DEALER]*,B0GMHSSP5J,"Drumstone 𝟏𝟓-𝐘𝐞𝐚𝐫 𝐋𝐨𝐧𝐠-𝐋𝐢𝐟𝐞 𝐖𝐚𝐫𝐚𝐧𝐭𝐲, Bluetooth Fitness Band, Wristband Activity Tracker, Sports Health Tracker Band, smart Fitness Wristband",889.0,Online,Only 2 left in stock.,ecommerce_amazon
2026-08-28,2026-08-28T21:34:50.479466,Clicktech Retail Private Ltd,B0H5QCGFDH,"CrossBeats Vector Smart Band with 45 Days Battery Life, 5ATM Waterproof, HRV & SpO2 Tracking, Sleep & Stress Monitoring, 6-Axis Motion Sensor, Strava & Google Health Connect",3999.0,Online,In stock,ecommerce_amazon
2026-08-28,2026-08-28T21:34:58.844822,MURUGESWARI ENTERPRISES,B0H72NTGFM,Wired USB Mouse,199.0,Online,In stock,ecommerce_amazon
2026-08-28,2026-08-28T21:35:06.247944,Clicktech Retail Private Ltd,B0B296NTFV,"Portronics Toad 23 Wireless Optical Mouse with 2.4GHz, USB Nano Dongle, Optical Orientation, Click Wheel, Adjustable DPI(Black)",279.0,Online,In stock,ecommerce_amazon
2026-08-28,2026-08-28T21:35:13.973851,Amazon / Direct,B0FF4XBM5N,"ZEBRONICS Wireless Mouse, 2.4GHz, 3200 DPI, 3 Buttons, Comfortable & Ergonomic, USB Nano Receiver, Power-Saving Mode, Works on Most Surfaces, for Mac | Laptop | Computer (Freego, Black)",1139.0,Online,Currently unavailable. We don't know when or if this item will be back in stock.,ecommerce_amazon
2026-08-28,2026-08-28T21:35:21.618079,Clicktech Retail Private Ltd,B0BZHM6VNQ,"Portronics Toad 23 Wireless Optical Mouse with 2.4GHz, USB Nano Dongle, Optical Orientation, Click Wheel, Adjustable DPI(Pink)",316.0,Online,In stock,ecommerce_amazon
2026-08-28,2026-08-28T21:35:31.698270,Clicktech Retail Private Ltd,B0DS5BBJJX,"ASUS MW105 Multi-Device Wireless Bluetooth Silent Mouse, Adjustable DPI, Ambidextrous Shape, Connects Upto 3 Devices, Optical Tracking, Compatible with PC/Laptop- (Black) 48 Grams, 3 Year Warranty",899.0,Online,In stock,ecommerce_amazon
2026-08-28,2026-08-28T21:35:40.077469,Clicktech Retail Private Ltd,B0GR5VQKJB,"KARNAGE by EVM Visage RGB Backlit Wireless Gaming Keyboard [84 Keys] Triple Mode BT 5.0, 2.4GHz & USB-C | Semi- Mechanical | Volume Knob & Display | 2000mAh | Win & Mac | 2 Year Warranty | White Blue",1799.0,Online,In stock,ecommerce_amazon
2026-08-28,2026-08-28T21:35:50.522879,Clicktech Retail Private Ltd,B0G2YMLZNM,"Kreo Swarm 65 Wireless Mechanical Gaming Keyboard 65% Gasket Mounted, Pre-Lubed Switches, 5-Layer Sound Dampening, RGB, Hot-Swap PCB, Tri-Mode – Windows & macOS (Starling Linear)",4199.0,Online,In stock,ecommerce_amazon
2026-08-28,2026-08-28T21:36:01.700668,Kay Kay Overseas Corporation Store,B085366TJW,"EvoFox Fireblade TKL Semi-Mechanical Gaming Keyboard with Rainbow Backlit& Breathing Effect, Floating Keycaps, 19 Anti-Ghosting & 12 Multimedia Keys, Windows Lock Key, Braided Cable (Black)",899.0,Online,In stock,ecommerce_amazon
2026-08-28,2026-08-28T21:36:15.789791,Kay Kay Overseas Corporation Store,B0DDV1GWP7,"EvoFox Katana X2 TKL Mechanical Gaming Keyboard | 3‑Pin Replaceable Clicky Blue Switches, Dynamic Backlighting, All Keys Anti‑Ghosting, Volume Knob, Copilot, Xbox Gamebar, Screenshot & More (Black)",1899.0,Online,In stock,ecommerce_amazon
2026-08-28,2026-08-28T21:36:23.303956,Clicktech Retail Private Ltd,B0DHWBTC2Y,"Kreo Hive RGB Anti-ghosting Gaming Keyboard, 75% Tenkeyless Wired Mechanical Keyboard with RGB Backlight, Volume Knob, NKRO, PC Gaming Keyboard Detachable USB C Cable (White - Purple, Brown)",2992.0,Online,In stock,ecommerce_amazon
2026-08-28,2026-08-28T21:36:32.380246,Clicktech Retail Private Ltd,B0CHBHYLLR,"Honeywell 7-in-1 TypeC Docking Station with 4K HDMI,1xUSB 3.0, 2xUSB 2.0 & TypeC 3.0 PD 100W Charging Port, SD & Micro SD Slot,for All Type C Devices- MacBook,Laptop, Thunderbolt 3,PC,3 Years Warranty",1999.0,Online,In stock,ecommerce_amazon
2026-08-28,2026-08-28T21:36:39.426821,Clicktech Retail Private Ltd,B0B24W3DJZ,"Portronics Mport 52 USB C Hub Dock (7-in-1), Multiport Adapter with 4K HDMI, 60 W PD Charging, USB 3.0/2.0 & USB Type-C Data Ports at up to 10 Gbps, microSD & SD Card Reader for Laptops(Grey)",699.0,Online,In stock,ecommerce_amazon
2026-08-28,2026-08-28T21:36:47.320264,Clicktech Retail Private Ltd,B09M869Z5V,"Portronics Mport 31C USB C Hub Dock (4-in-1), Type C Multiport Adapter with 1 x USB 3.0 & 3 x USB 2.0 Ports, up to 5 Gbps High Speed Data Transfer for Laptop, MacBook, PC (Grey)",256.0,Online,In stock,ecommerce_amazon
2026-08-28,2026-08-28T21:36:53.991204,MURUGESWARI ENTERPRISES,B0H9FFNKCJ,7 Port USB 3.0 Hub with Type-A and Type-C Input,360.0,Online,In stock,ecommerce_amazon
2026-08-28,2026-08-28T21:37:01.409261,Clicktech Retail Private Ltd,B0GT518CMV,"Type C 5 in 1 Wozoyo Docking Station with USB 5Gbps (3.2 Gen 1), 2XUSB 2.0, 4K@60Hz HDMI, and PD 100W – Compact USB-C Hub, Portable Design, Universal Compatibility with macOS, Windows, Android, & iOS",999.0,Online,Available to ship in 1-2 days,ecommerce_amazon
2026-08-28,2026-08-28T21:37:09.107048,Clicktech Retail Private Ltd,B0GWW7V4KG,"SANDISK 128GB Ultra Go microSD Card UHS-I, Up to 190MB/s, Full HD Video, Memory Card for Android Smartphones, Tablets, 10-Year Warranty",2529.0,Online,In stock,ecommerce_amazon
2026-08-28,2026-08-28T21:37:16.230361,GaLiDaMai-2,B0HC9WQ2Q2,"256GB High-Capacity TF Memory Card | Micro Memory Card for Smartphone, Tablet, Action Camera, Dash Cam & CCTV | Storage Expansion",1999.0,Online,In stock,ecommerce_amazon
2026-08-28,2026-08-28T21:37:22.865909,YEWON INDIA,B0HB56THRG,"YEWON 128GB MicroSDXC Memory Card | Class 10 A1 Speed | Up to 100MB/s Read Speed | Full HD Video Recording Support | Waterproof, Shockproof | for Smartphone, Camera, Tablet & Gaming Console",999.0,Online,In stock,ecommerce_amazon
2026-08-28,2026-08-28T21:37:29.908869,Clicktech Retail Private Ltd,B07DJGJ18T,"HP 128GB MicroSD Memory Card | SDXC mx310 Class 10 | UHS-I, U1 Card | Upto 100MB/s R | Compitable with Smartphones, Camera, CCTV | Memory Card",2159.0,Online,In stock,ecommerce_amazon
2026-08-28,2026-08-28T21:37:36.888712,Clicktech Retail Private Ltd,B0CGCZJ75B,"Amazon Basics 128 GB Micro SD Card with Adapter | Upto 120 MB/s | Class 10 | U1, C10, V10 Speed Classes",2499.0,Online,In stock,ecommerce_amazon
2026-08-28,2026-08-28T21:37:44.814919,Clicktech Retail Private Ltd,B08ZJDWTJ1,"Seagate Expansion 1TB External HDD - USB 3.0 for Windows and Mac with 3 yr Data Recovery Services, Portable Hard Drive (STKM1000400)",9899.0,Online,In stock,ecommerce_amazon
2026-08-28,2026-08-28T21:37:51.887774,JOGI COM,B0G2GK2S2R,"KINGSTER® 500GB Ultra Slim External Hard Drive | Portable USB 3.0 HDD 5Gbps | Plug & Play | Lightweight Backup Drive for Laptop, PC, Mac | Shock-Resistant Slim Body – White",3199.0,Online,In stock,ecommerce_amazon
2026-08-28,2026-08-28T21:37:59.447732,JOGI COM,B0DXKXG9LC,"KINGSTER 1TB External Hard Drive – USB 3.0 Portable HDD | Ultra Slim, Plug & Play | Fast Data Transfer | Backup Storage for Laptop, PC, Mac (Black)",5335.0,Online,In stock,ecommerce_amazon
2026-08-28,2026-08-28T21:38:06.217567,Staunch India Inc.,B0G263W67G,"GEONIX PowerShell S3 1TB Portable External Hard Drive 2.5-Inch SATA USB 3.0, Up to 5Gbps with UASP Support, Tool-Free Setup, LED Indicator, Compatible with Windows/Mac/Linux (3 Yr Warranty)(Black)",6899.0,Online,In stock,ecommerce_amazon
2026-08-28,2026-08-28T21:38:13.197840,PHDD Storage Retail,B0HDBHQHSJ,UnionSine 500GB External Hard Disk Portable HDD USB 3.0 Black,3299.0,Online,In stock,ecommerce_amazon
2026-08-28,2026-08-28T21:38:20.511284,Clicktech Retail Private Ltd,B0C5JQ68FY,"SANDISK 1TB Portable SSD, 800MB/s R, USB 3.2 Gen 2, Rugged SSD with Upto 2 Meter Drop Protection, Type-C to Type-A Cable, PC & Mac Compatible, 3 Y Warranty, External SSD (SDSSDE30-1T00-G26)",16999.0,Online,In stock,ecommerce_amazon
2026-08-28,2026-08-28T21:38:28.073332,Clicktech Retail Private Ltd,B0DRDBT6RV,"KIOXIA EXCERIA Plus G2 Portable 1TB / Up to 1,050MB/s Read 1000MB/s Write,MIL-STD Drop Tests, 256 AES Encryption, Photographers, Content Creators and Gaming,Smartphone,Mac Compatible External SSD",16989.0,Online,In stock,ecommerce_amazon
2026-08-28,2026-08-28T21:38:35.946827,Clicktech Retail Private Ltd,B0C5SDQVNL,"SANDISK Extreme 1TB Portable External SSD, 1050MB/s R, 1000MB/s W, 3m Drop Protection, IP65 Water/dust Resistant, PC,MAC & TypeC Smartphone Compatible, 5Y Warranty, SkyBlue Color",19999.0,Online,In stock,ecommerce_amazon
2026-08-28,2026-08-28T21:38:43.059349,Clicktech Retail Private Ltd,B09PYT14F8,"EVM EnSave 1TB Ultra Compact Portable SSD | USB 3.1 Gen 2 Type-C | Up to 550MB/s Read | Shockproof | High Speed Storage for PC, Mac & Android | Plug & Play | 10 Year Warranty (EPSSD/1TB)",11998.0,Online,Only 2 left in stock.,ecommerce_amazon
2026-08-28,2026-08-28T21:38:49.922881,Clicktech Retail Private Ltd,B0HD7CHPPV,"Samsung T7 Shield Portable SSD 1TB, USB 3.2 Gen2 External SSD, Up to 1,050MB/s, Rugged, IP65 Water & Dust Resistant, for Photographers, Content Creators and Gaming, Mac Compatible, MU-PE1T0R, Blue",28699.0,Online,In stock,ecommerce_amazon
2026-08-28,2026-08-28T21:38:56.964808,Clicktech Retail Private Ltd,B0BRQCJ57Y,"Qubo 16A Wi-Fi + Bluetooth Smart Plug | Energy Monitoring | Ideal for Heavy Appliances Like ACs, Geysers & Water Pumps | Voice Control with Alexa & Google Assistant | From Hero Group",949.0,Online,In stock,ecommerce_amazon
2026-08-28,2026-08-28T21:39:04.295915,Clicktech Retail Private Ltd,B08HN9Q2SZ,"Wipro 16A Wi-Fi Smart Plug with Energy Monitoring- Suitable for Large Appliances like Geysers, Microwave Ovens, Air Conditioners (Works with Alexa and Google Assistant)- White",999.0,Online,In stock,ecommerce_amazon
2026-08-28,2026-08-28T21:39:11.820442,Clicktech Retail Private Ltd,B08HNB2FSH,"Wipro 10A smart plug with Energy monitoring- Suitable for small appliances like TVs, Electric Kettle, Mobile and Laptop Chargers (Works with Alexa and Google Assistant)",909.0,Online,In stock,ecommerce_amazon
2026-08-28,2026-08-28T21:39:19.251008,Clicktech Retail Private Ltd,B0GQGSC9MT,"AGARO Regency 16A Wi-Fi Smart Plug with Energy Monitoring & App Control, Compatible with Alexa & Google Assistant, Voice Control for Geyser, AC & Other Heavy Appliances, Timer & Scheduling, White",699.0,Online,In stock,ecommerce_amazon
2026-08-28,2026-08-28T21:39:26.859878,Smarteefi,B0BHY7ZZ21,Smarteefi 16A WiFi Smart Plug with Guaranteed Timer | Timer Schedules works without Internet | Energy Monitoring | Countdown Timer | Suitable for AC Geyser pump | Compatible with Alexa & Google Home,1499.0,Online,In stock,ecommerce_amazon
2026-08-28,2026-08-28T21:39:34.054697,Clicktech Retail Private Ltd,B0FL2P622N,CP PLUS 3MP Resolution Smart Wi-fi CCTV Home Security Camera | 360° View | Motion Tracking | 2-Way Talk | Cloud & SD Card Support | CTC Cyber Secure Tech | 15M Night Vision | CP-E31Q,2699.0,Online,In stock,ecommerce_amazon
2026-08-28,2026-08-28T21:39:41.869883,Clicktech Retail Private Ltd,B0C81LB8S3,Trueview 3MP Wi-Fi ATC Robot Camera | BIS-ER (STQC Certified) WiFi CCTV Camera | All Time Color Night Vision | Pan Tilt | Smart Tracking | 2-Way Audio | Memory Card & Cloud | Alexa | T18296S,2099.0,Online,In stock,ecommerce_amazon
2026-08-28,2026-08-28T21:39:48.850777,Klyt India Store,B0HDJCZZ1T,Dr Vision 4MP Indoor WiFi Security Camera | 1080P HD | Smart CCTV Camera with 360° Pan Tilt Rotation | Color Night Vision | Motion Detection | Two-Way Audio with Mobile App V380 Pro (Robot Camera),1689.0,Online,In stock,ecommerce_amazon
2026-08-28,2026-08-28T21:39:55.952400,VistaWave Store,B0HC6NSFNK,MacCam 4MP Indoor WiFi Security Camera | 1080P HD | Smart CCTV Camera with 360° Pan Tilt Rotation | Color Night Vision | Motion Detection | Two-Way Audio with Mobile App V380 Pro (Robot Camera),1689.0,Online,In stock,ecommerce_amazon
2026-08-28,2026-08-28T21:40:03.536478,Clicktech Retail Private Ltd,B09WDTVG8C,Trueview 3MP WiFi Robot Security Camera | 360° Pan Tilt | All-Time Color Night Vision | AI Auto Tracking & 2-Way Audio | Alexa Compatible | Supports 256GB Memory Card | STQC Certified for Privacy,1999.0,Online,In stock,ecommerce_amazon
2026-08-28,2026-08-28T21:40:11.354327,Clicktech Retail Private Ltd,B08MCD9JFY,"Tygot 10 Inches Big LED Ring Light for Camera, Phone, tiktok, YouTube, Video Shooting and Makeup, 10"" inch Ring Light with 7 Feet Long Foldable and Lightweight Tripod Stand",599.0,Online,In stock,ecommerce_amazon
2026-08-28,2026-08-28T21:40:18.598754,Clicktech Retail Private Ltd,B09BN2NPBD,"DIGITEK (DRL-14C) LED Ring Light with 5ft Stand & Smartphone Mount - USB Powered, Color Switch Mode, Brightness Control, Dual Temperature - for Photo & Video Shoots, Makeup, Vlogging!",1399.0,Online,In stock,ecommerce_amazon
2026-08-28,2026-08-28T21:40:26.092986,Clicktech Retail Private Ltd,B0C5WYL9M8,"Tygot Professional (12 Inch) LED Ring Light with 7 Feet Tripod Stand for Mobile Phones & Camera, 3 Temperature Mode Dimmable Lighting, Photo-Shoot, Video Shoot, Makeup & More",649.0,Online,In stock,ecommerce_amazon
2026-08-28,2026-08-28T21:40:35.423805,Clicktech Retail Private Ltd,B0BH98BQKR,"Kreo Ring Light 12"" for Video Shooting Professional Studio Light with Stand, Ringlight kit for YouTube Instagram with Accessories (12"" RL W/Tripod)",1299.0,Online,Only 2 left in stock.,ecommerce_amazon
2026-08-28,2026-08-28T21:40:42.468107,Clicktech Retail Private Ltd,B0G4S2B7R9,Studio Panel Light for Video & Photography with Tripod Stand | Content Creation Lighting with Video Recording & Remote Control | 3000K-6500K | 7Ft 360 Rotatable Tripod,1799.0,Online,In stock,ecommerce_amazon
2026-08-28,2026-08-28T21:40:49.944745,Clicktech Retail Private Ltd,B0BDGMNF6V,"HyperX Cloud Stinger 2 Core Smartchoice- Gaming Headset for PlayStation, Lightweight Over-Ear Headset with mic, Swivel-to-Mute Function, 40mm Drivers (6H9B5AA), White",2699.0,Online,In stock,ecommerce_amazon
2026-08-28,2026-08-28T21:40:57.529590,Clicktech Retail Private Ltd,B0BCFKG49M,"HyperX Cloud Stinger 2 Core Essential PC Gaming Wired Headset, Lightweight Over Ear Headset with mic, Swivel-to-Mute Function, 40mm Drivers (683L9AA), Black",2799.0,Online,In stock,ecommerce_amazon
2026-08-28,2026-08-28T21:41:04.739708,Clicktech Retail Private Ltd,B0B5RMKMJL,"Zebronics Jet PRO Premium Wired Gaming On Ear Headphone with LED for Headband + earcups, 40mm Neodymium Drivers, 2 Meter Braided Cable, with mic, Suspension Design, 3.5mm + USB Connector (Black, Blue)",839.0,Online,In stock,ecommerce_amazon
2026-08-28,2026-08-28T21:41:11.985509,Clicktech Retail Private Ltd,B0859KTNZ8,"Cosmic Byte GS430 Gaming wired over ear Headphone, 7 Color RGB LED and Microphone",999.0,Online,In stock,ecommerce_amazon
2026-08-28,2026-08-28T21:41:18.662745,Clicktech Retail Private Ltd,B0H8XYF9TX,"Zebronics Jet 7.1 Ultra Gaming Headset, Hi-Res Audio, 7.1 Surround Sound, 50mm Neodymium Drivers, Advanced Windows Software, Flexible Mic, Multicolor LED, 2m USB Braided Cable, PC & Laptop Compatible",1699.0,Online,In stock,ecommerce_amazon
2026-08-28,2026-08-28T21:41:27.382751,Cocoblu Retail,B09ZPL5VYM,"Ambrane Multipurpose Tabletop Mobile Stand | Adjustable Angle & Height| Universal Holder for iPhone, Samsung, OnePlus & All Smartphones | Portable, Anti-Skid | for Home, Office, Bed & Gifting (Black)",179.0,Online,In stock,ecommerce_amazon
2026-08-28,2026-08-28T21:41:34.961225,Clicktech Retail Private Ltd,B0CP95HMZ6,"amazon basics Aluminum Adjustable Mobile Phone Foldable Tabletop Stand Dock Mount for All Smartphones, Tabs, Kindle, iPad (Black)",359.0,Online,In stock,ecommerce_amazon
2026-08-28,2026-08-28T21:41:42.659450,Cocoblu Retail,B09CYDJ8DQ,"Sounce Phone Tabletop Stand Height Angle Adjustable Stand, Phone Holder for Desk Compatible with OnePlus Redmi Samsung Mi Oppo Vivo iPhone12 Mini 11 Pro Xs Xr X 8 7 Plus, All Smartphones (Black)",259.0,Online,In stock,ecommerce_amazon
2026-08-28,2026-08-28T21:41:49.641165,Cocoblu Retail,B0CQLXQKGR,"Ambrane 360° Rotation, Foldable Design Mobile Stand with Stable Metalic Round Base, Multiple Height & Angle adjustments Compatible with Smartphones, Tablets, Kindles & iPad (Twistand 360, Black)",299.0,Online,In stock,ecommerce_amazon
2026-08-28,2026-08-28T21:41:57.269100,Clicktech Retail Private Ltd,B0DQK87RJG,"Overhead Mobile Stand for Desk | 360° Adjustable Phone Holder | Lazy Arm Mount for Video/Photo Shooting | Bed, Kitchen, Study Table Clamp | Sturdy Metal Stand for Content Creators",795.0,Online,In stock,ecommerce_amazon
