date,timestamp,seller,product_id,product_name,price,city,availability,source
2026-06-01,2026-06-01T06:00:00.000000,IOCL,petrol,Petrol (95 octane),104.21,Mumbai,Available,fuel_psu
2026-06-01,2026-06-01T06:00:00.000000,BPCL,petrol,Petrol (95 octane),104.21,Mumbai,Available,fuel_psu
2026-06-01,2026-06-01T06:00:00.000000,HPCL,petrol,Petrol (95 octane),104.21,Mumbai,Available,fuel_psu
2026-06-01,2026-06-01T06:00:00.000000,IOCL,diesel,Diesel,92.15,Mumbai,Available,fuel_psu
2026-06-01,2026-06-01T06:00:00.000000,BPCL,diesel,Diesel,92.15,Mumbai,Available,fuel_psu
2026-06-01,2026-06-01T06:00:00.000000,HPCL,diesel,Diesel,92.15,Mumbai,Available,fuel_psu
2026-06-01,2026-06-01T06:00:00.000000,IOCL,petrol,Petrol (95 octane),94.72,Delhi,Available,fuel_psu
2026-06-01,2026-06-01T06:00:00.000000,BPCL,petrol,Petrol (95 octane),94.72,Delhi,Available,fuel_psu
2026-06-01,2026-06-01T06:00:00.000000,HPCL,petrol,Petrol (95 octane),94.72,Delhi,Available,fuel_psu
2026-06-01,2026-06-01T06:00:00.000000,IOCL,diesel,Diesel,87.62,Delhi,Available,fuel_psu
2026-06-01,2026-06-01T06:00:00.000000,BPCL,diesel,Diesel,87.62,Delhi,Available,fuel_psu
2026-06-01,2026-06-01T06:00:00.000000,HPCL,diesel,Diesel,87.62,Delhi,Available,fuel_psu
2026-06-01,2026-06-01T06:00:00.000000,IOCL,petrol,Petrol (95 octane),102.86,Bengaluru,Available,fuel_psu
2026-06-01,2026-06-01T06:00:00.000000,BPCL,petrol,Petrol (95 octane),102.86,Bengaluru,Available,fuel_psu
2026-06-01,2026-06-01T06:00:00.000000,HPCL,petrol,Petrol (95 octane),102.86,Bengaluru,Available,fuel_psu
2026-06-01,2026-06-01T06:00:00.000000,IOCL,diesel,Diesel,88.94,Bengaluru,Available,fuel_psu
2026-06-01,2026-06-01T06:00:00.000000,BPCL,diesel,Diesel,88.94,Bengaluru,Available,fuel_psu
2026-06-01,2026-06-01T06:00:00.000000,HPCL,diesel,Diesel,88.94,Bengaluru,Available,fuel_psu
2026-06-01,2026-06-01T06:00:00.000000,IOCL,petrol,Petrol (95 octane),100.75,Chennai,Available,fuel_psu
2026-06-01,2026-06-01T06:00:00.000000,BPCL,petrol,Petrol (95 octane),100.75,Chennai,Available,fuel_psu
2026-06-01,2026-06-01T06:00:00.000000,HPCL,petrol,Petrol (95 octane),100.75,Chennai,Available,fuel_psu
2026-06-01,2026-06-01T06:00:00.000000,IOCL,diesel,Diesel,92.34,Chennai,Available,fuel_psu
2026-06-01,2026-06-01T06:00:00.000000,BPCL,diesel,Diesel,92.34,Chennai,Available,fuel_psu
2026-06-01,2026-06-01T06:00:00.000000,HPCL,diesel,Diesel,92.34,Chennai,Available,fuel_psu
2026-06-01,2026-06-01T06:00:00.000000,IOCL,petrol,Petrol (95 octane),103.94,Kolkata,Available,fuel_psu
2026-06-01,2026-06-01T06:00:00.000000,BPCL,petrol,Petrol (95 octane),103.94,Kolkata,Available,fuel_psu
2026-06-01,2026-06-01T06:00:00.000000,HPCL,petrol,Petrol (95 octane),103.94,Kolkata,Available,fuel_psu
2026-06-01,2026-06-01T06:00:00.000000,IOCL,diesel,Diesel,90.76,Kolkata,Available,fuel_psu
2026-06-01,2026-06-01T06:00:00.000000,BPCL,diesel,Diesel,90.76,Kolkata,Available,fuel_psu
2026-06-01,2026-06-01T06:00:00.000000,HPCL,diesel,Diesel,90.76,Kolkata,Available,fuel_psu
2026-06-01,2026-06-01T06:00:00.000000,IOCL,petrol,Petrol (95 octane),107.41,Hyderabad,Available,fuel_psu
2026-06-01,2026-06-01T06:00:00.000000,BPCL,petrol,Petrol (95 octane),107.41,Hyderabad,Available,fuel_psu
2026-06-01,2026-06-01T06:00:00.000000,HPCL,petrol,Petrol (95 octane),107.41,Hyderabad,Available,fuel_psu
2026-06-01,2026-06-01T06:00:00.000000,IOCL,diesel,Diesel,95.65,Hyderabad,Available,fuel_psu
2026-06-01,2026-06-01T06:00:00.000000,BPCL,diesel,Diesel,95.65,Hyderabad,Available,fuel_psu
2026-06-01,2026-06-01T06:00:00.000000,HPCL,diesel,Diesel,95.65,Hyderabad,Available,fuel_psu
2026-06-01,2026-06-01T06:00:00.000000,IOCL,petrol,Petrol (95 octane),104.08,Pune,Available,fuel_psu
2026-06-01,2026-06-01T06:00:00.000000,BPCL,petrol,Petrol (95 octane),104.08,Pune,Available,fuel_psu
2026-06-01,2026-06-01T06:00:00.000000,HPCL,petrol,Petrol (95 octane),104.08,Pune,Available,fuel_psu
2026-06-01,2026-06-01T06:00:00.000000,IOCL,diesel,Diesel,90.61,Pune,Available,fuel_psu
2026-06-01,2026-06-01T06:00:00.000000,BPCL,diesel,Diesel,90.61,Pune,Available,fuel_psu
2026-06-01,2026-06-01T06:00:00.000000,HPCL,diesel,Diesel,90.61,Pune,Available,fuel_psu
2026-06-01,2026-06-01T06:00:00.000000,IOCL,petrol,Petrol (95 octane),94.44,Ahmedabad,Available,fuel_psu
2026-06-01,2026-06-01T06:00:00.000000,BPCL,petrol,Petrol (95 octane),94.44,Ahmedabad,Available,fuel_psu
2026-06-01,2026-06-01T06:00:00.000000,HPCL,petrol,Petrol (95 octane),94.44,Ahmedabad,Available,fuel_psu
2026-06-01,2026-06-01T06:00:00.000000,IOCL,diesel,Diesel,90.11,Ahmedabad,Available,fuel_psu
2026-06-01,2026-06-01T06:00:00.000000,BPCL,diesel,Diesel,90.11,Ahmedabad,Available,fuel_psu
2026-06-01,2026-06-01T06:00:00.000000,HPCL,diesel,Diesel,90.11,Ahmedabad,Available,fuel_psu
2026-06-01,2026-06-01T06:00:00.000000,IOCL,petrol,Petrol (95 octane),104.88,Jaipur,Available,fuel_psu
2026-06-01,2026-06-01T06:00:00.000000,BPCL,petrol,Petrol (95 octane),104.88,Jaipur,Available,fuel_psu
2026-06-01,2026-06-01T06:00:00.000000,HPCL,petrol,Petrol (95 octane),104.88,Jaipur,Available,fuel_psu
2026-06-01,2026-06-01T06:00:00.000000,IOCL,diesel,Diesel,90.36,Jaipur,Available,fuel_psu
2026-06-01,2026-06-01T06:00:00.000000,BPCL,diesel,Diesel,90.36,Jaipur,Available,fuel_psu
2026-06-01,2026-06-01T06:00:00.000000,HPCL,diesel,Diesel,90.36,Jaipur,Available,fuel_psu
2026-06-01,2026-06-01T06:00:00.000000,IOCL,petrol,Petrol (95 octane),94.65,Lucknow,Available,fuel_psu
2026-06-01,2026-06-01T06:00:00.000000,BPCL,petrol,Petrol (95 octane),94.65,Lucknow,Available,fuel_psu
2026-06-01,2026-06-01T06:00:00.000000,HPCL,petrol,Petrol (95 octane),94.65,Lucknow,Available,fuel_psu
2026-06-01,2026-06-01T06:00:00.000000,IOCL,diesel,Diesel,87.76,Lucknow,Available,fuel_psu
2026-06-01,2026-06-01T06:00:00.000000,BPCL,diesel,Diesel,87.76,Lucknow,Available,fuel_psu
2026-06-01,2026-06-01T06:00:00.000000,HPCL,diesel,Diesel,87.76,Lucknow,Available,fuel_psu
2026-06-01,2026-06-01T06:00:00.000000,IOCL,petrol,Petrol (95 octane),94.24,Chandigarh,Available,fuel_psu
2026-06-01,2026-06-01T06:00:00.000000,BPCL,petrol,Petrol (95 octane),94.24,Chandigarh,Available,fuel_psu
2026-06-01,2026-06-01T06:00:00.000000,HPCL,petrol,Petrol (95 octane),94.24,Chandigarh,Available,fuel_psu
2026-06-01,2026-06-01T06:00:00.000000,IOCL,diesel,Diesel,82.4,Chandigarh,Available,fuel_psu
2026-06-01,2026-06-01T06:00:00.000000,BPCL,diesel,Diesel,82.4,Chandigarh,Available,fuel_psu
2026-06-01,2026-06-01T06:00:00.000000,HPCL,diesel,Diesel,82.4,Chandigarh,Available,fuel_psu
2026-06-01,2026-06-01T06:00:00.000000,IOCL,petrol,Petrol (95 octane),94.31,Surat,Available,fuel_psu
2026-06-01,2026-06-01T06:00:00.000000,BPCL,petrol,Petrol (95 octane),94.31,Surat,Available,fuel_psu
2026-06-01,2026-06-01T06:00:00.000000,HPCL,petrol,Petrol (95 octane),94.31,Surat,Available,fuel_psu
2026-06-01,2026-06-01T06:00:00.000000,IOCL,diesel,Diesel,89.98,Surat,Available,fuel_psu
2026-06-01,2026-06-01T06:00:00.000000,BPCL,diesel,Diesel,89.98,Surat,Available,fuel_psu
2026-06-01,2026-06-01T06:00:00.000000,HPCL,diesel,Diesel,89.98,Surat,Available,fuel_psu
2026-06-01,2026-06-01T06:00:00.000000,IOCL,petrol,Petrol (95 octane),105.18,Patna,Available,fuel_psu
2026-06-01,2026-06-01T06:00:00.000000,BPCL,petrol,Petrol (95 octane),105.18,Patna,Available,fuel_psu
2026-06-01,2026-06-01T06:00:00.000000,HPCL,petrol,Petrol (95 octane),105.18,Patna,Available,fuel_psu
2026-06-01,2026-06-01T06:00:00.000000,IOCL,diesel,Diesel,92.04,Patna,Available,fuel_psu
2026-06-01,2026-06-01T06:00:00.000000,BPCL,diesel,Diesel,92.04,Patna,Available,fuel_psu
2026-06-01,2026-06-01T06:00:00.000000,HPCL,diesel,Diesel,92.04,Patna,Available,fuel_psu
2026-06-01,2026-06-01T06:00:00.000000,IOCL,petrol,Petrol (95 octane),94.66,Noida,Available,fuel_psu
2026-06-01,2026-06-01T06:00:00.000000,BPCL,petrol,Petrol (95 octane),94.66,Noida,Available,fuel_psu
2026-06-01,2026-06-01T06:00:00.000000,HPCL,petrol,Petrol (95 octane),94.66,Noida,Available,fuel_psu
2026-06-01,2026-06-01T06:00:00.000000,IOCL,diesel,Diesel,87.75,Noida,Available,fuel_psu
2026-06-01,2026-06-01T06:00:00.000000,BPCL,diesel,Diesel,87.75,Noida,Available,fuel_psu
2026-06-01,2026-06-01T06:00:00.000000,HPCL,diesel,Diesel,87.75,Noida,Available,fuel_psu
2026-06-01,2026-06-01T06:00:00.000000,IOCL,petrol,Petrol (95 octane),94.98,Gurgaon,Available,fuel_psu
2026-06-01,2026-06-01T06:00:00.000000,BPCL,petrol,Petrol (95 octane),94.98,Gurgaon,Available,fuel_psu
2026-06-01,2026-06-01T06:00:00.000000,HPCL,petrol,Petrol (95 octane),94.98,Gurgaon,Available,fuel_psu
2026-06-01,2026-06-01T06:00:00.000000,IOCL,diesel,Diesel,87.85,Gurgaon,Available,fuel_psu
2026-06-01,2026-06-01T06:00:00.000000,BPCL,diesel,Diesel,87.85,Gurgaon,Available,fuel_psu
2026-06-01,2026-06-01T06:00:00.000000,HPCL,diesel,Diesel,87.85,Gurgaon,Available,fuel_psu
2026-06-01,2026-06-01T06:00:00.000000,IOCL,petrol,Petrol (95 octane),106.5,Indore,Available,fuel_psu
2026-06-01,2026-06-01T06:00:00.000000,BPCL,petrol,Petrol (95 octane),106.5,Indore,Available,fuel_psu
2026-06-01,2026-06-01T06:00:00.000000,HPCL,petrol,Petrol (95 octane),106.5,Indore,Available,fuel_psu
2026-06-01,2026-06-01T06:00:00.000000,IOCL,diesel,Diesel,91.89,Indore,Available,fuel_psu
2026-06-01,2026-06-01T06:00:00.000000,BPCL,diesel,Diesel,91.89,Indore,Available,fuel_psu
2026-06-01,2026-06-01T06:00:00.000000,HPCL,diesel,Diesel,91.89,Indore,Available,fuel_psu
2026-06-02,2026-06-02T06:00:00.000000,IOCL,petrol,Petrol (95 octane),104.21,Mumbai,Available,fuel_psu
2026-06-02,2026-06-02T06:00:00.000000,BPCL,petrol,Petrol (95 octane),104.21,Mumbai,Available,fuel_psu
2026-06-02,2026-06-02T06:00:00.000000,HPCL,petrol,Petrol (95 octane),104.21,Mumbai,Available,fuel_psu
2026-06-02,2026-06-02T06:00:00.000000,IOCL,diesel,Diesel,92.15,Mumbai,Available,fuel_psu
2026-06-02,2026-06-02T06:00:00.000000,BPCL,diesel,Diesel,92.15,Mumbai,Available,fuel_psu
2026-06-02,2026-06-02T06:00:00.000000,HPCL,diesel,Diesel,92.15,Mumbai,Available,fuel_psu
2026-06-02,2026-06-02T06:00:00.000000,IOCL,petrol,Petrol (95 octane),94.72,Delhi,Available,fuel_psu
2026-06-02,2026-06-02T06:00:00.000000,BPCL,petrol,Petrol (95 octane),94.72,Delhi,Available,fuel_psu
2026-06-02,2026-06-02T06:00:00.000000,HPCL,petrol,Petrol (95 octane),94.72,Delhi,Available,fuel_psu
2026-06-02,2026-06-02T06:00:00.000000,IOCL,diesel,Diesel,87.62,Delhi,Available,fuel_psu
2026-06-02,2026-06-02T06:00:00.000000,BPCL,diesel,Diesel,87.62,Delhi,Available,fuel_psu
2026-06-02,2026-06-02T06:00:00.000000,HPCL,diesel,Diesel,87.62,Delhi,Available,fuel_psu
2026-06-02,2026-06-02T06:00:00.000000,IOCL,petrol,Petrol (95 octane),102.86,Bengaluru,Available,fuel_psu
2026-06-02,2026-06-02T06:00:00.000000,BPCL,petrol,Petrol (95 octane),102.86,Bengaluru,Available,fuel_psu
2026-06-02,2026-06-02T06:00:00.000000,HPCL,petrol,Petrol (95 octane),102.86,Bengaluru,Available,fuel_psu
2026-06-02,2026-06-02T06:00:00.000000,IOCL,diesel,Diesel,88.94,Bengaluru,Available,fuel_psu
2026-06-02,2026-06-02T06:00:00.000000,BPCL,diesel,Diesel,88.94,Bengaluru,Available,fuel_psu
2026-06-02,2026-06-02T06:00:00.000000,HPCL,diesel,Diesel,88.94,Bengaluru,Available,fuel_psu
2026-06-02,2026-06-02T06:00:00.000000,IOCL,petrol,Petrol (95 octane),100.75,Chennai,Available,fuel_psu
2026-06-02,2026-06-02T06:00:00.000000,BPCL,petrol,Petrol (95 octane),100.75,Chennai,Available,fuel_psu
2026-06-02,2026-06-02T06:00:00.000000,HPCL,petrol,Petrol (95 octane),100.75,Chennai,Available,fuel_psu
2026-06-02,2026-06-02T06:00:00.000000,IOCL,diesel,Diesel,92.34,Chennai,Available,fuel_psu
2026-06-02,2026-06-02T06:00:00.000000,BPCL,diesel,Diesel,92.34,Chennai,Available,fuel_psu
2026-06-02,2026-06-02T06:00:00.000000,HPCL,diesel,Diesel,92.34,Chennai,Available,fuel_psu
2026-06-02,2026-06-02T06:00:00.000000,IOCL,petrol,Petrol (95 octane),103.94,Kolkata,Available,fuel_psu
2026-06-02,2026-06-02T06:00:00.000000,BPCL,petrol,Petrol (95 octane),103.94,Kolkata,Available,fuel_psu
2026-06-02,2026-06-02T06:00:00.000000,HPCL,petrol,Petrol (95 octane),103.94,Kolkata,Available,fuel_psu
2026-06-02,2026-06-02T06:00:00.000000,IOCL,diesel,Diesel,90.76,Kolkata,Available,fuel_psu
2026-06-02,2026-06-02T06:00:00.000000,BPCL,diesel,Diesel,90.76,Kolkata,Available,fuel_psu
2026-06-02,2026-06-02T06:00:00.000000,HPCL,diesel,Diesel,90.76,Kolkata,Available,fuel_psu
2026-06-02,2026-06-02T06:00:00.000000,IOCL,petrol,Petrol (95 octane),107.41,Hyderabad,Available,fuel_psu
2026-06-02,2026-06-02T06:00:00.000000,BPCL,petrol,Petrol (95 octane),107.41,Hyderabad,Available,fuel_psu
2026-06-02,2026-06-02T06:00:00.000000,HPCL,petrol,Petrol (95 octane),107.41,Hyderabad,Available,fuel_psu
2026-06-02,2026-06-02T06:00:00.000000,IOCL,diesel,Diesel,95.65,Hyderabad,Available,fuel_psu
2026-06-02,2026-06-02T06:00:00.000000,BPCL,diesel,Diesel,95.65,Hyderabad,Available,fuel_psu
2026-06-02,2026-06-02T06:00:00.000000,HPCL,diesel,Diesel,95.65,Hyderabad,Available,fuel_psu
2026-06-02,2026-06-02T06:00:00.000000,IOCL,petrol,Petrol (95 octane),104.08,Pune,Available,fuel_psu
2026-06-02,2026-06-02T06:00:00.000000,BPCL,petrol,Petrol (95 octane),104.08,Pune,Available,fuel_psu
2026-06-02,2026-06-02T06:00:00.000000,HPCL,petrol,Petrol (95 octane),104.08,Pune,Available,fuel_psu
2026-06-02,2026-06-02T06:00:00.000000,IOCL,diesel,Diesel,90.61,Pune,Available,fuel_psu
2026-06-02,2026-06-02T06:00:00.000000,BPCL,diesel,Diesel,90.61,Pune,Available,fuel_psu
2026-06-02,2026-06-02T06:00:00.000000,HPCL,diesel,Diesel,90.61,Pune,Available,fuel_psu
2026-06-02,2026-06-02T06:00:00.000000,IOCL,petrol,Petrol (95 octane),94.44,Ahmedabad,Available,fuel_psu
2026-06-02,2026-06-02T06:00:00.000000,BPCL,petrol,Petrol (95 octane),94.44,Ahmedabad,Available,fuel_psu
2026-06-02,2026-06-02T06:00:00.000000,HPCL,petrol,Petrol (95 octane),94.44,Ahmedabad,Available,fuel_psu
2026-06-02,2026-06-02T06:00:00.000000,IOCL,diesel,Diesel,90.11,Ahmedabad,Available,fuel_psu
2026-06-02,2026-06-02T06:00:00.000000,BPCL,diesel,Diesel,90.11,Ahmedabad,Available,fuel_psu
2026-06-02,2026-06-02T06:00:00.000000,HPCL,diesel,Diesel,90.11,Ahmedabad,Available,fuel_psu
2026-06-02,2026-06-02T06:00:00.000000,IOCL,petrol,Petrol (95 octane),104.88,Jaipur,Available,fuel_psu
2026-06-02,2026-06-02T06:00:00.000000,BPCL,petrol,Petrol (95 octane),104.88,Jaipur,Available,fuel_psu
2026-06-02,2026-06-02T06:00:00.000000,HPCL,petrol,Petrol (95 octane),104.88,Jaipur,Available,fuel_psu
2026-06-02,2026-06-02T06:00:00.000000,IOCL,diesel,Diesel,90.36,Jaipur,Available,fuel_psu
2026-06-02,2026-06-02T06:00:00.000000,BPCL,diesel,Diesel,90.36,Jaipur,Available,fuel_psu
2026-06-02,2026-06-02T06:00:00.000000,HPCL,diesel,Diesel,90.36,Jaipur,Available,fuel_psu
2026-06-02,2026-06-02T06:00:00.000000,IOCL,petrol,Petrol (95 octane),94.65,Lucknow,Available,fuel_psu
2026-06-02,2026-06-02T06:00:00.000000,BPCL,petrol,Petrol (95 octane),94.65,Lucknow,Available,fuel_psu
2026-06-02,2026-06-02T06:00:00.000000,HPCL,petrol,Petrol (95 octane),94.65,Lucknow,Available,fuel_psu
2026-06-02,2026-06-02T06:00:00.000000,IOCL,diesel,Diesel,87.76,Lucknow,Available,fuel_psu
2026-06-02,2026-06-02T06:00:00.000000,BPCL,diesel,Diesel,87.76,Lucknow,Available,fuel_psu
2026-06-02,2026-06-02T06:00:00.000000,HPCL,diesel,Diesel,87.76,Lucknow,Available,fuel_psu
2026-06-02,2026-06-02T06:00:00.000000,IOCL,petrol,Petrol (95 octane),94.24,Chandigarh,Available,fuel_psu
2026-06-02,2026-06-02T06:00:00.000000,BPCL,petrol,Petrol (95 octane),94.24,Chandigarh,Available,fuel_psu
2026-06-02,2026-06-02T06:00:00.000000,HPCL,petrol,Petrol (95 octane),94.24,Chandigarh,Available,fuel_psu
2026-06-02,2026-06-02T06:00:00.000000,IOCL,diesel,Diesel,82.4,Chandigarh,Available,fuel_psu
2026-06-02,2026-06-02T06:00:00.000000,BPCL,diesel,Diesel,82.4,Chandigarh,Available,fuel_psu
2026-06-02,2026-06-02T06:00:00.000000,HPCL,diesel,Diesel,82.4,Chandigarh,Available,fuel_psu
2026-06-02,2026-06-02T06:00:00.000000,IOCL,petrol,Petrol (95 octane),94.31,Surat,Available,fuel_psu
2026-06-02,2026-06-02T06:00:00.000000,BPCL,petrol,Petrol (95 octane),94.31,Surat,Available,fuel_psu
2026-06-02,2026-06-02T06:00:00.000000,HPCL,petrol,Petrol (95 octane),94.31,Surat,Available,fuel_psu
2026-06-02,2026-06-02T06:00:00.000000,IOCL,diesel,Diesel,89.98,Surat,Available,fuel_psu
2026-06-02,2026-06-02T06:00:00.000000,BPCL,diesel,Diesel,89.98,Surat,Available,fuel_psu
2026-06-02,2026-06-02T06:00:00.000000,HPCL,diesel,Diesel,89.98,Surat,Available,fuel_psu
2026-06-02,2026-06-02T06:00:00.000000,IOCL,petrol,Petrol (95 octane),105.18,Patna,Available,fuel_psu
2026-06-02,2026-06-02T06:00:00.000000,BPCL,petrol,Petrol (95 octane),105.18,Patna,Available,fuel_psu
2026-06-02,2026-06-02T06:00:00.000000,HPCL,petrol,Petrol (95 octane),105.18,Patna,Available,fuel_psu
2026-06-02,2026-06-02T06:00:00.000000,IOCL,diesel,Diesel,92.04,Patna,Available,fuel_psu
2026-06-02,2026-06-02T06:00:00.000000,BPCL,diesel,Diesel,92.04,Patna,Available,fuel_psu
2026-06-02,2026-06-02T06:00:00.000000,HPCL,diesel,Diesel,92.04,Patna,Available,fuel_psu
2026-06-02,2026-06-02T06:00:00.000000,IOCL,petrol,Petrol (95 octane),94.66,Noida,Available,fuel_psu
2026-06-02,2026-06-02T06:00:00.000000,BPCL,petrol,Petrol (95 octane),94.66,Noida,Available,fuel_psu
2026-06-02,2026-06-02T06:00:00.000000,HPCL,petrol,Petrol (95 octane),94.66,Noida,Available,fuel_psu
2026-06-02,2026-06-02T06:00:00.000000,IOCL,diesel,Diesel,87.75,Noida,Available,fuel_psu
2026-06-02,2026-06-02T06:00:00.000000,BPCL,diesel,Diesel,87.75,Noida,Available,fuel_psu
2026-06-02,2026-06-02T06:00:00.000000,HPCL,diesel,Diesel,87.75,Noida,Available,fuel_psu
2026-06-02,2026-06-02T06:00:00.000000,IOCL,petrol,Petrol (95 octane),94.98,Gurgaon,Available,fuel_psu
2026-06-02,2026-06-02T06:00:00.000000,BPCL,petrol,Petrol (95 octane),94.98,Gurgaon,Available,fuel_psu
2026-06-02,2026-06-02T06:00:00.000000,HPCL,petrol,Petrol (95 octane),94.98,Gurgaon,Available,fuel_psu
2026-06-02,2026-06-02T06:00:00.000000,IOCL,diesel,Diesel,87.85,Gurgaon,Available,fuel_psu
2026-06-02,2026-06-02T06:00:00.000000,BPCL,diesel,Diesel,87.85,Gurgaon,Available,fuel_psu
2026-06-02,2026-06-02T06:00:00.000000,HPCL,diesel,Diesel,87.85,Gurgaon,Available,fuel_psu
2026-06-02,2026-06-02T06:00:00.000000,IOCL,petrol,Petrol (95 octane),106.5,Indore,Available,fuel_psu
2026-06-02,2026-06-02T06:00:00.000000,BPCL,petrol,Petrol (95 octane),106.5,Indore,Available,fuel_psu
2026-06-02,2026-06-02T06:00:00.000000,HPCL,petrol,Petrol (95 octane),106.5,Indore,Available,fuel_psu
2026-06-02,2026-06-02T06:00:00.000000,IOCL,diesel,Diesel,91.89,Indore,Available,fuel_psu
2026-06-02,2026-06-02T06:00:00.000000,BPCL,diesel,Diesel,91.89,Indore,Available,fuel_psu
2026-06-02,2026-06-02T06:00:00.000000,HPCL,diesel,Diesel,91.89,Indore,Available,fuel_psu
2026-06-03,2026-06-03T06:00:00.000000,IOCL,petrol,Petrol (95 octane),103.71,Mumbai,Available,fuel_psu
2026-06-03,2026-06-03T06:00:00.000000,BPCL,petrol,Petrol (95 octane),103.71,Mumbai,Available,fuel_psu
2026-06-03,2026-06-03T06:00:00.000000,HPCL,petrol,Petrol (95 octane),103.71,Mumbai,Available,fuel_psu
2026-06-03,2026-06-03T06:00:00.000000,IOCL,diesel,Diesel,91.55,Mumbai,Available,fuel_psu
2026-06-03,2026-06-03T06:00:00.000000,BPCL,diesel,Diesel,91.55,Mumbai,Available,fuel_psu
2026-06-03,2026-06-03T06:00:00.000000,HPCL,diesel,Diesel,91.55,Mumbai,Available,fuel_psu
2026-06-03,2026-06-03T06:00:00.000000,IOCL,petrol,Petrol (95 octane),94.22,Delhi,Available,fuel_psu
2026-06-03,2026-06-03T06:00:00.000000,BPCL,petrol,Petrol (95 octane),94.22,Delhi,Available,fuel_psu
2026-06-03,2026-06-03T06:00:00.000000,HPCL,petrol,Petrol (95 octane),94.22,Delhi,Available,fuel_psu
2026-06-03,2026-06-03T06:00:00.000000,IOCL,diesel,Diesel,87.02,Delhi,Available,fuel_psu
2026-06-03,2026-06-03T06:00:00.000000,BPCL,diesel,Diesel,87.02,Delhi,Available,fuel_psu
2026-06-03,2026-06-03T06:00:00.000000,HPCL,diesel,Diesel,87.02,Delhi,Available,fuel_psu
2026-06-03,2026-06-03T06:00:00.000000,IOCL,petrol,Petrol (95 octane),102.36,Bengaluru,Available,fuel_psu
2026-06-03,2026-06-03T06:00:00.000000,BPCL,petrol,Petrol (95 octane),102.36,Bengaluru,Available,fuel_psu
2026-06-03,2026-06-03T06:00:00.000000,HPCL,petrol,Petrol (95 octane),102.36,Bengaluru,Available,fuel_psu
2026-06-03,2026-06-03T06:00:00.000000,IOCL,diesel,Diesel,88.34,Bengaluru,Available,fuel_psu
2026-06-03,2026-06-03T06:00:00.000000,BPCL,diesel,Diesel,88.34,Bengaluru,Available,fuel_psu
2026-06-03,2026-06-03T06:00:00.000000,HPCL,diesel,Diesel,88.34,Bengaluru,Available,fuel_psu
2026-06-03,2026-06-03T06:00:00.000000,IOCL,petrol,Petrol (95 octane),100.25,Chennai,Available,fuel_psu
2026-06-03,2026-06-03T06:00:00.000000,BPCL,petrol,Petrol (95 octane),100.25,Chennai,Available,fuel_psu
2026-06-03,2026-06-03T06:00:00.000000,HPCL,petrol,Petrol (95 octane),100.25,Chennai,Available,fuel_psu
2026-06-03,2026-06-03T06:00:00.000000,IOCL,diesel,Diesel,91.74,Chennai,Available,fuel_psu
2026-06-03,2026-06-03T06:00:00.000000,BPCL,diesel,Diesel,91.74,Chennai,Available,fuel_psu
2026-06-03,2026-06-03T06:00:00.000000,HPCL,diesel,Diesel,91.74,Chennai,Available,fuel_psu
2026-06-03,2026-06-03T06:00:00.000000,IOCL,petrol,Petrol (95 octane),103.44,Kolkata,Available,fuel_psu
2026-06-03,2026-06-03T06:00:00.000000,BPCL,petrol,Petrol (95 octane),103.44,Kolkata,Available,fuel_psu
2026-06-03,2026-06-03T06:00:00.000000,HPCL,petrol,Petrol (95 octane),103.44,Kolkata,Available,fuel_psu
2026-06-03,2026-06-03T06:00:00.000000,IOCL,diesel,Diesel,90.16,Kolkata,Available,fuel_psu
2026-06-03,2026-06-03T06:00:00.000000,BPCL,diesel,Diesel,90.16,Kolkata,Available,fuel_psu
2026-06-03,2026-06-03T06:00:00.000000,HPCL,diesel,Diesel,90.16,Kolkata,Available,fuel_psu
2026-06-03,2026-06-03T06:00:00.000000,IOCL,petrol,Petrol (95 octane),106.91,Hyderabad,Available,fuel_psu
2026-06-03,2026-06-03T06:00:00.000000,BPCL,petrol,Petrol (95 octane),106.91,Hyderabad,Available,fuel_psu
2026-06-03,2026-06-03T06:00:00.000000,HPCL,petrol,Petrol (95 octane),106.91,Hyderabad,Available,fuel_psu
2026-06-03,2026-06-03T06:00:00.000000,IOCL,diesel,Diesel,95.05,Hyderabad,Available,fuel_psu
2026-06-03,2026-06-03T06:00:00.000000,BPCL,diesel,Diesel,95.05,Hyderabad,Available,fuel_psu
2026-06-03,2026-06-03T06:00:00.000000,HPCL,diesel,Diesel,95.05,Hyderabad,Available,fuel_psu
2026-06-03,2026-06-03T06:00:00.000000,IOCL,petrol,Petrol (95 octane),103.58,Pune,Available,fuel_psu
2026-06-03,2026-06-03T06:00:00.000000,BPCL,petrol,Petrol (95 octane),103.58,Pune,Available,fuel_psu
2026-06-03,2026-06-03T06:00:00.000000,HPCL,petrol,Petrol (95 octane),103.58,Pune,Available,fuel_psu
2026-06-03,2026-06-03T06:00:00.000000,IOCL,diesel,Diesel,90.01,Pune,Available,fuel_psu
2026-06-03,2026-06-03T06:00:00.000000,BPCL,diesel,Diesel,90.01,Pune,Available,fuel_psu
2026-06-03,2026-06-03T06:00:00.000000,HPCL,diesel,Diesel,90.01,Pune,Available,fuel_psu
2026-06-03,2026-06-03T06:00:00.000000,IOCL,petrol,Petrol (95 octane),93.94,Ahmedabad,Available,fuel_psu
2026-06-03,2026-06-03T06:00:00.000000,BPCL,petrol,Petrol (95 octane),93.94,Ahmedabad,Available,fuel_psu
2026-06-03,2026-06-03T06:00:00.000000,HPCL,petrol,Petrol (95 octane),93.94,Ahmedabad,Available,fuel_psu
2026-06-03,2026-06-03T06:00:00.000000,IOCL,diesel,Diesel,89.51,Ahmedabad,Available,fuel_psu
2026-06-03,2026-06-03T06:00:00.000000,BPCL,diesel,Diesel,89.51,Ahmedabad,Available,fuel_psu
2026-06-03,2026-06-03T06:00:00.000000,HPCL,diesel,Diesel,89.51,Ahmedabad,Available,fuel_psu
2026-06-03,2026-06-03T06:00:00.000000,IOCL,petrol,Petrol (95 octane),104.38,Jaipur,Available,fuel_psu
2026-06-03,2026-06-03T06:00:00.000000,BPCL,petrol,Petrol (95 octane),104.38,Jaipur,Available,fuel_psu
2026-06-03,2026-06-03T06:00:00.000000,HPCL,petrol,Petrol (95 octane),104.38,Jaipur,Available,fuel_psu
2026-06-03,2026-06-03T06:00:00.000000,IOCL,diesel,Diesel,89.76,Jaipur,Available,fuel_psu
2026-06-03,2026-06-03T06:00:00.000000,BPCL,diesel,Diesel,89.76,Jaipur,Available,fuel_psu
2026-06-03,2026-06-03T06:00:00.000000,HPCL,diesel,Diesel,89.76,Jaipur,Available,fuel_psu
2026-06-03,2026-06-03T06:00:00.000000,IOCL,petrol,Petrol (95 octane),94.15,Lucknow,Available,fuel_psu
2026-06-03,2026-06-03T06:00:00.000000,BPCL,petrol,Petrol (95 octane),94.15,Lucknow,Available,fuel_psu
2026-06-03,2026-06-03T06:00:00.000000,HPCL,petrol,Petrol (95 octane),94.15,Lucknow,Available,fuel_psu
2026-06-03,2026-06-03T06:00:00.000000,IOCL,diesel,Diesel,87.16,Lucknow,Available,fuel_psu
2026-06-03,2026-06-03T06:00:00.000000,BPCL,diesel,Diesel,87.16,Lucknow,Available,fuel_psu
2026-06-03,2026-06-03T06:00:00.000000,HPCL,diesel,Diesel,87.16,Lucknow,Available,fuel_psu
2026-06-03,2026-06-03T06:00:00.000000,IOCL,petrol,Petrol (95 octane),93.74,Chandigarh,Available,fuel_psu
2026-06-03,2026-06-03T06:00:00.000000,BPCL,petrol,Petrol (95 octane),93.74,Chandigarh,Available,fuel_psu
2026-06-03,2026-06-03T06:00:00.000000,HPCL,petrol,Petrol (95 octane),93.74,Chandigarh,Available,fuel_psu
2026-06-03,2026-06-03T06:00:00.000000,IOCL,diesel,Diesel,81.8,Chandigarh,Available,fuel_psu
2026-06-03,2026-06-03T06:00:00.000000,BPCL,diesel,Diesel,81.8,Chandigarh,Available,fuel_psu
2026-06-03,2026-06-03T06:00:00.000000,HPCL,diesel,Diesel,81.8,Chandigarh,Available,fuel_psu
2026-06-03,2026-06-03T06:00:00.000000,IOCL,petrol,Petrol (95 octane),93.81,Surat,Available,fuel_psu
2026-06-03,2026-06-03T06:00:00.000000,BPCL,petrol,Petrol (95 octane),93.81,Surat,Available,fuel_psu
2026-06-03,2026-06-03T06:00:00.000000,HPCL,petrol,Petrol (95 octane),93.81,Surat,Available,fuel_psu
2026-06-03,2026-06-03T06:00:00.000000,IOCL,diesel,Diesel,89.38,Surat,Available,fuel_psu
2026-06-03,2026-06-03T06:00:00.000000,BPCL,diesel,Diesel,89.38,Surat,Available,fuel_psu
2026-06-03,2026-06-03T06:00:00.000000,HPCL,diesel,Diesel,89.38,Surat,Available,fuel_psu
2026-06-03,2026-06-03T06:00:00.000000,IOCL,petrol,Petrol (95 octane),104.68,Patna,Available,fuel_psu
2026-06-03,2026-06-03T06:00:00.000000,BPCL,petrol,Petrol (95 octane),104.68,Patna,Available,fuel_psu
2026-06-03,2026-06-03T06:00:00.000000,HPCL,petrol,Petrol (95 octane),104.68,Patna,Available,fuel_psu
2026-06-03,2026-06-03T06:00:00.000000,IOCL,diesel,Diesel,91.44,Patna,Available,fuel_psu
2026-06-03,2026-06-03T06:00:00.000000,BPCL,diesel,Diesel,91.44,Patna,Available,fuel_psu
2026-06-03,2026-06-03T06:00:00.000000,HPCL,diesel,Diesel,91.44,Patna,Available,fuel_psu
2026-06-03,2026-06-03T06:00:00.000000,IOCL,petrol,Petrol (95 octane),94.16,Noida,Available,fuel_psu
2026-06-03,2026-06-03T06:00:00.000000,BPCL,petrol,Petrol (95 octane),94.16,Noida,Available,fuel_psu
2026-06-03,2026-06-03T06:00:00.000000,HPCL,petrol,Petrol (95 octane),94.16,Noida,Available,fuel_psu
2026-06-03,2026-06-03T06:00:00.000000,IOCL,diesel,Diesel,87.15,Noida,Available,fuel_psu
2026-06-03,2026-06-03T06:00:00.000000,BPCL,diesel,Diesel,87.15,Noida,Available,fuel_psu
2026-06-03,2026-06-03T06:00:00.000000,HPCL,diesel,Diesel,87.15,Noida,Available,fuel_psu
2026-06-03,2026-06-03T06:00:00.000000,IOCL,petrol,Petrol (95 octane),94.48,Gurgaon,Available,fuel_psu
2026-06-03,2026-06-03T06:00:00.000000,BPCL,petrol,Petrol (95 octane),94.48,Gurgaon,Available,fuel_psu
2026-06-03,2026-06-03T06:00:00.000000,HPCL,petrol,Petrol (95 octane),94.48,Gurgaon,Available,fuel_psu
2026-06-03,2026-06-03T06:00:00.000000,IOCL,diesel,Diesel,87.25,Gurgaon,Available,fuel_psu
2026-06-03,2026-06-03T06:00:00.000000,BPCL,diesel,Diesel,87.25,Gurgaon,Available,fuel_psu
2026-06-03,2026-06-03T06:00:00.000000,HPCL,diesel,Diesel,87.25,Gurgaon,Available,fuel_psu
2026-06-03,2026-06-03T06:00:00.000000,IOCL,petrol,Petrol (95 octane),106.0,Indore,Available,fuel_psu
2026-06-03,2026-06-03T06:00:00.000000,BPCL,petrol,Petrol (95 octane),106.0,Indore,Available,fuel_psu
2026-06-03,2026-06-03T06:00:00.000000,HPCL,petrol,Petrol (95 octane),106.0,Indore,Available,fuel_psu
2026-06-03,2026-06-03T06:00:00.000000,IOCL,diesel,Diesel,91.29,Indore,Available,fuel_psu
2026-06-03,2026-06-03T06:00:00.000000,BPCL,diesel,Diesel,91.29,Indore,Available,fuel_psu
2026-06-03,2026-06-03T06:00:00.000000,HPCL,diesel,Diesel,91.29,Indore,Available,fuel_psu
2026-06-04,2026-06-04T06:00:00.000000,IOCL,petrol,Petrol (95 octane),103.71,Mumbai,Available,fuel_psu
2026-06-04,2026-06-04T06:00:00.000000,BPCL,petrol,Petrol (95 octane),103.71,Mumbai,Available,fuel_psu
2026-06-04,2026-06-04T06:00:00.000000,HPCL,petrol,Petrol (95 octane),103.71,Mumbai,Available,fuel_psu
2026-06-04,2026-06-04T06:00:00.000000,IOCL,diesel,Diesel,91.55,Mumbai,Available,fuel_psu
2026-06-04,2026-06-04T06:00:00.000000,BPCL,diesel,Diesel,91.55,Mumbai,Available,fuel_psu
2026-06-04,2026-06-04T06:00:00.000000,HPCL,diesel,Diesel,91.55,Mumbai,Available,fuel_psu
2026-06-04,2026-06-04T06:00:00.000000,IOCL,petrol,Petrol (95 octane),94.22,Delhi,Available,fuel_psu
2026-06-04,2026-06-04T06:00:00.000000,BPCL,petrol,Petrol (95 octane),94.22,Delhi,Available,fuel_psu
2026-06-04,2026-06-04T06:00:00.000000,HPCL,petrol,Petrol (95 octane),94.22,Delhi,Available,fuel_psu
2026-06-04,2026-06-04T06:00:00.000000,IOCL,diesel,Diesel,87.02,Delhi,Available,fuel_psu
2026-06-04,2026-06-04T06:00:00.000000,BPCL,diesel,Diesel,87.02,Delhi,Available,fuel_psu
2026-06-04,2026-06-04T06:00:00.000000,HPCL,diesel,Diesel,87.02,Delhi,Available,fuel_psu
2026-06-04,2026-06-04T06:00:00.000000,IOCL,petrol,Petrol (95 octane),102.36,Bengaluru,Available,fuel_psu
2026-06-04,2026-06-04T06:00:00.000000,BPCL,petrol,Petrol (95 octane),102.36,Bengaluru,Available,fuel_psu
2026-06-04,2026-06-04T06:00:00.000000,HPCL,petrol,Petrol (95 octane),102.36,Bengaluru,Available,fuel_psu
2026-06-04,2026-06-04T06:00:00.000000,IOCL,diesel,Diesel,88.34,Bengaluru,Available,fuel_psu
2026-06-04,2026-06-04T06:00:00.000000,BPCL,diesel,Diesel,88.34,Bengaluru,Available,fuel_psu
2026-06-04,2026-06-04T06:00:00.000000,HPCL,diesel,Diesel,88.34,Bengaluru,Available,fuel_psu
2026-06-04,2026-06-04T06:00:00.000000,IOCL,petrol,Petrol (95 octane),100.25,Chennai,Available,fuel_psu
2026-06-04,2026-06-04T06:00:00.000000,BPCL,petrol,Petrol (95 octane),100.25,Chennai,Available,fuel_psu
2026-06-04,2026-06-04T06:00:00.000000,HPCL,petrol,Petrol (95 octane),100.25,Chennai,Available,fuel_psu
2026-06-04,2026-06-04T06:00:00.000000,IOCL,diesel,Diesel,91.74,Chennai,Available,fuel_psu
2026-06-04,2026-06-04T06:00:00.000000,BPCL,diesel,Diesel,91.74,Chennai,Available,fuel_psu
2026-06-04,2026-06-04T06:00:00.000000,HPCL,diesel,Diesel,91.74,Chennai,Available,fuel_psu
2026-06-04,2026-06-04T06:00:00.000000,IOCL,petrol,Petrol (95 octane),103.44,Kolkata,Available,fuel_psu
2026-06-04,2026-06-04T06:00:00.000000,BPCL,petrol,Petrol (95 octane),103.44,Kolkata,Available,fuel_psu
2026-06-04,2026-06-04T06:00:00.000000,HPCL,petrol,Petrol (95 octane),103.44,Kolkata,Available,fuel_psu
2026-06-04,2026-06-04T06:00:00.000000,IOCL,diesel,Diesel,90.16,Kolkata,Available,fuel_psu
2026-06-04,2026-06-04T06:00:00.000000,BPCL,diesel,Diesel,90.16,Kolkata,Available,fuel_psu
2026-06-04,2026-06-04T06:00:00.000000,HPCL,diesel,Diesel,90.16,Kolkata,Available,fuel_psu
2026-06-04,2026-06-04T06:00:00.000000,IOCL,petrol,Petrol (95 octane),106.91,Hyderabad,Available,fuel_psu
2026-06-04,2026-06-04T06:00:00.000000,BPCL,petrol,Petrol (95 octane),106.91,Hyderabad,Available,fuel_psu
2026-06-04,2026-06-04T06:00:00.000000,HPCL,petrol,Petrol (95 octane),106.91,Hyderabad,Available,fuel_psu
2026-06-04,2026-06-04T06:00:00.000000,IOCL,diesel,Diesel,95.05,Hyderabad,Available,fuel_psu
2026-06-04,2026-06-04T06:00:00.000000,BPCL,diesel,Diesel,95.05,Hyderabad,Available,fuel_psu
2026-06-04,2026-06-04T06:00:00.000000,HPCL,diesel,Diesel,95.05,Hyderabad,Available,fuel_psu
2026-06-04,2026-06-04T06:00:00.000000,IOCL,petrol,Petrol (95 octane),103.58,Pune,Available,fuel_psu
2026-06-04,2026-06-04T06:00:00.000000,BPCL,petrol,Petrol (95 octane),103.58,Pune,Available,fuel_psu
2026-06-04,2026-06-04T06:00:00.000000,HPCL,petrol,Petrol (95 octane),103.58,Pune,Available,fuel_psu
2026-06-04,2026-06-04T06:00:00.000000,IOCL,diesel,Diesel,90.01,Pune,Available,fuel_psu
2026-06-04,2026-06-04T06:00:00.000000,BPCL,diesel,Diesel,90.01,Pune,Available,fuel_psu
2026-06-04,2026-06-04T06:00:00.000000,HPCL,diesel,Diesel,90.01,Pune,Available,fuel_psu
2026-06-04,2026-06-04T06:00:00.000000,IOCL,petrol,Petrol (95 octane),93.94,Ahmedabad,Available,fuel_psu
2026-06-04,2026-06-04T06:00:00.000000,BPCL,petrol,Petrol (95 octane),93.94,Ahmedabad,Available,fuel_psu
2026-06-04,2026-06-04T06:00:00.000000,HPCL,petrol,Petrol (95 octane),93.94,Ahmedabad,Available,fuel_psu
2026-06-04,2026-06-04T06:00:00.000000,IOCL,diesel,Diesel,89.51,Ahmedabad,Available,fuel_psu
2026-06-04,2026-06-04T06:00:00.000000,BPCL,diesel,Diesel,89.51,Ahmedabad,Available,fuel_psu
2026-06-04,2026-06-04T06:00:00.000000,HPCL,diesel,Diesel,89.51,Ahmedabad,Available,fuel_psu
2026-06-04,2026-06-04T06:00:00.000000,IOCL,petrol,Petrol (95 octane),104.38,Jaipur,Available,fuel_psu
2026-06-04,2026-06-04T06:00:00.000000,BPCL,petrol,Petrol (95 octane),104.38,Jaipur,Available,fuel_psu
2026-06-04,2026-06-04T06:00:00.000000,HPCL,petrol,Petrol (95 octane),104.38,Jaipur,Available,fuel_psu
2026-06-04,2026-06-04T06:00:00.000000,IOCL,diesel,Diesel,89.76,Jaipur,Available,fuel_psu
2026-06-04,2026-06-04T06:00:00.000000,BPCL,diesel,Diesel,89.76,Jaipur,Available,fuel_psu
2026-06-04,2026-06-04T06:00:00.000000,HPCL,diesel,Diesel,89.76,Jaipur,Available,fuel_psu
2026-06-04,2026-06-04T06:00:00.000000,IOCL,petrol,Petrol (95 octane),94.15,Lucknow,Available,fuel_psu
2026-06-04,2026-06-04T06:00:00.000000,BPCL,petrol,Petrol (95 octane),94.15,Lucknow,Available,fuel_psu
2026-06-04,2026-06-04T06:00:00.000000,HPCL,petrol,Petrol (95 octane),94.15,Lucknow,Available,fuel_psu
2026-06-04,2026-06-04T06:00:00.000000,IOCL,diesel,Diesel,87.16,Lucknow,Available,fuel_psu
2026-06-04,2026-06-04T06:00:00.000000,BPCL,diesel,Diesel,87.16,Lucknow,Available,fuel_psu
2026-06-04,2026-06-04T06:00:00.000000,HPCL,diesel,Diesel,87.16,Lucknow,Available,fuel_psu
2026-06-04,2026-06-04T06:00:00.000000,IOCL,petrol,Petrol (95 octane),93.74,Chandigarh,Available,fuel_psu
2026-06-04,2026-06-04T06:00:00.000000,BPCL,petrol,Petrol (95 octane),93.74,Chandigarh,Available,fuel_psu
2026-06-04,2026-06-04T06:00:00.000000,HPCL,petrol,Petrol (95 octane),93.74,Chandigarh,Available,fuel_psu
2026-06-04,2026-06-04T06:00:00.000000,IOCL,diesel,Diesel,81.8,Chandigarh,Available,fuel_psu
2026-06-04,2026-06-04T06:00:00.000000,BPCL,diesel,Diesel,81.8,Chandigarh,Available,fuel_psu
2026-06-04,2026-06-04T06:00:00.000000,HPCL,diesel,Diesel,81.8,Chandigarh,Available,fuel_psu
2026-06-04,2026-06-04T06:00:00.000000,IOCL,petrol,Petrol (95 octane),93.81,Surat,Available,fuel_psu
2026-06-04,2026-06-04T06:00:00.000000,BPCL,petrol,Petrol (95 octane),93.81,Surat,Available,fuel_psu
2026-06-04,2026-06-04T06:00:00.000000,HPCL,petrol,Petrol (95 octane),93.81,Surat,Available,fuel_psu
2026-06-04,2026-06-04T06:00:00.000000,IOCL,diesel,Diesel,89.38,Surat,Available,fuel_psu
2026-06-04,2026-06-04T06:00:00.000000,BPCL,diesel,Diesel,89.38,Surat,Available,fuel_psu
2026-06-04,2026-06-04T06:00:00.000000,HPCL,diesel,Diesel,89.38,Surat,Available,fuel_psu
2026-06-04,2026-06-04T06:00:00.000000,IOCL,petrol,Petrol (95 octane),104.68,Patna,Available,fuel_psu
2026-06-04,2026-06-04T06:00:00.000000,BPCL,petrol,Petrol (95 octane),104.68,Patna,Available,fuel_psu
2026-06-04,2026-06-04T06:00:00.000000,HPCL,petrol,Petrol (95 octane),104.68,Patna,Available,fuel_psu
2026-06-04,2026-06-04T06:00:00.000000,IOCL,diesel,Diesel,91.44,Patna,Available,fuel_psu
2026-06-04,2026-06-04T06:00:00.000000,BPCL,diesel,Diesel,91.44,Patna,Available,fuel_psu
2026-06-04,2026-06-04T06:00:00.000000,HPCL,diesel,Diesel,91.44,Patna,Available,fuel_psu
2026-06-04,2026-06-04T06:00:00.000000,IOCL,petrol,Petrol (95 octane),94.16,Noida,Available,fuel_psu
2026-06-04,2026-06-04T06:00:00.000000,BPCL,petrol,Petrol (95 octane),94.16,Noida,Available,fuel_psu
2026-06-04,2026-06-04T06:00:00.000000,HPCL,petrol,Petrol (95 octane),94.16,Noida,Available,fuel_psu
2026-06-04,2026-06-04T06:00:00.000000,IOCL,diesel,Diesel,87.15,Noida,Available,fuel_psu
2026-06-04,2026-06-04T06:00:00.000000,BPCL,diesel,Diesel,87.15,Noida,Available,fuel_psu
2026-06-04,2026-06-04T06:00:00.000000,HPCL,diesel,Diesel,87.15,Noida,Available,fuel_psu
2026-06-04,2026-06-04T06:00:00.000000,IOCL,petrol,Petrol (95 octane),94.48,Gurgaon,Available,fuel_psu
2026-06-04,2026-06-04T06:00:00.000000,BPCL,petrol,Petrol (95 octane),94.48,Gurgaon,Available,fuel_psu
2026-06-04,2026-06-04T06:00:00.000000,HPCL,petrol,Petrol (95 octane),94.48,Gurgaon,Available,fuel_psu
2026-06-04,2026-06-04T06:00:00.000000,IOCL,diesel,Diesel,87.25,Gurgaon,Available,fuel_psu
2026-06-04,2026-06-04T06:00:00.000000,BPCL,diesel,Diesel,87.25,Gurgaon,Available,fuel_psu
2026-06-04,2026-06-04T06:00:00.000000,HPCL,diesel,Diesel,87.25,Gurgaon,Available,fuel_psu
2026-06-04,2026-06-04T06:00:00.000000,IOCL,petrol,Petrol (95 octane),106.0,Indore,Available,fuel_psu
2026-06-04,2026-06-04T06:00:00.000000,BPCL,petrol,Petrol (95 octane),106.0,Indore,Available,fuel_psu
2026-06-04,2026-06-04T06:00:00.000000,HPCL,petrol,Petrol (95 octane),106.0,Indore,Available,fuel_psu
2026-06-04,2026-06-04T06:00:00.000000,IOCL,diesel,Diesel,91.29,Indore,Available,fuel_psu
2026-06-04,2026-06-04T06:00:00.000000,BPCL,diesel,Diesel,91.29,Indore,Available,fuel_psu
2026-06-04,2026-06-04T06:00:00.000000,HPCL,diesel,Diesel,91.29,Indore,Available,fuel_psu
2026-06-05,2026-06-05T06:00:00.000000,IOCL,petrol,Petrol (95 octane),103.71,Mumbai,Available,fuel_psu
2026-06-05,2026-06-05T06:00:00.000000,BPCL,petrol,Petrol (95 octane),103.71,Mumbai,Available,fuel_psu
2026-06-05,2026-06-05T06:00:00.000000,HPCL,petrol,Petrol (95 octane),103.71,Mumbai,Available,fuel_psu
2026-06-05,2026-06-05T06:00:00.000000,IOCL,diesel,Diesel,91.55,Mumbai,Available,fuel_psu
2026-06-05,2026-06-05T06:00:00.000000,BPCL,diesel,Diesel,91.55,Mumbai,Available,fuel_psu
2026-06-05,2026-06-05T06:00:00.000000,HPCL,diesel,Diesel,91.55,Mumbai,Available,fuel_psu
2026-06-05,2026-06-05T06:00:00.000000,IOCL,petrol,Petrol (95 octane),94.22,Delhi,Available,fuel_psu
2026-06-05,2026-06-05T06:00:00.000000,BPCL,petrol,Petrol (95 octane),94.22,Delhi,Available,fuel_psu
2026-06-05,2026-06-05T06:00:00.000000,HPCL,petrol,Petrol (95 octane),94.22,Delhi,Available,fuel_psu
2026-06-05,2026-06-05T06:00:00.000000,IOCL,diesel,Diesel,87.02,Delhi,Available,fuel_psu
2026-06-05,2026-06-05T06:00:00.000000,BPCL,diesel,Diesel,87.02,Delhi,Available,fuel_psu
2026-06-05,2026-06-05T06:00:00.000000,HPCL,diesel,Diesel,87.02,Delhi,Available,fuel_psu
2026-06-05,2026-06-05T06:00:00.000000,IOCL,petrol,Petrol (95 octane),102.36,Bengaluru,Available,fuel_psu
2026-06-05,2026-06-05T06:00:00.000000,BPCL,petrol,Petrol (95 octane),102.36,Bengaluru,Available,fuel_psu
2026-06-05,2026-06-05T06:00:00.000000,HPCL,petrol,Petrol (95 octane),102.36,Bengaluru,Available,fuel_psu
2026-06-05,2026-06-05T06:00:00.000000,IOCL,diesel,Diesel,88.34,Bengaluru,Available,fuel_psu
2026-06-05,2026-06-05T06:00:00.000000,BPCL,diesel,Diesel,88.34,Bengaluru,Available,fuel_psu
2026-06-05,2026-06-05T06:00:00.000000,HPCL,diesel,Diesel,88.34,Bengaluru,Available,fuel_psu
2026-06-05,2026-06-05T06:00:00.000000,IOCL,petrol,Petrol (95 octane),100.25,Chennai,Available,fuel_psu
2026-06-05,2026-06-05T06:00:00.000000,BPCL,petrol,Petrol (95 octane),100.25,Chennai,Available,fuel_psu
2026-06-05,2026-06-05T06:00:00.000000,HPCL,petrol,Petrol (95 octane),100.25,Chennai,Available,fuel_psu
2026-06-05,2026-06-05T06:00:00.000000,IOCL,diesel,Diesel,91.74,Chennai,Available,fuel_psu
2026-06-05,2026-06-05T06:00:00.000000,BPCL,diesel,Diesel,91.74,Chennai,Available,fuel_psu
2026-06-05,2026-06-05T06:00:00.000000,HPCL,diesel,Diesel,91.74,Chennai,Available,fuel_psu
2026-06-05,2026-06-05T06:00:00.000000,IOCL,petrol,Petrol (95 octane),103.44,Kolkata,Available,fuel_psu
2026-06-05,2026-06-05T06:00:00.000000,BPCL,petrol,Petrol (95 octane),103.44,Kolkata,Available,fuel_psu
2026-06-05,2026-06-05T06:00:00.000000,HPCL,petrol,Petrol (95 octane),103.44,Kolkata,Available,fuel_psu
2026-06-05,2026-06-05T06:00:00.000000,IOCL,diesel,Diesel,90.16,Kolkata,Available,fuel_psu
2026-06-05,2026-06-05T06:00:00.000000,BPCL,diesel,Diesel,90.16,Kolkata,Available,fuel_psu
2026-06-05,2026-06-05T06:00:00.000000,HPCL,diesel,Diesel,90.16,Kolkata,Available,fuel_psu
2026-06-05,2026-06-05T06:00:00.000000,IOCL,petrol,Petrol (95 octane),106.91,Hyderabad,Available,fuel_psu
2026-06-05,2026-06-05T06:00:00.000000,BPCL,petrol,Petrol (95 octane),106.91,Hyderabad,Available,fuel_psu
2026-06-05,2026-06-05T06:00:00.000000,HPCL,petrol,Petrol (95 octane),106.91,Hyderabad,Available,fuel_psu
2026-06-05,2026-06-05T06:00:00.000000,IOCL,diesel,Diesel,95.05,Hyderabad,Available,fuel_psu
2026-06-05,2026-06-05T06:00:00.000000,BPCL,diesel,Diesel,95.05,Hyderabad,Available,fuel_psu
2026-06-05,2026-06-05T06:00:00.000000,HPCL,diesel,Diesel,95.05,Hyderabad,Available,fuel_psu
2026-06-05,2026-06-05T06:00:00.000000,IOCL,petrol,Petrol (95 octane),103.58,Pune,Available,fuel_psu
2026-06-05,2026-06-05T06:00:00.000000,BPCL,petrol,Petrol (95 octane),103.58,Pune,Available,fuel_psu
2026-06-05,2026-06-05T06:00:00.000000,HPCL,petrol,Petrol (95 octane),103.58,Pune,Available,fuel_psu
2026-06-05,2026-06-05T06:00:00.000000,IOCL,diesel,Diesel,90.01,Pune,Available,fuel_psu
2026-06-05,2026-06-05T06:00:00.000000,BPCL,diesel,Diesel,90.01,Pune,Available,fuel_psu
2026-06-05,2026-06-05T06:00:00.000000,HPCL,diesel,Diesel,90.01,Pune,Available,fuel_psu
2026-06-05,2026-06-05T06:00:00.000000,IOCL,petrol,Petrol (95 octane),93.94,Ahmedabad,Available,fuel_psu
2026-06-05,2026-06-05T06:00:00.000000,BPCL,petrol,Petrol (95 octane),93.94,Ahmedabad,Available,fuel_psu
2026-06-05,2026-06-05T06:00:00.000000,HPCL,petrol,Petrol (95 octane),93.94,Ahmedabad,Available,fuel_psu
2026-06-05,2026-06-05T06:00:00.000000,IOCL,diesel,Diesel,89.51,Ahmedabad,Available,fuel_psu
2026-06-05,2026-06-05T06:00:00.000000,BPCL,diesel,Diesel,89.51,Ahmedabad,Available,fuel_psu
2026-06-05,2026-06-05T06:00:00.000000,HPCL,diesel,Diesel,89.51,Ahmedabad,Available,fuel_psu
2026-06-05,2026-06-05T06:00:00.000000,IOCL,petrol,Petrol (95 octane),104.38,Jaipur,Available,fuel_psu
2026-06-05,2026-06-05T06:00:00.000000,BPCL,petrol,Petrol (95 octane),104.38,Jaipur,Available,fuel_psu
2026-06-05,2026-06-05T06:00:00.000000,HPCL,petrol,Petrol (95 octane),104.38,Jaipur,Available,fuel_psu
2026-06-05,2026-06-05T06:00:00.000000,IOCL,diesel,Diesel,89.76,Jaipur,Available,fuel_psu
2026-06-05,2026-06-05T06:00:00.000000,BPCL,diesel,Diesel,89.76,Jaipur,Available,fuel_psu
2026-06-05,2026-06-05T06:00:00.000000,HPCL,diesel,Diesel,89.76,Jaipur,Available,fuel_psu
2026-06-05,2026-06-05T06:00:00.000000,IOCL,petrol,Petrol (95 octane),94.15,Lucknow,Available,fuel_psu
2026-06-05,2026-06-05T06:00:00.000000,BPCL,petrol,Petrol (95 octane),94.15,Lucknow,Available,fuel_psu
2026-06-05,2026-06-05T06:00:00.000000,HPCL,petrol,Petrol (95 octane),94.15,Lucknow,Available,fuel_psu
2026-06-05,2026-06-05T06:00:00.000000,IOCL,diesel,Diesel,87.16,Lucknow,Available,fuel_psu
2026-06-05,2026-06-05T06:00:00.000000,BPCL,diesel,Diesel,87.16,Lucknow,Available,fuel_psu
2026-06-05,2026-06-05T06:00:00.000000,HPCL,diesel,Diesel,87.16,Lucknow,Available,fuel_psu
2026-06-05,2026-06-05T06:00:00.000000,IOCL,petrol,Petrol (95 octane),93.74,Chandigarh,Available,fuel_psu
2026-06-05,2026-06-05T06:00:00.000000,BPCL,petrol,Petrol (95 octane),93.74,Chandigarh,Available,fuel_psu
2026-06-05,2026-06-05T06:00:00.000000,HPCL,petrol,Petrol (95 octane),93.74,Chandigarh,Available,fuel_psu
2026-06-05,2026-06-05T06:00:00.000000,IOCL,diesel,Diesel,81.8,Chandigarh,Available,fuel_psu
2026-06-05,2026-06-05T06:00:00.000000,BPCL,diesel,Diesel,81.8,Chandigarh,Available,fuel_psu
2026-06-05,2026-06-05T06:00:00.000000,HPCL,diesel,Diesel,81.8,Chandigarh,Available,fuel_psu
2026-06-05,2026-06-05T06:00:00.000000,IOCL,petrol,Petrol (95 octane),93.81,Surat,Available,fuel_psu
2026-06-05,2026-06-05T06:00:00.000000,BPCL,petrol,Petrol (95 octane),93.81,Surat,Available,fuel_psu
2026-06-05,2026-06-05T06:00:00.000000,HPCL,petrol,Petrol (95 octane),93.81,Surat,Available,fuel_psu
2026-06-05,2026-06-05T06:00:00.000000,IOCL,diesel,Diesel,89.38,Surat,Available,fuel_psu
2026-06-05,2026-06-05T06:00:00.000000,BPCL,diesel,Diesel,89.38,Surat,Available,fuel_psu
2026-06-05,2026-06-05T06:00:00.000000,HPCL,diesel,Diesel,89.38,Surat,Available,fuel_psu
2026-06-05,2026-06-05T06:00:00.000000,IOCL,petrol,Petrol (95 octane),104.68,Patna,Available,fuel_psu
2026-06-05,2026-06-05T06:00:00.000000,BPCL,petrol,Petrol (95 octane),104.68,Patna,Available,fuel_psu
2026-06-05,2026-06-05T06:00:00.000000,HPCL,petrol,Petrol (95 octane),104.68,Patna,Available,fuel_psu
2026-06-05,2026-06-05T06:00:00.000000,IOCL,diesel,Diesel,91.44,Patna,Available,fuel_psu
2026-06-05,2026-06-05T06:00:00.000000,BPCL,diesel,Diesel,91.44,Patna,Available,fuel_psu
2026-06-05,2026-06-05T06:00:00.000000,HPCL,diesel,Diesel,91.44,Patna,Available,fuel_psu
2026-06-05,2026-06-05T06:00:00.000000,IOCL,petrol,Petrol (95 octane),94.16,Noida,Available,fuel_psu
2026-06-05,2026-06-05T06:00:00.000000,BPCL,petrol,Petrol (95 octane),94.16,Noida,Available,fuel_psu
2026-06-05,2026-06-05T06:00:00.000000,HPCL,petrol,Petrol (95 octane),94.16,Noida,Available,fuel_psu
2026-06-05,2026-06-05T06:00:00.000000,IOCL,diesel,Diesel,87.15,Noida,Available,fuel_psu
2026-06-05,2026-06-05T06:00:00.000000,BPCL,diesel,Diesel,87.15,Noida,Available,fuel_psu
2026-06-05,2026-06-05T06:00:00.000000,HPCL,diesel,Diesel,87.15,Noida,Available,fuel_psu
2026-06-05,2026-06-05T06:00:00.000000,IOCL,petrol,Petrol (95 octane),94.48,Gurgaon,Available,fuel_psu
2026-06-05,2026-06-05T06:00:00.000000,BPCL,petrol,Petrol (95 octane),94.48,Gurgaon,Available,fuel_psu
2026-06-05,2026-06-05T06:00:00.000000,HPCL,petrol,Petrol (95 octane),94.48,Gurgaon,Available,fuel_psu
2026-06-05,2026-06-05T06:00:00.000000,IOCL,diesel,Diesel,87.25,Gurgaon,Available,fuel_psu
2026-06-05,2026-06-05T06:00:00.000000,BPCL,diesel,Diesel,87.25,Gurgaon,Available,fuel_psu
2026-06-05,2026-06-05T06:00:00.000000,HPCL,diesel,Diesel,87.25,Gurgaon,Available,fuel_psu
2026-06-05,2026-06-05T06:00:00.000000,IOCL,petrol,Petrol (95 octane),106.0,Indore,Available,fuel_psu
2026-06-05,2026-06-05T06:00:00.000000,BPCL,petrol,Petrol (95 octane),106.0,Indore,Available,fuel_psu
2026-06-05,2026-06-05T06:00:00.000000,HPCL,petrol,Petrol (95 octane),106.0,Indore,Available,fuel_psu
2026-06-05,2026-06-05T06:00:00.000000,IOCL,diesel,Diesel,91.29,Indore,Available,fuel_psu
2026-06-05,2026-06-05T06:00:00.000000,BPCL,diesel,Diesel,91.29,Indore,Available,fuel_psu
2026-06-05,2026-06-05T06:00:00.000000,HPCL,diesel,Diesel,91.29,Indore,Available,fuel_psu
2026-06-06,2026-06-06T06:00:00.000000,IOCL,petrol,Petrol (95 octane),103.71,Mumbai,Available,fuel_psu
2026-06-06,2026-06-06T06:00:00.000000,BPCL,petrol,Petrol (95 octane),103.71,Mumbai,Available,fuel_psu
2026-06-06,2026-06-06T06:00:00.000000,HPCL,petrol,Petrol (95 octane),103.71,Mumbai,Available,fuel_psu
2026-06-06,2026-06-06T06:00:00.000000,IOCL,diesel,Diesel,91.55,Mumbai,Available,fuel_psu
2026-06-06,2026-06-06T06:00:00.000000,BPCL,diesel,Diesel,91.55,Mumbai,Available,fuel_psu
2026-06-06,2026-06-06T06:00:00.000000,HPCL,diesel,Diesel,91.55,Mumbai,Available,fuel_psu
2026-06-06,2026-06-06T06:00:00.000000,IOCL,petrol,Petrol (95 octane),94.22,Delhi,Available,fuel_psu
2026-06-06,2026-06-06T06:00:00.000000,BPCL,petrol,Petrol (95 octane),94.22,Delhi,Available,fuel_psu
2026-06-06,2026-06-06T06:00:00.000000,HPCL,petrol,Petrol (95 octane),94.22,Delhi,Available,fuel_psu
2026-06-06,2026-06-06T06:00:00.000000,IOCL,diesel,Diesel,87.02,Delhi,Available,fuel_psu
2026-06-06,2026-06-06T06:00:00.000000,BPCL,diesel,Diesel,87.02,Delhi,Available,fuel_psu
2026-06-06,2026-06-06T06:00:00.000000,HPCL,diesel,Diesel,87.02,Delhi,Available,fuel_psu
2026-06-06,2026-06-06T06:00:00.000000,IOCL,petrol,Petrol (95 octane),102.36,Bengaluru,Available,fuel_psu
2026-06-06,2026-06-06T06:00:00.000000,BPCL,petrol,Petrol (95 octane),102.36,Bengaluru,Available,fuel_psu
2026-06-06,2026-06-06T06:00:00.000000,HPCL,petrol,Petrol (95 octane),102.36,Bengaluru,Available,fuel_psu
2026-06-06,2026-06-06T06:00:00.000000,IOCL,diesel,Diesel,88.34,Bengaluru,Available,fuel_psu
2026-06-06,2026-06-06T06:00:00.000000,BPCL,diesel,Diesel,88.34,Bengaluru,Available,fuel_psu
2026-06-06,2026-06-06T06:00:00.000000,HPCL,diesel,Diesel,88.34,Bengaluru,Available,fuel_psu
2026-06-06,2026-06-06T06:00:00.000000,IOCL,petrol,Petrol (95 octane),100.25,Chennai,Available,fuel_psu
2026-06-06,2026-06-06T06:00:00.000000,BPCL,petrol,Petrol (95 octane),100.25,Chennai,Available,fuel_psu
2026-06-06,2026-06-06T06:00:00.000000,HPCL,petrol,Petrol (95 octane),100.25,Chennai,Available,fuel_psu
2026-06-06,2026-06-06T06:00:00.000000,IOCL,diesel,Diesel,91.74,Chennai,Available,fuel_psu
2026-06-06,2026-06-06T06:00:00.000000,BPCL,diesel,Diesel,91.74,Chennai,Available,fuel_psu
2026-06-06,2026-06-06T06:00:00.000000,HPCL,diesel,Diesel,91.74,Chennai,Available,fuel_psu
2026-06-06,2026-06-06T06:00:00.000000,IOCL,petrol,Petrol (95 octane),103.44,Kolkata,Available,fuel_psu
2026-06-06,2026-06-06T06:00:00.000000,BPCL,petrol,Petrol (95 octane),103.44,Kolkata,Available,fuel_psu
2026-06-06,2026-06-06T06:00:00.000000,HPCL,petrol,Petrol (95 octane),103.44,Kolkata,Available,fuel_psu
2026-06-06,2026-06-06T06:00:00.000000,IOCL,diesel,Diesel,90.16,Kolkata,Available,fuel_psu
2026-06-06,2026-06-06T06:00:00.000000,BPCL,diesel,Diesel,90.16,Kolkata,Available,fuel_psu
2026-06-06,2026-06-06T06:00:00.000000,HPCL,diesel,Diesel,90.16,Kolkata,Available,fuel_psu
2026-06-06,2026-06-06T06:00:00.000000,IOCL,petrol,Petrol (95 octane),106.91,Hyderabad,Available,fuel_psu
2026-06-06,2026-06-06T06:00:00.000000,BPCL,petrol,Petrol (95 octane),106.91,Hyderabad,Available,fuel_psu
2026-06-06,2026-06-06T06:00:00.000000,HPCL,petrol,Petrol (95 octane),106.91,Hyderabad,Available,fuel_psu
2026-06-06,2026-06-06T06:00:00.000000,IOCL,diesel,Diesel,95.05,Hyderabad,Available,fuel_psu
2026-06-06,2026-06-06T06:00:00.000000,BPCL,diesel,Diesel,95.05,Hyderabad,Available,fuel_psu
2026-06-06,2026-06-06T06:00:00.000000,HPCL,diesel,Diesel,95.05,Hyderabad,Available,fuel_psu
2026-06-06,2026-06-06T06:00:00.000000,IOCL,petrol,Petrol (95 octane),103.58,Pune,Available,fuel_psu
2026-06-06,2026-06-06T06:00:00.000000,BPCL,petrol,Petrol (95 octane),103.58,Pune,Available,fuel_psu
2026-06-06,2026-06-06T06:00:00.000000,HPCL,petrol,Petrol (95 octane),103.58,Pune,Available,fuel_psu
2026-06-06,2026-06-06T06:00:00.000000,IOCL,diesel,Diesel,90.01,Pune,Available,fuel_psu
2026-06-06,2026-06-06T06:00:00.000000,BPCL,diesel,Diesel,90.01,Pune,Available,fuel_psu
2026-06-06,2026-06-06T06:00:00.000000,HPCL,diesel,Diesel,90.01,Pune,Available,fuel_psu
2026-06-06,2026-06-06T06:00:00.000000,IOCL,petrol,Petrol (95 octane),93.94,Ahmedabad,Available,fuel_psu
2026-06-06,2026-06-06T06:00:00.000000,BPCL,petrol,Petrol (95 octane),93.94,Ahmedabad,Available,fuel_psu
2026-06-06,2026-06-06T06:00:00.000000,HPCL,petrol,Petrol (95 octane),93.94,Ahmedabad,Available,fuel_psu
2026-06-06,2026-06-06T06:00:00.000000,IOCL,diesel,Diesel,89.51,Ahmedabad,Available,fuel_psu
2026-06-06,2026-06-06T06:00:00.000000,BPCL,diesel,Diesel,89.51,Ahmedabad,Available,fuel_psu
2026-06-06,2026-06-06T06:00:00.000000,HPCL,diesel,Diesel,89.51,Ahmedabad,Available,fuel_psu
2026-06-06,2026-06-06T06:00:00.000000,IOCL,petrol,Petrol (95 octane),104.38,Jaipur,Available,fuel_psu
2026-06-06,2026-06-06T06:00:00.000000,BPCL,petrol,Petrol (95 octane),104.38,Jaipur,Available,fuel_psu
2026-06-06,2026-06-06T06:00:00.000000,HPCL,petrol,Petrol (95 octane),104.38,Jaipur,Available,fuel_psu
2026-06-06,2026-06-06T06:00:00.000000,IOCL,diesel,Diesel,89.76,Jaipur,Available,fuel_psu
2026-06-06,2026-06-06T06:00:00.000000,BPCL,diesel,Diesel,89.76,Jaipur,Available,fuel_psu
2026-06-06,2026-06-06T06:00:00.000000,HPCL,diesel,Diesel,89.76,Jaipur,Available,fuel_psu
2026-06-06,2026-06-06T06:00:00.000000,IOCL,petrol,Petrol (95 octane),94.15,Lucknow,Available,fuel_psu
2026-06-06,2026-06-06T06:00:00.000000,BPCL,petrol,Petrol (95 octane),94.15,Lucknow,Available,fuel_psu
2026-06-06,2026-06-06T06:00:00.000000,HPCL,petrol,Petrol (95 octane),94.15,Lucknow,Available,fuel_psu
2026-06-06,2026-06-06T06:00:00.000000,IOCL,diesel,Diesel,87.16,Lucknow,Available,fuel_psu
2026-06-06,2026-06-06T06:00:00.000000,BPCL,diesel,Diesel,87.16,Lucknow,Available,fuel_psu
2026-06-06,2026-06-06T06:00:00.000000,HPCL,diesel,Diesel,87.16,Lucknow,Available,fuel_psu
2026-06-06,2026-06-06T06:00:00.000000,IOCL,petrol,Petrol (95 octane),93.74,Chandigarh,Available,fuel_psu
2026-06-06,2026-06-06T06:00:00.000000,BPCL,petrol,Petrol (95 octane),93.74,Chandigarh,Available,fuel_psu
2026-06-06,2026-06-06T06:00:00.000000,HPCL,petrol,Petrol (95 octane),93.74,Chandigarh,Available,fuel_psu
2026-06-06,2026-06-06T06:00:00.000000,IOCL,diesel,Diesel,81.8,Chandigarh,Available,fuel_psu
2026-06-06,2026-06-06T06:00:00.000000,BPCL,diesel,Diesel,81.8,Chandigarh,Available,fuel_psu
2026-06-06,2026-06-06T06:00:00.000000,HPCL,diesel,Diesel,81.8,Chandigarh,Available,fuel_psu
2026-06-06,2026-06-06T06:00:00.000000,IOCL,petrol,Petrol (95 octane),93.81,Surat,Available,fuel_psu
2026-06-06,2026-06-06T06:00:00.000000,BPCL,petrol,Petrol (95 octane),93.81,Surat,Available,fuel_psu
2026-06-06,2026-06-06T06:00:00.000000,HPCL,petrol,Petrol (95 octane),93.81,Surat,Available,fuel_psu
2026-06-06,2026-06-06T06:00:00.000000,IOCL,diesel,Diesel,89.38,Surat,Available,fuel_psu
2026-06-06,2026-06-06T06:00:00.000000,BPCL,diesel,Diesel,89.38,Surat,Available,fuel_psu
2026-06-06,2026-06-06T06:00:00.000000,HPCL,diesel,Diesel,89.38,Surat,Available,fuel_psu
2026-06-06,2026-06-06T06:00:00.000000,IOCL,petrol,Petrol (95 octane),104.68,Patna,Available,fuel_psu
2026-06-06,2026-06-06T06:00:00.000000,BPCL,petrol,Petrol (95 octane),104.68,Patna,Available,fuel_psu
2026-06-06,2026-06-06T06:00:00.000000,HPCL,petrol,Petrol (95 octane),104.68,Patna,Available,fuel_psu
2026-06-06,2026-06-06T06:00:00.000000,IOCL,diesel,Diesel,91.44,Patna,Available,fuel_psu
2026-06-06,2026-06-06T06:00:00.000000,BPCL,diesel,Diesel,91.44,Patna,Available,fuel_psu
2026-06-06,2026-06-06T06:00:00.000000,HPCL,diesel,Diesel,91.44,Patna,Available,fuel_psu
2026-06-06,2026-06-06T06:00:00.000000,IOCL,petrol,Petrol (95 octane),94.16,Noida,Available,fuel_psu
2026-06-06,2026-06-06T06:00:00.000000,BPCL,petrol,Petrol (95 octane),94.16,Noida,Available,fuel_psu
2026-06-06,2026-06-06T06:00:00.000000,HPCL,petrol,Petrol (95 octane),94.16,Noida,Available,fuel_psu
2026-06-06,2026-06-06T06:00:00.000000,IOCL,diesel,Diesel,87.15,Noida,Available,fuel_psu
2026-06-06,2026-06-06T06:00:00.000000,BPCL,diesel,Diesel,87.15,Noida,Available,fuel_psu
2026-06-06,2026-06-06T06:00:00.000000,HPCL,diesel,Diesel,87.15,Noida,Available,fuel_psu
2026-06-06,2026-06-06T06:00:00.000000,IOCL,petrol,Petrol (95 octane),94.48,Gurgaon,Available,fuel_psu
2026-06-06,2026-06-06T06:00:00.000000,BPCL,petrol,Petrol (95 octane),94.48,Gurgaon,Available,fuel_psu
2026-06-06,2026-06-06T06:00:00.000000,HPCL,petrol,Petrol (95 octane),94.48,Gurgaon,Available,fuel_psu
2026-06-06,2026-06-06T06:00:00.000000,IOCL,diesel,Diesel,87.25,Gurgaon,Available,fuel_psu
2026-06-06,2026-06-06T06:00:00.000000,BPCL,diesel,Diesel,87.25,Gurgaon,Available,fuel_psu
2026-06-06,2026-06-06T06:00:00.000000,HPCL,diesel,Diesel,87.25,Gurgaon,Available,fuel_psu
2026-06-06,2026-06-06T06:00:00.000000,IOCL,petrol,Petrol (95 octane),106.0,Indore,Available,fuel_psu
2026-06-06,2026-06-06T06:00:00.000000,BPCL,petrol,Petrol (95 octane),106.0,Indore,Available,fuel_psu
2026-06-06,2026-06-06T06:00:00.000000,HPCL,petrol,Petrol (95 octane),106.0,Indore,Available,fuel_psu
2026-06-06,2026-06-06T06:00:00.000000,IOCL,diesel,Diesel,91.29,Indore,Available,fuel_psu
2026-06-06,2026-06-06T06:00:00.000000,BPCL,diesel,Diesel,91.29,Indore,Available,fuel_psu
2026-06-06,2026-06-06T06:00:00.000000,HPCL,diesel,Diesel,91.29,Indore,Available,fuel_psu
2026-06-07,2026-06-07T06:00:00.000000,IOCL,petrol,Petrol (95 octane),103.71,Mumbai,Available,fuel_psu
2026-06-07,2026-06-07T06:00:00.000000,BPCL,petrol,Petrol (95 octane),103.71,Mumbai,Available,fuel_psu
2026-06-07,2026-06-07T06:00:00.000000,HPCL,petrol,Petrol (95 octane),103.71,Mumbai,Available,fuel_psu
2026-06-07,2026-06-07T06:00:00.000000,IOCL,diesel,Diesel,91.55,Mumbai,Available,fuel_psu
2026-06-07,2026-06-07T06:00:00.000000,BPCL,diesel,Diesel,91.55,Mumbai,Available,fuel_psu
2026-06-07,2026-06-07T06:00:00.000000,HPCL,diesel,Diesel,91.55,Mumbai,Available,fuel_psu
2026-06-07,2026-06-07T06:00:00.000000,IOCL,petrol,Petrol (95 octane),94.22,Delhi,Available,fuel_psu
2026-06-07,2026-06-07T06:00:00.000000,BPCL,petrol,Petrol (95 octane),94.22,Delhi,Available,fuel_psu
2026-06-07,2026-06-07T06:00:00.000000,HPCL,petrol,Petrol (95 octane),94.22,Delhi,Available,fuel_psu
2026-06-07,2026-06-07T06:00:00.000000,IOCL,diesel,Diesel,87.02,Delhi,Available,fuel_psu
2026-06-07,2026-06-07T06:00:00.000000,BPCL,diesel,Diesel,87.02,Delhi,Available,fuel_psu
2026-06-07,2026-06-07T06:00:00.000000,HPCL,diesel,Diesel,87.02,Delhi,Available,fuel_psu
2026-06-07,2026-06-07T06:00:00.000000,IOCL,petrol,Petrol (95 octane),102.36,Bengaluru,Available,fuel_psu
2026-06-07,2026-06-07T06:00:00.000000,BPCL,petrol,Petrol (95 octane),102.36,Bengaluru,Available,fuel_psu
2026-06-07,2026-06-07T06:00:00.000000,HPCL,petrol,Petrol (95 octane),102.36,Bengaluru,Available,fuel_psu
2026-06-07,2026-06-07T06:00:00.000000,IOCL,diesel,Diesel,88.34,Bengaluru,Available,fuel_psu
2026-06-07,2026-06-07T06:00:00.000000,BPCL,diesel,Diesel,88.34,Bengaluru,Available,fuel_psu
2026-06-07,2026-06-07T06:00:00.000000,HPCL,diesel,Diesel,88.34,Bengaluru,Available,fuel_psu
2026-06-07,2026-06-07T06:00:00.000000,IOCL,petrol,Petrol (95 octane),100.25,Chennai,Available,fuel_psu
2026-06-07,2026-06-07T06:00:00.000000,BPCL,petrol,Petrol (95 octane),100.25,Chennai,Available,fuel_psu
2026-06-07,2026-06-07T06:00:00.000000,HPCL,petrol,Petrol (95 octane),100.25,Chennai,Available,fuel_psu
2026-06-07,2026-06-07T06:00:00.000000,IOCL,diesel,Diesel,91.74,Chennai,Available,fuel_psu
2026-06-07,2026-06-07T06:00:00.000000,BPCL,diesel,Diesel,91.74,Chennai,Available,fuel_psu
2026-06-07,2026-06-07T06:00:00.000000,HPCL,diesel,Diesel,91.74,Chennai,Available,fuel_psu
2026-06-07,2026-06-07T06:00:00.000000,IOCL,petrol,Petrol (95 octane),103.44,Kolkata,Available,fuel_psu
2026-06-07,2026-06-07T06:00:00.000000,BPCL,petrol,Petrol (95 octane),103.44,Kolkata,Available,fuel_psu
2026-06-07,2026-06-07T06:00:00.000000,HPCL,petrol,Petrol (95 octane),103.44,Kolkata,Available,fuel_psu
2026-06-07,2026-06-07T06:00:00.000000,IOCL,diesel,Diesel,90.16,Kolkata,Available,fuel_psu
2026-06-07,2026-06-07T06:00:00.000000,BPCL,diesel,Diesel,90.16,Kolkata,Available,fuel_psu
2026-06-07,2026-06-07T06:00:00.000000,HPCL,diesel,Diesel,90.16,Kolkata,Available,fuel_psu
2026-06-07,2026-06-07T06:00:00.000000,IOCL,petrol,Petrol (95 octane),106.91,Hyderabad,Available,fuel_psu
2026-06-07,2026-06-07T06:00:00.000000,BPCL,petrol,Petrol (95 octane),106.91,Hyderabad,Available,fuel_psu
2026-06-07,2026-06-07T06:00:00.000000,HPCL,petrol,Petrol (95 octane),106.91,Hyderabad,Available,fuel_psu
2026-06-07,2026-06-07T06:00:00.000000,IOCL,diesel,Diesel,95.05,Hyderabad,Available,fuel_psu
2026-06-07,2026-06-07T06:00:00.000000,BPCL,diesel,Diesel,95.05,Hyderabad,Available,fuel_psu
2026-06-07,2026-06-07T06:00:00.000000,HPCL,diesel,Diesel,95.05,Hyderabad,Available,fuel_psu
2026-06-07,2026-06-07T06:00:00.000000,IOCL,petrol,Petrol (95 octane),103.58,Pune,Available,fuel_psu
2026-06-07,2026-06-07T06:00:00.000000,BPCL,petrol,Petrol (95 octane),103.58,Pune,Available,fuel_psu
2026-06-07,2026-06-07T06:00:00.000000,HPCL,petrol,Petrol (95 octane),103.58,Pune,Available,fuel_psu
2026-06-07,2026-06-07T06:00:00.000000,IOCL,diesel,Diesel,90.01,Pune,Available,fuel_psu
2026-06-07,2026-06-07T06:00:00.000000,BPCL,diesel,Diesel,90.01,Pune,Available,fuel_psu
2026-06-07,2026-06-07T06:00:00.000000,HPCL,diesel,Diesel,90.01,Pune,Available,fuel_psu
2026-06-07,2026-06-07T06:00:00.000000,IOCL,petrol,Petrol (95 octane),93.94,Ahmedabad,Available,fuel_psu
2026-06-07,2026-06-07T06:00:00.000000,BPCL,petrol,Petrol (95 octane),93.94,Ahmedabad,Available,fuel_psu
2026-06-07,2026-06-07T06:00:00.000000,HPCL,petrol,Petrol (95 octane),93.94,Ahmedabad,Available,fuel_psu
2026-06-07,2026-06-07T06:00:00.000000,IOCL,diesel,Diesel,89.51,Ahmedabad,Available,fuel_psu
2026-06-07,2026-06-07T06:00:00.000000,BPCL,diesel,Diesel,89.51,Ahmedabad,Available,fuel_psu
2026-06-07,2026-06-07T06:00:00.000000,HPCL,diesel,Diesel,89.51,Ahmedabad,Available,fuel_psu
2026-06-07,2026-06-07T06:00:00.000000,IOCL,petrol,Petrol (95 octane),104.38,Jaipur,Available,fuel_psu
2026-06-07,2026-06-07T06:00:00.000000,BPCL,petrol,Petrol (95 octane),104.38,Jaipur,Available,fuel_psu
2026-06-07,2026-06-07T06:00:00.000000,HPCL,petrol,Petrol (95 octane),104.38,Jaipur,Available,fuel_psu
2026-06-07,2026-06-07T06:00:00.000000,IOCL,diesel,Diesel,89.76,Jaipur,Available,fuel_psu
2026-06-07,2026-06-07T06:00:00.000000,BPCL,diesel,Diesel,89.76,Jaipur,Available,fuel_psu
2026-06-07,2026-06-07T06:00:00.000000,HPCL,diesel,Diesel,89.76,Jaipur,Available,fuel_psu
2026-06-07,2026-06-07T06:00:00.000000,IOCL,petrol,Petrol (95 octane),94.15,Lucknow,Available,fuel_psu
2026-06-07,2026-06-07T06:00:00.000000,BPCL,petrol,Petrol (95 octane),94.15,Lucknow,Available,fuel_psu
2026-06-07,2026-06-07T06:00:00.000000,HPCL,petrol,Petrol (95 octane),94.15,Lucknow,Available,fuel_psu
2026-06-07,2026-06-07T06:00:00.000000,IOCL,diesel,Diesel,87.16,Lucknow,Available,fuel_psu
2026-06-07,2026-06-07T06:00:00.000000,BPCL,diesel,Diesel,87.16,Lucknow,Available,fuel_psu
2026-06-07,2026-06-07T06:00:00.000000,HPCL,diesel,Diesel,87.16,Lucknow,Available,fuel_psu
2026-06-07,2026-06-07T06:00:00.000000,IOCL,petrol,Petrol (95 octane),93.74,Chandigarh,Available,fuel_psu
2026-06-07,2026-06-07T06:00:00.000000,BPCL,petrol,Petrol (95 octane),93.74,Chandigarh,Available,fuel_psu
2026-06-07,2026-06-07T06:00:00.000000,HPCL,petrol,Petrol (95 octane),93.74,Chandigarh,Available,fuel_psu
2026-06-07,2026-06-07T06:00:00.000000,IOCL,diesel,Diesel,81.8,Chandigarh,Available,fuel_psu
2026-06-07,2026-06-07T06:00:00.000000,BPCL,diesel,Diesel,81.8,Chandigarh,Available,fuel_psu
2026-06-07,2026-06-07T06:00:00.000000,HPCL,diesel,Diesel,81.8,Chandigarh,Available,fuel_psu
2026-06-07,2026-06-07T06:00:00.000000,IOCL,petrol,Petrol (95 octane),93.81,Surat,Available,fuel_psu
2026-06-07,2026-06-07T06:00:00.000000,BPCL,petrol,Petrol (95 octane),93.81,Surat,Available,fuel_psu
2026-06-07,2026-06-07T06:00:00.000000,HPCL,petrol,Petrol (95 octane),93.81,Surat,Available,fuel_psu
2026-06-07,2026-06-07T06:00:00.000000,IOCL,diesel,Diesel,89.38,Surat,Available,fuel_psu
2026-06-07,2026-06-07T06:00:00.000000,BPCL,diesel,Diesel,89.38,Surat,Available,fuel_psu
2026-06-07,2026-06-07T06:00:00.000000,HPCL,diesel,Diesel,89.38,Surat,Available,fuel_psu
2026-06-07,2026-06-07T06:00:00.000000,IOCL,petrol,Petrol (95 octane),104.68,Patna,Available,fuel_psu
2026-06-07,2026-06-07T06:00:00.000000,BPCL,petrol,Petrol (95 octane),104.68,Patna,Available,fuel_psu
2026-06-07,2026-06-07T06:00:00.000000,HPCL,petrol,Petrol (95 octane),104.68,Patna,Available,fuel_psu
2026-06-07,2026-06-07T06:00:00.000000,IOCL,diesel,Diesel,91.44,Patna,Available,fuel_psu
2026-06-07,2026-06-07T06:00:00.000000,BPCL,diesel,Diesel,91.44,Patna,Available,fuel_psu
2026-06-07,2026-06-07T06:00:00.000000,HPCL,diesel,Diesel,91.44,Patna,Available,fuel_psu
2026-06-07,2026-06-07T06:00:00.000000,IOCL,petrol,Petrol (95 octane),94.16,Noida,Available,fuel_psu
2026-06-07,2026-06-07T06:00:00.000000,BPCL,petrol,Petrol (95 octane),94.16,Noida,Available,fuel_psu
2026-06-07,2026-06-07T06:00:00.000000,HPCL,petrol,Petrol (95 octane),94.16,Noida,Available,fuel_psu
2026-06-07,2026-06-07T06:00:00.000000,IOCL,diesel,Diesel,87.15,Noida,Available,fuel_psu
2026-06-07,2026-06-07T06:00:00.000000,BPCL,diesel,Diesel,87.15,Noida,Available,fuel_psu
2026-06-07,2026-06-07T06:00:00.000000,HPCL,diesel,Diesel,87.15,Noida,Available,fuel_psu
2026-06-07,2026-06-07T06:00:00.000000,IOCL,petrol,Petrol (95 octane),94.48,Gurgaon,Available,fuel_psu
2026-06-07,2026-06-07T06:00:00.000000,BPCL,petrol,Petrol (95 octane),94.48,Gurgaon,Available,fuel_psu
2026-06-07,2026-06-07T06:00:00.000000,HPCL,petrol,Petrol (95 octane),94.48,Gurgaon,Available,fuel_psu
2026-06-07,2026-06-07T06:00:00.000000,IOCL,diesel,Diesel,87.25,Gurgaon,Available,fuel_psu
2026-06-07,2026-06-07T06:00:00.000000,BPCL,diesel,Diesel,87.25,Gurgaon,Available,fuel_psu
2026-06-07,2026-06-07T06:00:00.000000,HPCL,diesel,Diesel,87.25,Gurgaon,Available,fuel_psu
2026-06-07,2026-06-07T06:00:00.000000,IOCL,petrol,Petrol (95 octane),106.0,Indore,Available,fuel_psu
2026-06-07,2026-06-07T06:00:00.000000,BPCL,petrol,Petrol (95 octane),106.0,Indore,Available,fuel_psu
2026-06-07,2026-06-07T06:00:00.000000,HPCL,petrol,Petrol (95 octane),106.0,Indore,Available,fuel_psu
2026-06-07,2026-06-07T06:00:00.000000,IOCL,diesel,Diesel,91.29,Indore,Available,fuel_psu
2026-06-07,2026-06-07T06:00:00.000000,BPCL,diesel,Diesel,91.29,Indore,Available,fuel_psu
2026-06-07,2026-06-07T06:00:00.000000,HPCL,diesel,Diesel,91.29,Indore,Available,fuel_psu
2026-06-08,2026-06-08T06:00:00.000000,IOCL,petrol,Petrol (95 octane),103.71,Mumbai,Available,fuel_psu
2026-06-08,2026-06-08T06:00:00.000000,BPCL,petrol,Petrol (95 octane),103.71,Mumbai,Available,fuel_psu
2026-06-08,2026-06-08T06:00:00.000000,HPCL,petrol,Petrol (95 octane),103.71,Mumbai,Available,fuel_psu
2026-06-08,2026-06-08T06:00:00.000000,IOCL,diesel,Diesel,91.55,Mumbai,Available,fuel_psu
2026-06-08,2026-06-08T06:00:00.000000,BPCL,diesel,Diesel,91.55,Mumbai,Available,fuel_psu
2026-06-08,2026-06-08T06:00:00.000000,HPCL,diesel,Diesel,91.55,Mumbai,Available,fuel_psu
2026-06-08,2026-06-08T06:00:00.000000,IOCL,petrol,Petrol (95 octane),94.22,Delhi,Available,fuel_psu
2026-06-08,2026-06-08T06:00:00.000000,BPCL,petrol,Petrol (95 octane),94.22,Delhi,Available,fuel_psu
2026-06-08,2026-06-08T06:00:00.000000,HPCL,petrol,Petrol (95 octane),94.22,Delhi,Available,fuel_psu
2026-06-08,2026-06-08T06:00:00.000000,IOCL,diesel,Diesel,87.02,Delhi,Available,fuel_psu
2026-06-08,2026-06-08T06:00:00.000000,BPCL,diesel,Diesel,87.02,Delhi,Available,fuel_psu
2026-06-08,2026-06-08T06:00:00.000000,HPCL,diesel,Diesel,87.02,Delhi,Available,fuel_psu
2026-06-08,2026-06-08T06:00:00.000000,IOCL,petrol,Petrol (95 octane),102.36,Bengaluru,Available,fuel_psu
2026-06-08,2026-06-08T06:00:00.000000,BPCL,petrol,Petrol (95 octane),102.36,Bengaluru,Available,fuel_psu
2026-06-08,2026-06-08T06:00:00.000000,HPCL,petrol,Petrol (95 octane),102.36,Bengaluru,Available,fuel_psu
2026-06-08,2026-06-08T06:00:00.000000,IOCL,diesel,Diesel,88.34,Bengaluru,Available,fuel_psu
2026-06-08,2026-06-08T06:00:00.000000,BPCL,diesel,Diesel,88.34,Bengaluru,Available,fuel_psu
2026-06-08,2026-06-08T06:00:00.000000,HPCL,diesel,Diesel,88.34,Bengaluru,Available,fuel_psu
2026-06-08,2026-06-08T06:00:00.000000,IOCL,petrol,Petrol (95 octane),100.25,Chennai,Available,fuel_psu
2026-06-08,2026-06-08T06:00:00.000000,BPCL,petrol,Petrol (95 octane),100.25,Chennai,Available,fuel_psu
2026-06-08,2026-06-08T06:00:00.000000,HPCL,petrol,Petrol (95 octane),100.25,Chennai,Available,fuel_psu
2026-06-08,2026-06-08T06:00:00.000000,IOCL,diesel,Diesel,91.74,Chennai,Available,fuel_psu
2026-06-08,2026-06-08T06:00:00.000000,BPCL,diesel,Diesel,91.74,Chennai,Available,fuel_psu
2026-06-08,2026-06-08T06:00:00.000000,HPCL,diesel,Diesel,91.74,Chennai,Available,fuel_psu
2026-06-08,2026-06-08T06:00:00.000000,IOCL,petrol,Petrol (95 octane),103.44,Kolkata,Available,fuel_psu
2026-06-08,2026-06-08T06:00:00.000000,BPCL,petrol,Petrol (95 octane),103.44,Kolkata,Available,fuel_psu
2026-06-08,2026-06-08T06:00:00.000000,HPCL,petrol,Petrol (95 octane),103.44,Kolkata,Available,fuel_psu
2026-06-08,2026-06-08T06:00:00.000000,IOCL,diesel,Diesel,90.16,Kolkata,Available,fuel_psu
2026-06-08,2026-06-08T06:00:00.000000,BPCL,diesel,Diesel,90.16,Kolkata,Available,fuel_psu
2026-06-08,2026-06-08T06:00:00.000000,HPCL,diesel,Diesel,90.16,Kolkata,Available,fuel_psu
2026-06-08,2026-06-08T06:00:00.000000,IOCL,petrol,Petrol (95 octane),106.91,Hyderabad,Available,fuel_psu
2026-06-08,2026-06-08T06:00:00.000000,BPCL,petrol,Petrol (95 octane),106.91,Hyderabad,Available,fuel_psu
2026-06-08,2026-06-08T06:00:00.000000,HPCL,petrol,Petrol (95 octane),106.91,Hyderabad,Available,fuel_psu
2026-06-08,2026-06-08T06:00:00.000000,IOCL,diesel,Diesel,95.05,Hyderabad,Available,fuel_psu
2026-06-08,2026-06-08T06:00:00.000000,BPCL,diesel,Diesel,95.05,Hyderabad,Available,fuel_psu
2026-06-08,2026-06-08T06:00:00.000000,HPCL,diesel,Diesel,95.05,Hyderabad,Available,fuel_psu
2026-06-08,2026-06-08T06:00:00.000000,IOCL,petrol,Petrol (95 octane),103.58,Pune,Available,fuel_psu
2026-06-08,2026-06-08T06:00:00.000000,BPCL,petrol,Petrol (95 octane),103.58,Pune,Available,fuel_psu
2026-06-08,2026-06-08T06:00:00.000000,HPCL,petrol,Petrol (95 octane),103.58,Pune,Available,fuel_psu
2026-06-08,2026-06-08T06:00:00.000000,IOCL,diesel,Diesel,90.01,Pune,Available,fuel_psu
2026-06-08,2026-06-08T06:00:00.000000,BPCL,diesel,Diesel,90.01,Pune,Available,fuel_psu
2026-06-08,2026-06-08T06:00:00.000000,HPCL,diesel,Diesel,90.01,Pune,Available,fuel_psu
2026-06-08,2026-06-08T06:00:00.000000,IOCL,petrol,Petrol (95 octane),93.94,Ahmedabad,Available,fuel_psu
2026-06-08,2026-06-08T06:00:00.000000,BPCL,petrol,Petrol (95 octane),93.94,Ahmedabad,Available,fuel_psu
2026-06-08,2026-06-08T06:00:00.000000,HPCL,petrol,Petrol (95 octane),93.94,Ahmedabad,Available,fuel_psu
2026-06-08,2026-06-08T06:00:00.000000,IOCL,diesel,Diesel,89.51,Ahmedabad,Available,fuel_psu
2026-06-08,2026-06-08T06:00:00.000000,BPCL,diesel,Diesel,89.51,Ahmedabad,Available,fuel_psu
2026-06-08,2026-06-08T06:00:00.000000,HPCL,diesel,Diesel,89.51,Ahmedabad,Available,fuel_psu
2026-06-08,2026-06-08T06:00:00.000000,IOCL,petrol,Petrol (95 octane),104.38,Jaipur,Available,fuel_psu
2026-06-08,2026-06-08T06:00:00.000000,BPCL,petrol,Petrol (95 octane),104.38,Jaipur,Available,fuel_psu
2026-06-08,2026-06-08T06:00:00.000000,HPCL,petrol,Petrol (95 octane),104.38,Jaipur,Available,fuel_psu
2026-06-08,2026-06-08T06:00:00.000000,IOCL,diesel,Diesel,89.76,Jaipur,Available,fuel_psu
2026-06-08,2026-06-08T06:00:00.000000,BPCL,diesel,Diesel,89.76,Jaipur,Available,fuel_psu
2026-06-08,2026-06-08T06:00:00.000000,HPCL,diesel,Diesel,89.76,Jaipur,Available,fuel_psu
2026-06-08,2026-06-08T06:00:00.000000,IOCL,petrol,Petrol (95 octane),94.15,Lucknow,Available,fuel_psu
2026-06-08,2026-06-08T06:00:00.000000,BPCL,petrol,Petrol (95 octane),94.15,Lucknow,Available,fuel_psu
2026-06-08,2026-06-08T06:00:00.000000,HPCL,petrol,Petrol (95 octane),94.15,Lucknow,Available,fuel_psu
2026-06-08,2026-06-08T06:00:00.000000,IOCL,diesel,Diesel,87.16,Lucknow,Available,fuel_psu
2026-06-08,2026-06-08T06:00:00.000000,BPCL,diesel,Diesel,87.16,Lucknow,Available,fuel_psu
2026-06-08,2026-06-08T06:00:00.000000,HPCL,diesel,Diesel,87.16,Lucknow,Available,fuel_psu
2026-06-08,2026-06-08T06:00:00.000000,IOCL,petrol,Petrol (95 octane),93.74,Chandigarh,Available,fuel_psu
2026-06-08,2026-06-08T06:00:00.000000,BPCL,petrol,Petrol (95 octane),93.74,Chandigarh,Available,fuel_psu
2026-06-08,2026-06-08T06:00:00.000000,HPCL,petrol,Petrol (95 octane),93.74,Chandigarh,Available,fuel_psu
2026-06-08,2026-06-08T06:00:00.000000,IOCL,diesel,Diesel,81.8,Chandigarh,Available,fuel_psu
2026-06-08,2026-06-08T06:00:00.000000,BPCL,diesel,Diesel,81.8,Chandigarh,Available,fuel_psu
2026-06-08,2026-06-08T06:00:00.000000,HPCL,diesel,Diesel,81.8,Chandigarh,Available,fuel_psu
2026-06-08,2026-06-08T06:00:00.000000,IOCL,petrol,Petrol (95 octane),93.81,Surat,Available,fuel_psu
2026-06-08,2026-06-08T06:00:00.000000,BPCL,petrol,Petrol (95 octane),93.81,Surat,Available,fuel_psu
2026-06-08,2026-06-08T06:00:00.000000,HPCL,petrol,Petrol (95 octane),93.81,Surat,Available,fuel_psu
2026-06-08,2026-06-08T06:00:00.000000,IOCL,diesel,Diesel,89.38,Surat,Available,fuel_psu
2026-06-08,2026-06-08T06:00:00.000000,BPCL,diesel,Diesel,89.38,Surat,Available,fuel_psu
2026-06-08,2026-06-08T06:00:00.000000,HPCL,diesel,Diesel,89.38,Surat,Available,fuel_psu
2026-06-08,2026-06-08T06:00:00.000000,IOCL,petrol,Petrol (95 octane),104.68,Patna,Available,fuel_psu
2026-06-08,2026-06-08T06:00:00.000000,BPCL,petrol,Petrol (95 octane),104.68,Patna,Available,fuel_psu
2026-06-08,2026-06-08T06:00:00.000000,HPCL,petrol,Petrol (95 octane),104.68,Patna,Available,fuel_psu
2026-06-08,2026-06-08T06:00:00.000000,IOCL,diesel,Diesel,91.44,Patna,Available,fuel_psu
2026-06-08,2026-06-08T06:00:00.000000,BPCL,diesel,Diesel,91.44,Patna,Available,fuel_psu
2026-06-08,2026-06-08T06:00:00.000000,HPCL,diesel,Diesel,91.44,Patna,Available,fuel_psu
2026-06-08,2026-06-08T06:00:00.000000,IOCL,petrol,Petrol (95 octane),94.16,Noida,Available,fuel_psu
2026-06-08,2026-06-08T06:00:00.000000,BPCL,petrol,Petrol (95 octane),94.16,Noida,Available,fuel_psu
2026-06-08,2026-06-08T06:00:00.000000,HPCL,petrol,Petrol (95 octane),94.16,Noida,Available,fuel_psu
2026-06-08,2026-06-08T06:00:00.000000,IOCL,diesel,Diesel,87.15,Noida,Available,fuel_psu
2026-06-08,2026-06-08T06:00:00.000000,BPCL,diesel,Diesel,87.15,Noida,Available,fuel_psu
2026-06-08,2026-06-08T06:00:00.000000,HPCL,diesel,Diesel,87.15,Noida,Available,fuel_psu
2026-06-08,2026-06-08T06:00:00.000000,IOCL,petrol,Petrol (95 octane),94.48,Gurgaon,Available,fuel_psu
2026-06-08,2026-06-08T06:00:00.000000,BPCL,petrol,Petrol (95 octane),94.48,Gurgaon,Available,fuel_psu
2026-06-08,2026-06-08T06:00:00.000000,HPCL,petrol,Petrol (95 octane),94.48,Gurgaon,Available,fuel_psu
2026-06-08,2026-06-08T06:00:00.000000,IOCL,diesel,Diesel,87.25,Gurgaon,Available,fuel_psu
2026-06-08,2026-06-08T06:00:00.000000,BPCL,diesel,Diesel,87.25,Gurgaon,Available,fuel_psu
2026-06-08,2026-06-08T06:00:00.000000,HPCL,diesel,Diesel,87.25,Gurgaon,Available,fuel_psu
2026-06-08,2026-06-08T06:00:00.000000,IOCL,petrol,Petrol (95 octane),106.0,Indore,Available,fuel_psu
2026-06-08,2026-06-08T06:00:00.000000,BPCL,petrol,Petrol (95 octane),106.0,Indore,Available,fuel_psu
2026-06-08,2026-06-08T06:00:00.000000,HPCL,petrol,Petrol (95 octane),106.0,Indore,Available,fuel_psu
2026-06-08,2026-06-08T06:00:00.000000,IOCL,diesel,Diesel,91.29,Indore,Available,fuel_psu
2026-06-08,2026-06-08T06:00:00.000000,BPCL,diesel,Diesel,91.29,Indore,Available,fuel_psu
2026-06-08,2026-06-08T06:00:00.000000,HPCL,diesel,Diesel,91.29,Indore,Available,fuel_psu
2026-06-09,2026-06-09T06:00:00.000000,IOCL,petrol,Petrol (95 octane),103.71,Mumbai,Available,fuel_psu
2026-06-09,2026-06-09T06:00:00.000000,BPCL,petrol,Petrol (95 octane),103.71,Mumbai,Available,fuel_psu
2026-06-09,2026-06-09T06:00:00.000000,HPCL,petrol,Petrol (95 octane),103.71,Mumbai,Available,fuel_psu
2026-06-09,2026-06-09T06:00:00.000000,IOCL,diesel,Diesel,91.55,Mumbai,Available,fuel_psu
2026-06-09,2026-06-09T06:00:00.000000,BPCL,diesel,Diesel,91.55,Mumbai,Available,fuel_psu
2026-06-09,2026-06-09T06:00:00.000000,HPCL,diesel,Diesel,91.55,Mumbai,Available,fuel_psu
2026-06-09,2026-06-09T06:00:00.000000,IOCL,petrol,Petrol (95 octane),94.22,Delhi,Available,fuel_psu
2026-06-09,2026-06-09T06:00:00.000000,BPCL,petrol,Petrol (95 octane),94.22,Delhi,Available,fuel_psu
2026-06-09,2026-06-09T06:00:00.000000,HPCL,petrol,Petrol (95 octane),94.22,Delhi,Available,fuel_psu
2026-06-09,2026-06-09T06:00:00.000000,IOCL,diesel,Diesel,87.02,Delhi,Available,fuel_psu
2026-06-09,2026-06-09T06:00:00.000000,BPCL,diesel,Diesel,87.02,Delhi,Available,fuel_psu
2026-06-09,2026-06-09T06:00:00.000000,HPCL,diesel,Diesel,87.02,Delhi,Available,fuel_psu
2026-06-09,2026-06-09T06:00:00.000000,IOCL,petrol,Petrol (95 octane),102.36,Bengaluru,Available,fuel_psu
2026-06-09,2026-06-09T06:00:00.000000,BPCL,petrol,Petrol (95 octane),102.36,Bengaluru,Available,fuel_psu
2026-06-09,2026-06-09T06:00:00.000000,HPCL,petrol,Petrol (95 octane),102.36,Bengaluru,Available,fuel_psu
2026-06-09,2026-06-09T06:00:00.000000,IOCL,diesel,Diesel,88.34,Bengaluru,Available,fuel_psu
2026-06-09,2026-06-09T06:00:00.000000,BPCL,diesel,Diesel,88.34,Bengaluru,Available,fuel_psu
2026-06-09,2026-06-09T06:00:00.000000,HPCL,diesel,Diesel,88.34,Bengaluru,Available,fuel_psu
2026-06-09,2026-06-09T06:00:00.000000,IOCL,petrol,Petrol (95 octane),100.25,Chennai,Available,fuel_psu
2026-06-09,2026-06-09T06:00:00.000000,BPCL,petrol,Petrol (95 octane),100.25,Chennai,Available,fuel_psu
2026-06-09,2026-06-09T06:00:00.000000,HPCL,petrol,Petrol (95 octane),100.25,Chennai,Available,fuel_psu
2026-06-09,2026-06-09T06:00:00.000000,IOCL,diesel,Diesel,91.74,Chennai,Available,fuel_psu
2026-06-09,2026-06-09T06:00:00.000000,BPCL,diesel,Diesel,91.74,Chennai,Available,fuel_psu
2026-06-09,2026-06-09T06:00:00.000000,HPCL,diesel,Diesel,91.74,Chennai,Available,fuel_psu
2026-06-09,2026-06-09T06:00:00.000000,IOCL,petrol,Petrol (95 octane),103.44,Kolkata,Available,fuel_psu
2026-06-09,2026-06-09T06:00:00.000000,BPCL,petrol,Petrol (95 octane),103.44,Kolkata,Available,fuel_psu
2026-06-09,2026-06-09T06:00:00.000000,HPCL,petrol,Petrol (95 octane),103.44,Kolkata,Available,fuel_psu
2026-06-09,2026-06-09T06:00:00.000000,IOCL,diesel,Diesel,90.16,Kolkata,Available,fuel_psu
2026-06-09,2026-06-09T06:00:00.000000,BPCL,diesel,Diesel,90.16,Kolkata,Available,fuel_psu
2026-06-09,2026-06-09T06:00:00.000000,HPCL,diesel,Diesel,90.16,Kolkata,Available,fuel_psu
2026-06-09,2026-06-09T06:00:00.000000,IOCL,petrol,Petrol (95 octane),106.91,Hyderabad,Available,fuel_psu
2026-06-09,2026-06-09T06:00:00.000000,BPCL,petrol,Petrol (95 octane),106.91,Hyderabad,Available,fuel_psu
2026-06-09,2026-06-09T06:00:00.000000,HPCL,petrol,Petrol (95 octane),106.91,Hyderabad,Available,fuel_psu
2026-06-09,2026-06-09T06:00:00.000000,IOCL,diesel,Diesel,95.05,Hyderabad,Available,fuel_psu
2026-06-09,2026-06-09T06:00:00.000000,BPCL,diesel,Diesel,95.05,Hyderabad,Available,fuel_psu
2026-06-09,2026-06-09T06:00:00.000000,HPCL,diesel,Diesel,95.05,Hyderabad,Available,fuel_psu
2026-06-09,2026-06-09T06:00:00.000000,IOCL,petrol,Petrol (95 octane),103.58,Pune,Available,fuel_psu
2026-06-09,2026-06-09T06:00:00.000000,BPCL,petrol,Petrol (95 octane),103.58,Pune,Available,fuel_psu
2026-06-09,2026-06-09T06:00:00.000000,HPCL,petrol,Petrol (95 octane),103.58,Pune,Available,fuel_psu
2026-06-09,2026-06-09T06:00:00.000000,IOCL,diesel,Diesel,90.01,Pune,Available,fuel_psu
2026-06-09,2026-06-09T06:00:00.000000,BPCL,diesel,Diesel,90.01,Pune,Available,fuel_psu
2026-06-09,2026-06-09T06:00:00.000000,HPCL,diesel,Diesel,90.01,Pune,Available,fuel_psu
2026-06-09,2026-06-09T06:00:00.000000,IOCL,petrol,Petrol (95 octane),93.94,Ahmedabad,Available,fuel_psu
2026-06-09,2026-06-09T06:00:00.000000,BPCL,petrol,Petrol (95 octane),93.94,Ahmedabad,Available,fuel_psu
2026-06-09,2026-06-09T06:00:00.000000,HPCL,petrol,Petrol (95 octane),93.94,Ahmedabad,Available,fuel_psu
2026-06-09,2026-06-09T06:00:00.000000,IOCL,diesel,Diesel,89.51,Ahmedabad,Available,fuel_psu
2026-06-09,2026-06-09T06:00:00.000000,BPCL,diesel,Diesel,89.51,Ahmedabad,Available,fuel_psu
2026-06-09,2026-06-09T06:00:00.000000,HPCL,diesel,Diesel,89.51,Ahmedabad,Available,fuel_psu
2026-06-09,2026-06-09T06:00:00.000000,IOCL,petrol,Petrol (95 octane),104.38,Jaipur,Available,fuel_psu
2026-06-09,2026-06-09T06:00:00.000000,BPCL,petrol,Petrol (95 octane),104.38,Jaipur,Available,fuel_psu
2026-06-09,2026-06-09T06:00:00.000000,HPCL,petrol,Petrol (95 octane),104.38,Jaipur,Available,fuel_psu
2026-06-09,2026-06-09T06:00:00.000000,IOCL,diesel,Diesel,89.76,Jaipur,Available,fuel_psu
2026-06-09,2026-06-09T06:00:00.000000,BPCL,diesel,Diesel,89.76,Jaipur,Available,fuel_psu
2026-06-09,2026-06-09T06:00:00.000000,HPCL,diesel,Diesel,89.76,Jaipur,Available,fuel_psu
2026-06-09,2026-06-09T06:00:00.000000,IOCL,petrol,Petrol (95 octane),94.15,Lucknow,Available,fuel_psu
2026-06-09,2026-06-09T06:00:00.000000,BPCL,petrol,Petrol (95 octane),94.15,Lucknow,Available,fuel_psu
2026-06-09,2026-06-09T06:00:00.000000,HPCL,petrol,Petrol (95 octane),94.15,Lucknow,Available,fuel_psu
2026-06-09,2026-06-09T06:00:00.000000,IOCL,diesel,Diesel,87.16,Lucknow,Available,fuel_psu
2026-06-09,2026-06-09T06:00:00.000000,BPCL,diesel,Diesel,87.16,Lucknow,Available,fuel_psu
2026-06-09,2026-06-09T06:00:00.000000,HPCL,diesel,Diesel,87.16,Lucknow,Available,fuel_psu
2026-06-09,2026-06-09T06:00:00.000000,IOCL,petrol,Petrol (95 octane),93.74,Chandigarh,Available,fuel_psu
2026-06-09,2026-06-09T06:00:00.000000,BPCL,petrol,Petrol (95 octane),93.74,Chandigarh,Available,fuel_psu
2026-06-09,2026-06-09T06:00:00.000000,HPCL,petrol,Petrol (95 octane),93.74,Chandigarh,Available,fuel_psu
2026-06-09,2026-06-09T06:00:00.000000,IOCL,diesel,Diesel,81.8,Chandigarh,Available,fuel_psu
2026-06-09,2026-06-09T06:00:00.000000,BPCL,diesel,Diesel,81.8,Chandigarh,Available,fuel_psu
2026-06-09,2026-06-09T06:00:00.000000,HPCL,diesel,Diesel,81.8,Chandigarh,Available,fuel_psu
2026-06-09,2026-06-09T06:00:00.000000,IOCL,petrol,Petrol (95 octane),93.81,Surat,Available,fuel_psu
2026-06-09,2026-06-09T06:00:00.000000,BPCL,petrol,Petrol (95 octane),93.81,Surat,Available,fuel_psu
2026-06-09,2026-06-09T06:00:00.000000,HPCL,petrol,Petrol (95 octane),93.81,Surat,Available,fuel_psu
2026-06-09,2026-06-09T06:00:00.000000,IOCL,diesel,Diesel,89.38,Surat,Available,fuel_psu
2026-06-09,2026-06-09T06:00:00.000000,BPCL,diesel,Diesel,89.38,Surat,Available,fuel_psu
2026-06-09,2026-06-09T06:00:00.000000,HPCL,diesel,Diesel,89.38,Surat,Available,fuel_psu
2026-06-09,2026-06-09T06:00:00.000000,IOCL,petrol,Petrol (95 octane),104.68,Patna,Available,fuel_psu
2026-06-09,2026-06-09T06:00:00.000000,BPCL,petrol,Petrol (95 octane),104.68,Patna,Available,fuel_psu
2026-06-09,2026-06-09T06:00:00.000000,HPCL,petrol,Petrol (95 octane),104.68,Patna,Available,fuel_psu
2026-06-09,2026-06-09T06:00:00.000000,IOCL,diesel,Diesel,91.44,Patna,Available,fuel_psu
2026-06-09,2026-06-09T06:00:00.000000,BPCL,diesel,Diesel,91.44,Patna,Available,fuel_psu
2026-06-09,2026-06-09T06:00:00.000000,HPCL,diesel,Diesel,91.44,Patna,Available,fuel_psu
2026-06-09,2026-06-09T06:00:00.000000,IOCL,petrol,Petrol (95 octane),94.16,Noida,Available,fuel_psu
2026-06-09,2026-06-09T06:00:00.000000,BPCL,petrol,Petrol (95 octane),94.16,Noida,Available,fuel_psu
2026-06-09,2026-06-09T06:00:00.000000,HPCL,petrol,Petrol (95 octane),94.16,Noida,Available,fuel_psu
2026-06-09,2026-06-09T06:00:00.000000,IOCL,diesel,Diesel,87.15,Noida,Available,fuel_psu
2026-06-09,2026-06-09T06:00:00.000000,BPCL,diesel,Diesel,87.15,Noida,Available,fuel_psu
2026-06-09,2026-06-09T06:00:00.000000,HPCL,diesel,Diesel,87.15,Noida,Available,fuel_psu
2026-06-09,2026-06-09T06:00:00.000000,IOCL,petrol,Petrol (95 octane),94.48,Gurgaon,Available,fuel_psu
2026-06-09,2026-06-09T06:00:00.000000,BPCL,petrol,Petrol (95 octane),94.48,Gurgaon,Available,fuel_psu
2026-06-09,2026-06-09T06:00:00.000000,HPCL,petrol,Petrol (95 octane),94.48,Gurgaon,Available,fuel_psu
2026-06-09,2026-06-09T06:00:00.000000,IOCL,diesel,Diesel,87.25,Gurgaon,Available,fuel_psu
2026-06-09,2026-06-09T06:00:00.000000,BPCL,diesel,Diesel,87.25,Gurgaon,Available,fuel_psu
2026-06-09,2026-06-09T06:00:00.000000,HPCL,diesel,Diesel,87.25,Gurgaon,Available,fuel_psu
2026-06-09,2026-06-09T06:00:00.000000,IOCL,petrol,Petrol (95 octane),106.0,Indore,Available,fuel_psu
2026-06-09,2026-06-09T06:00:00.000000,BPCL,petrol,Petrol (95 octane),106.0,Indore,Available,fuel_psu
2026-06-09,2026-06-09T06:00:00.000000,HPCL,petrol,Petrol (95 octane),106.0,Indore,Available,fuel_psu
2026-06-09,2026-06-09T06:00:00.000000,IOCL,diesel,Diesel,91.29,Indore,Available,fuel_psu
2026-06-09,2026-06-09T06:00:00.000000,BPCL,diesel,Diesel,91.29,Indore,Available,fuel_psu
2026-06-09,2026-06-09T06:00:00.000000,HPCL,diesel,Diesel,91.29,Indore,Available,fuel_psu
2026-06-10,2026-06-10T06:00:00.000000,IOCL,petrol,Petrol (95 octane),102.91,Mumbai,Available,fuel_psu
2026-06-10,2026-06-10T06:00:00.000000,BPCL,petrol,Petrol (95 octane),102.91,Mumbai,Available,fuel_psu
2026-06-10,2026-06-10T06:00:00.000000,HPCL,petrol,Petrol (95 octane),102.91,Mumbai,Available,fuel_psu
2026-06-10,2026-06-10T06:00:00.000000,IOCL,diesel,Diesel,90.95,Mumbai,Available,fuel_psu
2026-06-10,2026-06-10T06:00:00.000000,BPCL,diesel,Diesel,90.95,Mumbai,Available,fuel_psu
2026-06-10,2026-06-10T06:00:00.000000,HPCL,diesel,Diesel,90.95,Mumbai,Available,fuel_psu
2026-06-10,2026-06-10T06:00:00.000000,IOCL,petrol,Petrol (95 octane),93.42,Delhi,Available,fuel_psu
2026-06-10,2026-06-10T06:00:00.000000,BPCL,petrol,Petrol (95 octane),93.42,Delhi,Available,fuel_psu
2026-06-10,2026-06-10T06:00:00.000000,HPCL,petrol,Petrol (95 octane),93.42,Delhi,Available,fuel_psu
2026-06-10,2026-06-10T06:00:00.000000,IOCL,diesel,Diesel,86.42,Delhi,Available,fuel_psu
2026-06-10,2026-06-10T06:00:00.000000,BPCL,diesel,Diesel,86.42,Delhi,Available,fuel_psu
2026-06-10,2026-06-10T06:00:00.000000,HPCL,diesel,Diesel,86.42,Delhi,Available,fuel_psu
2026-06-10,2026-06-10T06:00:00.000000,IOCL,petrol,Petrol (95 octane),101.56,Bengaluru,Available,fuel_psu
2026-06-10,2026-06-10T06:00:00.000000,BPCL,petrol,Petrol (95 octane),101.56,Bengaluru,Available,fuel_psu
2026-06-10,2026-06-10T06:00:00.000000,HPCL,petrol,Petrol (95 octane),101.56,Bengaluru,Available,fuel_psu
2026-06-10,2026-06-10T06:00:00.000000,IOCL,diesel,Diesel,87.74,Bengaluru,Available,fuel_psu
2026-06-10,2026-06-10T06:00:00.000000,BPCL,diesel,Diesel,87.74,Bengaluru,Available,fuel_psu
2026-06-10,2026-06-10T06:00:00.000000,HPCL,diesel,Diesel,87.74,Bengaluru,Available,fuel_psu
2026-06-10,2026-06-10T06:00:00.000000,IOCL,petrol,Petrol (95 octane),99.45,Chennai,Available,fuel_psu
2026-06-10,2026-06-10T06:00:00.000000,BPCL,petrol,Petrol (95 octane),99.45,Chennai,Available,fuel_psu
2026-06-10,2026-06-10T06:00:00.000000,HPCL,petrol,Petrol (95 octane),99.45,Chennai,Available,fuel_psu
2026-06-10,2026-06-10T06:00:00.000000,IOCL,diesel,Diesel,91.14,Chennai,Available,fuel_psu
2026-06-10,2026-06-10T06:00:00.000000,BPCL,diesel,Diesel,91.14,Chennai,Available,fuel_psu
2026-06-10,2026-06-10T06:00:00.000000,HPCL,diesel,Diesel,91.14,Chennai,Available,fuel_psu
2026-06-10,2026-06-10T06:00:00.000000,IOCL,petrol,Petrol (95 octane),102.64,Kolkata,Available,fuel_psu
2026-06-10,2026-06-10T06:00:00.000000,BPCL,petrol,Petrol (95 octane),102.64,Kolkata,Available,fuel_psu
2026-06-10,2026-06-10T06:00:00.000000,HPCL,petrol,Petrol (95 octane),102.64,Kolkata,Available,fuel_psu
2026-06-10,2026-06-10T06:00:00.000000,IOCL,diesel,Diesel,89.56,Kolkata,Available,fuel_psu
2026-06-10,2026-06-10T06:00:00.000000,BPCL,diesel,Diesel,89.56,Kolkata,Available,fuel_psu
2026-06-10,2026-06-10T06:00:00.000000,HPCL,diesel,Diesel,89.56,Kolkata,Available,fuel_psu
2026-06-10,2026-06-10T06:00:00.000000,IOCL,petrol,Petrol (95 octane),106.11,Hyderabad,Available,fuel_psu
2026-06-10,2026-06-10T06:00:00.000000,BPCL,petrol,Petrol (95 octane),106.11,Hyderabad,Available,fuel_psu
2026-06-10,2026-06-10T06:00:00.000000,HPCL,petrol,Petrol (95 octane),106.11,Hyderabad,Available,fuel_psu
2026-06-10,2026-06-10T06:00:00.000000,IOCL,diesel,Diesel,94.45,Hyderabad,Available,fuel_psu
2026-06-10,2026-06-10T06:00:00.000000,BPCL,diesel,Diesel,94.45,Hyderabad,Available,fuel_psu
2026-06-10,2026-06-10T06:00:00.000000,HPCL,diesel,Diesel,94.45,Hyderabad,Available,fuel_psu
2026-06-10,2026-06-10T06:00:00.000000,IOCL,petrol,Petrol (95 octane),102.78,Pune,Available,fuel_psu
2026-06-10,2026-06-10T06:00:00.000000,BPCL,petrol,Petrol (95 octane),102.78,Pune,Available,fuel_psu
2026-06-10,2026-06-10T06:00:00.000000,HPCL,petrol,Petrol (95 octane),102.78,Pune,Available,fuel_psu
2026-06-10,2026-06-10T06:00:00.000000,IOCL,diesel,Diesel,89.41,Pune,Available,fuel_psu
2026-06-10,2026-06-10T06:00:00.000000,BPCL,diesel,Diesel,89.41,Pune,Available,fuel_psu
2026-06-10,2026-06-10T06:00:00.000000,HPCL,diesel,Diesel,89.41,Pune,Available,fuel_psu
2026-06-10,2026-06-10T06:00:00.000000,IOCL,petrol,Petrol (95 octane),93.14,Ahmedabad,Available,fuel_psu
2026-06-10,2026-06-10T06:00:00.000000,BPCL,petrol,Petrol (95 octane),93.14,Ahmedabad,Available,fuel_psu
2026-06-10,2026-06-10T06:00:00.000000,HPCL,petrol,Petrol (95 octane),93.14,Ahmedabad,Available,fuel_psu
2026-06-10,2026-06-10T06:00:00.000000,IOCL,diesel,Diesel,88.91,Ahmedabad,Available,fuel_psu
2026-06-10,2026-06-10T06:00:00.000000,BPCL,diesel,Diesel,88.91,Ahmedabad,Available,fuel_psu
2026-06-10,2026-06-10T06:00:00.000000,HPCL,diesel,Diesel,88.91,Ahmedabad,Available,fuel_psu
2026-06-10,2026-06-10T06:00:00.000000,IOCL,petrol,Petrol (95 octane),103.58,Jaipur,Available,fuel_psu
2026-06-10,2026-06-10T06:00:00.000000,BPCL,petrol,Petrol (95 octane),103.58,Jaipur,Available,fuel_psu
2026-06-10,2026-06-10T06:00:00.000000,HPCL,petrol,Petrol (95 octane),103.58,Jaipur,Available,fuel_psu
2026-06-10,2026-06-10T06:00:00.000000,IOCL,diesel,Diesel,89.16,Jaipur,Available,fuel_psu
2026-06-10,2026-06-10T06:00:00.000000,BPCL,diesel,Diesel,89.16,Jaipur,Available,fuel_psu
2026-06-10,2026-06-10T06:00:00.000000,HPCL,diesel,Diesel,89.16,Jaipur,Available,fuel_psu
2026-06-10,2026-06-10T06:00:00.000000,IOCL,petrol,Petrol (95 octane),93.35,Lucknow,Available,fuel_psu
2026-06-10,2026-06-10T06:00:00.000000,BPCL,petrol,Petrol (95 octane),93.35,Lucknow,Available,fuel_psu
2026-06-10,2026-06-10T06:00:00.000000,HPCL,petrol,Petrol (95 octane),93.35,Lucknow,Available,fuel_psu
2026-06-10,2026-06-10T06:00:00.000000,IOCL,diesel,Diesel,86.56,Lucknow,Available,fuel_psu
2026-06-10,2026-06-10T06:00:00.000000,BPCL,diesel,Diesel,86.56,Lucknow,Available,fuel_psu
2026-06-10,2026-06-10T06:00:00.000000,HPCL,diesel,Diesel,86.56,Lucknow,Available,fuel_psu
2026-06-10,2026-06-10T06:00:00.000000,IOCL,petrol,Petrol (95 octane),92.94,Chandigarh,Available,fuel_psu
2026-06-10,2026-06-10T06:00:00.000000,BPCL,petrol,Petrol (95 octane),92.94,Chandigarh,Available,fuel_psu
2026-06-10,2026-06-10T06:00:00.000000,HPCL,petrol,Petrol (95 octane),92.94,Chandigarh,Available,fuel_psu
2026-06-10,2026-06-10T06:00:00.000000,IOCL,diesel,Diesel,81.2,Chandigarh,Available,fuel_psu
2026-06-10,2026-06-10T06:00:00.000000,BPCL,diesel,Diesel,81.2,Chandigarh,Available,fuel_psu
2026-06-10,2026-06-10T06:00:00.000000,HPCL,diesel,Diesel,81.2,Chandigarh,Available,fuel_psu
2026-06-10,2026-06-10T06:00:00.000000,IOCL,petrol,Petrol (95 octane),93.01,Surat,Available,fuel_psu
2026-06-10,2026-06-10T06:00:00.000000,BPCL,petrol,Petrol (95 octane),93.01,Surat,Available,fuel_psu
2026-06-10,2026-06-10T06:00:00.000000,HPCL,petrol,Petrol (95 octane),93.01,Surat,Available,fuel_psu
2026-06-10,2026-06-10T06:00:00.000000,IOCL,diesel,Diesel,88.78,Surat,Available,fuel_psu
2026-06-10,2026-06-10T06:00:00.000000,BPCL,diesel,Diesel,88.78,Surat,Available,fuel_psu
2026-06-10,2026-06-10T06:00:00.000000,HPCL,diesel,Diesel,88.78,Surat,Available,fuel_psu
2026-06-10,2026-06-10T06:00:00.000000,IOCL,petrol,Petrol (95 octane),103.88,Patna,Available,fuel_psu
2026-06-10,2026-06-10T06:00:00.000000,BPCL,petrol,Petrol (95 octane),103.88,Patna,Available,fuel_psu
2026-06-10,2026-06-10T06:00:00.000000,HPCL,petrol,Petrol (95 octane),103.88,Patna,Available,fuel_psu
2026-06-10,2026-06-10T06:00:00.000000,IOCL,diesel,Diesel,90.84,Patna,Available,fuel_psu
2026-06-10,2026-06-10T06:00:00.000000,BPCL,diesel,Diesel,90.84,Patna,Available,fuel_psu
2026-06-10,2026-06-10T06:00:00.000000,HPCL,diesel,Diesel,90.84,Patna,Available,fuel_psu
2026-06-10,2026-06-10T06:00:00.000000,IOCL,petrol,Petrol (95 octane),93.36,Noida,Available,fuel_psu
2026-06-10,2026-06-10T06:00:00.000000,BPCL,petrol,Petrol (95 octane),93.36,Noida,Available,fuel_psu
2026-06-10,2026-06-10T06:00:00.000000,HPCL,petrol,Petrol (95 octane),93.36,Noida,Available,fuel_psu
2026-06-10,2026-06-10T06:00:00.000000,IOCL,diesel,Diesel,86.55,Noida,Available,fuel_psu
2026-06-10,2026-06-10T06:00:00.000000,BPCL,diesel,Diesel,86.55,Noida,Available,fuel_psu
2026-06-10,2026-06-10T06:00:00.000000,HPCL,diesel,Diesel,86.55,Noida,Available,fuel_psu
2026-06-10,2026-06-10T06:00:00.000000,IOCL,petrol,Petrol (95 octane),93.68,Gurgaon,Available,fuel_psu
2026-06-10,2026-06-10T06:00:00.000000,BPCL,petrol,Petrol (95 octane),93.68,Gurgaon,Available,fuel_psu
2026-06-10,2026-06-10T06:00:00.000000,HPCL,petrol,Petrol (95 octane),93.68,Gurgaon,Available,fuel_psu
2026-06-10,2026-06-10T06:00:00.000000,IOCL,diesel,Diesel,86.65,Gurgaon,Available,fuel_psu
2026-06-10,2026-06-10T06:00:00.000000,BPCL,diesel,Diesel,86.65,Gurgaon,Available,fuel_psu
2026-06-10,2026-06-10T06:00:00.000000,HPCL,diesel,Diesel,86.65,Gurgaon,Available,fuel_psu
2026-06-10,2026-06-10T06:00:00.000000,IOCL,petrol,Petrol (95 octane),105.2,Indore,Available,fuel_psu
2026-06-10,2026-06-10T06:00:00.000000,BPCL,petrol,Petrol (95 octane),105.2,Indore,Available,fuel_psu
2026-06-10,2026-06-10T06:00:00.000000,HPCL,petrol,Petrol (95 octane),105.2,Indore,Available,fuel_psu
2026-06-10,2026-06-10T06:00:00.000000,IOCL,diesel,Diesel,90.69,Indore,Available,fuel_psu
2026-06-10,2026-06-10T06:00:00.000000,BPCL,diesel,Diesel,90.69,Indore,Available,fuel_psu
2026-06-10,2026-06-10T06:00:00.000000,HPCL,diesel,Diesel,90.69,Indore,Available,fuel_psu
2026-06-11,2026-06-11T06:00:00.000000,IOCL,petrol,Petrol (95 octane),102.91,Mumbai,Available,fuel_psu
2026-06-11,2026-06-11T06:00:00.000000,BPCL,petrol,Petrol (95 octane),102.91,Mumbai,Available,fuel_psu
2026-06-11,2026-06-11T06:00:00.000000,HPCL,petrol,Petrol (95 octane),102.91,Mumbai,Available,fuel_psu
2026-06-11,2026-06-11T06:00:00.000000,IOCL,diesel,Diesel,90.95,Mumbai,Available,fuel_psu
2026-06-11,2026-06-11T06:00:00.000000,BPCL,diesel,Diesel,90.95,Mumbai,Available,fuel_psu
2026-06-11,2026-06-11T06:00:00.000000,HPCL,diesel,Diesel,90.95,Mumbai,Available,fuel_psu
2026-06-11,2026-06-11T06:00:00.000000,IOCL,petrol,Petrol (95 octane),93.42,Delhi,Available,fuel_psu
2026-06-11,2026-06-11T06:00:00.000000,BPCL,petrol,Petrol (95 octane),93.42,Delhi,Available,fuel_psu
2026-06-11,2026-06-11T06:00:00.000000,HPCL,petrol,Petrol (95 octane),93.42,Delhi,Available,fuel_psu
2026-06-11,2026-06-11T06:00:00.000000,IOCL,diesel,Diesel,86.42,Delhi,Available,fuel_psu
2026-06-11,2026-06-11T06:00:00.000000,BPCL,diesel,Diesel,86.42,Delhi,Available,fuel_psu
2026-06-11,2026-06-11T06:00:00.000000,HPCL,diesel,Diesel,86.42,Delhi,Available,fuel_psu
2026-06-11,2026-06-11T06:00:00.000000,IOCL,petrol,Petrol (95 octane),101.56,Bengaluru,Available,fuel_psu
2026-06-11,2026-06-11T06:00:00.000000,BPCL,petrol,Petrol (95 octane),101.56,Bengaluru,Available,fuel_psu
2026-06-11,2026-06-11T06:00:00.000000,HPCL,petrol,Petrol (95 octane),101.56,Bengaluru,Available,fuel_psu
2026-06-11,2026-06-11T06:00:00.000000,IOCL,diesel,Diesel,87.74,Bengaluru,Available,fuel_psu
2026-06-11,2026-06-11T06:00:00.000000,BPCL,diesel,Diesel,87.74,Bengaluru,Available,fuel_psu
2026-06-11,2026-06-11T06:00:00.000000,HPCL,diesel,Diesel,87.74,Bengaluru,Available,fuel_psu
2026-06-11,2026-06-11T06:00:00.000000,IOCL,petrol,Petrol (95 octane),99.45,Chennai,Available,fuel_psu
2026-06-11,2026-06-11T06:00:00.000000,BPCL,petrol,Petrol (95 octane),99.45,Chennai,Available,fuel_psu
2026-06-11,2026-06-11T06:00:00.000000,HPCL,petrol,Petrol (95 octane),99.45,Chennai,Available,fuel_psu
2026-06-11,2026-06-11T06:00:00.000000,IOCL,diesel,Diesel,91.14,Chennai,Available,fuel_psu
2026-06-11,2026-06-11T06:00:00.000000,BPCL,diesel,Diesel,91.14,Chennai,Available,fuel_psu
2026-06-11,2026-06-11T06:00:00.000000,HPCL,diesel,Diesel,91.14,Chennai,Available,fuel_psu
2026-06-11,2026-06-11T06:00:00.000000,IOCL,petrol,Petrol (95 octane),102.64,Kolkata,Available,fuel_psu
2026-06-11,2026-06-11T06:00:00.000000,BPCL,petrol,Petrol (95 octane),102.64,Kolkata,Available,fuel_psu
2026-06-11,2026-06-11T06:00:00.000000,HPCL,petrol,Petrol (95 octane),102.64,Kolkata,Available,fuel_psu
2026-06-11,2026-06-11T06:00:00.000000,IOCL,diesel,Diesel,89.56,Kolkata,Available,fuel_psu
2026-06-11,2026-06-11T06:00:00.000000,BPCL,diesel,Diesel,89.56,Kolkata,Available,fuel_psu
2026-06-11,2026-06-11T06:00:00.000000,HPCL,diesel,Diesel,89.56,Kolkata,Available,fuel_psu
2026-06-11,2026-06-11T06:00:00.000000,IOCL,petrol,Petrol (95 octane),106.11,Hyderabad,Available,fuel_psu
2026-06-11,2026-06-11T06:00:00.000000,BPCL,petrol,Petrol (95 octane),106.11,Hyderabad,Available,fuel_psu
2026-06-11,2026-06-11T06:00:00.000000,HPCL,petrol,Petrol (95 octane),106.11,Hyderabad,Available,fuel_psu
2026-06-11,2026-06-11T06:00:00.000000,IOCL,diesel,Diesel,94.45,Hyderabad,Available,fuel_psu
2026-06-11,2026-06-11T06:00:00.000000,BPCL,diesel,Diesel,94.45,Hyderabad,Available,fuel_psu
2026-06-11,2026-06-11T06:00:00.000000,HPCL,diesel,Diesel,94.45,Hyderabad,Available,fuel_psu
2026-06-11,2026-06-11T06:00:00.000000,IOCL,petrol,Petrol (95 octane),102.78,Pune,Available,fuel_psu
2026-06-11,2026-06-11T06:00:00.000000,BPCL,petrol,Petrol (95 octane),102.78,Pune,Available,fuel_psu
2026-06-11,2026-06-11T06:00:00.000000,HPCL,petrol,Petrol (95 octane),102.78,Pune,Available,fuel_psu
2026-06-11,2026-06-11T06:00:00.000000,IOCL,diesel,Diesel,89.41,Pune,Available,fuel_psu
2026-06-11,2026-06-11T06:00:00.000000,BPCL,diesel,Diesel,89.41,Pune,Available,fuel_psu
2026-06-11,2026-06-11T06:00:00.000000,HPCL,diesel,Diesel,89.41,Pune,Available,fuel_psu
2026-06-11,2026-06-11T06:00:00.000000,IOCL,petrol,Petrol (95 octane),93.14,Ahmedabad,Available,fuel_psu
2026-06-11,2026-06-11T06:00:00.000000,BPCL,petrol,Petrol (95 octane),93.14,Ahmedabad,Available,fuel_psu
2026-06-11,2026-06-11T06:00:00.000000,HPCL,petrol,Petrol (95 octane),93.14,Ahmedabad,Available,fuel_psu
2026-06-11,2026-06-11T06:00:00.000000,IOCL,diesel,Diesel,88.91,Ahmedabad,Available,fuel_psu
2026-06-11,2026-06-11T06:00:00.000000,BPCL,diesel,Diesel,88.91,Ahmedabad,Available,fuel_psu
2026-06-11,2026-06-11T06:00:00.000000,HPCL,diesel,Diesel,88.91,Ahmedabad,Available,fuel_psu
2026-06-11,2026-06-11T06:00:00.000000,IOCL,petrol,Petrol (95 octane),103.58,Jaipur,Available,fuel_psu
2026-06-11,2026-06-11T06:00:00.000000,BPCL,petrol,Petrol (95 octane),103.58,Jaipur,Available,fuel_psu
2026-06-11,2026-06-11T06:00:00.000000,HPCL,petrol,Petrol (95 octane),103.58,Jaipur,Available,fuel_psu
2026-06-11,2026-06-11T06:00:00.000000,IOCL,diesel,Diesel,89.16,Jaipur,Available,fuel_psu
2026-06-11,2026-06-11T06:00:00.000000,BPCL,diesel,Diesel,89.16,Jaipur,Available,fuel_psu
2026-06-11,2026-06-11T06:00:00.000000,HPCL,diesel,Diesel,89.16,Jaipur,Available,fuel_psu
2026-06-11,2026-06-11T06:00:00.000000,IOCL,petrol,Petrol (95 octane),93.35,Lucknow,Available,fuel_psu
2026-06-11,2026-06-11T06:00:00.000000,BPCL,petrol,Petrol (95 octane),93.35,Lucknow,Available,fuel_psu
2026-06-11,2026-06-11T06:00:00.000000,HPCL,petrol,Petrol (95 octane),93.35,Lucknow,Available,fuel_psu
2026-06-11,2026-06-11T06:00:00.000000,IOCL,diesel,Diesel,86.56,Lucknow,Available,fuel_psu
2026-06-11,2026-06-11T06:00:00.000000,BPCL,diesel,Diesel,86.56,Lucknow,Available,fuel_psu
2026-06-11,2026-06-11T06:00:00.000000,HPCL,diesel,Diesel,86.56,Lucknow,Available,fuel_psu
2026-06-11,2026-06-11T06:00:00.000000,IOCL,petrol,Petrol (95 octane),92.94,Chandigarh,Available,fuel_psu
2026-06-11,2026-06-11T06:00:00.000000,BPCL,petrol,Petrol (95 octane),92.94,Chandigarh,Available,fuel_psu
2026-06-11,2026-06-11T06:00:00.000000,HPCL,petrol,Petrol (95 octane),92.94,Chandigarh,Available,fuel_psu
2026-06-11,2026-06-11T06:00:00.000000,IOCL,diesel,Diesel,81.2,Chandigarh,Available,fuel_psu
2026-06-11,2026-06-11T06:00:00.000000,BPCL,diesel,Diesel,81.2,Chandigarh,Available,fuel_psu
2026-06-11,2026-06-11T06:00:00.000000,HPCL,diesel,Diesel,81.2,Chandigarh,Available,fuel_psu
2026-06-11,2026-06-11T06:00:00.000000,IOCL,petrol,Petrol (95 octane),93.01,Surat,Available,fuel_psu
2026-06-11,2026-06-11T06:00:00.000000,BPCL,petrol,Petrol (95 octane),93.01,Surat,Available,fuel_psu
2026-06-11,2026-06-11T06:00:00.000000,HPCL,petrol,Petrol (95 octane),93.01,Surat,Available,fuel_psu
2026-06-11,2026-06-11T06:00:00.000000,IOCL,diesel,Diesel,88.78,Surat,Available,fuel_psu
2026-06-11,2026-06-11T06:00:00.000000,BPCL,diesel,Diesel,88.78,Surat,Available,fuel_psu
2026-06-11,2026-06-11T06:00:00.000000,HPCL,diesel,Diesel,88.78,Surat,Available,fuel_psu
2026-06-11,2026-06-11T06:00:00.000000,IOCL,petrol,Petrol (95 octane),103.88,Patna,Available,fuel_psu
2026-06-11,2026-06-11T06:00:00.000000,BPCL,petrol,Petrol (95 octane),103.88,Patna,Available,fuel_psu
2026-06-11,2026-06-11T06:00:00.000000,HPCL,petrol,Petrol (95 octane),103.88,Patna,Available,fuel_psu
2026-06-11,2026-06-11T06:00:00.000000,IOCL,diesel,Diesel,90.84,Patna,Available,fuel_psu
2026-06-11,2026-06-11T06:00:00.000000,BPCL,diesel,Diesel,90.84,Patna,Available,fuel_psu
2026-06-11,2026-06-11T06:00:00.000000,HPCL,diesel,Diesel,90.84,Patna,Available,fuel_psu
2026-06-11,2026-06-11T06:00:00.000000,IOCL,petrol,Petrol (95 octane),93.36,Noida,Available,fuel_psu
2026-06-11,2026-06-11T06:00:00.000000,BPCL,petrol,Petrol (95 octane),93.36,Noida,Available,fuel_psu
2026-06-11,2026-06-11T06:00:00.000000,HPCL,petrol,Petrol (95 octane),93.36,Noida,Available,fuel_psu
2026-06-11,2026-06-11T06:00:00.000000,IOCL,diesel,Diesel,86.55,Noida,Available,fuel_psu
2026-06-11,2026-06-11T06:00:00.000000,BPCL,diesel,Diesel,86.55,Noida,Available,fuel_psu
2026-06-11,2026-06-11T06:00:00.000000,HPCL,diesel,Diesel,86.55,Noida,Available,fuel_psu
2026-06-11,2026-06-11T06:00:00.000000,IOCL,petrol,Petrol (95 octane),93.68,Gurgaon,Available,fuel_psu
2026-06-11,2026-06-11T06:00:00.000000,BPCL,petrol,Petrol (95 octane),93.68,Gurgaon,Available,fuel_psu
2026-06-11,2026-06-11T06:00:00.000000,HPCL,petrol,Petrol (95 octane),93.68,Gurgaon,Available,fuel_psu
2026-06-11,2026-06-11T06:00:00.000000,IOCL,diesel,Diesel,86.65,Gurgaon,Available,fuel_psu
2026-06-11,2026-06-11T06:00:00.000000,BPCL,diesel,Diesel,86.65,Gurgaon,Available,fuel_psu
2026-06-11,2026-06-11T06:00:00.000000,HPCL,diesel,Diesel,86.65,Gurgaon,Available,fuel_psu
2026-06-11,2026-06-11T06:00:00.000000,IOCL,petrol,Petrol (95 octane),105.2,Indore,Available,fuel_psu
2026-06-11,2026-06-11T06:00:00.000000,BPCL,petrol,Petrol (95 octane),105.2,Indore,Available,fuel_psu
2026-06-11,2026-06-11T06:00:00.000000,HPCL,petrol,Petrol (95 octane),105.2,Indore,Available,fuel_psu
2026-06-11,2026-06-11T06:00:00.000000,IOCL,diesel,Diesel,90.69,Indore,Available,fuel_psu
2026-06-11,2026-06-11T06:00:00.000000,BPCL,diesel,Diesel,90.69,Indore,Available,fuel_psu
2026-06-11,2026-06-11T06:00:00.000000,HPCL,diesel,Diesel,90.69,Indore,Available,fuel_psu
2026-06-12,2026-06-12T06:00:00.000000,IOCL,petrol,Petrol (95 octane),102.11,Mumbai,Available,fuel_psu
2026-06-12,2026-06-12T06:00:00.000000,BPCL,petrol,Petrol (95 octane),102.11,Mumbai,Available,fuel_psu
2026-06-12,2026-06-12T06:00:00.000000,HPCL,petrol,Petrol (95 octane),102.11,Mumbai,Available,fuel_psu
2026-06-12,2026-06-12T06:00:00.000000,IOCL,diesel,Diesel,91.85,Mumbai,Available,fuel_psu
2026-06-12,2026-06-12T06:00:00.000000,BPCL,diesel,Diesel,91.85,Mumbai,Available,fuel_psu
2026-06-12,2026-06-12T06:00:00.000000,HPCL,diesel,Diesel,91.85,Mumbai,Available,fuel_psu
2026-06-12,2026-06-12T06:00:00.000000,IOCL,petrol,Petrol (95 octane),92.62,Delhi,Available,fuel_psu
2026-06-12,2026-06-12T06:00:00.000000,BPCL,petrol,Petrol (95 octane),92.62,Delhi,Available,fuel_psu
2026-06-12,2026-06-12T06:00:00.000000,HPCL,petrol,Petrol (95 octane),92.62,Delhi,Available,fuel_psu
2026-06-12,2026-06-12T06:00:00.000000,IOCL,diesel,Diesel,87.32,Delhi,Available,fuel_psu
2026-06-12,2026-06-12T06:00:00.000000,BPCL,diesel,Diesel,87.32,Delhi,Available,fuel_psu
2026-06-12,2026-06-12T06:00:00.000000,HPCL,diesel,Diesel,87.32,Delhi,Available,fuel_psu
2026-06-12,2026-06-12T06:00:00.000000,IOCL,petrol,Petrol (95 octane),100.76,Bengaluru,Available,fuel_psu
2026-06-12,2026-06-12T06:00:00.000000,BPCL,petrol,Petrol (95 octane),100.76,Bengaluru,Available,fuel_psu
2026-06-12,2026-06-12T06:00:00.000000,HPCL,petrol,Petrol (95 octane),100.76,Bengaluru,Available,fuel_psu
2026-06-12,2026-06-12T06:00:00.000000,IOCL,diesel,Diesel,88.64,Bengaluru,Available,fuel_psu
2026-06-12,2026-06-12T06:00:00.000000,BPCL,diesel,Diesel,88.64,Bengaluru,Available,fuel_psu
2026-06-12,2026-06-12T06:00:00.000000,HPCL,diesel,Diesel,88.64,Bengaluru,Available,fuel_psu
2026-06-12,2026-06-12T06:00:00.000000,IOCL,petrol,Petrol (95 octane),98.65,Chennai,Available,fuel_psu
2026-06-12,2026-06-12T06:00:00.000000,BPCL,petrol,Petrol (95 octane),98.65,Chennai,Available,fuel_psu
2026-06-12,2026-06-12T06:00:00.000000,HPCL,petrol,Petrol (95 octane),98.65,Chennai,Available,fuel_psu
2026-06-12,2026-06-12T06:00:00.000000,IOCL,diesel,Diesel,92.04,Chennai,Available,fuel_psu
2026-06-12,2026-06-12T06:00:00.000000,BPCL,diesel,Diesel,92.04,Chennai,Available,fuel_psu
2026-06-12,2026-06-12T06:00:00.000000,HPCL,diesel,Diesel,92.04,Chennai,Available,fuel_psu
2026-06-12,2026-06-12T06:00:00.000000,IOCL,petrol,Petrol (95 octane),101.84,Kolkata,Available,fuel_psu
2026-06-12,2026-06-12T06:00:00.000000,BPCL,petrol,Petrol (95 octane),101.84,Kolkata,Available,fuel_psu
2026-06-12,2026-06-12T06:00:00.000000,HPCL,petrol,Petrol (95 octane),101.84,Kolkata,Available,fuel_psu
2026-06-12,2026-06-12T06:00:00.000000,IOCL,diesel,Diesel,90.46,Kolkata,Available,fuel_psu
2026-06-12,2026-06-12T06:00:00.000000,BPCL,diesel,Diesel,90.46,Kolkata,Available,fuel_psu
2026-06-12,2026-06-12T06:00:00.000000,HPCL,diesel,Diesel,90.46,Kolkata,Available,fuel_psu
2026-06-12,2026-06-12T06:00:00.000000,IOCL,petrol,Petrol (95 octane),105.31,Hyderabad,Available,fuel_psu
2026-06-12,2026-06-12T06:00:00.000000,BPCL,petrol,Petrol (95 octane),105.31,Hyderabad,Available,fuel_psu
2026-06-12,2026-06-12T06:00:00.000000,HPCL,petrol,Petrol (95 octane),105.31,Hyderabad,Available,fuel_psu
2026-06-12,2026-06-12T06:00:00.000000,IOCL,diesel,Diesel,95.35,Hyderabad,Available,fuel_psu
2026-06-12,2026-06-12T06:00:00.000000,BPCL,diesel,Diesel,95.35,Hyderabad,Available,fuel_psu
2026-06-12,2026-06-12T06:00:00.000000,HPCL,diesel,Diesel,95.35,Hyderabad,Available,fuel_psu
2026-06-12,2026-06-12T06:00:00.000000,IOCL,petrol,Petrol (95 octane),101.98,Pune,Available,fuel_psu
2026-06-12,2026-06-12T06:00:00.000000,BPCL,petrol,Petrol (95 octane),101.98,Pune,Available,fuel_psu
2026-06-12,2026-06-12T06:00:00.000000,HPCL,petrol,Petrol (95 octane),101.98,Pune,Available,fuel_psu
2026-06-12,2026-06-12T06:00:00.000000,IOCL,diesel,Diesel,90.31,Pune,Available,fuel_psu
2026-06-12,2026-06-12T06:00:00.000000,BPCL,diesel,Diesel,90.31,Pune,Available,fuel_psu
2026-06-12,2026-06-12T06:00:00.000000,HPCL,diesel,Diesel,90.31,Pune,Available,fuel_psu
2026-06-12,2026-06-12T06:00:00.000000,IOCL,petrol,Petrol (95 octane),92.34,Ahmedabad,Available,fuel_psu
2026-06-12,2026-06-12T06:00:00.000000,BPCL,petrol,Petrol (95 octane),92.34,Ahmedabad,Available,fuel_psu
2026-06-12,2026-06-12T06:00:00.000000,HPCL,petrol,Petrol (95 octane),92.34,Ahmedabad,Available,fuel_psu
2026-06-12,2026-06-12T06:00:00.000000,IOCL,diesel,Diesel,89.81,Ahmedabad,Available,fuel_psu
2026-06-12,2026-06-12T06:00:00.000000,BPCL,diesel,Diesel,89.81,Ahmedabad,Available,fuel_psu
2026-06-12,2026-06-12T06:00:00.000000,HPCL,diesel,Diesel,89.81,Ahmedabad,Available,fuel_psu
2026-06-12,2026-06-12T06:00:00.000000,IOCL,petrol,Petrol (95 octane),102.78,Jaipur,Available,fuel_psu
2026-06-12,2026-06-12T06:00:00.000000,BPCL,petrol,Petrol (95 octane),102.78,Jaipur,Available,fuel_psu
2026-06-12,2026-06-12T06:00:00.000000,HPCL,petrol,Petrol (95 octane),102.78,Jaipur,Available,fuel_psu
2026-06-12,2026-06-12T06:00:00.000000,IOCL,diesel,Diesel,90.06,Jaipur,Available,fuel_psu
2026-06-12,2026-06-12T06:00:00.000000,BPCL,diesel,Diesel,90.06,Jaipur,Available,fuel_psu
2026-06-12,2026-06-12T06:00:00.000000,HPCL,diesel,Diesel,90.06,Jaipur,Available,fuel_psu
2026-06-12,2026-06-12T06:00:00.000000,IOCL,petrol,Petrol (95 octane),92.55,Lucknow,Available,fuel_psu
2026-06-12,2026-06-12T06:00:00.000000,BPCL,petrol,Petrol (95 octane),92.55,Lucknow,Available,fuel_psu
2026-06-12,2026-06-12T06:00:00.000000,HPCL,petrol,Petrol (95 octane),92.55,Lucknow,Available,fuel_psu
2026-06-12,2026-06-12T06:00:00.000000,IOCL,diesel,Diesel,87.46,Lucknow,Available,fuel_psu
2026-06-12,2026-06-12T06:00:00.000000,BPCL,diesel,Diesel,87.46,Lucknow,Available,fuel_psu
2026-06-12,2026-06-12T06:00:00.000000,HPCL,diesel,Diesel,87.46,Lucknow,Available,fuel_psu
2026-06-12,2026-06-12T06:00:00.000000,IOCL,petrol,Petrol (95 octane),92.14,Chandigarh,Available,fuel_psu
2026-06-12,2026-06-12T06:00:00.000000,BPCL,petrol,Petrol (95 octane),92.14,Chandigarh,Available,fuel_psu
2026-06-12,2026-06-12T06:00:00.000000,HPCL,petrol,Petrol (95 octane),92.14,Chandigarh,Available,fuel_psu
2026-06-12,2026-06-12T06:00:00.000000,IOCL,diesel,Diesel,82.1,Chandigarh,Available,fuel_psu
2026-06-12,2026-06-12T06:00:00.000000,BPCL,diesel,Diesel,82.1,Chandigarh,Available,fuel_psu
2026-06-12,2026-06-12T06:00:00.000000,HPCL,diesel,Diesel,82.1,Chandigarh,Available,fuel_psu
2026-06-12,2026-06-12T06:00:00.000000,IOCL,petrol,Petrol (95 octane),92.21,Surat,Available,fuel_psu
2026-06-12,2026-06-12T06:00:00.000000,BPCL,petrol,Petrol (95 octane),92.21,Surat,Available,fuel_psu
2026-06-12,2026-06-12T06:00:00.000000,HPCL,petrol,Petrol (95 octane),92.21,Surat,Available,fuel_psu
2026-06-12,2026-06-12T06:00:00.000000,IOCL,diesel,Diesel,89.68,Surat,Available,fuel_psu
2026-06-12,2026-06-12T06:00:00.000000,BPCL,diesel,Diesel,89.68,Surat,Available,fuel_psu
2026-06-12,2026-06-12T06:00:00.000000,HPCL,diesel,Diesel,89.68,Surat,Available,fuel_psu
2026-06-12,2026-06-12T06:00:00.000000,IOCL,petrol,Petrol (95 octane),103.08,Patna,Available,fuel_psu
2026-06-12,2026-06-12T06:00:00.000000,BPCL,petrol,Petrol (95 octane),103.08,Patna,Available,fuel_psu
2026-06-12,2026-06-12T06:00:00.000000,HPCL,petrol,Petrol (95 octane),103.08,Patna,Available,fuel_psu
2026-06-12,2026-06-12T06:00:00.000000,IOCL,diesel,Diesel,91.74,Patna,Available,fuel_psu
2026-06-12,2026-06-12T06:00:00.000000,BPCL,diesel,Diesel,91.74,Patna,Available,fuel_psu
2026-06-12,2026-06-12T06:00:00.000000,HPCL,diesel,Diesel,91.74,Patna,Available,fuel_psu
2026-06-12,2026-06-12T06:00:00.000000,IOCL,petrol,Petrol (95 octane),92.56,Noida,Available,fuel_psu
2026-06-12,2026-06-12T06:00:00.000000,BPCL,petrol,Petrol (95 octane),92.56,Noida,Available,fuel_psu
2026-06-12,2026-06-12T06:00:00.000000,HPCL,petrol,Petrol (95 octane),92.56,Noida,Available,fuel_psu
2026-06-12,2026-06-12T06:00:00.000000,IOCL,diesel,Diesel,87.45,Noida,Available,fuel_psu
2026-06-12,2026-06-12T06:00:00.000000,BPCL,diesel,Diesel,87.45,Noida,Available,fuel_psu
2026-06-12,2026-06-12T06:00:00.000000,HPCL,diesel,Diesel,87.45,Noida,Available,fuel_psu
2026-06-12,2026-06-12T06:00:00.000000,IOCL,petrol,Petrol (95 octane),92.88,Gurgaon,Available,fuel_psu
2026-06-12,2026-06-12T06:00:00.000000,BPCL,petrol,Petrol (95 octane),92.88,Gurgaon,Available,fuel_psu
2026-06-12,2026-06-12T06:00:00.000000,HPCL,petrol,Petrol (95 octane),92.88,Gurgaon,Available,fuel_psu
2026-06-12,2026-06-12T06:00:00.000000,IOCL,diesel,Diesel,87.55,Gurgaon,Available,fuel_psu
2026-06-12,2026-06-12T06:00:00.000000,BPCL,diesel,Diesel,87.55,Gurgaon,Available,fuel_psu
2026-06-12,2026-06-12T06:00:00.000000,HPCL,diesel,Diesel,87.55,Gurgaon,Available,fuel_psu
2026-06-12,2026-06-12T06:00:00.000000,IOCL,petrol,Petrol (95 octane),104.4,Indore,Available,fuel_psu
2026-06-12,2026-06-12T06:00:00.000000,BPCL,petrol,Petrol (95 octane),104.4,Indore,Available,fuel_psu
2026-06-12,2026-06-12T06:00:00.000000,HPCL,petrol,Petrol (95 octane),104.4,Indore,Available,fuel_psu
2026-06-12,2026-06-12T06:00:00.000000,IOCL,diesel,Diesel,91.59,Indore,Available,fuel_psu
2026-06-12,2026-06-12T06:00:00.000000,BPCL,diesel,Diesel,91.59,Indore,Available,fuel_psu
2026-06-12,2026-06-12T06:00:00.000000,HPCL,diesel,Diesel,91.59,Indore,Available,fuel_psu
2026-06-13,2026-06-13T06:00:00.000000,IOCL,petrol,Petrol (95 octane),102.11,Mumbai,Available,fuel_psu
2026-06-13,2026-06-13T06:00:00.000000,BPCL,petrol,Petrol (95 octane),102.11,Mumbai,Available,fuel_psu
2026-06-13,2026-06-13T06:00:00.000000,HPCL,petrol,Petrol (95 octane),102.11,Mumbai,Available,fuel_psu
2026-06-13,2026-06-13T06:00:00.000000,IOCL,diesel,Diesel,91.85,Mumbai,Available,fuel_psu
2026-06-13,2026-06-13T06:00:00.000000,BPCL,diesel,Diesel,91.85,Mumbai,Available,fuel_psu
2026-06-13,2026-06-13T06:00:00.000000,HPCL,diesel,Diesel,91.85,Mumbai,Available,fuel_psu
2026-06-13,2026-06-13T06:00:00.000000,IOCL,petrol,Petrol (95 octane),92.62,Delhi,Available,fuel_psu
2026-06-13,2026-06-13T06:00:00.000000,BPCL,petrol,Petrol (95 octane),92.62,Delhi,Available,fuel_psu
2026-06-13,2026-06-13T06:00:00.000000,HPCL,petrol,Petrol (95 octane),92.62,Delhi,Available,fuel_psu
2026-06-13,2026-06-13T06:00:00.000000,IOCL,diesel,Diesel,87.32,Delhi,Available,fuel_psu
2026-06-13,2026-06-13T06:00:00.000000,BPCL,diesel,Diesel,87.32,Delhi,Available,fuel_psu
2026-06-13,2026-06-13T06:00:00.000000,HPCL,diesel,Diesel,87.32,Delhi,Available,fuel_psu
2026-06-13,2026-06-13T06:00:00.000000,IOCL,petrol,Petrol (95 octane),100.76,Bengaluru,Available,fuel_psu
2026-06-13,2026-06-13T06:00:00.000000,BPCL,petrol,Petrol (95 octane),100.76,Bengaluru,Available,fuel_psu
2026-06-13,2026-06-13T06:00:00.000000,HPCL,petrol,Petrol (95 octane),100.76,Bengaluru,Available,fuel_psu
2026-06-13,2026-06-13T06:00:00.000000,IOCL,diesel,Diesel,88.64,Bengaluru,Available,fuel_psu
2026-06-13,2026-06-13T06:00:00.000000,BPCL,diesel,Diesel,88.64,Bengaluru,Available,fuel_psu
2026-06-13,2026-06-13T06:00:00.000000,HPCL,diesel,Diesel,88.64,Bengaluru,Available,fuel_psu
2026-06-13,2026-06-13T06:00:00.000000,IOCL,petrol,Petrol (95 octane),98.65,Chennai,Available,fuel_psu
2026-06-13,2026-06-13T06:00:00.000000,BPCL,petrol,Petrol (95 octane),98.65,Chennai,Available,fuel_psu
2026-06-13,2026-06-13T06:00:00.000000,HPCL,petrol,Petrol (95 octane),98.65,Chennai,Available,fuel_psu
2026-06-13,2026-06-13T06:00:00.000000,IOCL,diesel,Diesel,92.04,Chennai,Available,fuel_psu
2026-06-13,2026-06-13T06:00:00.000000,BPCL,diesel,Diesel,92.04,Chennai,Available,fuel_psu
2026-06-13,2026-06-13T06:00:00.000000,HPCL,diesel,Diesel,92.04,Chennai,Available,fuel_psu
2026-06-13,2026-06-13T06:00:00.000000,IOCL,petrol,Petrol (95 octane),101.84,Kolkata,Available,fuel_psu
2026-06-13,2026-06-13T06:00:00.000000,BPCL,petrol,Petrol (95 octane),101.84,Kolkata,Available,fuel_psu
2026-06-13,2026-06-13T06:00:00.000000,HPCL,petrol,Petrol (95 octane),101.84,Kolkata,Available,fuel_psu
2026-06-13,2026-06-13T06:00:00.000000,IOCL,diesel,Diesel,90.46,Kolkata,Available,fuel_psu
2026-06-13,2026-06-13T06:00:00.000000,BPCL,diesel,Diesel,90.46,Kolkata,Available,fuel_psu
2026-06-13,2026-06-13T06:00:00.000000,HPCL,diesel,Diesel,90.46,Kolkata,Available,fuel_psu
2026-06-13,2026-06-13T06:00:00.000000,IOCL,petrol,Petrol (95 octane),105.31,Hyderabad,Available,fuel_psu
2026-06-13,2026-06-13T06:00:00.000000,BPCL,petrol,Petrol (95 octane),105.31,Hyderabad,Available,fuel_psu
2026-06-13,2026-06-13T06:00:00.000000,HPCL,petrol,Petrol (95 octane),105.31,Hyderabad,Available,fuel_psu
2026-06-13,2026-06-13T06:00:00.000000,IOCL,diesel,Diesel,95.35,Hyderabad,Available,fuel_psu
2026-06-13,2026-06-13T06:00:00.000000,BPCL,diesel,Diesel,95.35,Hyderabad,Available,fuel_psu
2026-06-13,2026-06-13T06:00:00.000000,HPCL,diesel,Diesel,95.35,Hyderabad,Available,fuel_psu
2026-06-13,2026-06-13T06:00:00.000000,IOCL,petrol,Petrol (95 octane),101.98,Pune,Available,fuel_psu
2026-06-13,2026-06-13T06:00:00.000000,BPCL,petrol,Petrol (95 octane),101.98,Pune,Available,fuel_psu
2026-06-13,2026-06-13T06:00:00.000000,HPCL,petrol,Petrol (95 octane),101.98,Pune,Available,fuel_psu
2026-06-13,2026-06-13T06:00:00.000000,IOCL,diesel,Diesel,90.31,Pune,Available,fuel_psu
2026-06-13,2026-06-13T06:00:00.000000,BPCL,diesel,Diesel,90.31,Pune,Available,fuel_psu
2026-06-13,2026-06-13T06:00:00.000000,HPCL,diesel,Diesel,90.31,Pune,Available,fuel_psu
2026-06-13,2026-06-13T06:00:00.000000,IOCL,petrol,Petrol (95 octane),92.34,Ahmedabad,Available,fuel_psu
2026-06-13,2026-06-13T06:00:00.000000,BPCL,petrol,Petrol (95 octane),92.34,Ahmedabad,Available,fuel_psu
2026-06-13,2026-06-13T06:00:00.000000,HPCL,petrol,Petrol (95 octane),92.34,Ahmedabad,Available,fuel_psu
2026-06-13,2026-06-13T06:00:00.000000,IOCL,diesel,Diesel,89.81,Ahmedabad,Available,fuel_psu
2026-06-13,2026-06-13T06:00:00.000000,BPCL,diesel,Diesel,89.81,Ahmedabad,Available,fuel_psu
2026-06-13,2026-06-13T06:00:00.000000,HPCL,diesel,Diesel,89.81,Ahmedabad,Available,fuel_psu
2026-06-13,2026-06-13T06:00:00.000000,IOCL,petrol,Petrol (95 octane),102.78,Jaipur,Available,fuel_psu
2026-06-13,2026-06-13T06:00:00.000000,BPCL,petrol,Petrol (95 octane),102.78,Jaipur,Available,fuel_psu
2026-06-13,2026-06-13T06:00:00.000000,HPCL,petrol,Petrol (95 octane),102.78,Jaipur,Available,fuel_psu
2026-06-13,2026-06-13T06:00:00.000000,IOCL,diesel,Diesel,90.06,Jaipur,Available,fuel_psu
2026-06-13,2026-06-13T06:00:00.000000,BPCL,diesel,Diesel,90.06,Jaipur,Available,fuel_psu
2026-06-13,2026-06-13T06:00:00.000000,HPCL,diesel,Diesel,90.06,Jaipur,Available,fuel_psu
2026-06-13,2026-06-13T06:00:00.000000,IOCL,petrol,Petrol (95 octane),92.55,Lucknow,Available,fuel_psu
2026-06-13,2026-06-13T06:00:00.000000,BPCL,petrol,Petrol (95 octane),92.55,Lucknow,Available,fuel_psu
2026-06-13,2026-06-13T06:00:00.000000,HPCL,petrol,Petrol (95 octane),92.55,Lucknow,Available,fuel_psu
2026-06-13,2026-06-13T06:00:00.000000,IOCL,diesel,Diesel,87.46,Lucknow,Available,fuel_psu
2026-06-13,2026-06-13T06:00:00.000000,BPCL,diesel,Diesel,87.46,Lucknow,Available,fuel_psu
2026-06-13,2026-06-13T06:00:00.000000,HPCL,diesel,Diesel,87.46,Lucknow,Available,fuel_psu
2026-06-13,2026-06-13T06:00:00.000000,IOCL,petrol,Petrol (95 octane),92.14,Chandigarh,Available,fuel_psu
2026-06-13,2026-06-13T06:00:00.000000,BPCL,petrol,Petrol (95 octane),92.14,Chandigarh,Available,fuel_psu
2026-06-13,2026-06-13T06:00:00.000000,HPCL,petrol,Petrol (95 octane),92.14,Chandigarh,Available,fuel_psu
2026-06-13,2026-06-13T06:00:00.000000,IOCL,diesel,Diesel,82.1,Chandigarh,Available,fuel_psu
2026-06-13,2026-06-13T06:00:00.000000,BPCL,diesel,Diesel,82.1,Chandigarh,Available,fuel_psu
2026-06-13,2026-06-13T06:00:00.000000,HPCL,diesel,Diesel,82.1,Chandigarh,Available,fuel_psu
2026-06-13,2026-06-13T06:00:00.000000,IOCL,petrol,Petrol (95 octane),92.21,Surat,Available,fuel_psu
2026-06-13,2026-06-13T06:00:00.000000,BPCL,petrol,Petrol (95 octane),92.21,Surat,Available,fuel_psu
2026-06-13,2026-06-13T06:00:00.000000,HPCL,petrol,Petrol (95 octane),92.21,Surat,Available,fuel_psu
2026-06-13,2026-06-13T06:00:00.000000,IOCL,diesel,Diesel,89.68,Surat,Available,fuel_psu
2026-06-13,2026-06-13T06:00:00.000000,BPCL,diesel,Diesel,89.68,Surat,Available,fuel_psu
2026-06-13,2026-06-13T06:00:00.000000,HPCL,diesel,Diesel,89.68,Surat,Available,fuel_psu
2026-06-13,2026-06-13T06:00:00.000000,IOCL,petrol,Petrol (95 octane),103.08,Patna,Available,fuel_psu
2026-06-13,2026-06-13T06:00:00.000000,BPCL,petrol,Petrol (95 octane),103.08,Patna,Available,fuel_psu
2026-06-13,2026-06-13T06:00:00.000000,HPCL,petrol,Petrol (95 octane),103.08,Patna,Available,fuel_psu
2026-06-13,2026-06-13T06:00:00.000000,IOCL,diesel,Diesel,91.74,Patna,Available,fuel_psu
2026-06-13,2026-06-13T06:00:00.000000,BPCL,diesel,Diesel,91.74,Patna,Available,fuel_psu
2026-06-13,2026-06-13T06:00:00.000000,HPCL,diesel,Diesel,91.74,Patna,Available,fuel_psu
2026-06-13,2026-06-13T06:00:00.000000,IOCL,petrol,Petrol (95 octane),92.56,Noida,Available,fuel_psu
2026-06-13,2026-06-13T06:00:00.000000,BPCL,petrol,Petrol (95 octane),92.56,Noida,Available,fuel_psu
2026-06-13,2026-06-13T06:00:00.000000,HPCL,petrol,Petrol (95 octane),92.56,Noida,Available,fuel_psu
2026-06-13,2026-06-13T06:00:00.000000,IOCL,diesel,Diesel,87.45,Noida,Available,fuel_psu
2026-06-13,2026-06-13T06:00:00.000000,BPCL,diesel,Diesel,87.45,Noida,Available,fuel_psu
2026-06-13,2026-06-13T06:00:00.000000,HPCL,diesel,Diesel,87.45,Noida,Available,fuel_psu
2026-06-13,2026-06-13T06:00:00.000000,IOCL,petrol,Petrol (95 octane),92.88,Gurgaon,Available,fuel_psu
2026-06-13,2026-06-13T06:00:00.000000,BPCL,petrol,Petrol (95 octane),92.88,Gurgaon,Available,fuel_psu
2026-06-13,2026-06-13T06:00:00.000000,HPCL,petrol,Petrol (95 octane),92.88,Gurgaon,Available,fuel_psu
2026-06-13,2026-06-13T06:00:00.000000,IOCL,diesel,Diesel,87.55,Gurgaon,Available,fuel_psu
2026-06-13,2026-06-13T06:00:00.000000,BPCL,diesel,Diesel,87.55,Gurgaon,Available,fuel_psu
2026-06-13,2026-06-13T06:00:00.000000,HPCL,diesel,Diesel,87.55,Gurgaon,Available,fuel_psu
2026-06-13,2026-06-13T06:00:00.000000,IOCL,petrol,Petrol (95 octane),104.4,Indore,Available,fuel_psu
2026-06-13,2026-06-13T06:00:00.000000,BPCL,petrol,Petrol (95 octane),104.4,Indore,Available,fuel_psu
2026-06-13,2026-06-13T06:00:00.000000,HPCL,petrol,Petrol (95 octane),104.4,Indore,Available,fuel_psu
2026-06-13,2026-06-13T06:00:00.000000,IOCL,diesel,Diesel,91.59,Indore,Available,fuel_psu
2026-06-13,2026-06-13T06:00:00.000000,BPCL,diesel,Diesel,91.59,Indore,Available,fuel_psu
2026-06-13,2026-06-13T06:00:00.000000,HPCL,diesel,Diesel,91.59,Indore,Available,fuel_psu
2026-06-14,2026-06-14T06:00:00.000000,IOCL,petrol,Petrol (95 octane),102.11,Mumbai,Available,fuel_psu
2026-06-14,2026-06-14T06:00:00.000000,BPCL,petrol,Petrol (95 octane),102.11,Mumbai,Available,fuel_psu
2026-06-14,2026-06-14T06:00:00.000000,HPCL,petrol,Petrol (95 octane),102.11,Mumbai,Available,fuel_psu
2026-06-14,2026-06-14T06:00:00.000000,IOCL,diesel,Diesel,91.85,Mumbai,Available,fuel_psu
2026-06-14,2026-06-14T06:00:00.000000,BPCL,diesel,Diesel,91.85,Mumbai,Available,fuel_psu
2026-06-14,2026-06-14T06:00:00.000000,HPCL,diesel,Diesel,91.85,Mumbai,Available,fuel_psu
2026-06-14,2026-06-14T06:00:00.000000,IOCL,petrol,Petrol (95 octane),92.62,Delhi,Available,fuel_psu
2026-06-14,2026-06-14T06:00:00.000000,BPCL,petrol,Petrol (95 octane),92.62,Delhi,Available,fuel_psu
2026-06-14,2026-06-14T06:00:00.000000,HPCL,petrol,Petrol (95 octane),92.62,Delhi,Available,fuel_psu
2026-06-14,2026-06-14T06:00:00.000000,IOCL,diesel,Diesel,87.32,Delhi,Available,fuel_psu
2026-06-14,2026-06-14T06:00:00.000000,BPCL,diesel,Diesel,87.32,Delhi,Available,fuel_psu
2026-06-14,2026-06-14T06:00:00.000000,HPCL,diesel,Diesel,87.32,Delhi,Available,fuel_psu
2026-06-14,2026-06-14T06:00:00.000000,IOCL,petrol,Petrol (95 octane),100.76,Bengaluru,Available,fuel_psu
2026-06-14,2026-06-14T06:00:00.000000,BPCL,petrol,Petrol (95 octane),100.76,Bengaluru,Available,fuel_psu
2026-06-14,2026-06-14T06:00:00.000000,HPCL,petrol,Petrol (95 octane),100.76,Bengaluru,Available,fuel_psu
2026-06-14,2026-06-14T06:00:00.000000,IOCL,diesel,Diesel,88.64,Bengaluru,Available,fuel_psu
2026-06-14,2026-06-14T06:00:00.000000,BPCL,diesel,Diesel,88.64,Bengaluru,Available,fuel_psu
2026-06-14,2026-06-14T06:00:00.000000,HPCL,diesel,Diesel,88.64,Bengaluru,Available,fuel_psu
2026-06-14,2026-06-14T06:00:00.000000,IOCL,petrol,Petrol (95 octane),98.65,Chennai,Available,fuel_psu
2026-06-14,2026-06-14T06:00:00.000000,BPCL,petrol,Petrol (95 octane),98.65,Chennai,Available,fuel_psu
2026-06-14,2026-06-14T06:00:00.000000,HPCL,petrol,Petrol (95 octane),98.65,Chennai,Available,fuel_psu
2026-06-14,2026-06-14T06:00:00.000000,IOCL,diesel,Diesel,92.04,Chennai,Available,fuel_psu
2026-06-14,2026-06-14T06:00:00.000000,BPCL,diesel,Diesel,92.04,Chennai,Available,fuel_psu
2026-06-14,2026-06-14T06:00:00.000000,HPCL,diesel,Diesel,92.04,Chennai,Available,fuel_psu
2026-06-14,2026-06-14T06:00:00.000000,IOCL,petrol,Petrol (95 octane),101.84,Kolkata,Available,fuel_psu
2026-06-14,2026-06-14T06:00:00.000000,BPCL,petrol,Petrol (95 octane),101.84,Kolkata,Available,fuel_psu
2026-06-14,2026-06-14T06:00:00.000000,HPCL,petrol,Petrol (95 octane),101.84,Kolkata,Available,fuel_psu
2026-06-14,2026-06-14T06:00:00.000000,IOCL,diesel,Diesel,90.46,Kolkata,Available,fuel_psu
2026-06-14,2026-06-14T06:00:00.000000,BPCL,diesel,Diesel,90.46,Kolkata,Available,fuel_psu
2026-06-14,2026-06-14T06:00:00.000000,HPCL,diesel,Diesel,90.46,Kolkata,Available,fuel_psu
2026-06-14,2026-06-14T06:00:00.000000,IOCL,petrol,Petrol (95 octane),105.31,Hyderabad,Available,fuel_psu
2026-06-14,2026-06-14T06:00:00.000000,BPCL,petrol,Petrol (95 octane),105.31,Hyderabad,Available,fuel_psu
2026-06-14,2026-06-14T06:00:00.000000,HPCL,petrol,Petrol (95 octane),105.31,Hyderabad,Available,fuel_psu
2026-06-14,2026-06-14T06:00:00.000000,IOCL,diesel,Diesel,95.35,Hyderabad,Available,fuel_psu
2026-06-14,2026-06-14T06:00:00.000000,BPCL,diesel,Diesel,95.35,Hyderabad,Available,fuel_psu
2026-06-14,2026-06-14T06:00:00.000000,HPCL,diesel,Diesel,95.35,Hyderabad,Available,fuel_psu
2026-06-14,2026-06-14T06:00:00.000000,IOCL,petrol,Petrol (95 octane),101.98,Pune,Available,fuel_psu
2026-06-14,2026-06-14T06:00:00.000000,BPCL,petrol,Petrol (95 octane),101.98,Pune,Available,fuel_psu
2026-06-14,2026-06-14T06:00:00.000000,HPCL,petrol,Petrol (95 octane),101.98,Pune,Available,fuel_psu
2026-06-14,2026-06-14T06:00:00.000000,IOCL,diesel,Diesel,90.31,Pune,Available,fuel_psu
2026-06-14,2026-06-14T06:00:00.000000,BPCL,diesel,Diesel,90.31,Pune,Available,fuel_psu
2026-06-14,2026-06-14T06:00:00.000000,HPCL,diesel,Diesel,90.31,Pune,Available,fuel_psu
2026-06-14,2026-06-14T06:00:00.000000,IOCL,petrol,Petrol (95 octane),92.34,Ahmedabad,Available,fuel_psu
2026-06-14,2026-06-14T06:00:00.000000,BPCL,petrol,Petrol (95 octane),92.34,Ahmedabad,Available,fuel_psu
2026-06-14,2026-06-14T06:00:00.000000,HPCL,petrol,Petrol (95 octane),92.34,Ahmedabad,Available,fuel_psu
2026-06-14,2026-06-14T06:00:00.000000,IOCL,diesel,Diesel,89.81,Ahmedabad,Available,fuel_psu
2026-06-14,2026-06-14T06:00:00.000000,BPCL,diesel,Diesel,89.81,Ahmedabad,Available,fuel_psu
2026-06-14,2026-06-14T06:00:00.000000,HPCL,diesel,Diesel,89.81,Ahmedabad,Available,fuel_psu
2026-06-14,2026-06-14T06:00:00.000000,IOCL,petrol,Petrol (95 octane),102.78,Jaipur,Available,fuel_psu
2026-06-14,2026-06-14T06:00:00.000000,BPCL,petrol,Petrol (95 octane),102.78,Jaipur,Available,fuel_psu
2026-06-14,2026-06-14T06:00:00.000000,HPCL,petrol,Petrol (95 octane),102.78,Jaipur,Available,fuel_psu
2026-06-14,2026-06-14T06:00:00.000000,IOCL,diesel,Diesel,90.06,Jaipur,Available,fuel_psu
2026-06-14,2026-06-14T06:00:00.000000,BPCL,diesel,Diesel,90.06,Jaipur,Available,fuel_psu
2026-06-14,2026-06-14T06:00:00.000000,HPCL,diesel,Diesel,90.06,Jaipur,Available,fuel_psu
2026-06-14,2026-06-14T06:00:00.000000,IOCL,petrol,Petrol (95 octane),92.55,Lucknow,Available,fuel_psu
2026-06-14,2026-06-14T06:00:00.000000,BPCL,petrol,Petrol (95 octane),92.55,Lucknow,Available,fuel_psu
2026-06-14,2026-06-14T06:00:00.000000,HPCL,petrol,Petrol (95 octane),92.55,Lucknow,Available,fuel_psu
2026-06-14,2026-06-14T06:00:00.000000,IOCL,diesel,Diesel,87.46,Lucknow,Available,fuel_psu
2026-06-14,2026-06-14T06:00:00.000000,BPCL,diesel,Diesel,87.46,Lucknow,Available,fuel_psu
2026-06-14,2026-06-14T06:00:00.000000,HPCL,diesel,Diesel,87.46,Lucknow,Available,fuel_psu
2026-06-14,2026-06-14T06:00:00.000000,IOCL,petrol,Petrol (95 octane),92.14,Chandigarh,Available,fuel_psu
2026-06-14,2026-06-14T06:00:00.000000,BPCL,petrol,Petrol (95 octane),92.14,Chandigarh,Available,fuel_psu
2026-06-14,2026-06-14T06:00:00.000000,HPCL,petrol,Petrol (95 octane),92.14,Chandigarh,Available,fuel_psu
2026-06-14,2026-06-14T06:00:00.000000,IOCL,diesel,Diesel,82.1,Chandigarh,Available,fuel_psu
2026-06-14,2026-06-14T06:00:00.000000,BPCL,diesel,Diesel,82.1,Chandigarh,Available,fuel_psu
2026-06-14,2026-06-14T06:00:00.000000,HPCL,diesel,Diesel,82.1,Chandigarh,Available,fuel_psu
2026-06-14,2026-06-14T06:00:00.000000,IOCL,petrol,Petrol (95 octane),92.21,Surat,Available,fuel_psu
2026-06-14,2026-06-14T06:00:00.000000,BPCL,petrol,Petrol (95 octane),92.21,Surat,Available,fuel_psu
2026-06-14,2026-06-14T06:00:00.000000,HPCL,petrol,Petrol (95 octane),92.21,Surat,Available,fuel_psu
2026-06-14,2026-06-14T06:00:00.000000,IOCL,diesel,Diesel,89.68,Surat,Available,fuel_psu
2026-06-14,2026-06-14T06:00:00.000000,BPCL,diesel,Diesel,89.68,Surat,Available,fuel_psu
2026-06-14,2026-06-14T06:00:00.000000,HPCL,diesel,Diesel,89.68,Surat,Available,fuel_psu
2026-06-14,2026-06-14T06:00:00.000000,IOCL,petrol,Petrol (95 octane),103.08,Patna,Available,fuel_psu
2026-06-14,2026-06-14T06:00:00.000000,BPCL,petrol,Petrol (95 octane),103.08,Patna,Available,fuel_psu
2026-06-14,2026-06-14T06:00:00.000000,HPCL,petrol,Petrol (95 octane),103.08,Patna,Available,fuel_psu
2026-06-14,2026-06-14T06:00:00.000000,IOCL,diesel,Diesel,91.74,Patna,Available,fuel_psu
2026-06-14,2026-06-14T06:00:00.000000,BPCL,diesel,Diesel,91.74,Patna,Available,fuel_psu
2026-06-14,2026-06-14T06:00:00.000000,HPCL,diesel,Diesel,91.74,Patna,Available,fuel_psu
2026-06-14,2026-06-14T06:00:00.000000,IOCL,petrol,Petrol (95 octane),92.56,Noida,Available,fuel_psu
2026-06-14,2026-06-14T06:00:00.000000,BPCL,petrol,Petrol (95 octane),92.56,Noida,Available,fuel_psu
2026-06-14,2026-06-14T06:00:00.000000,HPCL,petrol,Petrol (95 octane),92.56,Noida,Available,fuel_psu
2026-06-14,2026-06-14T06:00:00.000000,IOCL,diesel,Diesel,87.45,Noida,Available,fuel_psu
2026-06-14,2026-06-14T06:00:00.000000,BPCL,diesel,Diesel,87.45,Noida,Available,fuel_psu
2026-06-14,2026-06-14T06:00:00.000000,HPCL,diesel,Diesel,87.45,Noida,Available,fuel_psu
2026-06-14,2026-06-14T06:00:00.000000,IOCL,petrol,Petrol (95 octane),92.88,Gurgaon,Available,fuel_psu
2026-06-14,2026-06-14T06:00:00.000000,BPCL,petrol,Petrol (95 octane),92.88,Gurgaon,Available,fuel_psu
2026-06-14,2026-06-14T06:00:00.000000,HPCL,petrol,Petrol (95 octane),92.88,Gurgaon,Available,fuel_psu
2026-06-14,2026-06-14T06:00:00.000000,IOCL,diesel,Diesel,87.55,Gurgaon,Available,fuel_psu
2026-06-14,2026-06-14T06:00:00.000000,BPCL,diesel,Diesel,87.55,Gurgaon,Available,fuel_psu
2026-06-14,2026-06-14T06:00:00.000000,HPCL,diesel,Diesel,87.55,Gurgaon,Available,fuel_psu
2026-06-14,2026-06-14T06:00:00.000000,IOCL,petrol,Petrol (95 octane),104.4,Indore,Available,fuel_psu
2026-06-14,2026-06-14T06:00:00.000000,BPCL,petrol,Petrol (95 octane),104.4,Indore,Available,fuel_psu
2026-06-14,2026-06-14T06:00:00.000000,HPCL,petrol,Petrol (95 octane),104.4,Indore,Available,fuel_psu
2026-06-14,2026-06-14T06:00:00.000000,IOCL,diesel,Diesel,91.59,Indore,Available,fuel_psu
2026-06-14,2026-06-14T06:00:00.000000,BPCL,diesel,Diesel,91.59,Indore,Available,fuel_psu
2026-06-14,2026-06-14T06:00:00.000000,HPCL,diesel,Diesel,91.59,Indore,Available,fuel_psu
2026-06-15,2026-06-15T06:00:00.000000,IOCL,petrol,Petrol (95 octane),102.11,Mumbai,Available,fuel_psu
2026-06-15,2026-06-15T06:00:00.000000,BPCL,petrol,Petrol (95 octane),102.11,Mumbai,Available,fuel_psu
2026-06-15,2026-06-15T06:00:00.000000,HPCL,petrol,Petrol (95 octane),102.11,Mumbai,Available,fuel_psu
2026-06-15,2026-06-15T06:00:00.000000,IOCL,diesel,Diesel,91.85,Mumbai,Available,fuel_psu
2026-06-15,2026-06-15T06:00:00.000000,BPCL,diesel,Diesel,91.85,Mumbai,Available,fuel_psu
2026-06-15,2026-06-15T06:00:00.000000,HPCL,diesel,Diesel,91.85,Mumbai,Available,fuel_psu
2026-06-15,2026-06-15T06:00:00.000000,IOCL,petrol,Petrol (95 octane),92.62,Delhi,Available,fuel_psu
2026-06-15,2026-06-15T06:00:00.000000,BPCL,petrol,Petrol (95 octane),92.62,Delhi,Available,fuel_psu
2026-06-15,2026-06-15T06:00:00.000000,HPCL,petrol,Petrol (95 octane),92.62,Delhi,Available,fuel_psu
2026-06-15,2026-06-15T06:00:00.000000,IOCL,diesel,Diesel,87.32,Delhi,Available,fuel_psu
2026-06-15,2026-06-15T06:00:00.000000,BPCL,diesel,Diesel,87.32,Delhi,Available,fuel_psu
2026-06-15,2026-06-15T06:00:00.000000,HPCL,diesel,Diesel,87.32,Delhi,Available,fuel_psu
2026-06-15,2026-06-15T06:00:00.000000,IOCL,petrol,Petrol (95 octane),100.76,Bengaluru,Available,fuel_psu
2026-06-15,2026-06-15T06:00:00.000000,BPCL,petrol,Petrol (95 octane),100.76,Bengaluru,Available,fuel_psu
2026-06-15,2026-06-15T06:00:00.000000,HPCL,petrol,Petrol (95 octane),100.76,Bengaluru,Available,fuel_psu
2026-06-15,2026-06-15T06:00:00.000000,IOCL,diesel,Diesel,88.64,Bengaluru,Available,fuel_psu
2026-06-15,2026-06-15T06:00:00.000000,BPCL,diesel,Diesel,88.64,Bengaluru,Available,fuel_psu
2026-06-15,2026-06-15T06:00:00.000000,HPCL,diesel,Diesel,88.64,Bengaluru,Available,fuel_psu
2026-06-15,2026-06-15T06:00:00.000000,IOCL,petrol,Petrol (95 octane),98.65,Chennai,Available,fuel_psu
2026-06-15,2026-06-15T06:00:00.000000,BPCL,petrol,Petrol (95 octane),98.65,Chennai,Available,fuel_psu
2026-06-15,2026-06-15T06:00:00.000000,HPCL,petrol,Petrol (95 octane),98.65,Chennai,Available,fuel_psu
2026-06-15,2026-06-15T06:00:00.000000,IOCL,diesel,Diesel,92.04,Chennai,Available,fuel_psu
2026-06-15,2026-06-15T06:00:00.000000,BPCL,diesel,Diesel,92.04,Chennai,Available,fuel_psu
2026-06-15,2026-06-15T06:00:00.000000,HPCL,diesel,Diesel,92.04,Chennai,Available,fuel_psu
2026-06-15,2026-06-15T06:00:00.000000,IOCL,petrol,Petrol (95 octane),101.84,Kolkata,Available,fuel_psu
2026-06-15,2026-06-15T06:00:00.000000,BPCL,petrol,Petrol (95 octane),101.84,Kolkata,Available,fuel_psu
2026-06-15,2026-06-15T06:00:00.000000,HPCL,petrol,Petrol (95 octane),101.84,Kolkata,Available,fuel_psu
2026-06-15,2026-06-15T06:00:00.000000,IOCL,diesel,Diesel,90.46,Kolkata,Available,fuel_psu
2026-06-15,2026-06-15T06:00:00.000000,BPCL,diesel,Diesel,90.46,Kolkata,Available,fuel_psu
2026-06-15,2026-06-15T06:00:00.000000,HPCL,diesel,Diesel,90.46,Kolkata,Available,fuel_psu
2026-06-15,2026-06-15T06:00:00.000000,IOCL,petrol,Petrol (95 octane),105.31,Hyderabad,Available,fuel_psu
2026-06-15,2026-06-15T06:00:00.000000,BPCL,petrol,Petrol (95 octane),105.31,Hyderabad,Available,fuel_psu
2026-06-15,2026-06-15T06:00:00.000000,HPCL,petrol,Petrol (95 octane),105.31,Hyderabad,Available,fuel_psu
2026-06-15,2026-06-15T06:00:00.000000,IOCL,diesel,Diesel,95.35,Hyderabad,Available,fuel_psu
2026-06-15,2026-06-15T06:00:00.000000,BPCL,diesel,Diesel,95.35,Hyderabad,Available,fuel_psu
2026-06-15,2026-06-15T06:00:00.000000,HPCL,diesel,Diesel,95.35,Hyderabad,Available,fuel_psu
2026-06-15,2026-06-15T06:00:00.000000,IOCL,petrol,Petrol (95 octane),101.98,Pune,Available,fuel_psu
2026-06-15,2026-06-15T06:00:00.000000,BPCL,petrol,Petrol (95 octane),101.98,Pune,Available,fuel_psu
2026-06-15,2026-06-15T06:00:00.000000,HPCL,petrol,Petrol (95 octane),101.98,Pune,Available,fuel_psu
2026-06-15,2026-06-15T06:00:00.000000,IOCL,diesel,Diesel,90.31,Pune,Available,fuel_psu
2026-06-15,2026-06-15T06:00:00.000000,BPCL,diesel,Diesel,90.31,Pune,Available,fuel_psu
2026-06-15,2026-06-15T06:00:00.000000,HPCL,diesel,Diesel,90.31,Pune,Available,fuel_psu
2026-06-15,2026-06-15T06:00:00.000000,IOCL,petrol,Petrol (95 octane),92.34,Ahmedabad,Available,fuel_psu
2026-06-15,2026-06-15T06:00:00.000000,BPCL,petrol,Petrol (95 octane),92.34,Ahmedabad,Available,fuel_psu
2026-06-15,2026-06-15T06:00:00.000000,HPCL,petrol,Petrol (95 octane),92.34,Ahmedabad,Available,fuel_psu
2026-06-15,2026-06-15T06:00:00.000000,IOCL,diesel,Diesel,89.81,Ahmedabad,Available,fuel_psu
2026-06-15,2026-06-15T06:00:00.000000,BPCL,diesel,Diesel,89.81,Ahmedabad,Available,fuel_psu
2026-06-15,2026-06-15T06:00:00.000000,HPCL,diesel,Diesel,89.81,Ahmedabad,Available,fuel_psu
2026-06-15,2026-06-15T06:00:00.000000,IOCL,petrol,Petrol (95 octane),102.78,Jaipur,Available,fuel_psu
2026-06-15,2026-06-15T06:00:00.000000,BPCL,petrol,Petrol (95 octane),102.78,Jaipur,Available,fuel_psu
2026-06-15,2026-06-15T06:00:00.000000,HPCL,petrol,Petrol (95 octane),102.78,Jaipur,Available,fuel_psu
2026-06-15,2026-06-15T06:00:00.000000,IOCL,diesel,Diesel,90.06,Jaipur,Available,fuel_psu
2026-06-15,2026-06-15T06:00:00.000000,BPCL,diesel,Diesel,90.06,Jaipur,Available,fuel_psu
2026-06-15,2026-06-15T06:00:00.000000,HPCL,diesel,Diesel,90.06,Jaipur,Available,fuel_psu
2026-06-15,2026-06-15T06:00:00.000000,IOCL,petrol,Petrol (95 octane),92.55,Lucknow,Available,fuel_psu
2026-06-15,2026-06-15T06:00:00.000000,BPCL,petrol,Petrol (95 octane),92.55,Lucknow,Available,fuel_psu
2026-06-15,2026-06-15T06:00:00.000000,HPCL,petrol,Petrol (95 octane),92.55,Lucknow,Available,fuel_psu
2026-06-15,2026-06-15T06:00:00.000000,IOCL,diesel,Diesel,87.46,Lucknow,Available,fuel_psu
2026-06-15,2026-06-15T06:00:00.000000,BPCL,diesel,Diesel,87.46,Lucknow,Available,fuel_psu
2026-06-15,2026-06-15T06:00:00.000000,HPCL,diesel,Diesel,87.46,Lucknow,Available,fuel_psu
2026-06-15,2026-06-15T06:00:00.000000,IOCL,petrol,Petrol (95 octane),92.14,Chandigarh,Available,fuel_psu
2026-06-15,2026-06-15T06:00:00.000000,BPCL,petrol,Petrol (95 octane),92.14,Chandigarh,Available,fuel_psu
2026-06-15,2026-06-15T06:00:00.000000,HPCL,petrol,Petrol (95 octane),92.14,Chandigarh,Available,fuel_psu
2026-06-15,2026-06-15T06:00:00.000000,IOCL,diesel,Diesel,82.1,Chandigarh,Available,fuel_psu
2026-06-15,2026-06-15T06:00:00.000000,BPCL,diesel,Diesel,82.1,Chandigarh,Available,fuel_psu
2026-06-15,2026-06-15T06:00:00.000000,HPCL,diesel,Diesel,82.1,Chandigarh,Available,fuel_psu
2026-06-15,2026-06-15T06:00:00.000000,IOCL,petrol,Petrol (95 octane),92.21,Surat,Available,fuel_psu
2026-06-15,2026-06-15T06:00:00.000000,BPCL,petrol,Petrol (95 octane),92.21,Surat,Available,fuel_psu
2026-06-15,2026-06-15T06:00:00.000000,HPCL,petrol,Petrol (95 octane),92.21,Surat,Available,fuel_psu
2026-06-15,2026-06-15T06:00:00.000000,IOCL,diesel,Diesel,89.68,Surat,Available,fuel_psu
2026-06-15,2026-06-15T06:00:00.000000,BPCL,diesel,Diesel,89.68,Surat,Available,fuel_psu
2026-06-15,2026-06-15T06:00:00.000000,HPCL,diesel,Diesel,89.68,Surat,Available,fuel_psu
2026-06-15,2026-06-15T06:00:00.000000,IOCL,petrol,Petrol (95 octane),103.08,Patna,Available,fuel_psu
2026-06-15,2026-06-15T06:00:00.000000,BPCL,petrol,Petrol (95 octane),103.08,Patna,Available,fuel_psu
2026-06-15,2026-06-15T06:00:00.000000,HPCL,petrol,Petrol (95 octane),103.08,Patna,Available,fuel_psu
2026-06-15,2026-06-15T06:00:00.000000,IOCL,diesel,Diesel,91.74,Patna,Available,fuel_psu
2026-06-15,2026-06-15T06:00:00.000000,BPCL,diesel,Diesel,91.74,Patna,Available,fuel_psu
2026-06-15,2026-06-15T06:00:00.000000,HPCL,diesel,Diesel,91.74,Patna,Available,fuel_psu
2026-06-15,2026-06-15T06:00:00.000000,IOCL,petrol,Petrol (95 octane),92.56,Noida,Available,fuel_psu
2026-06-15,2026-06-15T06:00:00.000000,BPCL,petrol,Petrol (95 octane),92.56,Noida,Available,fuel_psu
2026-06-15,2026-06-15T06:00:00.000000,HPCL,petrol,Petrol (95 octane),92.56,Noida,Available,fuel_psu
2026-06-15,2026-06-15T06:00:00.000000,IOCL,diesel,Diesel,87.45,Noida,Available,fuel_psu
2026-06-15,2026-06-15T06:00:00.000000,BPCL,diesel,Diesel,87.45,Noida,Available,fuel_psu
2026-06-15,2026-06-15T06:00:00.000000,HPCL,diesel,Diesel,87.45,Noida,Available,fuel_psu
2026-06-15,2026-06-15T06:00:00.000000,IOCL,petrol,Petrol (95 octane),92.88,Gurgaon,Available,fuel_psu
2026-06-15,2026-06-15T06:00:00.000000,BPCL,petrol,Petrol (95 octane),92.88,Gurgaon,Available,fuel_psu
2026-06-15,2026-06-15T06:00:00.000000,HPCL,petrol,Petrol (95 octane),92.88,Gurgaon,Available,fuel_psu
2026-06-15,2026-06-15T06:00:00.000000,IOCL,diesel,Diesel,87.55,Gurgaon,Available,fuel_psu
2026-06-15,2026-06-15T06:00:00.000000,BPCL,diesel,Diesel,87.55,Gurgaon,Available,fuel_psu
2026-06-15,2026-06-15T06:00:00.000000,HPCL,diesel,Diesel,87.55,Gurgaon,Available,fuel_psu
2026-06-15,2026-06-15T06:00:00.000000,IOCL,petrol,Petrol (95 octane),104.4,Indore,Available,fuel_psu
2026-06-15,2026-06-15T06:00:00.000000,BPCL,petrol,Petrol (95 octane),104.4,Indore,Available,fuel_psu
2026-06-15,2026-06-15T06:00:00.000000,HPCL,petrol,Petrol (95 octane),104.4,Indore,Available,fuel_psu
2026-06-15,2026-06-15T06:00:00.000000,IOCL,diesel,Diesel,91.59,Indore,Available,fuel_psu
2026-06-15,2026-06-15T06:00:00.000000,BPCL,diesel,Diesel,91.59,Indore,Available,fuel_psu
2026-06-15,2026-06-15T06:00:00.000000,HPCL,diesel,Diesel,91.59,Indore,Available,fuel_psu
2026-06-16,2026-06-16T06:00:00.000000,IOCL,petrol,Petrol (95 octane),102.11,Mumbai,Available,fuel_psu
2026-06-16,2026-06-16T06:00:00.000000,BPCL,petrol,Petrol (95 octane),102.11,Mumbai,Available,fuel_psu
2026-06-16,2026-06-16T06:00:00.000000,HPCL,petrol,Petrol (95 octane),102.11,Mumbai,Available,fuel_psu
2026-06-16,2026-06-16T06:00:00.000000,IOCL,diesel,Diesel,91.85,Mumbai,Available,fuel_psu
2026-06-16,2026-06-16T06:00:00.000000,BPCL,diesel,Diesel,91.85,Mumbai,Available,fuel_psu
2026-06-16,2026-06-16T06:00:00.000000,HPCL,diesel,Diesel,91.85,Mumbai,Available,fuel_psu
2026-06-16,2026-06-16T06:00:00.000000,IOCL,petrol,Petrol (95 octane),92.62,Delhi,Available,fuel_psu
2026-06-16,2026-06-16T06:00:00.000000,BPCL,petrol,Petrol (95 octane),92.62,Delhi,Available,fuel_psu
2026-06-16,2026-06-16T06:00:00.000000,HPCL,petrol,Petrol (95 octane),92.62,Delhi,Available,fuel_psu
2026-06-16,2026-06-16T06:00:00.000000,IOCL,diesel,Diesel,87.32,Delhi,Available,fuel_psu
2026-06-16,2026-06-16T06:00:00.000000,BPCL,diesel,Diesel,87.32,Delhi,Available,fuel_psu
2026-06-16,2026-06-16T06:00:00.000000,HPCL,diesel,Diesel,87.32,Delhi,Available,fuel_psu
2026-06-16,2026-06-16T06:00:00.000000,IOCL,petrol,Petrol (95 octane),100.76,Bengaluru,Available,fuel_psu
2026-06-16,2026-06-16T06:00:00.000000,BPCL,petrol,Petrol (95 octane),100.76,Bengaluru,Available,fuel_psu
2026-06-16,2026-06-16T06:00:00.000000,HPCL,petrol,Petrol (95 octane),100.76,Bengaluru,Available,fuel_psu
2026-06-16,2026-06-16T06:00:00.000000,IOCL,diesel,Diesel,88.64,Bengaluru,Available,fuel_psu
2026-06-16,2026-06-16T06:00:00.000000,BPCL,diesel,Diesel,88.64,Bengaluru,Available,fuel_psu
2026-06-16,2026-06-16T06:00:00.000000,HPCL,diesel,Diesel,88.64,Bengaluru,Available,fuel_psu
2026-06-16,2026-06-16T06:00:00.000000,IOCL,petrol,Petrol (95 octane),98.65,Chennai,Available,fuel_psu
2026-06-16,2026-06-16T06:00:00.000000,BPCL,petrol,Petrol (95 octane),98.65,Chennai,Available,fuel_psu
2026-06-16,2026-06-16T06:00:00.000000,HPCL,petrol,Petrol (95 octane),98.65,Chennai,Available,fuel_psu
2026-06-16,2026-06-16T06:00:00.000000,IOCL,diesel,Diesel,92.04,Chennai,Available,fuel_psu
2026-06-16,2026-06-16T06:00:00.000000,BPCL,diesel,Diesel,92.04,Chennai,Available,fuel_psu
2026-06-16,2026-06-16T06:00:00.000000,HPCL,diesel,Diesel,92.04,Chennai,Available,fuel_psu
2026-06-16,2026-06-16T06:00:00.000000,IOCL,petrol,Petrol (95 octane),101.84,Kolkata,Available,fuel_psu
2026-06-16,2026-06-16T06:00:00.000000,BPCL,petrol,Petrol (95 octane),101.84,Kolkata,Available,fuel_psu
2026-06-16,2026-06-16T06:00:00.000000,HPCL,petrol,Petrol (95 octane),101.84,Kolkata,Available,fuel_psu
2026-06-16,2026-06-16T06:00:00.000000,IOCL,diesel,Diesel,90.46,Kolkata,Available,fuel_psu
2026-06-16,2026-06-16T06:00:00.000000,BPCL,diesel,Diesel,90.46,Kolkata,Available,fuel_psu
2026-06-16,2026-06-16T06:00:00.000000,HPCL,diesel,Diesel,90.46,Kolkata,Available,fuel_psu
2026-06-16,2026-06-16T06:00:00.000000,IOCL,petrol,Petrol (95 octane),105.31,Hyderabad,Available,fuel_psu
2026-06-16,2026-06-16T06:00:00.000000,BPCL,petrol,Petrol (95 octane),105.31,Hyderabad,Available,fuel_psu
2026-06-16,2026-06-16T06:00:00.000000,HPCL,petrol,Petrol (95 octane),105.31,Hyderabad,Available,fuel_psu
2026-06-16,2026-06-16T06:00:00.000000,IOCL,diesel,Diesel,95.35,Hyderabad,Available,fuel_psu
2026-06-16,2026-06-16T06:00:00.000000,BPCL,diesel,Diesel,95.35,Hyderabad,Available,fuel_psu
2026-06-16,2026-06-16T06:00:00.000000,HPCL,diesel,Diesel,95.35,Hyderabad,Available,fuel_psu
2026-06-16,2026-06-16T06:00:00.000000,IOCL,petrol,Petrol (95 octane),101.98,Pune,Available,fuel_psu
2026-06-16,2026-06-16T06:00:00.000000,BPCL,petrol,Petrol (95 octane),101.98,Pune,Available,fuel_psu
2026-06-16,2026-06-16T06:00:00.000000,HPCL,petrol,Petrol (95 octane),101.98,Pune,Available,fuel_psu
2026-06-16,2026-06-16T06:00:00.000000,IOCL,diesel,Diesel,90.31,Pune,Available,fuel_psu
2026-06-16,2026-06-16T06:00:00.000000,BPCL,diesel,Diesel,90.31,Pune,Available,fuel_psu
2026-06-16,2026-06-16T06:00:00.000000,HPCL,diesel,Diesel,90.31,Pune,Available,fuel_psu
2026-06-16,2026-06-16T06:00:00.000000,IOCL,petrol,Petrol (95 octane),92.34,Ahmedabad,Available,fuel_psu
2026-06-16,2026-06-16T06:00:00.000000,BPCL,petrol,Petrol (95 octane),92.34,Ahmedabad,Available,fuel_psu
2026-06-16,2026-06-16T06:00:00.000000,HPCL,petrol,Petrol (95 octane),92.34,Ahmedabad,Available,fuel_psu
2026-06-16,2026-06-16T06:00:00.000000,IOCL,diesel,Diesel,89.81,Ahmedabad,Available,fuel_psu
2026-06-16,2026-06-16T06:00:00.000000,BPCL,diesel,Diesel,89.81,Ahmedabad,Available,fuel_psu
2026-06-16,2026-06-16T06:00:00.000000,HPCL,diesel,Diesel,89.81,Ahmedabad,Available,fuel_psu
2026-06-16,2026-06-16T06:00:00.000000,IOCL,petrol,Petrol (95 octane),102.78,Jaipur,Available,fuel_psu
2026-06-16,2026-06-16T06:00:00.000000,BPCL,petrol,Petrol (95 octane),102.78,Jaipur,Available,fuel_psu
2026-06-16,2026-06-16T06:00:00.000000,HPCL,petrol,Petrol (95 octane),102.78,Jaipur,Available,fuel_psu
2026-06-16,2026-06-16T06:00:00.000000,IOCL,diesel,Diesel,90.06,Jaipur,Available,fuel_psu
2026-06-16,2026-06-16T06:00:00.000000,BPCL,diesel,Diesel,90.06,Jaipur,Available,fuel_psu
2026-06-16,2026-06-16T06:00:00.000000,HPCL,diesel,Diesel,90.06,Jaipur,Available,fuel_psu
2026-06-16,2026-06-16T06:00:00.000000,IOCL,petrol,Petrol (95 octane),92.55,Lucknow,Available,fuel_psu
2026-06-16,2026-06-16T06:00:00.000000,BPCL,petrol,Petrol (95 octane),92.55,Lucknow,Available,fuel_psu
2026-06-16,2026-06-16T06:00:00.000000,HPCL,petrol,Petrol (95 octane),92.55,Lucknow,Available,fuel_psu
2026-06-16,2026-06-16T06:00:00.000000,IOCL,diesel,Diesel,87.46,Lucknow,Available,fuel_psu
2026-06-16,2026-06-16T06:00:00.000000,BPCL,diesel,Diesel,87.46,Lucknow,Available,fuel_psu
2026-06-16,2026-06-16T06:00:00.000000,HPCL,diesel,Diesel,87.46,Lucknow,Available,fuel_psu
2026-06-16,2026-06-16T06:00:00.000000,IOCL,petrol,Petrol (95 octane),92.14,Chandigarh,Available,fuel_psu
2026-06-16,2026-06-16T06:00:00.000000,BPCL,petrol,Petrol (95 octane),92.14,Chandigarh,Available,fuel_psu
2026-06-16,2026-06-16T06:00:00.000000,HPCL,petrol,Petrol (95 octane),92.14,Chandigarh,Available,fuel_psu
2026-06-16,2026-06-16T06:00:00.000000,IOCL,diesel,Diesel,82.1,Chandigarh,Available,fuel_psu
2026-06-16,2026-06-16T06:00:00.000000,BPCL,diesel,Diesel,82.1,Chandigarh,Available,fuel_psu
2026-06-16,2026-06-16T06:00:00.000000,HPCL,diesel,Diesel,82.1,Chandigarh,Available,fuel_psu
2026-06-16,2026-06-16T06:00:00.000000,IOCL,petrol,Petrol (95 octane),92.21,Surat,Available,fuel_psu
2026-06-16,2026-06-16T06:00:00.000000,BPCL,petrol,Petrol (95 octane),92.21,Surat,Available,fuel_psu
2026-06-16,2026-06-16T06:00:00.000000,HPCL,petrol,Petrol (95 octane),92.21,Surat,Available,fuel_psu
2026-06-16,2026-06-16T06:00:00.000000,IOCL,diesel,Diesel,89.68,Surat,Available,fuel_psu
2026-06-16,2026-06-16T06:00:00.000000,BPCL,diesel,Diesel,89.68,Surat,Available,fuel_psu
2026-06-16,2026-06-16T06:00:00.000000,HPCL,diesel,Diesel,89.68,Surat,Available,fuel_psu
2026-06-16,2026-06-16T06:00:00.000000,IOCL,petrol,Petrol (95 octane),103.08,Patna,Available,fuel_psu
2026-06-16,2026-06-16T06:00:00.000000,BPCL,petrol,Petrol (95 octane),103.08,Patna,Available,fuel_psu
2026-06-16,2026-06-16T06:00:00.000000,HPCL,petrol,Petrol (95 octane),103.08,Patna,Available,fuel_psu
2026-06-16,2026-06-16T06:00:00.000000,IOCL,diesel,Diesel,91.74,Patna,Available,fuel_psu
2026-06-16,2026-06-16T06:00:00.000000,BPCL,diesel,Diesel,91.74,Patna,Available,fuel_psu
2026-06-16,2026-06-16T06:00:00.000000,HPCL,diesel,Diesel,91.74,Patna,Available,fuel_psu
2026-06-16,2026-06-16T06:00:00.000000,IOCL,petrol,Petrol (95 octane),92.56,Noida,Available,fuel_psu
2026-06-16,2026-06-16T06:00:00.000000,BPCL,petrol,Petrol (95 octane),92.56,Noida,Available,fuel_psu
2026-06-16,2026-06-16T06:00:00.000000,HPCL,petrol,Petrol (95 octane),92.56,Noida,Available,fuel_psu
2026-06-16,2026-06-16T06:00:00.000000,IOCL,diesel,Diesel,87.45,Noida,Available,fuel_psu
2026-06-16,2026-06-16T06:00:00.000000,BPCL,diesel,Diesel,87.45,Noida,Available,fuel_psu
2026-06-16,2026-06-16T06:00:00.000000,HPCL,diesel,Diesel,87.45,Noida,Available,fuel_psu
2026-06-16,2026-06-16T06:00:00.000000,IOCL,petrol,Petrol (95 octane),92.88,Gurgaon,Available,fuel_psu
2026-06-16,2026-06-16T06:00:00.000000,BPCL,petrol,Petrol (95 octane),92.88,Gurgaon,Available,fuel_psu
2026-06-16,2026-06-16T06:00:00.000000,HPCL,petrol,Petrol (95 octane),92.88,Gurgaon,Available,fuel_psu
2026-06-16,2026-06-16T06:00:00.000000,IOCL,diesel,Diesel,87.55,Gurgaon,Available,fuel_psu
2026-06-16,2026-06-16T06:00:00.000000,BPCL,diesel,Diesel,87.55,Gurgaon,Available,fuel_psu
2026-06-16,2026-06-16T06:00:00.000000,HPCL,diesel,Diesel,87.55,Gurgaon,Available,fuel_psu
2026-06-16,2026-06-16T06:00:00.000000,IOCL,petrol,Petrol (95 octane),104.4,Indore,Available,fuel_psu
2026-06-16,2026-06-16T06:00:00.000000,BPCL,petrol,Petrol (95 octane),104.4,Indore,Available,fuel_psu
2026-06-16,2026-06-16T06:00:00.000000,HPCL,petrol,Petrol (95 octane),104.4,Indore,Available,fuel_psu
2026-06-16,2026-06-16T06:00:00.000000,IOCL,diesel,Diesel,91.59,Indore,Available,fuel_psu
2026-06-16,2026-06-16T06:00:00.000000,BPCL,diesel,Diesel,91.59,Indore,Available,fuel_psu
2026-06-16,2026-06-16T06:00:00.000000,HPCL,diesel,Diesel,91.59,Indore,Available,fuel_psu
2026-06-17,2026-06-17T06:00:00.000000,IOCL,petrol,Petrol (95 octane),102.11,Mumbai,Available,fuel_psu
2026-06-17,2026-06-17T06:00:00.000000,BPCL,petrol,Petrol (95 octane),102.11,Mumbai,Available,fuel_psu
2026-06-17,2026-06-17T06:00:00.000000,HPCL,petrol,Petrol (95 octane),102.11,Mumbai,Available,fuel_psu
2026-06-17,2026-06-17T06:00:00.000000,IOCL,diesel,Diesel,91.85,Mumbai,Available,fuel_psu
2026-06-17,2026-06-17T06:00:00.000000,BPCL,diesel,Diesel,91.85,Mumbai,Available,fuel_psu
2026-06-17,2026-06-17T06:00:00.000000,HPCL,diesel,Diesel,91.85,Mumbai,Available,fuel_psu
2026-06-17,2026-06-17T06:00:00.000000,IOCL,petrol,Petrol (95 octane),92.62,Delhi,Available,fuel_psu
2026-06-17,2026-06-17T06:00:00.000000,BPCL,petrol,Petrol (95 octane),92.62,Delhi,Available,fuel_psu
2026-06-17,2026-06-17T06:00:00.000000,HPCL,petrol,Petrol (95 octane),92.62,Delhi,Available,fuel_psu
2026-06-17,2026-06-17T06:00:00.000000,IOCL,diesel,Diesel,87.32,Delhi,Available,fuel_psu
2026-06-17,2026-06-17T06:00:00.000000,BPCL,diesel,Diesel,87.32,Delhi,Available,fuel_psu
2026-06-17,2026-06-17T06:00:00.000000,HPCL,diesel,Diesel,87.32,Delhi,Available,fuel_psu
2026-06-17,2026-06-17T06:00:00.000000,IOCL,petrol,Petrol (95 octane),100.76,Bengaluru,Available,fuel_psu
2026-06-17,2026-06-17T06:00:00.000000,BPCL,petrol,Petrol (95 octane),100.76,Bengaluru,Available,fuel_psu
2026-06-17,2026-06-17T06:00:00.000000,HPCL,petrol,Petrol (95 octane),100.76,Bengaluru,Available,fuel_psu
2026-06-17,2026-06-17T06:00:00.000000,IOCL,diesel,Diesel,88.64,Bengaluru,Available,fuel_psu
2026-06-17,2026-06-17T06:00:00.000000,BPCL,diesel,Diesel,88.64,Bengaluru,Available,fuel_psu
2026-06-17,2026-06-17T06:00:00.000000,HPCL,diesel,Diesel,88.64,Bengaluru,Available,fuel_psu
2026-06-17,2026-06-17T06:00:00.000000,IOCL,petrol,Petrol (95 octane),98.65,Chennai,Available,fuel_psu
2026-06-17,2026-06-17T06:00:00.000000,BPCL,petrol,Petrol (95 octane),98.65,Chennai,Available,fuel_psu
2026-06-17,2026-06-17T06:00:00.000000,HPCL,petrol,Petrol (95 octane),98.65,Chennai,Available,fuel_psu
2026-06-17,2026-06-17T06:00:00.000000,IOCL,diesel,Diesel,92.04,Chennai,Available,fuel_psu
2026-06-17,2026-06-17T06:00:00.000000,BPCL,diesel,Diesel,92.04,Chennai,Available,fuel_psu
2026-06-17,2026-06-17T06:00:00.000000,HPCL,diesel,Diesel,92.04,Chennai,Available,fuel_psu
2026-06-17,2026-06-17T06:00:00.000000,IOCL,petrol,Petrol (95 octane),101.84,Kolkata,Available,fuel_psu
2026-06-17,2026-06-17T06:00:00.000000,BPCL,petrol,Petrol (95 octane),101.84,Kolkata,Available,fuel_psu
2026-06-17,2026-06-17T06:00:00.000000,HPCL,petrol,Petrol (95 octane),101.84,Kolkata,Available,fuel_psu
2026-06-17,2026-06-17T06:00:00.000000,IOCL,diesel,Diesel,90.46,Kolkata,Available,fuel_psu
2026-06-17,2026-06-17T06:00:00.000000,BPCL,diesel,Diesel,90.46,Kolkata,Available,fuel_psu
2026-06-17,2026-06-17T06:00:00.000000,HPCL,diesel,Diesel,90.46,Kolkata,Available,fuel_psu
2026-06-17,2026-06-17T06:00:00.000000,IOCL,petrol,Petrol (95 octane),105.31,Hyderabad,Available,fuel_psu
2026-06-17,2026-06-17T06:00:00.000000,BPCL,petrol,Petrol (95 octane),105.31,Hyderabad,Available,fuel_psu
2026-06-17,2026-06-17T06:00:00.000000,HPCL,petrol,Petrol (95 octane),105.31,Hyderabad,Available,fuel_psu
2026-06-17,2026-06-17T06:00:00.000000,IOCL,diesel,Diesel,95.35,Hyderabad,Available,fuel_psu
2026-06-17,2026-06-17T06:00:00.000000,BPCL,diesel,Diesel,95.35,Hyderabad,Available,fuel_psu
2026-06-17,2026-06-17T06:00:00.000000,HPCL,diesel,Diesel,95.35,Hyderabad,Available,fuel_psu
2026-06-17,2026-06-17T06:00:00.000000,IOCL,petrol,Petrol (95 octane),101.98,Pune,Available,fuel_psu
2026-06-17,2026-06-17T06:00:00.000000,BPCL,petrol,Petrol (95 octane),101.98,Pune,Available,fuel_psu
2026-06-17,2026-06-17T06:00:00.000000,HPCL,petrol,Petrol (95 octane),101.98,Pune,Available,fuel_psu
2026-06-17,2026-06-17T06:00:00.000000,IOCL,diesel,Diesel,90.31,Pune,Available,fuel_psu
2026-06-17,2026-06-17T06:00:00.000000,BPCL,diesel,Diesel,90.31,Pune,Available,fuel_psu
2026-06-17,2026-06-17T06:00:00.000000,HPCL,diesel,Diesel,90.31,Pune,Available,fuel_psu
2026-06-17,2026-06-17T06:00:00.000000,IOCL,petrol,Petrol (95 octane),92.34,Ahmedabad,Available,fuel_psu
2026-06-17,2026-06-17T06:00:00.000000,BPCL,petrol,Petrol (95 octane),92.34,Ahmedabad,Available,fuel_psu
2026-06-17,2026-06-17T06:00:00.000000,HPCL,petrol,Petrol (95 octane),92.34,Ahmedabad,Available,fuel_psu
2026-06-17,2026-06-17T06:00:00.000000,IOCL,diesel,Diesel,89.81,Ahmedabad,Available,fuel_psu
2026-06-17,2026-06-17T06:00:00.000000,BPCL,diesel,Diesel,89.81,Ahmedabad,Available,fuel_psu
2026-06-17,2026-06-17T06:00:00.000000,HPCL,diesel,Diesel,89.81,Ahmedabad,Available,fuel_psu
2026-06-17,2026-06-17T06:00:00.000000,IOCL,petrol,Petrol (95 octane),102.78,Jaipur,Available,fuel_psu
2026-06-17,2026-06-17T06:00:00.000000,BPCL,petrol,Petrol (95 octane),102.78,Jaipur,Available,fuel_psu
2026-06-17,2026-06-17T06:00:00.000000,HPCL,petrol,Petrol (95 octane),102.78,Jaipur,Available,fuel_psu
2026-06-17,2026-06-17T06:00:00.000000,IOCL,diesel,Diesel,90.06,Jaipur,Available,fuel_psu
2026-06-17,2026-06-17T06:00:00.000000,BPCL,diesel,Diesel,90.06,Jaipur,Available,fuel_psu
2026-06-17,2026-06-17T06:00:00.000000,HPCL,diesel,Diesel,90.06,Jaipur,Available,fuel_psu
2026-06-17,2026-06-17T06:00:00.000000,IOCL,petrol,Petrol (95 octane),92.55,Lucknow,Available,fuel_psu
2026-06-17,2026-06-17T06:00:00.000000,BPCL,petrol,Petrol (95 octane),92.55,Lucknow,Available,fuel_psu
2026-06-17,2026-06-17T06:00:00.000000,HPCL,petrol,Petrol (95 octane),92.55,Lucknow,Available,fuel_psu
2026-06-17,2026-06-17T06:00:00.000000,IOCL,diesel,Diesel,87.46,Lucknow,Available,fuel_psu
2026-06-17,2026-06-17T06:00:00.000000,BPCL,diesel,Diesel,87.46,Lucknow,Available,fuel_psu
2026-06-17,2026-06-17T06:00:00.000000,HPCL,diesel,Diesel,87.46,Lucknow,Available,fuel_psu
2026-06-17,2026-06-17T06:00:00.000000,IOCL,petrol,Petrol (95 octane),92.14,Chandigarh,Available,fuel_psu
2026-06-17,2026-06-17T06:00:00.000000,BPCL,petrol,Petrol (95 octane),92.14,Chandigarh,Available,fuel_psu
2026-06-17,2026-06-17T06:00:00.000000,HPCL,petrol,Petrol (95 octane),92.14,Chandigarh,Available,fuel_psu
2026-06-17,2026-06-17T06:00:00.000000,IOCL,diesel,Diesel,82.1,Chandigarh,Available,fuel_psu
2026-06-17,2026-06-17T06:00:00.000000,BPCL,diesel,Diesel,82.1,Chandigarh,Available,fuel_psu
2026-06-17,2026-06-17T06:00:00.000000,HPCL,diesel,Diesel,82.1,Chandigarh,Available,fuel_psu
2026-06-17,2026-06-17T06:00:00.000000,IOCL,petrol,Petrol (95 octane),92.21,Surat,Available,fuel_psu
2026-06-17,2026-06-17T06:00:00.000000,BPCL,petrol,Petrol (95 octane),92.21,Surat,Available,fuel_psu
2026-06-17,2026-06-17T06:00:00.000000,HPCL,petrol,Petrol (95 octane),92.21,Surat,Available,fuel_psu
2026-06-17,2026-06-17T06:00:00.000000,IOCL,diesel,Diesel,89.68,Surat,Available,fuel_psu
2026-06-17,2026-06-17T06:00:00.000000,BPCL,diesel,Diesel,89.68,Surat,Available,fuel_psu
2026-06-17,2026-06-17T06:00:00.000000,HPCL,diesel,Diesel,89.68,Surat,Available,fuel_psu
2026-06-17,2026-06-17T06:00:00.000000,IOCL,petrol,Petrol (95 octane),103.08,Patna,Available,fuel_psu
2026-06-17,2026-06-17T06:00:00.000000,BPCL,petrol,Petrol (95 octane),103.08,Patna,Available,fuel_psu
2026-06-17,2026-06-17T06:00:00.000000,HPCL,petrol,Petrol (95 octane),103.08,Patna,Available,fuel_psu
2026-06-17,2026-06-17T06:00:00.000000,IOCL,diesel,Diesel,91.74,Patna,Available,fuel_psu
2026-06-17,2026-06-17T06:00:00.000000,BPCL,diesel,Diesel,91.74,Patna,Available,fuel_psu
2026-06-17,2026-06-17T06:00:00.000000,HPCL,diesel,Diesel,91.74,Patna,Available,fuel_psu
2026-06-17,2026-06-17T06:00:00.000000,IOCL,petrol,Petrol (95 octane),92.56,Noida,Available,fuel_psu
2026-06-17,2026-06-17T06:00:00.000000,BPCL,petrol,Petrol (95 octane),92.56,Noida,Available,fuel_psu
2026-06-17,2026-06-17T06:00:00.000000,HPCL,petrol,Petrol (95 octane),92.56,Noida,Available,fuel_psu
2026-06-17,2026-06-17T06:00:00.000000,IOCL,diesel,Diesel,87.45,Noida,Available,fuel_psu
2026-06-17,2026-06-17T06:00:00.000000,BPCL,diesel,Diesel,87.45,Noida,Available,fuel_psu
2026-06-17,2026-06-17T06:00:00.000000,HPCL,diesel,Diesel,87.45,Noida,Available,fuel_psu
2026-06-17,2026-06-17T06:00:00.000000,IOCL,petrol,Petrol (95 octane),92.88,Gurgaon,Available,fuel_psu
2026-06-17,2026-06-17T06:00:00.000000,BPCL,petrol,Petrol (95 octane),92.88,Gurgaon,Available,fuel_psu
2026-06-17,2026-06-17T06:00:00.000000,HPCL,petrol,Petrol (95 octane),92.88,Gurgaon,Available,fuel_psu
2026-06-17,2026-06-17T06:00:00.000000,IOCL,diesel,Diesel,87.55,Gurgaon,Available,fuel_psu
2026-06-17,2026-06-17T06:00:00.000000,BPCL,diesel,Diesel,87.55,Gurgaon,Available,fuel_psu
2026-06-17,2026-06-17T06:00:00.000000,HPCL,diesel,Diesel,87.55,Gurgaon,Available,fuel_psu
2026-06-17,2026-06-17T06:00:00.000000,IOCL,petrol,Petrol (95 octane),104.4,Indore,Available,fuel_psu
2026-06-17,2026-06-17T06:00:00.000000,BPCL,petrol,Petrol (95 octane),104.4,Indore,Available,fuel_psu
2026-06-17,2026-06-17T06:00:00.000000,HPCL,petrol,Petrol (95 octane),104.4,Indore,Available,fuel_psu
2026-06-17,2026-06-17T06:00:00.000000,IOCL,diesel,Diesel,91.59,Indore,Available,fuel_psu
2026-06-17,2026-06-17T06:00:00.000000,BPCL,diesel,Diesel,91.59,Indore,Available,fuel_psu
2026-06-17,2026-06-17T06:00:00.000000,HPCL,diesel,Diesel,91.59,Indore,Available,fuel_psu
2026-06-18,2026-06-18T06:00:00.000000,IOCL,petrol,Petrol (95 octane),101.31,Mumbai,Available,fuel_psu
2026-06-18,2026-06-18T06:00:00.000000,BPCL,petrol,Petrol (95 octane),101.31,Mumbai,Available,fuel_psu
2026-06-18,2026-06-18T06:00:00.000000,HPCL,petrol,Petrol (95 octane),101.31,Mumbai,Available,fuel_psu
2026-06-18,2026-06-18T06:00:00.000000,IOCL,diesel,Diesel,92.75,Mumbai,Available,fuel_psu
2026-06-18,2026-06-18T06:00:00.000000,BPCL,diesel,Diesel,92.75,Mumbai,Available,fuel_psu
2026-06-18,2026-06-18T06:00:00.000000,HPCL,diesel,Diesel,92.75,Mumbai,Available,fuel_psu
2026-06-18,2026-06-18T06:00:00.000000,IOCL,petrol,Petrol (95 octane),91.82,Delhi,Available,fuel_psu
2026-06-18,2026-06-18T06:00:00.000000,BPCL,petrol,Petrol (95 octane),91.82,Delhi,Available,fuel_psu
2026-06-18,2026-06-18T06:00:00.000000,HPCL,petrol,Petrol (95 octane),91.82,Delhi,Available,fuel_psu
2026-06-18,2026-06-18T06:00:00.000000,IOCL,diesel,Diesel,88.22,Delhi,Available,fuel_psu
2026-06-18,2026-06-18T06:00:00.000000,BPCL,diesel,Diesel,88.22,Delhi,Available,fuel_psu
2026-06-18,2026-06-18T06:00:00.000000,HPCL,diesel,Diesel,88.22,Delhi,Available,fuel_psu
2026-06-18,2026-06-18T06:00:00.000000,IOCL,petrol,Petrol (95 octane),99.96,Bengaluru,Available,fuel_psu
2026-06-18,2026-06-18T06:00:00.000000,BPCL,petrol,Petrol (95 octane),99.96,Bengaluru,Available,fuel_psu
2026-06-18,2026-06-18T06:00:00.000000,HPCL,petrol,Petrol (95 octane),99.96,Bengaluru,Available,fuel_psu
2026-06-18,2026-06-18T06:00:00.000000,IOCL,diesel,Diesel,89.54,Bengaluru,Available,fuel_psu
2026-06-18,2026-06-18T06:00:00.000000,BPCL,diesel,Diesel,89.54,Bengaluru,Available,fuel_psu
2026-06-18,2026-06-18T06:00:00.000000,HPCL,diesel,Diesel,89.54,Bengaluru,Available,fuel_psu
2026-06-18,2026-06-18T06:00:00.000000,IOCL,petrol,Petrol (95 octane),97.85,Chennai,Available,fuel_psu
2026-06-18,2026-06-18T06:00:00.000000,BPCL,petrol,Petrol (95 octane),97.85,Chennai,Available,fuel_psu
2026-06-18,2026-06-18T06:00:00.000000,HPCL,petrol,Petrol (95 octane),97.85,Chennai,Available,fuel_psu
2026-06-18,2026-06-18T06:00:00.000000,IOCL,diesel,Diesel,92.94,Chennai,Available,fuel_psu
2026-06-18,2026-06-18T06:00:00.000000,BPCL,diesel,Diesel,92.94,Chennai,Available,fuel_psu
2026-06-18,2026-06-18T06:00:00.000000,HPCL,diesel,Diesel,92.94,Chennai,Available,fuel_psu
2026-06-18,2026-06-18T06:00:00.000000,IOCL,petrol,Petrol (95 octane),101.04,Kolkata,Available,fuel_psu
2026-06-18,2026-06-18T06:00:00.000000,BPCL,petrol,Petrol (95 octane),101.04,Kolkata,Available,fuel_psu
2026-06-18,2026-06-18T06:00:00.000000,HPCL,petrol,Petrol (95 octane),101.04,Kolkata,Available,fuel_psu
2026-06-18,2026-06-18T06:00:00.000000,IOCL,diesel,Diesel,91.36,Kolkata,Available,fuel_psu
2026-06-18,2026-06-18T06:00:00.000000,BPCL,diesel,Diesel,91.36,Kolkata,Available,fuel_psu
2026-06-18,2026-06-18T06:00:00.000000,HPCL,diesel,Diesel,91.36,Kolkata,Available,fuel_psu
2026-06-18,2026-06-18T06:00:00.000000,IOCL,petrol,Petrol (95 octane),104.51,Hyderabad,Available,fuel_psu
2026-06-18,2026-06-18T06:00:00.000000,BPCL,petrol,Petrol (95 octane),104.51,Hyderabad,Available,fuel_psu
2026-06-18,2026-06-18T06:00:00.000000,HPCL,petrol,Petrol (95 octane),104.51,Hyderabad,Available,fuel_psu
2026-06-18,2026-06-18T06:00:00.000000,IOCL,diesel,Diesel,96.25,Hyderabad,Available,fuel_psu
2026-06-18,2026-06-18T06:00:00.000000,BPCL,diesel,Diesel,96.25,Hyderabad,Available,fuel_psu
2026-06-18,2026-06-18T06:00:00.000000,HPCL,diesel,Diesel,96.25,Hyderabad,Available,fuel_psu
2026-06-18,2026-06-18T06:00:00.000000,IOCL,petrol,Petrol (95 octane),101.18,Pune,Available,fuel_psu
2026-06-18,2026-06-18T06:00:00.000000,BPCL,petrol,Petrol (95 octane),101.18,Pune,Available,fuel_psu
2026-06-18,2026-06-18T06:00:00.000000,HPCL,petrol,Petrol (95 octane),101.18,Pune,Available,fuel_psu
2026-06-18,2026-06-18T06:00:00.000000,IOCL,diesel,Diesel,91.21,Pune,Available,fuel_psu
2026-06-18,2026-06-18T06:00:00.000000,BPCL,diesel,Diesel,91.21,Pune,Available,fuel_psu
2026-06-18,2026-06-18T06:00:00.000000,HPCL,diesel,Diesel,91.21,Pune,Available,fuel_psu
2026-06-18,2026-06-18T06:00:00.000000,IOCL,petrol,Petrol (95 octane),91.54,Ahmedabad,Available,fuel_psu
2026-06-18,2026-06-18T06:00:00.000000,BPCL,petrol,Petrol (95 octane),91.54,Ahmedabad,Available,fuel_psu
2026-06-18,2026-06-18T06:00:00.000000,HPCL,petrol,Petrol (95 octane),91.54,Ahmedabad,Available,fuel_psu
2026-06-18,2026-06-18T06:00:00.000000,IOCL,diesel,Diesel,90.71,Ahmedabad,Available,fuel_psu
2026-06-18,2026-06-18T06:00:00.000000,BPCL,diesel,Diesel,90.71,Ahmedabad,Available,fuel_psu
2026-06-18,2026-06-18T06:00:00.000000,HPCL,diesel,Diesel,90.71,Ahmedabad,Available,fuel_psu
2026-06-18,2026-06-18T06:00:00.000000,IOCL,petrol,Petrol (95 octane),101.98,Jaipur,Available,fuel_psu
2026-06-18,2026-06-18T06:00:00.000000,BPCL,petrol,Petrol (95 octane),101.98,Jaipur,Available,fuel_psu
2026-06-18,2026-06-18T06:00:00.000000,HPCL,petrol,Petrol (95 octane),101.98,Jaipur,Available,fuel_psu
2026-06-18,2026-06-18T06:00:00.000000,IOCL,diesel,Diesel,90.96,Jaipur,Available,fuel_psu
2026-06-18,2026-06-18T06:00:00.000000,BPCL,diesel,Diesel,90.96,Jaipur,Available,fuel_psu
2026-06-18,2026-06-18T06:00:00.000000,HPCL,diesel,Diesel,90.96,Jaipur,Available,fuel_psu
2026-06-18,2026-06-18T06:00:00.000000,IOCL,petrol,Petrol (95 octane),91.75,Lucknow,Available,fuel_psu
2026-06-18,2026-06-18T06:00:00.000000,BPCL,petrol,Petrol (95 octane),91.75,Lucknow,Available,fuel_psu
2026-06-18,2026-06-18T06:00:00.000000,HPCL,petrol,Petrol (95 octane),91.75,Lucknow,Available,fuel_psu
2026-06-18,2026-06-18T06:00:00.000000,IOCL,diesel,Diesel,88.36,Lucknow,Available,fuel_psu
2026-06-18,2026-06-18T06:00:00.000000,BPCL,diesel,Diesel,88.36,Lucknow,Available,fuel_psu
2026-06-18,2026-06-18T06:00:00.000000,HPCL,diesel,Diesel,88.36,Lucknow,Available,fuel_psu
2026-06-18,2026-06-18T06:00:00.000000,IOCL,petrol,Petrol (95 octane),91.34,Chandigarh,Available,fuel_psu
2026-06-18,2026-06-18T06:00:00.000000,BPCL,petrol,Petrol (95 octane),91.34,Chandigarh,Available,fuel_psu
2026-06-18,2026-06-18T06:00:00.000000,HPCL,petrol,Petrol (95 octane),91.34,Chandigarh,Available,fuel_psu
2026-06-18,2026-06-18T06:00:00.000000,IOCL,diesel,Diesel,83.0,Chandigarh,Available,fuel_psu
2026-06-18,2026-06-18T06:00:00.000000,BPCL,diesel,Diesel,83.0,Chandigarh,Available,fuel_psu
2026-06-18,2026-06-18T06:00:00.000000,HPCL,diesel,Diesel,83.0,Chandigarh,Available,fuel_psu
2026-06-18,2026-06-18T06:00:00.000000,IOCL,petrol,Petrol (95 octane),91.41,Surat,Available,fuel_psu
2026-06-18,2026-06-18T06:00:00.000000,BPCL,petrol,Petrol (95 octane),91.41,Surat,Available,fuel_psu
2026-06-18,2026-06-18T06:00:00.000000,HPCL,petrol,Petrol (95 octane),91.41,Surat,Available,fuel_psu
2026-06-18,2026-06-18T06:00:00.000000,IOCL,diesel,Diesel,90.58,Surat,Available,fuel_psu
2026-06-18,2026-06-18T06:00:00.000000,BPCL,diesel,Diesel,90.58,Surat,Available,fuel_psu
2026-06-18,2026-06-18T06:00:00.000000,HPCL,diesel,Diesel,90.58,Surat,Available,fuel_psu
2026-06-18,2026-06-18T06:00:00.000000,IOCL,petrol,Petrol (95 octane),102.28,Patna,Available,fuel_psu
2026-06-18,2026-06-18T06:00:00.000000,BPCL,petrol,Petrol (95 octane),102.28,Patna,Available,fuel_psu
2026-06-18,2026-06-18T06:00:00.000000,HPCL,petrol,Petrol (95 octane),102.28,Patna,Available,fuel_psu
2026-06-18,2026-06-18T06:00:00.000000,IOCL,diesel,Diesel,92.64,Patna,Available,fuel_psu
2026-06-18,2026-06-18T06:00:00.000000,BPCL,diesel,Diesel,92.64,Patna,Available,fuel_psu
2026-06-18,2026-06-18T06:00:00.000000,HPCL,diesel,Diesel,92.64,Patna,Available,fuel_psu
2026-06-18,2026-06-18T06:00:00.000000,IOCL,petrol,Petrol (95 octane),91.76,Noida,Available,fuel_psu
2026-06-18,2026-06-18T06:00:00.000000,BPCL,petrol,Petrol (95 octane),91.76,Noida,Available,fuel_psu
2026-06-18,2026-06-18T06:00:00.000000,HPCL,petrol,Petrol (95 octane),91.76,Noida,Available,fuel_psu
2026-06-18,2026-06-18T06:00:00.000000,IOCL,diesel,Diesel,88.35,Noida,Available,fuel_psu
2026-06-18,2026-06-18T06:00:00.000000,BPCL,diesel,Diesel,88.35,Noida,Available,fuel_psu
2026-06-18,2026-06-18T06:00:00.000000,HPCL,diesel,Diesel,88.35,Noida,Available,fuel_psu
2026-06-18,2026-06-18T06:00:00.000000,IOCL,petrol,Petrol (95 octane),92.08,Gurgaon,Available,fuel_psu
2026-06-18,2026-06-18T06:00:00.000000,BPCL,petrol,Petrol (95 octane),92.08,Gurgaon,Available,fuel_psu
2026-06-18,2026-06-18T06:00:00.000000,HPCL,petrol,Petrol (95 octane),92.08,Gurgaon,Available,fuel_psu
2026-06-18,2026-06-18T06:00:00.000000,IOCL,diesel,Diesel,88.45,Gurgaon,Available,fuel_psu
2026-06-18,2026-06-18T06:00:00.000000,BPCL,diesel,Diesel,88.45,Gurgaon,Available,fuel_psu
2026-06-18,2026-06-18T06:00:00.000000,HPCL,diesel,Diesel,88.45,Gurgaon,Available,fuel_psu
2026-06-18,2026-06-18T06:00:00.000000,IOCL,petrol,Petrol (95 octane),103.6,Indore,Available,fuel_psu
2026-06-18,2026-06-18T06:00:00.000000,BPCL,petrol,Petrol (95 octane),103.6,Indore,Available,fuel_psu
2026-06-18,2026-06-18T06:00:00.000000,HPCL,petrol,Petrol (95 octane),103.6,Indore,Available,fuel_psu
2026-06-18,2026-06-18T06:00:00.000000,IOCL,diesel,Diesel,92.49,Indore,Available,fuel_psu
2026-06-18,2026-06-18T06:00:00.000000,BPCL,diesel,Diesel,92.49,Indore,Available,fuel_psu
2026-06-18,2026-06-18T06:00:00.000000,HPCL,diesel,Diesel,92.49,Indore,Available,fuel_psu
2026-06-19,2026-06-19T06:00:00.000000,IOCL,petrol,Petrol (95 octane),101.31,Mumbai,Available,fuel_psu
2026-06-19,2026-06-19T06:00:00.000000,BPCL,petrol,Petrol (95 octane),101.31,Mumbai,Available,fuel_psu
2026-06-19,2026-06-19T06:00:00.000000,HPCL,petrol,Petrol (95 octane),101.31,Mumbai,Available,fuel_psu
2026-06-19,2026-06-19T06:00:00.000000,IOCL,diesel,Diesel,92.75,Mumbai,Available,fuel_psu
2026-06-19,2026-06-19T06:00:00.000000,BPCL,diesel,Diesel,92.75,Mumbai,Available,fuel_psu
2026-06-19,2026-06-19T06:00:00.000000,HPCL,diesel,Diesel,92.75,Mumbai,Available,fuel_psu
2026-06-19,2026-06-19T06:00:00.000000,IOCL,petrol,Petrol (95 octane),91.82,Delhi,Available,fuel_psu
2026-06-19,2026-06-19T06:00:00.000000,BPCL,petrol,Petrol (95 octane),91.82,Delhi,Available,fuel_psu
2026-06-19,2026-06-19T06:00:00.000000,HPCL,petrol,Petrol (95 octane),91.82,Delhi,Available,fuel_psu
2026-06-19,2026-06-19T06:00:00.000000,IOCL,diesel,Diesel,88.22,Delhi,Available,fuel_psu
2026-06-19,2026-06-19T06:00:00.000000,BPCL,diesel,Diesel,88.22,Delhi,Available,fuel_psu
2026-06-19,2026-06-19T06:00:00.000000,HPCL,diesel,Diesel,88.22,Delhi,Available,fuel_psu
2026-06-19,2026-06-19T06:00:00.000000,IOCL,petrol,Petrol (95 octane),99.96,Bengaluru,Available,fuel_psu
2026-06-19,2026-06-19T06:00:00.000000,BPCL,petrol,Petrol (95 octane),99.96,Bengaluru,Available,fuel_psu
2026-06-19,2026-06-19T06:00:00.000000,HPCL,petrol,Petrol (95 octane),99.96,Bengaluru,Available,fuel_psu
2026-06-19,2026-06-19T06:00:00.000000,IOCL,diesel,Diesel,89.54,Bengaluru,Available,fuel_psu
2026-06-19,2026-06-19T06:00:00.000000,BPCL,diesel,Diesel,89.54,Bengaluru,Available,fuel_psu
2026-06-19,2026-06-19T06:00:00.000000,HPCL,diesel,Diesel,89.54,Bengaluru,Available,fuel_psu
2026-06-19,2026-06-19T06:00:00.000000,IOCL,petrol,Petrol (95 octane),97.85,Chennai,Available,fuel_psu
2026-06-19,2026-06-19T06:00:00.000000,BPCL,petrol,Petrol (95 octane),97.85,Chennai,Available,fuel_psu
2026-06-19,2026-06-19T06:00:00.000000,HPCL,petrol,Petrol (95 octane),97.85,Chennai,Available,fuel_psu
2026-06-19,2026-06-19T06:00:00.000000,IOCL,diesel,Diesel,92.94,Chennai,Available,fuel_psu
2026-06-19,2026-06-19T06:00:00.000000,BPCL,diesel,Diesel,92.94,Chennai,Available,fuel_psu
2026-06-19,2026-06-19T06:00:00.000000,HPCL,diesel,Diesel,92.94,Chennai,Available,fuel_psu
2026-06-19,2026-06-19T06:00:00.000000,IOCL,petrol,Petrol (95 octane),101.04,Kolkata,Available,fuel_psu
2026-06-19,2026-06-19T06:00:00.000000,BPCL,petrol,Petrol (95 octane),101.04,Kolkata,Available,fuel_psu
2026-06-19,2026-06-19T06:00:00.000000,HPCL,petrol,Petrol (95 octane),101.04,Kolkata,Available,fuel_psu
2026-06-19,2026-06-19T06:00:00.000000,IOCL,diesel,Diesel,91.36,Kolkata,Available,fuel_psu
2026-06-19,2026-06-19T06:00:00.000000,BPCL,diesel,Diesel,91.36,Kolkata,Available,fuel_psu
2026-06-19,2026-06-19T06:00:00.000000,HPCL,diesel,Diesel,91.36,Kolkata,Available,fuel_psu
2026-06-19,2026-06-19T06:00:00.000000,IOCL,petrol,Petrol (95 octane),104.51,Hyderabad,Available,fuel_psu
2026-06-19,2026-06-19T06:00:00.000000,BPCL,petrol,Petrol (95 octane),104.51,Hyderabad,Available,fuel_psu
2026-06-19,2026-06-19T06:00:00.000000,HPCL,petrol,Petrol (95 octane),104.51,Hyderabad,Available,fuel_psu
2026-06-19,2026-06-19T06:00:00.000000,IOCL,diesel,Diesel,96.25,Hyderabad,Available,fuel_psu
2026-06-19,2026-06-19T06:00:00.000000,BPCL,diesel,Diesel,96.25,Hyderabad,Available,fuel_psu
2026-06-19,2026-06-19T06:00:00.000000,HPCL,diesel,Diesel,96.25,Hyderabad,Available,fuel_psu
2026-06-19,2026-06-19T06:00:00.000000,IOCL,petrol,Petrol (95 octane),101.18,Pune,Available,fuel_psu
2026-06-19,2026-06-19T06:00:00.000000,BPCL,petrol,Petrol (95 octane),101.18,Pune,Available,fuel_psu
2026-06-19,2026-06-19T06:00:00.000000,HPCL,petrol,Petrol (95 octane),101.18,Pune,Available,fuel_psu
2026-06-19,2026-06-19T06:00:00.000000,IOCL,diesel,Diesel,91.21,Pune,Available,fuel_psu
2026-06-19,2026-06-19T06:00:00.000000,BPCL,diesel,Diesel,91.21,Pune,Available,fuel_psu
2026-06-19,2026-06-19T06:00:00.000000,HPCL,diesel,Diesel,91.21,Pune,Available,fuel_psu
2026-06-19,2026-06-19T06:00:00.000000,IOCL,petrol,Petrol (95 octane),91.54,Ahmedabad,Available,fuel_psu
2026-06-19,2026-06-19T06:00:00.000000,BPCL,petrol,Petrol (95 octane),91.54,Ahmedabad,Available,fuel_psu
2026-06-19,2026-06-19T06:00:00.000000,HPCL,petrol,Petrol (95 octane),91.54,Ahmedabad,Available,fuel_psu
2026-06-19,2026-06-19T06:00:00.000000,IOCL,diesel,Diesel,90.71,Ahmedabad,Available,fuel_psu
2026-06-19,2026-06-19T06:00:00.000000,BPCL,diesel,Diesel,90.71,Ahmedabad,Available,fuel_psu
2026-06-19,2026-06-19T06:00:00.000000,HPCL,diesel,Diesel,90.71,Ahmedabad,Available,fuel_psu
2026-06-19,2026-06-19T06:00:00.000000,IOCL,petrol,Petrol (95 octane),101.98,Jaipur,Available,fuel_psu
2026-06-19,2026-06-19T06:00:00.000000,BPCL,petrol,Petrol (95 octane),101.98,Jaipur,Available,fuel_psu
2026-06-19,2026-06-19T06:00:00.000000,HPCL,petrol,Petrol (95 octane),101.98,Jaipur,Available,fuel_psu
2026-06-19,2026-06-19T06:00:00.000000,IOCL,diesel,Diesel,90.96,Jaipur,Available,fuel_psu
2026-06-19,2026-06-19T06:00:00.000000,BPCL,diesel,Diesel,90.96,Jaipur,Available,fuel_psu
2026-06-19,2026-06-19T06:00:00.000000,HPCL,diesel,Diesel,90.96,Jaipur,Available,fuel_psu
2026-06-19,2026-06-19T06:00:00.000000,IOCL,petrol,Petrol (95 octane),91.75,Lucknow,Available,fuel_psu
2026-06-19,2026-06-19T06:00:00.000000,BPCL,petrol,Petrol (95 octane),91.75,Lucknow,Available,fuel_psu
2026-06-19,2026-06-19T06:00:00.000000,HPCL,petrol,Petrol (95 octane),91.75,Lucknow,Available,fuel_psu
2026-06-19,2026-06-19T06:00:00.000000,IOCL,diesel,Diesel,88.36,Lucknow,Available,fuel_psu
2026-06-19,2026-06-19T06:00:00.000000,BPCL,diesel,Diesel,88.36,Lucknow,Available,fuel_psu
2026-06-19,2026-06-19T06:00:00.000000,HPCL,diesel,Diesel,88.36,Lucknow,Available,fuel_psu
2026-06-19,2026-06-19T06:00:00.000000,IOCL,petrol,Petrol (95 octane),91.34,Chandigarh,Available,fuel_psu
2026-06-19,2026-06-19T06:00:00.000000,BPCL,petrol,Petrol (95 octane),91.34,Chandigarh,Available,fuel_psu
2026-06-19,2026-06-19T06:00:00.000000,HPCL,petrol,Petrol (95 octane),91.34,Chandigarh,Available,fuel_psu
2026-06-19,2026-06-19T06:00:00.000000,IOCL,diesel,Diesel,83.0,Chandigarh,Available,fuel_psu
2026-06-19,2026-06-19T06:00:00.000000,BPCL,diesel,Diesel,83.0,Chandigarh,Available,fuel_psu
2026-06-19,2026-06-19T06:00:00.000000,HPCL,diesel,Diesel,83.0,Chandigarh,Available,fuel_psu
2026-06-19,2026-06-19T06:00:00.000000,IOCL,petrol,Petrol (95 octane),91.41,Surat,Available,fuel_psu
2026-06-19,2026-06-19T06:00:00.000000,BPCL,petrol,Petrol (95 octane),91.41,Surat,Available,fuel_psu
2026-06-19,2026-06-19T06:00:00.000000,HPCL,petrol,Petrol (95 octane),91.41,Surat,Available,fuel_psu
2026-06-19,2026-06-19T06:00:00.000000,IOCL,diesel,Diesel,90.58,Surat,Available,fuel_psu
2026-06-19,2026-06-19T06:00:00.000000,BPCL,diesel,Diesel,90.58,Surat,Available,fuel_psu
2026-06-19,2026-06-19T06:00:00.000000,HPCL,diesel,Diesel,90.58,Surat,Available,fuel_psu
2026-06-19,2026-06-19T06:00:00.000000,IOCL,petrol,Petrol (95 octane),102.28,Patna,Available,fuel_psu
2026-06-19,2026-06-19T06:00:00.000000,BPCL,petrol,Petrol (95 octane),102.28,Patna,Available,fuel_psu
2026-06-19,2026-06-19T06:00:00.000000,HPCL,petrol,Petrol (95 octane),102.28,Patna,Available,fuel_psu
2026-06-19,2026-06-19T06:00:00.000000,IOCL,diesel,Diesel,92.64,Patna,Available,fuel_psu
2026-06-19,2026-06-19T06:00:00.000000,BPCL,diesel,Diesel,92.64,Patna,Available,fuel_psu
2026-06-19,2026-06-19T06:00:00.000000,HPCL,diesel,Diesel,92.64,Patna,Available,fuel_psu
2026-06-19,2026-06-19T06:00:00.000000,IOCL,petrol,Petrol (95 octane),91.76,Noida,Available,fuel_psu
2026-06-19,2026-06-19T06:00:00.000000,BPCL,petrol,Petrol (95 octane),91.76,Noida,Available,fuel_psu
2026-06-19,2026-06-19T06:00:00.000000,HPCL,petrol,Petrol (95 octane),91.76,Noida,Available,fuel_psu
2026-06-19,2026-06-19T06:00:00.000000,IOCL,diesel,Diesel,88.35,Noida,Available,fuel_psu
2026-06-19,2026-06-19T06:00:00.000000,BPCL,diesel,Diesel,88.35,Noida,Available,fuel_psu
2026-06-19,2026-06-19T06:00:00.000000,HPCL,diesel,Diesel,88.35,Noida,Available,fuel_psu
2026-06-19,2026-06-19T06:00:00.000000,IOCL,petrol,Petrol (95 octane),92.08,Gurgaon,Available,fuel_psu
2026-06-19,2026-06-19T06:00:00.000000,BPCL,petrol,Petrol (95 octane),92.08,Gurgaon,Available,fuel_psu
2026-06-19,2026-06-19T06:00:00.000000,HPCL,petrol,Petrol (95 octane),92.08,Gurgaon,Available,fuel_psu
2026-06-19,2026-06-19T06:00:00.000000,IOCL,diesel,Diesel,88.45,Gurgaon,Available,fuel_psu
2026-06-19,2026-06-19T06:00:00.000000,BPCL,diesel,Diesel,88.45,Gurgaon,Available,fuel_psu
2026-06-19,2026-06-19T06:00:00.000000,HPCL,diesel,Diesel,88.45,Gurgaon,Available,fuel_psu
2026-06-19,2026-06-19T06:00:00.000000,IOCL,petrol,Petrol (95 octane),103.6,Indore,Available,fuel_psu
2026-06-19,2026-06-19T06:00:00.000000,BPCL,petrol,Petrol (95 octane),103.6,Indore,Available,fuel_psu
2026-06-19,2026-06-19T06:00:00.000000,HPCL,petrol,Petrol (95 octane),103.6,Indore,Available,fuel_psu
2026-06-19,2026-06-19T06:00:00.000000,IOCL,diesel,Diesel,92.49,Indore,Available,fuel_psu
2026-06-19,2026-06-19T06:00:00.000000,BPCL,diesel,Diesel,92.49,Indore,Available,fuel_psu
2026-06-19,2026-06-19T06:00:00.000000,HPCL,diesel,Diesel,92.49,Indore,Available,fuel_psu
2026-06-20,2026-06-20T06:00:00.000000,IOCL,petrol,Petrol (95 octane),101.31,Mumbai,Available,fuel_psu
2026-06-20,2026-06-20T06:00:00.000000,BPCL,petrol,Petrol (95 octane),101.31,Mumbai,Available,fuel_psu
2026-06-20,2026-06-20T06:00:00.000000,HPCL,petrol,Petrol (95 octane),101.31,Mumbai,Available,fuel_psu
2026-06-20,2026-06-20T06:00:00.000000,IOCL,diesel,Diesel,92.75,Mumbai,Available,fuel_psu
2026-06-20,2026-06-20T06:00:00.000000,BPCL,diesel,Diesel,92.75,Mumbai,Available,fuel_psu
2026-06-20,2026-06-20T06:00:00.000000,HPCL,diesel,Diesel,92.75,Mumbai,Available,fuel_psu
2026-06-20,2026-06-20T06:00:00.000000,IOCL,petrol,Petrol (95 octane),91.82,Delhi,Available,fuel_psu
2026-06-20,2026-06-20T06:00:00.000000,BPCL,petrol,Petrol (95 octane),91.82,Delhi,Available,fuel_psu
2026-06-20,2026-06-20T06:00:00.000000,HPCL,petrol,Petrol (95 octane),91.82,Delhi,Available,fuel_psu
2026-06-20,2026-06-20T06:00:00.000000,IOCL,diesel,Diesel,88.22,Delhi,Available,fuel_psu
2026-06-20,2026-06-20T06:00:00.000000,BPCL,diesel,Diesel,88.22,Delhi,Available,fuel_psu
2026-06-20,2026-06-20T06:00:00.000000,HPCL,diesel,Diesel,88.22,Delhi,Available,fuel_psu
2026-06-20,2026-06-20T06:00:00.000000,IOCL,petrol,Petrol (95 octane),99.96,Bengaluru,Available,fuel_psu
2026-06-20,2026-06-20T06:00:00.000000,BPCL,petrol,Petrol (95 octane),99.96,Bengaluru,Available,fuel_psu
2026-06-20,2026-06-20T06:00:00.000000,HPCL,petrol,Petrol (95 octane),99.96,Bengaluru,Available,fuel_psu
2026-06-20,2026-06-20T06:00:00.000000,IOCL,diesel,Diesel,89.54,Bengaluru,Available,fuel_psu
2026-06-20,2026-06-20T06:00:00.000000,BPCL,diesel,Diesel,89.54,Bengaluru,Available,fuel_psu
2026-06-20,2026-06-20T06:00:00.000000,HPCL,diesel,Diesel,89.54,Bengaluru,Available,fuel_psu
2026-06-20,2026-06-20T06:00:00.000000,IOCL,petrol,Petrol (95 octane),97.85,Chennai,Available,fuel_psu
2026-06-20,2026-06-20T06:00:00.000000,BPCL,petrol,Petrol (95 octane),97.85,Chennai,Available,fuel_psu
2026-06-20,2026-06-20T06:00:00.000000,HPCL,petrol,Petrol (95 octane),97.85,Chennai,Available,fuel_psu
2026-06-20,2026-06-20T06:00:00.000000,IOCL,diesel,Diesel,92.94,Chennai,Available,fuel_psu
2026-06-20,2026-06-20T06:00:00.000000,BPCL,diesel,Diesel,92.94,Chennai,Available,fuel_psu
2026-06-20,2026-06-20T06:00:00.000000,HPCL,diesel,Diesel,92.94,Chennai,Available,fuel_psu
2026-06-20,2026-06-20T06:00:00.000000,IOCL,petrol,Petrol (95 octane),101.04,Kolkata,Available,fuel_psu
2026-06-20,2026-06-20T06:00:00.000000,BPCL,petrol,Petrol (95 octane),101.04,Kolkata,Available,fuel_psu
2026-06-20,2026-06-20T06:00:00.000000,HPCL,petrol,Petrol (95 octane),101.04,Kolkata,Available,fuel_psu
2026-06-20,2026-06-20T06:00:00.000000,IOCL,diesel,Diesel,91.36,Kolkata,Available,fuel_psu
2026-06-20,2026-06-20T06:00:00.000000,BPCL,diesel,Diesel,91.36,Kolkata,Available,fuel_psu
2026-06-20,2026-06-20T06:00:00.000000,HPCL,diesel,Diesel,91.36,Kolkata,Available,fuel_psu
2026-06-20,2026-06-20T06:00:00.000000,IOCL,petrol,Petrol (95 octane),104.51,Hyderabad,Available,fuel_psu
2026-06-20,2026-06-20T06:00:00.000000,BPCL,petrol,Petrol (95 octane),104.51,Hyderabad,Available,fuel_psu
2026-06-20,2026-06-20T06:00:00.000000,HPCL,petrol,Petrol (95 octane),104.51,Hyderabad,Available,fuel_psu
2026-06-20,2026-06-20T06:00:00.000000,IOCL,diesel,Diesel,96.25,Hyderabad,Available,fuel_psu
2026-06-20,2026-06-20T06:00:00.000000,BPCL,diesel,Diesel,96.25,Hyderabad,Available,fuel_psu
2026-06-20,2026-06-20T06:00:00.000000,HPCL,diesel,Diesel,96.25,Hyderabad,Available,fuel_psu
2026-06-20,2026-06-20T06:00:00.000000,IOCL,petrol,Petrol (95 octane),101.18,Pune,Available,fuel_psu
2026-06-20,2026-06-20T06:00:00.000000,BPCL,petrol,Petrol (95 octane),101.18,Pune,Available,fuel_psu
2026-06-20,2026-06-20T06:00:00.000000,HPCL,petrol,Petrol (95 octane),101.18,Pune,Available,fuel_psu
2026-06-20,2026-06-20T06:00:00.000000,IOCL,diesel,Diesel,91.21,Pune,Available,fuel_psu
2026-06-20,2026-06-20T06:00:00.000000,BPCL,diesel,Diesel,91.21,Pune,Available,fuel_psu
2026-06-20,2026-06-20T06:00:00.000000,HPCL,diesel,Diesel,91.21,Pune,Available,fuel_psu
2026-06-20,2026-06-20T06:00:00.000000,IOCL,petrol,Petrol (95 octane),91.54,Ahmedabad,Available,fuel_psu
2026-06-20,2026-06-20T06:00:00.000000,BPCL,petrol,Petrol (95 octane),91.54,Ahmedabad,Available,fuel_psu
2026-06-20,2026-06-20T06:00:00.000000,HPCL,petrol,Petrol (95 octane),91.54,Ahmedabad,Available,fuel_psu
2026-06-20,2026-06-20T06:00:00.000000,IOCL,diesel,Diesel,90.71,Ahmedabad,Available,fuel_psu
2026-06-20,2026-06-20T06:00:00.000000,BPCL,diesel,Diesel,90.71,Ahmedabad,Available,fuel_psu
2026-06-20,2026-06-20T06:00:00.000000,HPCL,diesel,Diesel,90.71,Ahmedabad,Available,fuel_psu
2026-06-20,2026-06-20T06:00:00.000000,IOCL,petrol,Petrol (95 octane),101.98,Jaipur,Available,fuel_psu
2026-06-20,2026-06-20T06:00:00.000000,BPCL,petrol,Petrol (95 octane),101.98,Jaipur,Available,fuel_psu
2026-06-20,2026-06-20T06:00:00.000000,HPCL,petrol,Petrol (95 octane),101.98,Jaipur,Available,fuel_psu
2026-06-20,2026-06-20T06:00:00.000000,IOCL,diesel,Diesel,90.96,Jaipur,Available,fuel_psu
2026-06-20,2026-06-20T06:00:00.000000,BPCL,diesel,Diesel,90.96,Jaipur,Available,fuel_psu
2026-06-20,2026-06-20T06:00:00.000000,HPCL,diesel,Diesel,90.96,Jaipur,Available,fuel_psu
2026-06-20,2026-06-20T06:00:00.000000,IOCL,petrol,Petrol (95 octane),91.75,Lucknow,Available,fuel_psu
2026-06-20,2026-06-20T06:00:00.000000,BPCL,petrol,Petrol (95 octane),91.75,Lucknow,Available,fuel_psu
2026-06-20,2026-06-20T06:00:00.000000,HPCL,petrol,Petrol (95 octane),91.75,Lucknow,Available,fuel_psu
2026-06-20,2026-06-20T06:00:00.000000,IOCL,diesel,Diesel,88.36,Lucknow,Available,fuel_psu
2026-06-20,2026-06-20T06:00:00.000000,BPCL,diesel,Diesel,88.36,Lucknow,Available,fuel_psu
2026-06-20,2026-06-20T06:00:00.000000,HPCL,diesel,Diesel,88.36,Lucknow,Available,fuel_psu
2026-06-20,2026-06-20T06:00:00.000000,IOCL,petrol,Petrol (95 octane),91.34,Chandigarh,Available,fuel_psu
2026-06-20,2026-06-20T06:00:00.000000,BPCL,petrol,Petrol (95 octane),91.34,Chandigarh,Available,fuel_psu
2026-06-20,2026-06-20T06:00:00.000000,HPCL,petrol,Petrol (95 octane),91.34,Chandigarh,Available,fuel_psu
2026-06-20,2026-06-20T06:00:00.000000,IOCL,diesel,Diesel,83.0,Chandigarh,Available,fuel_psu
2026-06-20,2026-06-20T06:00:00.000000,BPCL,diesel,Diesel,83.0,Chandigarh,Available,fuel_psu
2026-06-20,2026-06-20T06:00:00.000000,HPCL,diesel,Diesel,83.0,Chandigarh,Available,fuel_psu
2026-06-20,2026-06-20T06:00:00.000000,IOCL,petrol,Petrol (95 octane),91.41,Surat,Available,fuel_psu
2026-06-20,2026-06-20T06:00:00.000000,BPCL,petrol,Petrol (95 octane),91.41,Surat,Available,fuel_psu
2026-06-20,2026-06-20T06:00:00.000000,HPCL,petrol,Petrol (95 octane),91.41,Surat,Available,fuel_psu
2026-06-20,2026-06-20T06:00:00.000000,IOCL,diesel,Diesel,90.58,Surat,Available,fuel_psu
2026-06-20,2026-06-20T06:00:00.000000,BPCL,diesel,Diesel,90.58,Surat,Available,fuel_psu
2026-06-20,2026-06-20T06:00:00.000000,HPCL,diesel,Diesel,90.58,Surat,Available,fuel_psu
2026-06-20,2026-06-20T06:00:00.000000,IOCL,petrol,Petrol (95 octane),102.28,Patna,Available,fuel_psu
2026-06-20,2026-06-20T06:00:00.000000,BPCL,petrol,Petrol (95 octane),102.28,Patna,Available,fuel_psu
2026-06-20,2026-06-20T06:00:00.000000,HPCL,petrol,Petrol (95 octane),102.28,Patna,Available,fuel_psu
2026-06-20,2026-06-20T06:00:00.000000,IOCL,diesel,Diesel,92.64,Patna,Available,fuel_psu
2026-06-20,2026-06-20T06:00:00.000000,BPCL,diesel,Diesel,92.64,Patna,Available,fuel_psu
2026-06-20,2026-06-20T06:00:00.000000,HPCL,diesel,Diesel,92.64,Patna,Available,fuel_psu
2026-06-20,2026-06-20T06:00:00.000000,IOCL,petrol,Petrol (95 octane),91.76,Noida,Available,fuel_psu
2026-06-20,2026-06-20T06:00:00.000000,BPCL,petrol,Petrol (95 octane),91.76,Noida,Available,fuel_psu
2026-06-20,2026-06-20T06:00:00.000000,HPCL,petrol,Petrol (95 octane),91.76,Noida,Available,fuel_psu
2026-06-20,2026-06-20T06:00:00.000000,IOCL,diesel,Diesel,88.35,Noida,Available,fuel_psu
2026-06-20,2026-06-20T06:00:00.000000,BPCL,diesel,Diesel,88.35,Noida,Available,fuel_psu
2026-06-20,2026-06-20T06:00:00.000000,HPCL,diesel,Diesel,88.35,Noida,Available,fuel_psu
2026-06-20,2026-06-20T06:00:00.000000,IOCL,petrol,Petrol (95 octane),92.08,Gurgaon,Available,fuel_psu
2026-06-20,2026-06-20T06:00:00.000000,BPCL,petrol,Petrol (95 octane),92.08,Gurgaon,Available,fuel_psu
2026-06-20,2026-06-20T06:00:00.000000,HPCL,petrol,Petrol (95 octane),92.08,Gurgaon,Available,fuel_psu
2026-06-20,2026-06-20T06:00:00.000000,IOCL,diesel,Diesel,88.45,Gurgaon,Available,fuel_psu
2026-06-20,2026-06-20T06:00:00.000000,BPCL,diesel,Diesel,88.45,Gurgaon,Available,fuel_psu
2026-06-20,2026-06-20T06:00:00.000000,HPCL,diesel,Diesel,88.45,Gurgaon,Available,fuel_psu
2026-06-20,2026-06-20T06:00:00.000000,IOCL,petrol,Petrol (95 octane),103.6,Indore,Available,fuel_psu
2026-06-20,2026-06-20T06:00:00.000000,BPCL,petrol,Petrol (95 octane),103.6,Indore,Available,fuel_psu
2026-06-20,2026-06-20T06:00:00.000000,HPCL,petrol,Petrol (95 octane),103.6,Indore,Available,fuel_psu
2026-06-20,2026-06-20T06:00:00.000000,IOCL,diesel,Diesel,92.49,Indore,Available,fuel_psu
2026-06-20,2026-06-20T06:00:00.000000,BPCL,diesel,Diesel,92.49,Indore,Available,fuel_psu
2026-06-20,2026-06-20T06:00:00.000000,HPCL,diesel,Diesel,92.49,Indore,Available,fuel_psu
2026-06-21,2026-06-21T06:00:00.000000,IOCL,petrol,Petrol (95 octane),101.31,Mumbai,Available,fuel_psu
2026-06-21,2026-06-21T06:00:00.000000,BPCL,petrol,Petrol (95 octane),101.31,Mumbai,Available,fuel_psu
2026-06-21,2026-06-21T06:00:00.000000,HPCL,petrol,Petrol (95 octane),101.31,Mumbai,Available,fuel_psu
2026-06-21,2026-06-21T06:00:00.000000,IOCL,diesel,Diesel,92.75,Mumbai,Available,fuel_psu
2026-06-21,2026-06-21T06:00:00.000000,BPCL,diesel,Diesel,92.75,Mumbai,Available,fuel_psu
2026-06-21,2026-06-21T06:00:00.000000,HPCL,diesel,Diesel,92.75,Mumbai,Available,fuel_psu
2026-06-21,2026-06-21T06:00:00.000000,IOCL,petrol,Petrol (95 octane),91.82,Delhi,Available,fuel_psu
2026-06-21,2026-06-21T06:00:00.000000,BPCL,petrol,Petrol (95 octane),91.82,Delhi,Available,fuel_psu
2026-06-21,2026-06-21T06:00:00.000000,HPCL,petrol,Petrol (95 octane),91.82,Delhi,Available,fuel_psu
2026-06-21,2026-06-21T06:00:00.000000,IOCL,diesel,Diesel,88.22,Delhi,Available,fuel_psu
2026-06-21,2026-06-21T06:00:00.000000,BPCL,diesel,Diesel,88.22,Delhi,Available,fuel_psu
2026-06-21,2026-06-21T06:00:00.000000,HPCL,diesel,Diesel,88.22,Delhi,Available,fuel_psu
2026-06-21,2026-06-21T06:00:00.000000,IOCL,petrol,Petrol (95 octane),99.96,Bengaluru,Available,fuel_psu
2026-06-21,2026-06-21T06:00:00.000000,BPCL,petrol,Petrol (95 octane),99.96,Bengaluru,Available,fuel_psu
2026-06-21,2026-06-21T06:00:00.000000,HPCL,petrol,Petrol (95 octane),99.96,Bengaluru,Available,fuel_psu
2026-06-21,2026-06-21T06:00:00.000000,IOCL,diesel,Diesel,89.54,Bengaluru,Available,fuel_psu
2026-06-21,2026-06-21T06:00:00.000000,BPCL,diesel,Diesel,89.54,Bengaluru,Available,fuel_psu
2026-06-21,2026-06-21T06:00:00.000000,HPCL,diesel,Diesel,89.54,Bengaluru,Available,fuel_psu
2026-06-21,2026-06-21T06:00:00.000000,IOCL,petrol,Petrol (95 octane),97.85,Chennai,Available,fuel_psu
2026-06-21,2026-06-21T06:00:00.000000,BPCL,petrol,Petrol (95 octane),97.85,Chennai,Available,fuel_psu
2026-06-21,2026-06-21T06:00:00.000000,HPCL,petrol,Petrol (95 octane),97.85,Chennai,Available,fuel_psu
2026-06-21,2026-06-21T06:00:00.000000,IOCL,diesel,Diesel,92.94,Chennai,Available,fuel_psu
2026-06-21,2026-06-21T06:00:00.000000,BPCL,diesel,Diesel,92.94,Chennai,Available,fuel_psu
2026-06-21,2026-06-21T06:00:00.000000,HPCL,diesel,Diesel,92.94,Chennai,Available,fuel_psu
2026-06-21,2026-06-21T06:00:00.000000,IOCL,petrol,Petrol (95 octane),101.04,Kolkata,Available,fuel_psu
2026-06-21,2026-06-21T06:00:00.000000,BPCL,petrol,Petrol (95 octane),101.04,Kolkata,Available,fuel_psu
2026-06-21,2026-06-21T06:00:00.000000,HPCL,petrol,Petrol (95 octane),101.04,Kolkata,Available,fuel_psu
2026-06-21,2026-06-21T06:00:00.000000,IOCL,diesel,Diesel,91.36,Kolkata,Available,fuel_psu
2026-06-21,2026-06-21T06:00:00.000000,BPCL,diesel,Diesel,91.36,Kolkata,Available,fuel_psu
2026-06-21,2026-06-21T06:00:00.000000,HPCL,diesel,Diesel,91.36,Kolkata,Available,fuel_psu
2026-06-21,2026-06-21T06:00:00.000000,IOCL,petrol,Petrol (95 octane),104.51,Hyderabad,Available,fuel_psu
2026-06-21,2026-06-21T06:00:00.000000,BPCL,petrol,Petrol (95 octane),104.51,Hyderabad,Available,fuel_psu
2026-06-21,2026-06-21T06:00:00.000000,HPCL,petrol,Petrol (95 octane),104.51,Hyderabad,Available,fuel_psu
2026-06-21,2026-06-21T06:00:00.000000,IOCL,diesel,Diesel,96.25,Hyderabad,Available,fuel_psu
2026-06-21,2026-06-21T06:00:00.000000,BPCL,diesel,Diesel,96.25,Hyderabad,Available,fuel_psu
2026-06-21,2026-06-21T06:00:00.000000,HPCL,diesel,Diesel,96.25,Hyderabad,Available,fuel_psu
2026-06-21,2026-06-21T06:00:00.000000,IOCL,petrol,Petrol (95 octane),101.18,Pune,Available,fuel_psu
2026-06-21,2026-06-21T06:00:00.000000,BPCL,petrol,Petrol (95 octane),101.18,Pune,Available,fuel_psu
2026-06-21,2026-06-21T06:00:00.000000,HPCL,petrol,Petrol (95 octane),101.18,Pune,Available,fuel_psu
2026-06-21,2026-06-21T06:00:00.000000,IOCL,diesel,Diesel,91.21,Pune,Available,fuel_psu
2026-06-21,2026-06-21T06:00:00.000000,BPCL,diesel,Diesel,91.21,Pune,Available,fuel_psu
2026-06-21,2026-06-21T06:00:00.000000,HPCL,diesel,Diesel,91.21,Pune,Available,fuel_psu
2026-06-21,2026-06-21T06:00:00.000000,IOCL,petrol,Petrol (95 octane),91.54,Ahmedabad,Available,fuel_psu
2026-06-21,2026-06-21T06:00:00.000000,BPCL,petrol,Petrol (95 octane),91.54,Ahmedabad,Available,fuel_psu
2026-06-21,2026-06-21T06:00:00.000000,HPCL,petrol,Petrol (95 octane),91.54,Ahmedabad,Available,fuel_psu
2026-06-21,2026-06-21T06:00:00.000000,IOCL,diesel,Diesel,90.71,Ahmedabad,Available,fuel_psu
2026-06-21,2026-06-21T06:00:00.000000,BPCL,diesel,Diesel,90.71,Ahmedabad,Available,fuel_psu
2026-06-21,2026-06-21T06:00:00.000000,HPCL,diesel,Diesel,90.71,Ahmedabad,Available,fuel_psu
2026-06-21,2026-06-21T06:00:00.000000,IOCL,petrol,Petrol (95 octane),101.98,Jaipur,Available,fuel_psu
2026-06-21,2026-06-21T06:00:00.000000,BPCL,petrol,Petrol (95 octane),101.98,Jaipur,Available,fuel_psu
2026-06-21,2026-06-21T06:00:00.000000,HPCL,petrol,Petrol (95 octane),101.98,Jaipur,Available,fuel_psu
2026-06-21,2026-06-21T06:00:00.000000,IOCL,diesel,Diesel,90.96,Jaipur,Available,fuel_psu
2026-06-21,2026-06-21T06:00:00.000000,BPCL,diesel,Diesel,90.96,Jaipur,Available,fuel_psu
2026-06-21,2026-06-21T06:00:00.000000,HPCL,diesel,Diesel,90.96,Jaipur,Available,fuel_psu
2026-06-21,2026-06-21T06:00:00.000000,IOCL,petrol,Petrol (95 octane),91.75,Lucknow,Available,fuel_psu
2026-06-21,2026-06-21T06:00:00.000000,BPCL,petrol,Petrol (95 octane),91.75,Lucknow,Available,fuel_psu
2026-06-21,2026-06-21T06:00:00.000000,HPCL,petrol,Petrol (95 octane),91.75,Lucknow,Available,fuel_psu
2026-06-21,2026-06-21T06:00:00.000000,IOCL,diesel,Diesel,88.36,Lucknow,Available,fuel_psu
2026-06-21,2026-06-21T06:00:00.000000,BPCL,diesel,Diesel,88.36,Lucknow,Available,fuel_psu
2026-06-21,2026-06-21T06:00:00.000000,HPCL,diesel,Diesel,88.36,Lucknow,Available,fuel_psu
2026-06-21,2026-06-21T06:00:00.000000,IOCL,petrol,Petrol (95 octane),91.34,Chandigarh,Available,fuel_psu
2026-06-21,2026-06-21T06:00:00.000000,BPCL,petrol,Petrol (95 octane),91.34,Chandigarh,Available,fuel_psu
2026-06-21,2026-06-21T06:00:00.000000,HPCL,petrol,Petrol (95 octane),91.34,Chandigarh,Available,fuel_psu
2026-06-21,2026-06-21T06:00:00.000000,IOCL,diesel,Diesel,83.0,Chandigarh,Available,fuel_psu
2026-06-21,2026-06-21T06:00:00.000000,BPCL,diesel,Diesel,83.0,Chandigarh,Available,fuel_psu
2026-06-21,2026-06-21T06:00:00.000000,HPCL,diesel,Diesel,83.0,Chandigarh,Available,fuel_psu
2026-06-21,2026-06-21T06:00:00.000000,IOCL,petrol,Petrol (95 octane),91.41,Surat,Available,fuel_psu
2026-06-21,2026-06-21T06:00:00.000000,BPCL,petrol,Petrol (95 octane),91.41,Surat,Available,fuel_psu
2026-06-21,2026-06-21T06:00:00.000000,HPCL,petrol,Petrol (95 octane),91.41,Surat,Available,fuel_psu
2026-06-21,2026-06-21T06:00:00.000000,IOCL,diesel,Diesel,90.58,Surat,Available,fuel_psu
2026-06-21,2026-06-21T06:00:00.000000,BPCL,diesel,Diesel,90.58,Surat,Available,fuel_psu
2026-06-21,2026-06-21T06:00:00.000000,HPCL,diesel,Diesel,90.58,Surat,Available,fuel_psu
2026-06-21,2026-06-21T06:00:00.000000,IOCL,petrol,Petrol (95 octane),102.28,Patna,Available,fuel_psu
2026-06-21,2026-06-21T06:00:00.000000,BPCL,petrol,Petrol (95 octane),102.28,Patna,Available,fuel_psu
2026-06-21,2026-06-21T06:00:00.000000,HPCL,petrol,Petrol (95 octane),102.28,Patna,Available,fuel_psu
2026-06-21,2026-06-21T06:00:00.000000,IOCL,diesel,Diesel,92.64,Patna,Available,fuel_psu
2026-06-21,2026-06-21T06:00:00.000000,BPCL,diesel,Diesel,92.64,Patna,Available,fuel_psu
2026-06-21,2026-06-21T06:00:00.000000,HPCL,diesel,Diesel,92.64,Patna,Available,fuel_psu
2026-06-21,2026-06-21T06:00:00.000000,IOCL,petrol,Petrol (95 octane),91.76,Noida,Available,fuel_psu
2026-06-21,2026-06-21T06:00:00.000000,BPCL,petrol,Petrol (95 octane),91.76,Noida,Available,fuel_psu
2026-06-21,2026-06-21T06:00:00.000000,HPCL,petrol,Petrol (95 octane),91.76,Noida,Available,fuel_psu
2026-06-21,2026-06-21T06:00:00.000000,IOCL,diesel,Diesel,88.35,Noida,Available,fuel_psu
2026-06-21,2026-06-21T06:00:00.000000,BPCL,diesel,Diesel,88.35,Noida,Available,fuel_psu
2026-06-21,2026-06-21T06:00:00.000000,HPCL,diesel,Diesel,88.35,Noida,Available,fuel_psu
2026-06-21,2026-06-21T06:00:00.000000,IOCL,petrol,Petrol (95 octane),92.08,Gurgaon,Available,fuel_psu
2026-06-21,2026-06-21T06:00:00.000000,BPCL,petrol,Petrol (95 octane),92.08,Gurgaon,Available,fuel_psu
2026-06-21,2026-06-21T06:00:00.000000,HPCL,petrol,Petrol (95 octane),92.08,Gurgaon,Available,fuel_psu
2026-06-21,2026-06-21T06:00:00.000000,IOCL,diesel,Diesel,88.45,Gurgaon,Available,fuel_psu
2026-06-21,2026-06-21T06:00:00.000000,BPCL,diesel,Diesel,88.45,Gurgaon,Available,fuel_psu
2026-06-21,2026-06-21T06:00:00.000000,HPCL,diesel,Diesel,88.45,Gurgaon,Available,fuel_psu
2026-06-21,2026-06-21T06:00:00.000000,IOCL,petrol,Petrol (95 octane),103.6,Indore,Available,fuel_psu
2026-06-21,2026-06-21T06:00:00.000000,BPCL,petrol,Petrol (95 octane),103.6,Indore,Available,fuel_psu
2026-06-21,2026-06-21T06:00:00.000000,HPCL,petrol,Petrol (95 octane),103.6,Indore,Available,fuel_psu
2026-06-21,2026-06-21T06:00:00.000000,IOCL,diesel,Diesel,92.49,Indore,Available,fuel_psu
2026-06-21,2026-06-21T06:00:00.000000,BPCL,diesel,Diesel,92.49,Indore,Available,fuel_psu
2026-06-21,2026-06-21T06:00:00.000000,HPCL,diesel,Diesel,92.49,Indore,Available,fuel_psu
2026-06-22,2026-06-22T06:00:00.000000,IOCL,petrol,Petrol (95 octane),101.31,Mumbai,Available,fuel_psu
2026-06-22,2026-06-22T06:00:00.000000,BPCL,petrol,Petrol (95 octane),101.31,Mumbai,Available,fuel_psu
2026-06-22,2026-06-22T06:00:00.000000,HPCL,petrol,Petrol (95 octane),101.31,Mumbai,Available,fuel_psu
2026-06-22,2026-06-22T06:00:00.000000,IOCL,diesel,Diesel,92.75,Mumbai,Available,fuel_psu
2026-06-22,2026-06-22T06:00:00.000000,BPCL,diesel,Diesel,92.75,Mumbai,Available,fuel_psu
2026-06-22,2026-06-22T06:00:00.000000,HPCL,diesel,Diesel,92.75,Mumbai,Available,fuel_psu
2026-06-22,2026-06-22T06:00:00.000000,IOCL,petrol,Petrol (95 octane),91.82,Delhi,Available,fuel_psu
2026-06-22,2026-06-22T06:00:00.000000,BPCL,petrol,Petrol (95 octane),91.82,Delhi,Available,fuel_psu
2026-06-22,2026-06-22T06:00:00.000000,HPCL,petrol,Petrol (95 octane),91.82,Delhi,Available,fuel_psu
2026-06-22,2026-06-22T06:00:00.000000,IOCL,diesel,Diesel,88.22,Delhi,Available,fuel_psu
2026-06-22,2026-06-22T06:00:00.000000,BPCL,diesel,Diesel,88.22,Delhi,Available,fuel_psu
2026-06-22,2026-06-22T06:00:00.000000,HPCL,diesel,Diesel,88.22,Delhi,Available,fuel_psu
2026-06-22,2026-06-22T06:00:00.000000,IOCL,petrol,Petrol (95 octane),99.96,Bengaluru,Available,fuel_psu
2026-06-22,2026-06-22T06:00:00.000000,BPCL,petrol,Petrol (95 octane),99.96,Bengaluru,Available,fuel_psu
2026-06-22,2026-06-22T06:00:00.000000,HPCL,petrol,Petrol (95 octane),99.96,Bengaluru,Available,fuel_psu
2026-06-22,2026-06-22T06:00:00.000000,IOCL,diesel,Diesel,89.54,Bengaluru,Available,fuel_psu
2026-06-22,2026-06-22T06:00:00.000000,BPCL,diesel,Diesel,89.54,Bengaluru,Available,fuel_psu
2026-06-22,2026-06-22T06:00:00.000000,HPCL,diesel,Diesel,89.54,Bengaluru,Available,fuel_psu
2026-06-22,2026-06-22T06:00:00.000000,IOCL,petrol,Petrol (95 octane),97.85,Chennai,Available,fuel_psu
2026-06-22,2026-06-22T06:00:00.000000,BPCL,petrol,Petrol (95 octane),97.85,Chennai,Available,fuel_psu
2026-06-22,2026-06-22T06:00:00.000000,HPCL,petrol,Petrol (95 octane),97.85,Chennai,Available,fuel_psu
2026-06-22,2026-06-22T06:00:00.000000,IOCL,diesel,Diesel,92.94,Chennai,Available,fuel_psu
2026-06-22,2026-06-22T06:00:00.000000,BPCL,diesel,Diesel,92.94,Chennai,Available,fuel_psu
2026-06-22,2026-06-22T06:00:00.000000,HPCL,diesel,Diesel,92.94,Chennai,Available,fuel_psu
2026-06-22,2026-06-22T06:00:00.000000,IOCL,petrol,Petrol (95 octane),101.04,Kolkata,Available,fuel_psu
2026-06-22,2026-06-22T06:00:00.000000,BPCL,petrol,Petrol (95 octane),101.04,Kolkata,Available,fuel_psu
2026-06-22,2026-06-22T06:00:00.000000,HPCL,petrol,Petrol (95 octane),101.04,Kolkata,Available,fuel_psu
2026-06-22,2026-06-22T06:00:00.000000,IOCL,diesel,Diesel,91.36,Kolkata,Available,fuel_psu
2026-06-22,2026-06-22T06:00:00.000000,BPCL,diesel,Diesel,91.36,Kolkata,Available,fuel_psu
2026-06-22,2026-06-22T06:00:00.000000,HPCL,diesel,Diesel,91.36,Kolkata,Available,fuel_psu
2026-06-22,2026-06-22T06:00:00.000000,IOCL,petrol,Petrol (95 octane),104.51,Hyderabad,Available,fuel_psu
2026-06-22,2026-06-22T06:00:00.000000,BPCL,petrol,Petrol (95 octane),104.51,Hyderabad,Available,fuel_psu
2026-06-22,2026-06-22T06:00:00.000000,HPCL,petrol,Petrol (95 octane),104.51,Hyderabad,Available,fuel_psu
2026-06-22,2026-06-22T06:00:00.000000,IOCL,diesel,Diesel,96.25,Hyderabad,Available,fuel_psu
2026-06-22,2026-06-22T06:00:00.000000,BPCL,diesel,Diesel,96.25,Hyderabad,Available,fuel_psu
2026-06-22,2026-06-22T06:00:00.000000,HPCL,diesel,Diesel,96.25,Hyderabad,Available,fuel_psu
2026-06-22,2026-06-22T06:00:00.000000,IOCL,petrol,Petrol (95 octane),101.18,Pune,Available,fuel_psu
2026-06-22,2026-06-22T06:00:00.000000,BPCL,petrol,Petrol (95 octane),101.18,Pune,Available,fuel_psu
2026-06-22,2026-06-22T06:00:00.000000,HPCL,petrol,Petrol (95 octane),101.18,Pune,Available,fuel_psu
2026-06-22,2026-06-22T06:00:00.000000,IOCL,diesel,Diesel,91.21,Pune,Available,fuel_psu
2026-06-22,2026-06-22T06:00:00.000000,BPCL,diesel,Diesel,91.21,Pune,Available,fuel_psu
2026-06-22,2026-06-22T06:00:00.000000,HPCL,diesel,Diesel,91.21,Pune,Available,fuel_psu
2026-06-22,2026-06-22T06:00:00.000000,IOCL,petrol,Petrol (95 octane),91.54,Ahmedabad,Available,fuel_psu
2026-06-22,2026-06-22T06:00:00.000000,BPCL,petrol,Petrol (95 octane),91.54,Ahmedabad,Available,fuel_psu
2026-06-22,2026-06-22T06:00:00.000000,HPCL,petrol,Petrol (95 octane),91.54,Ahmedabad,Available,fuel_psu
2026-06-22,2026-06-22T06:00:00.000000,IOCL,diesel,Diesel,90.71,Ahmedabad,Available,fuel_psu
2026-06-22,2026-06-22T06:00:00.000000,BPCL,diesel,Diesel,90.71,Ahmedabad,Available,fuel_psu
2026-06-22,2026-06-22T06:00:00.000000,HPCL,diesel,Diesel,90.71,Ahmedabad,Available,fuel_psu
2026-06-22,2026-06-22T06:00:00.000000,IOCL,petrol,Petrol (95 octane),101.98,Jaipur,Available,fuel_psu
2026-06-22,2026-06-22T06:00:00.000000,BPCL,petrol,Petrol (95 octane),101.98,Jaipur,Available,fuel_psu
2026-06-22,2026-06-22T06:00:00.000000,HPCL,petrol,Petrol (95 octane),101.98,Jaipur,Available,fuel_psu
2026-06-22,2026-06-22T06:00:00.000000,IOCL,diesel,Diesel,90.96,Jaipur,Available,fuel_psu
2026-06-22,2026-06-22T06:00:00.000000,BPCL,diesel,Diesel,90.96,Jaipur,Available,fuel_psu
2026-06-22,2026-06-22T06:00:00.000000,HPCL,diesel,Diesel,90.96,Jaipur,Available,fuel_psu
2026-06-22,2026-06-22T06:00:00.000000,IOCL,petrol,Petrol (95 octane),91.75,Lucknow,Available,fuel_psu
2026-06-22,2026-06-22T06:00:00.000000,BPCL,petrol,Petrol (95 octane),91.75,Lucknow,Available,fuel_psu
2026-06-22,2026-06-22T06:00:00.000000,HPCL,petrol,Petrol (95 octane),91.75,Lucknow,Available,fuel_psu
2026-06-22,2026-06-22T06:00:00.000000,IOCL,diesel,Diesel,88.36,Lucknow,Available,fuel_psu
2026-06-22,2026-06-22T06:00:00.000000,BPCL,diesel,Diesel,88.36,Lucknow,Available,fuel_psu
2026-06-22,2026-06-22T06:00:00.000000,HPCL,diesel,Diesel,88.36,Lucknow,Available,fuel_psu
2026-06-22,2026-06-22T06:00:00.000000,IOCL,petrol,Petrol (95 octane),91.34,Chandigarh,Available,fuel_psu
2026-06-22,2026-06-22T06:00:00.000000,BPCL,petrol,Petrol (95 octane),91.34,Chandigarh,Available,fuel_psu
2026-06-22,2026-06-22T06:00:00.000000,HPCL,petrol,Petrol (95 octane),91.34,Chandigarh,Available,fuel_psu
2026-06-22,2026-06-22T06:00:00.000000,IOCL,diesel,Diesel,83.0,Chandigarh,Available,fuel_psu
2026-06-22,2026-06-22T06:00:00.000000,BPCL,diesel,Diesel,83.0,Chandigarh,Available,fuel_psu
2026-06-22,2026-06-22T06:00:00.000000,HPCL,diesel,Diesel,83.0,Chandigarh,Available,fuel_psu
2026-06-22,2026-06-22T06:00:00.000000,IOCL,petrol,Petrol (95 octane),91.41,Surat,Available,fuel_psu
2026-06-22,2026-06-22T06:00:00.000000,BPCL,petrol,Petrol (95 octane),91.41,Surat,Available,fuel_psu
2026-06-22,2026-06-22T06:00:00.000000,HPCL,petrol,Petrol (95 octane),91.41,Surat,Available,fuel_psu
2026-06-22,2026-06-22T06:00:00.000000,IOCL,diesel,Diesel,90.58,Surat,Available,fuel_psu
2026-06-22,2026-06-22T06:00:00.000000,BPCL,diesel,Diesel,90.58,Surat,Available,fuel_psu
2026-06-22,2026-06-22T06:00:00.000000,HPCL,diesel,Diesel,90.58,Surat,Available,fuel_psu
2026-06-22,2026-06-22T06:00:00.000000,IOCL,petrol,Petrol (95 octane),102.28,Patna,Available,fuel_psu
2026-06-22,2026-06-22T06:00:00.000000,BPCL,petrol,Petrol (95 octane),102.28,Patna,Available,fuel_psu
2026-06-22,2026-06-22T06:00:00.000000,HPCL,petrol,Petrol (95 octane),102.28,Patna,Available,fuel_psu
2026-06-22,2026-06-22T06:00:00.000000,IOCL,diesel,Diesel,92.64,Patna,Available,fuel_psu
2026-06-22,2026-06-22T06:00:00.000000,BPCL,diesel,Diesel,92.64,Patna,Available,fuel_psu
2026-06-22,2026-06-22T06:00:00.000000,HPCL,diesel,Diesel,92.64,Patna,Available,fuel_psu
2026-06-22,2026-06-22T06:00:00.000000,IOCL,petrol,Petrol (95 octane),91.76,Noida,Available,fuel_psu
2026-06-22,2026-06-22T06:00:00.000000,BPCL,petrol,Petrol (95 octane),91.76,Noida,Available,fuel_psu
2026-06-22,2026-06-22T06:00:00.000000,HPCL,petrol,Petrol (95 octane),91.76,Noida,Available,fuel_psu
2026-06-22,2026-06-22T06:00:00.000000,IOCL,diesel,Diesel,88.35,Noida,Available,fuel_psu
2026-06-22,2026-06-22T06:00:00.000000,BPCL,diesel,Diesel,88.35,Noida,Available,fuel_psu
2026-06-22,2026-06-22T06:00:00.000000,HPCL,diesel,Diesel,88.35,Noida,Available,fuel_psu
2026-06-22,2026-06-22T06:00:00.000000,IOCL,petrol,Petrol (95 octane),92.08,Gurgaon,Available,fuel_psu
2026-06-22,2026-06-22T06:00:00.000000,BPCL,petrol,Petrol (95 octane),92.08,Gurgaon,Available,fuel_psu
2026-06-22,2026-06-22T06:00:00.000000,HPCL,petrol,Petrol (95 octane),92.08,Gurgaon,Available,fuel_psu
2026-06-22,2026-06-22T06:00:00.000000,IOCL,diesel,Diesel,88.45,Gurgaon,Available,fuel_psu
2026-06-22,2026-06-22T06:00:00.000000,BPCL,diesel,Diesel,88.45,Gurgaon,Available,fuel_psu
2026-06-22,2026-06-22T06:00:00.000000,HPCL,diesel,Diesel,88.45,Gurgaon,Available,fuel_psu
2026-06-22,2026-06-22T06:00:00.000000,IOCL,petrol,Petrol (95 octane),103.6,Indore,Available,fuel_psu
2026-06-22,2026-06-22T06:00:00.000000,BPCL,petrol,Petrol (95 octane),103.6,Indore,Available,fuel_psu
2026-06-22,2026-06-22T06:00:00.000000,HPCL,petrol,Petrol (95 octane),103.6,Indore,Available,fuel_psu
2026-06-22,2026-06-22T06:00:00.000000,IOCL,diesel,Diesel,92.49,Indore,Available,fuel_psu
2026-06-22,2026-06-22T06:00:00.000000,BPCL,diesel,Diesel,92.49,Indore,Available,fuel_psu
2026-06-22,2026-06-22T06:00:00.000000,HPCL,diesel,Diesel,92.49,Indore,Available,fuel_psu
2026-06-23,2026-06-23T06:00:00.000000,IOCL,petrol,Petrol (95 octane),101.31,Mumbai,Available,fuel_psu
2026-06-23,2026-06-23T06:00:00.000000,BPCL,petrol,Petrol (95 octane),101.31,Mumbai,Available,fuel_psu
2026-06-23,2026-06-23T06:00:00.000000,HPCL,petrol,Petrol (95 octane),101.31,Mumbai,Available,fuel_psu
2026-06-23,2026-06-23T06:00:00.000000,IOCL,diesel,Diesel,92.75,Mumbai,Available,fuel_psu
2026-06-23,2026-06-23T06:00:00.000000,BPCL,diesel,Diesel,92.75,Mumbai,Available,fuel_psu
2026-06-23,2026-06-23T06:00:00.000000,HPCL,diesel,Diesel,92.75,Mumbai,Available,fuel_psu
2026-06-23,2026-06-23T06:00:00.000000,IOCL,petrol,Petrol (95 octane),91.82,Delhi,Available,fuel_psu
2026-06-23,2026-06-23T06:00:00.000000,BPCL,petrol,Petrol (95 octane),91.82,Delhi,Available,fuel_psu
2026-06-23,2026-06-23T06:00:00.000000,HPCL,petrol,Petrol (95 octane),91.82,Delhi,Available,fuel_psu
2026-06-23,2026-06-23T06:00:00.000000,IOCL,diesel,Diesel,88.22,Delhi,Available,fuel_psu
2026-06-23,2026-06-23T06:00:00.000000,BPCL,diesel,Diesel,88.22,Delhi,Available,fuel_psu
2026-06-23,2026-06-23T06:00:00.000000,HPCL,diesel,Diesel,88.22,Delhi,Available,fuel_psu
2026-06-23,2026-06-23T06:00:00.000000,IOCL,petrol,Petrol (95 octane),99.96,Bengaluru,Available,fuel_psu
2026-06-23,2026-06-23T06:00:00.000000,BPCL,petrol,Petrol (95 octane),99.96,Bengaluru,Available,fuel_psu
2026-06-23,2026-06-23T06:00:00.000000,HPCL,petrol,Petrol (95 octane),99.96,Bengaluru,Available,fuel_psu
2026-06-23,2026-06-23T06:00:00.000000,IOCL,diesel,Diesel,89.54,Bengaluru,Available,fuel_psu
2026-06-23,2026-06-23T06:00:00.000000,BPCL,diesel,Diesel,89.54,Bengaluru,Available,fuel_psu
2026-06-23,2026-06-23T06:00:00.000000,HPCL,diesel,Diesel,89.54,Bengaluru,Available,fuel_psu
2026-06-23,2026-06-23T06:00:00.000000,IOCL,petrol,Petrol (95 octane),97.85,Chennai,Available,fuel_psu
2026-06-23,2026-06-23T06:00:00.000000,BPCL,petrol,Petrol (95 octane),97.85,Chennai,Available,fuel_psu
2026-06-23,2026-06-23T06:00:00.000000,HPCL,petrol,Petrol (95 octane),97.85,Chennai,Available,fuel_psu
2026-06-23,2026-06-23T06:00:00.000000,IOCL,diesel,Diesel,92.94,Chennai,Available,fuel_psu
2026-06-23,2026-06-23T06:00:00.000000,BPCL,diesel,Diesel,92.94,Chennai,Available,fuel_psu
2026-06-23,2026-06-23T06:00:00.000000,HPCL,diesel,Diesel,92.94,Chennai,Available,fuel_psu
2026-06-23,2026-06-23T06:00:00.000000,IOCL,petrol,Petrol (95 octane),101.04,Kolkata,Available,fuel_psu
2026-06-23,2026-06-23T06:00:00.000000,BPCL,petrol,Petrol (95 octane),101.04,Kolkata,Available,fuel_psu
2026-06-23,2026-06-23T06:00:00.000000,HPCL,petrol,Petrol (95 octane),101.04,Kolkata,Available,fuel_psu
2026-06-23,2026-06-23T06:00:00.000000,IOCL,diesel,Diesel,91.36,Kolkata,Available,fuel_psu
2026-06-23,2026-06-23T06:00:00.000000,BPCL,diesel,Diesel,91.36,Kolkata,Available,fuel_psu
2026-06-23,2026-06-23T06:00:00.000000,HPCL,diesel,Diesel,91.36,Kolkata,Available,fuel_psu
2026-06-23,2026-06-23T06:00:00.000000,IOCL,petrol,Petrol (95 octane),104.51,Hyderabad,Available,fuel_psu
2026-06-23,2026-06-23T06:00:00.000000,BPCL,petrol,Petrol (95 octane),104.51,Hyderabad,Available,fuel_psu
2026-06-23,2026-06-23T06:00:00.000000,HPCL,petrol,Petrol (95 octane),104.51,Hyderabad,Available,fuel_psu
2026-06-23,2026-06-23T06:00:00.000000,IOCL,diesel,Diesel,96.25,Hyderabad,Available,fuel_psu
2026-06-23,2026-06-23T06:00:00.000000,BPCL,diesel,Diesel,96.25,Hyderabad,Available,fuel_psu
2026-06-23,2026-06-23T06:00:00.000000,HPCL,diesel,Diesel,96.25,Hyderabad,Available,fuel_psu
2026-06-23,2026-06-23T06:00:00.000000,IOCL,petrol,Petrol (95 octane),101.18,Pune,Available,fuel_psu
2026-06-23,2026-06-23T06:00:00.000000,BPCL,petrol,Petrol (95 octane),101.18,Pune,Available,fuel_psu
2026-06-23,2026-06-23T06:00:00.000000,HPCL,petrol,Petrol (95 octane),101.18,Pune,Available,fuel_psu
2026-06-23,2026-06-23T06:00:00.000000,IOCL,diesel,Diesel,91.21,Pune,Available,fuel_psu
2026-06-23,2026-06-23T06:00:00.000000,BPCL,diesel,Diesel,91.21,Pune,Available,fuel_psu
2026-06-23,2026-06-23T06:00:00.000000,HPCL,diesel,Diesel,91.21,Pune,Available,fuel_psu
2026-06-23,2026-06-23T06:00:00.000000,IOCL,petrol,Petrol (95 octane),91.54,Ahmedabad,Available,fuel_psu
2026-06-23,2026-06-23T06:00:00.000000,BPCL,petrol,Petrol (95 octane),91.54,Ahmedabad,Available,fuel_psu
2026-06-23,2026-06-23T06:00:00.000000,HPCL,petrol,Petrol (95 octane),91.54,Ahmedabad,Available,fuel_psu
2026-06-23,2026-06-23T06:00:00.000000,IOCL,diesel,Diesel,90.71,Ahmedabad,Available,fuel_psu
2026-06-23,2026-06-23T06:00:00.000000,BPCL,diesel,Diesel,90.71,Ahmedabad,Available,fuel_psu
2026-06-23,2026-06-23T06:00:00.000000,HPCL,diesel,Diesel,90.71,Ahmedabad,Available,fuel_psu
2026-06-23,2026-06-23T06:00:00.000000,IOCL,petrol,Petrol (95 octane),101.98,Jaipur,Available,fuel_psu
2026-06-23,2026-06-23T06:00:00.000000,BPCL,petrol,Petrol (95 octane),101.98,Jaipur,Available,fuel_psu
2026-06-23,2026-06-23T06:00:00.000000,HPCL,petrol,Petrol (95 octane),101.98,Jaipur,Available,fuel_psu
2026-06-23,2026-06-23T06:00:00.000000,IOCL,diesel,Diesel,90.96,Jaipur,Available,fuel_psu
2026-06-23,2026-06-23T06:00:00.000000,BPCL,diesel,Diesel,90.96,Jaipur,Available,fuel_psu
2026-06-23,2026-06-23T06:00:00.000000,HPCL,diesel,Diesel,90.96,Jaipur,Available,fuel_psu
2026-06-23,2026-06-23T06:00:00.000000,IOCL,petrol,Petrol (95 octane),91.75,Lucknow,Available,fuel_psu
2026-06-23,2026-06-23T06:00:00.000000,BPCL,petrol,Petrol (95 octane),91.75,Lucknow,Available,fuel_psu
2026-06-23,2026-06-23T06:00:00.000000,HPCL,petrol,Petrol (95 octane),91.75,Lucknow,Available,fuel_psu
2026-06-23,2026-06-23T06:00:00.000000,IOCL,diesel,Diesel,88.36,Lucknow,Available,fuel_psu
2026-06-23,2026-06-23T06:00:00.000000,BPCL,diesel,Diesel,88.36,Lucknow,Available,fuel_psu
2026-06-23,2026-06-23T06:00:00.000000,HPCL,diesel,Diesel,88.36,Lucknow,Available,fuel_psu
2026-06-23,2026-06-23T06:00:00.000000,IOCL,petrol,Petrol (95 octane),91.34,Chandigarh,Available,fuel_psu
2026-06-23,2026-06-23T06:00:00.000000,BPCL,petrol,Petrol (95 octane),91.34,Chandigarh,Available,fuel_psu
2026-06-23,2026-06-23T06:00:00.000000,HPCL,petrol,Petrol (95 octane),91.34,Chandigarh,Available,fuel_psu
2026-06-23,2026-06-23T06:00:00.000000,IOCL,diesel,Diesel,83.0,Chandigarh,Available,fuel_psu
2026-06-23,2026-06-23T06:00:00.000000,BPCL,diesel,Diesel,83.0,Chandigarh,Available,fuel_psu
2026-06-23,2026-06-23T06:00:00.000000,HPCL,diesel,Diesel,83.0,Chandigarh,Available,fuel_psu
2026-06-23,2026-06-23T06:00:00.000000,IOCL,petrol,Petrol (95 octane),91.41,Surat,Available,fuel_psu
2026-06-23,2026-06-23T06:00:00.000000,BPCL,petrol,Petrol (95 octane),91.41,Surat,Available,fuel_psu
2026-06-23,2026-06-23T06:00:00.000000,HPCL,petrol,Petrol (95 octane),91.41,Surat,Available,fuel_psu
2026-06-23,2026-06-23T06:00:00.000000,IOCL,diesel,Diesel,90.58,Surat,Available,fuel_psu
2026-06-23,2026-06-23T06:00:00.000000,BPCL,diesel,Diesel,90.58,Surat,Available,fuel_psu
2026-06-23,2026-06-23T06:00:00.000000,HPCL,diesel,Diesel,90.58,Surat,Available,fuel_psu
2026-06-23,2026-06-23T06:00:00.000000,IOCL,petrol,Petrol (95 octane),102.28,Patna,Available,fuel_psu
2026-06-23,2026-06-23T06:00:00.000000,BPCL,petrol,Petrol (95 octane),102.28,Patna,Available,fuel_psu
2026-06-23,2026-06-23T06:00:00.000000,HPCL,petrol,Petrol (95 octane),102.28,Patna,Available,fuel_psu
2026-06-23,2026-06-23T06:00:00.000000,IOCL,diesel,Diesel,92.64,Patna,Available,fuel_psu
2026-06-23,2026-06-23T06:00:00.000000,BPCL,diesel,Diesel,92.64,Patna,Available,fuel_psu
2026-06-23,2026-06-23T06:00:00.000000,HPCL,diesel,Diesel,92.64,Patna,Available,fuel_psu
2026-06-23,2026-06-23T06:00:00.000000,IOCL,petrol,Petrol (95 octane),91.76,Noida,Available,fuel_psu
2026-06-23,2026-06-23T06:00:00.000000,BPCL,petrol,Petrol (95 octane),91.76,Noida,Available,fuel_psu
2026-06-23,2026-06-23T06:00:00.000000,HPCL,petrol,Petrol (95 octane),91.76,Noida,Available,fuel_psu
2026-06-23,2026-06-23T06:00:00.000000,IOCL,diesel,Diesel,88.35,Noida,Available,fuel_psu
2026-06-23,2026-06-23T06:00:00.000000,BPCL,diesel,Diesel,88.35,Noida,Available,fuel_psu
2026-06-23,2026-06-23T06:00:00.000000,HPCL,diesel,Diesel,88.35,Noida,Available,fuel_psu
2026-06-23,2026-06-23T06:00:00.000000,IOCL,petrol,Petrol (95 octane),92.08,Gurgaon,Available,fuel_psu
2026-06-23,2026-06-23T06:00:00.000000,BPCL,petrol,Petrol (95 octane),92.08,Gurgaon,Available,fuel_psu
2026-06-23,2026-06-23T06:00:00.000000,HPCL,petrol,Petrol (95 octane),92.08,Gurgaon,Available,fuel_psu
2026-06-23,2026-06-23T06:00:00.000000,IOCL,diesel,Diesel,88.45,Gurgaon,Available,fuel_psu
2026-06-23,2026-06-23T06:00:00.000000,BPCL,diesel,Diesel,88.45,Gurgaon,Available,fuel_psu
2026-06-23,2026-06-23T06:00:00.000000,HPCL,diesel,Diesel,88.45,Gurgaon,Available,fuel_psu
2026-06-23,2026-06-23T06:00:00.000000,IOCL,petrol,Petrol (95 octane),103.6,Indore,Available,fuel_psu
2026-06-23,2026-06-23T06:00:00.000000,BPCL,petrol,Petrol (95 octane),103.6,Indore,Available,fuel_psu
2026-06-23,2026-06-23T06:00:00.000000,HPCL,petrol,Petrol (95 octane),103.6,Indore,Available,fuel_psu
2026-06-23,2026-06-23T06:00:00.000000,IOCL,diesel,Diesel,92.49,Indore,Available,fuel_psu
2026-06-23,2026-06-23T06:00:00.000000,BPCL,diesel,Diesel,92.49,Indore,Available,fuel_psu
2026-06-23,2026-06-23T06:00:00.000000,HPCL,diesel,Diesel,92.49,Indore,Available,fuel_psu
2026-06-24,2026-06-24T06:00:00.000000,IOCL,petrol,Petrol (95 octane),101.31,Mumbai,Available,fuel_psu
2026-06-24,2026-06-24T06:00:00.000000,BPCL,petrol,Petrol (95 octane),101.31,Mumbai,Available,fuel_psu
2026-06-24,2026-06-24T06:00:00.000000,HPCL,petrol,Petrol (95 octane),101.31,Mumbai,Available,fuel_psu
2026-06-24,2026-06-24T06:00:00.000000,IOCL,diesel,Diesel,92.75,Mumbai,Available,fuel_psu
2026-06-24,2026-06-24T06:00:00.000000,BPCL,diesel,Diesel,92.75,Mumbai,Available,fuel_psu
2026-06-24,2026-06-24T06:00:00.000000,HPCL,diesel,Diesel,92.75,Mumbai,Available,fuel_psu
2026-06-24,2026-06-24T06:00:00.000000,IOCL,petrol,Petrol (95 octane),91.82,Delhi,Available,fuel_psu
2026-06-24,2026-06-24T06:00:00.000000,BPCL,petrol,Petrol (95 octane),91.82,Delhi,Available,fuel_psu
2026-06-24,2026-06-24T06:00:00.000000,HPCL,petrol,Petrol (95 octane),91.82,Delhi,Available,fuel_psu
2026-06-24,2026-06-24T06:00:00.000000,IOCL,diesel,Diesel,88.22,Delhi,Available,fuel_psu
2026-06-24,2026-06-24T06:00:00.000000,BPCL,diesel,Diesel,88.22,Delhi,Available,fuel_psu
2026-06-24,2026-06-24T06:00:00.000000,HPCL,diesel,Diesel,88.22,Delhi,Available,fuel_psu
2026-06-24,2026-06-24T06:00:00.000000,IOCL,petrol,Petrol (95 octane),99.96,Bengaluru,Available,fuel_psu
2026-06-24,2026-06-24T06:00:00.000000,BPCL,petrol,Petrol (95 octane),99.96,Bengaluru,Available,fuel_psu
2026-06-24,2026-06-24T06:00:00.000000,HPCL,petrol,Petrol (95 octane),99.96,Bengaluru,Available,fuel_psu
2026-06-24,2026-06-24T06:00:00.000000,IOCL,diesel,Diesel,89.54,Bengaluru,Available,fuel_psu
2026-06-24,2026-06-24T06:00:00.000000,BPCL,diesel,Diesel,89.54,Bengaluru,Available,fuel_psu
2026-06-24,2026-06-24T06:00:00.000000,HPCL,diesel,Diesel,89.54,Bengaluru,Available,fuel_psu
2026-06-24,2026-06-24T06:00:00.000000,IOCL,petrol,Petrol (95 octane),97.85,Chennai,Available,fuel_psu
2026-06-24,2026-06-24T06:00:00.000000,BPCL,petrol,Petrol (95 octane),97.85,Chennai,Available,fuel_psu
2026-06-24,2026-06-24T06:00:00.000000,HPCL,petrol,Petrol (95 octane),97.85,Chennai,Available,fuel_psu
2026-06-24,2026-06-24T06:00:00.000000,IOCL,diesel,Diesel,92.94,Chennai,Available,fuel_psu
2026-06-24,2026-06-24T06:00:00.000000,BPCL,diesel,Diesel,92.94,Chennai,Available,fuel_psu
2026-06-24,2026-06-24T06:00:00.000000,HPCL,diesel,Diesel,92.94,Chennai,Available,fuel_psu
2026-06-24,2026-06-24T06:00:00.000000,IOCL,petrol,Petrol (95 octane),101.04,Kolkata,Available,fuel_psu
2026-06-24,2026-06-24T06:00:00.000000,BPCL,petrol,Petrol (95 octane),101.04,Kolkata,Available,fuel_psu
2026-06-24,2026-06-24T06:00:00.000000,HPCL,petrol,Petrol (95 octane),101.04,Kolkata,Available,fuel_psu
2026-06-24,2026-06-24T06:00:00.000000,IOCL,diesel,Diesel,91.36,Kolkata,Available,fuel_psu
2026-06-24,2026-06-24T06:00:00.000000,BPCL,diesel,Diesel,91.36,Kolkata,Available,fuel_psu
2026-06-24,2026-06-24T06:00:00.000000,HPCL,diesel,Diesel,91.36,Kolkata,Available,fuel_psu
2026-06-24,2026-06-24T06:00:00.000000,IOCL,petrol,Petrol (95 octane),104.51,Hyderabad,Available,fuel_psu
2026-06-24,2026-06-24T06:00:00.000000,BPCL,petrol,Petrol (95 octane),104.51,Hyderabad,Available,fuel_psu
2026-06-24,2026-06-24T06:00:00.000000,HPCL,petrol,Petrol (95 octane),104.51,Hyderabad,Available,fuel_psu
2026-06-24,2026-06-24T06:00:00.000000,IOCL,diesel,Diesel,96.25,Hyderabad,Available,fuel_psu
2026-06-24,2026-06-24T06:00:00.000000,BPCL,diesel,Diesel,96.25,Hyderabad,Available,fuel_psu
2026-06-24,2026-06-24T06:00:00.000000,HPCL,diesel,Diesel,96.25,Hyderabad,Available,fuel_psu
2026-06-24,2026-06-24T06:00:00.000000,IOCL,petrol,Petrol (95 octane),101.18,Pune,Available,fuel_psu
2026-06-24,2026-06-24T06:00:00.000000,BPCL,petrol,Petrol (95 octane),101.18,Pune,Available,fuel_psu
2026-06-24,2026-06-24T06:00:00.000000,HPCL,petrol,Petrol (95 octane),101.18,Pune,Available,fuel_psu
2026-06-24,2026-06-24T06:00:00.000000,IOCL,diesel,Diesel,91.21,Pune,Available,fuel_psu
2026-06-24,2026-06-24T06:00:00.000000,BPCL,diesel,Diesel,91.21,Pune,Available,fuel_psu
2026-06-24,2026-06-24T06:00:00.000000,HPCL,diesel,Diesel,91.21,Pune,Available,fuel_psu
2026-06-24,2026-06-24T06:00:00.000000,IOCL,petrol,Petrol (95 octane),91.54,Ahmedabad,Available,fuel_psu
2026-06-24,2026-06-24T06:00:00.000000,BPCL,petrol,Petrol (95 octane),91.54,Ahmedabad,Available,fuel_psu
2026-06-24,2026-06-24T06:00:00.000000,HPCL,petrol,Petrol (95 octane),91.54,Ahmedabad,Available,fuel_psu
2026-06-24,2026-06-24T06:00:00.000000,IOCL,diesel,Diesel,90.71,Ahmedabad,Available,fuel_psu
2026-06-24,2026-06-24T06:00:00.000000,BPCL,diesel,Diesel,90.71,Ahmedabad,Available,fuel_psu
2026-06-24,2026-06-24T06:00:00.000000,HPCL,diesel,Diesel,90.71,Ahmedabad,Available,fuel_psu
2026-06-24,2026-06-24T06:00:00.000000,IOCL,petrol,Petrol (95 octane),101.98,Jaipur,Available,fuel_psu
2026-06-24,2026-06-24T06:00:00.000000,BPCL,petrol,Petrol (95 octane),101.98,Jaipur,Available,fuel_psu
2026-06-24,2026-06-24T06:00:00.000000,HPCL,petrol,Petrol (95 octane),101.98,Jaipur,Available,fuel_psu
2026-06-24,2026-06-24T06:00:00.000000,IOCL,diesel,Diesel,90.96,Jaipur,Available,fuel_psu
2026-06-24,2026-06-24T06:00:00.000000,BPCL,diesel,Diesel,90.96,Jaipur,Available,fuel_psu
2026-06-24,2026-06-24T06:00:00.000000,HPCL,diesel,Diesel,90.96,Jaipur,Available,fuel_psu
2026-06-24,2026-06-24T06:00:00.000000,IOCL,petrol,Petrol (95 octane),91.75,Lucknow,Available,fuel_psu
2026-06-24,2026-06-24T06:00:00.000000,BPCL,petrol,Petrol (95 octane),91.75,Lucknow,Available,fuel_psu
2026-06-24,2026-06-24T06:00:00.000000,HPCL,petrol,Petrol (95 octane),91.75,Lucknow,Available,fuel_psu
2026-06-24,2026-06-24T06:00:00.000000,IOCL,diesel,Diesel,88.36,Lucknow,Available,fuel_psu
2026-06-24,2026-06-24T06:00:00.000000,BPCL,diesel,Diesel,88.36,Lucknow,Available,fuel_psu
2026-06-24,2026-06-24T06:00:00.000000,HPCL,diesel,Diesel,88.36,Lucknow,Available,fuel_psu
2026-06-24,2026-06-24T06:00:00.000000,IOCL,petrol,Petrol (95 octane),91.34,Chandigarh,Available,fuel_psu
2026-06-24,2026-06-24T06:00:00.000000,BPCL,petrol,Petrol (95 octane),91.34,Chandigarh,Available,fuel_psu
2026-06-24,2026-06-24T06:00:00.000000,HPCL,petrol,Petrol (95 octane),91.34,Chandigarh,Available,fuel_psu
2026-06-24,2026-06-24T06:00:00.000000,IOCL,diesel,Diesel,83.0,Chandigarh,Available,fuel_psu
2026-06-24,2026-06-24T06:00:00.000000,BPCL,diesel,Diesel,83.0,Chandigarh,Available,fuel_psu
2026-06-24,2026-06-24T06:00:00.000000,HPCL,diesel,Diesel,83.0,Chandigarh,Available,fuel_psu
2026-06-24,2026-06-24T06:00:00.000000,IOCL,petrol,Petrol (95 octane),91.41,Surat,Available,fuel_psu
2026-06-24,2026-06-24T06:00:00.000000,BPCL,petrol,Petrol (95 octane),91.41,Surat,Available,fuel_psu
2026-06-24,2026-06-24T06:00:00.000000,HPCL,petrol,Petrol (95 octane),91.41,Surat,Available,fuel_psu
2026-06-24,2026-06-24T06:00:00.000000,IOCL,diesel,Diesel,90.58,Surat,Available,fuel_psu
2026-06-24,2026-06-24T06:00:00.000000,BPCL,diesel,Diesel,90.58,Surat,Available,fuel_psu
2026-06-24,2026-06-24T06:00:00.000000,HPCL,diesel,Diesel,90.58,Surat,Available,fuel_psu
2026-06-24,2026-06-24T06:00:00.000000,IOCL,petrol,Petrol (95 octane),102.28,Patna,Available,fuel_psu
2026-06-24,2026-06-24T06:00:00.000000,BPCL,petrol,Petrol (95 octane),102.28,Patna,Available,fuel_psu
2026-06-24,2026-06-24T06:00:00.000000,HPCL,petrol,Petrol (95 octane),102.28,Patna,Available,fuel_psu
2026-06-24,2026-06-24T06:00:00.000000,IOCL,diesel,Diesel,92.64,Patna,Available,fuel_psu
2026-06-24,2026-06-24T06:00:00.000000,BPCL,diesel,Diesel,92.64,Patna,Available,fuel_psu
2026-06-24,2026-06-24T06:00:00.000000,HPCL,diesel,Diesel,92.64,Patna,Available,fuel_psu
2026-06-24,2026-06-24T06:00:00.000000,IOCL,petrol,Petrol (95 octane),91.76,Noida,Available,fuel_psu
2026-06-24,2026-06-24T06:00:00.000000,BPCL,petrol,Petrol (95 octane),91.76,Noida,Available,fuel_psu
2026-06-24,2026-06-24T06:00:00.000000,HPCL,petrol,Petrol (95 octane),91.76,Noida,Available,fuel_psu
2026-06-24,2026-06-24T06:00:00.000000,IOCL,diesel,Diesel,88.35,Noida,Available,fuel_psu
2026-06-24,2026-06-24T06:00:00.000000,BPCL,diesel,Diesel,88.35,Noida,Available,fuel_psu
2026-06-24,2026-06-24T06:00:00.000000,HPCL,diesel,Diesel,88.35,Noida,Available,fuel_psu
2026-06-24,2026-06-24T06:00:00.000000,IOCL,petrol,Petrol (95 octane),92.08,Gurgaon,Available,fuel_psu
2026-06-24,2026-06-24T06:00:00.000000,BPCL,petrol,Petrol (95 octane),92.08,Gurgaon,Available,fuel_psu
2026-06-24,2026-06-24T06:00:00.000000,HPCL,petrol,Petrol (95 octane),92.08,Gurgaon,Available,fuel_psu
2026-06-24,2026-06-24T06:00:00.000000,IOCL,diesel,Diesel,88.45,Gurgaon,Available,fuel_psu
2026-06-24,2026-06-24T06:00:00.000000,BPCL,diesel,Diesel,88.45,Gurgaon,Available,fuel_psu
2026-06-24,2026-06-24T06:00:00.000000,HPCL,diesel,Diesel,88.45,Gurgaon,Available,fuel_psu
2026-06-24,2026-06-24T06:00:00.000000,IOCL,petrol,Petrol (95 octane),103.6,Indore,Available,fuel_psu
2026-06-24,2026-06-24T06:00:00.000000,BPCL,petrol,Petrol (95 octane),103.6,Indore,Available,fuel_psu
2026-06-24,2026-06-24T06:00:00.000000,HPCL,petrol,Petrol (95 octane),103.6,Indore,Available,fuel_psu
2026-06-24,2026-06-24T06:00:00.000000,IOCL,diesel,Diesel,92.49,Indore,Available,fuel_psu
2026-06-24,2026-06-24T06:00:00.000000,BPCL,diesel,Diesel,92.49,Indore,Available,fuel_psu
2026-06-24,2026-06-24T06:00:00.000000,HPCL,diesel,Diesel,92.49,Indore,Available,fuel_psu
2026-06-25,2026-06-25T06:00:00.000000,IOCL,petrol,Petrol (95 octane),101.31,Mumbai,Available,fuel_psu
2026-06-25,2026-06-25T06:00:00.000000,BPCL,petrol,Petrol (95 octane),101.31,Mumbai,Available,fuel_psu
2026-06-25,2026-06-25T06:00:00.000000,HPCL,petrol,Petrol (95 octane),101.31,Mumbai,Available,fuel_psu
2026-06-25,2026-06-25T06:00:00.000000,IOCL,diesel,Diesel,92.75,Mumbai,Available,fuel_psu
2026-06-25,2026-06-25T06:00:00.000000,BPCL,diesel,Diesel,92.75,Mumbai,Available,fuel_psu
2026-06-25,2026-06-25T06:00:00.000000,HPCL,diesel,Diesel,92.75,Mumbai,Available,fuel_psu
2026-06-25,2026-06-25T06:00:00.000000,IOCL,petrol,Petrol (95 octane),91.82,Delhi,Available,fuel_psu
2026-06-25,2026-06-25T06:00:00.000000,BPCL,petrol,Petrol (95 octane),91.82,Delhi,Available,fuel_psu
2026-06-25,2026-06-25T06:00:00.000000,HPCL,petrol,Petrol (95 octane),91.82,Delhi,Available,fuel_psu
2026-06-25,2026-06-25T06:00:00.000000,IOCL,diesel,Diesel,88.22,Delhi,Available,fuel_psu
2026-06-25,2026-06-25T06:00:00.000000,BPCL,diesel,Diesel,88.22,Delhi,Available,fuel_psu
2026-06-25,2026-06-25T06:00:00.000000,HPCL,diesel,Diesel,88.22,Delhi,Available,fuel_psu
2026-06-25,2026-06-25T06:00:00.000000,IOCL,petrol,Petrol (95 octane),99.96,Bengaluru,Available,fuel_psu
2026-06-25,2026-06-25T06:00:00.000000,BPCL,petrol,Petrol (95 octane),99.96,Bengaluru,Available,fuel_psu
2026-06-25,2026-06-25T06:00:00.000000,HPCL,petrol,Petrol (95 octane),99.96,Bengaluru,Available,fuel_psu
2026-06-25,2026-06-25T06:00:00.000000,IOCL,diesel,Diesel,89.54,Bengaluru,Available,fuel_psu
2026-06-25,2026-06-25T06:00:00.000000,BPCL,diesel,Diesel,89.54,Bengaluru,Available,fuel_psu
2026-06-25,2026-06-25T06:00:00.000000,HPCL,diesel,Diesel,89.54,Bengaluru,Available,fuel_psu
2026-06-25,2026-06-25T06:00:00.000000,IOCL,petrol,Petrol (95 octane),97.85,Chennai,Available,fuel_psu
2026-06-25,2026-06-25T06:00:00.000000,BPCL,petrol,Petrol (95 octane),97.85,Chennai,Available,fuel_psu
2026-06-25,2026-06-25T06:00:00.000000,HPCL,petrol,Petrol (95 octane),97.85,Chennai,Available,fuel_psu
2026-06-25,2026-06-25T06:00:00.000000,IOCL,diesel,Diesel,92.94,Chennai,Available,fuel_psu
2026-06-25,2026-06-25T06:00:00.000000,BPCL,diesel,Diesel,92.94,Chennai,Available,fuel_psu
2026-06-25,2026-06-25T06:00:00.000000,HPCL,diesel,Diesel,92.94,Chennai,Available,fuel_psu
2026-06-25,2026-06-25T06:00:00.000000,IOCL,petrol,Petrol (95 octane),101.04,Kolkata,Available,fuel_psu
2026-06-25,2026-06-25T06:00:00.000000,BPCL,petrol,Petrol (95 octane),101.04,Kolkata,Available,fuel_psu
2026-06-25,2026-06-25T06:00:00.000000,HPCL,petrol,Petrol (95 octane),101.04,Kolkata,Available,fuel_psu
2026-06-25,2026-06-25T06:00:00.000000,IOCL,diesel,Diesel,91.36,Kolkata,Available,fuel_psu
2026-06-25,2026-06-25T06:00:00.000000,BPCL,diesel,Diesel,91.36,Kolkata,Available,fuel_psu
2026-06-25,2026-06-25T06:00:00.000000,HPCL,diesel,Diesel,91.36,Kolkata,Available,fuel_psu
2026-06-25,2026-06-25T06:00:00.000000,IOCL,petrol,Petrol (95 octane),104.51,Hyderabad,Available,fuel_psu
2026-06-25,2026-06-25T06:00:00.000000,BPCL,petrol,Petrol (95 octane),104.51,Hyderabad,Available,fuel_psu
2026-06-25,2026-06-25T06:00:00.000000,HPCL,petrol,Petrol (95 octane),104.51,Hyderabad,Available,fuel_psu
2026-06-25,2026-06-25T06:00:00.000000,IOCL,diesel,Diesel,96.25,Hyderabad,Available,fuel_psu
2026-06-25,2026-06-25T06:00:00.000000,BPCL,diesel,Diesel,96.25,Hyderabad,Available,fuel_psu
2026-06-25,2026-06-25T06:00:00.000000,HPCL,diesel,Diesel,96.25,Hyderabad,Available,fuel_psu
2026-06-25,2026-06-25T06:00:00.000000,IOCL,petrol,Petrol (95 octane),101.18,Pune,Available,fuel_psu
2026-06-25,2026-06-25T06:00:00.000000,BPCL,petrol,Petrol (95 octane),101.18,Pune,Available,fuel_psu
2026-06-25,2026-06-25T06:00:00.000000,HPCL,petrol,Petrol (95 octane),101.18,Pune,Available,fuel_psu
2026-06-25,2026-06-25T06:00:00.000000,IOCL,diesel,Diesel,91.21,Pune,Available,fuel_psu
2026-06-25,2026-06-25T06:00:00.000000,BPCL,diesel,Diesel,91.21,Pune,Available,fuel_psu
2026-06-25,2026-06-25T06:00:00.000000,HPCL,diesel,Diesel,91.21,Pune,Available,fuel_psu
2026-06-25,2026-06-25T06:00:00.000000,IOCL,petrol,Petrol (95 octane),91.54,Ahmedabad,Available,fuel_psu
2026-06-25,2026-06-25T06:00:00.000000,BPCL,petrol,Petrol (95 octane),91.54,Ahmedabad,Available,fuel_psu
2026-06-25,2026-06-25T06:00:00.000000,HPCL,petrol,Petrol (95 octane),91.54,Ahmedabad,Available,fuel_psu
2026-06-25,2026-06-25T06:00:00.000000,IOCL,diesel,Diesel,90.71,Ahmedabad,Available,fuel_psu
2026-06-25,2026-06-25T06:00:00.000000,BPCL,diesel,Diesel,90.71,Ahmedabad,Available,fuel_psu
2026-06-25,2026-06-25T06:00:00.000000,HPCL,diesel,Diesel,90.71,Ahmedabad,Available,fuel_psu
2026-06-25,2026-06-25T06:00:00.000000,IOCL,petrol,Petrol (95 octane),101.98,Jaipur,Available,fuel_psu
2026-06-25,2026-06-25T06:00:00.000000,BPCL,petrol,Petrol (95 octane),101.98,Jaipur,Available,fuel_psu
2026-06-25,2026-06-25T06:00:00.000000,HPCL,petrol,Petrol (95 octane),101.98,Jaipur,Available,fuel_psu
2026-06-25,2026-06-25T06:00:00.000000,IOCL,diesel,Diesel,90.96,Jaipur,Available,fuel_psu
2026-06-25,2026-06-25T06:00:00.000000,BPCL,diesel,Diesel,90.96,Jaipur,Available,fuel_psu
2026-06-25,2026-06-25T06:00:00.000000,HPCL,diesel,Diesel,90.96,Jaipur,Available,fuel_psu
2026-06-25,2026-06-25T06:00:00.000000,IOCL,petrol,Petrol (95 octane),91.75,Lucknow,Available,fuel_psu
2026-06-25,2026-06-25T06:00:00.000000,BPCL,petrol,Petrol (95 octane),91.75,Lucknow,Available,fuel_psu
2026-06-25,2026-06-25T06:00:00.000000,HPCL,petrol,Petrol (95 octane),91.75,Lucknow,Available,fuel_psu
2026-06-25,2026-06-25T06:00:00.000000,IOCL,diesel,Diesel,88.36,Lucknow,Available,fuel_psu
2026-06-25,2026-06-25T06:00:00.000000,BPCL,diesel,Diesel,88.36,Lucknow,Available,fuel_psu
2026-06-25,2026-06-25T06:00:00.000000,HPCL,diesel,Diesel,88.36,Lucknow,Available,fuel_psu
2026-06-25,2026-06-25T06:00:00.000000,IOCL,petrol,Petrol (95 octane),91.34,Chandigarh,Available,fuel_psu
2026-06-25,2026-06-25T06:00:00.000000,BPCL,petrol,Petrol (95 octane),91.34,Chandigarh,Available,fuel_psu
2026-06-25,2026-06-25T06:00:00.000000,HPCL,petrol,Petrol (95 octane),91.34,Chandigarh,Available,fuel_psu
2026-06-25,2026-06-25T06:00:00.000000,IOCL,diesel,Diesel,83.0,Chandigarh,Available,fuel_psu
2026-06-25,2026-06-25T06:00:00.000000,BPCL,diesel,Diesel,83.0,Chandigarh,Available,fuel_psu
2026-06-25,2026-06-25T06:00:00.000000,HPCL,diesel,Diesel,83.0,Chandigarh,Available,fuel_psu
2026-06-25,2026-06-25T06:00:00.000000,IOCL,petrol,Petrol (95 octane),91.41,Surat,Available,fuel_psu
2026-06-25,2026-06-25T06:00:00.000000,BPCL,petrol,Petrol (95 octane),91.41,Surat,Available,fuel_psu
2026-06-25,2026-06-25T06:00:00.000000,HPCL,petrol,Petrol (95 octane),91.41,Surat,Available,fuel_psu
2026-06-25,2026-06-25T06:00:00.000000,IOCL,diesel,Diesel,90.58,Surat,Available,fuel_psu
2026-06-25,2026-06-25T06:00:00.000000,BPCL,diesel,Diesel,90.58,Surat,Available,fuel_psu
2026-06-25,2026-06-25T06:00:00.000000,HPCL,diesel,Diesel,90.58,Surat,Available,fuel_psu
2026-06-25,2026-06-25T06:00:00.000000,IOCL,petrol,Petrol (95 octane),102.28,Patna,Available,fuel_psu
2026-06-25,2026-06-25T06:00:00.000000,BPCL,petrol,Petrol (95 octane),102.28,Patna,Available,fuel_psu
2026-06-25,2026-06-25T06:00:00.000000,HPCL,petrol,Petrol (95 octane),102.28,Patna,Available,fuel_psu
2026-06-25,2026-06-25T06:00:00.000000,IOCL,diesel,Diesel,92.64,Patna,Available,fuel_psu
2026-06-25,2026-06-25T06:00:00.000000,BPCL,diesel,Diesel,92.64,Patna,Available,fuel_psu
2026-06-25,2026-06-25T06:00:00.000000,HPCL,diesel,Diesel,92.64,Patna,Available,fuel_psu
2026-06-25,2026-06-25T06:00:00.000000,IOCL,petrol,Petrol (95 octane),91.76,Noida,Available,fuel_psu
2026-06-25,2026-06-25T06:00:00.000000,BPCL,petrol,Petrol (95 octane),91.76,Noida,Available,fuel_psu
2026-06-25,2026-06-25T06:00:00.000000,HPCL,petrol,Petrol (95 octane),91.76,Noida,Available,fuel_psu
2026-06-25,2026-06-25T06:00:00.000000,IOCL,diesel,Diesel,88.35,Noida,Available,fuel_psu
2026-06-25,2026-06-25T06:00:00.000000,BPCL,diesel,Diesel,88.35,Noida,Available,fuel_psu
2026-06-25,2026-06-25T06:00:00.000000,HPCL,diesel,Diesel,88.35,Noida,Available,fuel_psu
2026-06-25,2026-06-25T06:00:00.000000,IOCL,petrol,Petrol (95 octane),92.08,Gurgaon,Available,fuel_psu
2026-06-25,2026-06-25T06:00:00.000000,BPCL,petrol,Petrol (95 octane),92.08,Gurgaon,Available,fuel_psu
2026-06-25,2026-06-25T06:00:00.000000,HPCL,petrol,Petrol (95 octane),92.08,Gurgaon,Available,fuel_psu
2026-06-25,2026-06-25T06:00:00.000000,IOCL,diesel,Diesel,88.45,Gurgaon,Available,fuel_psu
2026-06-25,2026-06-25T06:00:00.000000,BPCL,diesel,Diesel,88.45,Gurgaon,Available,fuel_psu
2026-06-25,2026-06-25T06:00:00.000000,HPCL,diesel,Diesel,88.45,Gurgaon,Available,fuel_psu
2026-06-25,2026-06-25T06:00:00.000000,IOCL,petrol,Petrol (95 octane),103.6,Indore,Available,fuel_psu
2026-06-25,2026-06-25T06:00:00.000000,BPCL,petrol,Petrol (95 octane),103.6,Indore,Available,fuel_psu
2026-06-25,2026-06-25T06:00:00.000000,HPCL,petrol,Petrol (95 octane),103.6,Indore,Available,fuel_psu
2026-06-25,2026-06-25T06:00:00.000000,IOCL,diesel,Diesel,92.49,Indore,Available,fuel_psu
2026-06-25,2026-06-25T06:00:00.000000,BPCL,diesel,Diesel,92.49,Indore,Available,fuel_psu
2026-06-25,2026-06-25T06:00:00.000000,HPCL,diesel,Diesel,92.49,Indore,Available,fuel_psu
2026-06-26,2026-06-26T06:00:00.000000,IOCL,petrol,Petrol (95 octane),101.31,Mumbai,Available,fuel_psu
2026-06-26,2026-06-26T06:00:00.000000,BPCL,petrol,Petrol (95 octane),101.31,Mumbai,Available,fuel_psu
2026-06-26,2026-06-26T06:00:00.000000,HPCL,petrol,Petrol (95 octane),101.31,Mumbai,Available,fuel_psu
2026-06-26,2026-06-26T06:00:00.000000,IOCL,diesel,Diesel,92.75,Mumbai,Available,fuel_psu
2026-06-26,2026-06-26T06:00:00.000000,BPCL,diesel,Diesel,92.75,Mumbai,Available,fuel_psu
2026-06-26,2026-06-26T06:00:00.000000,HPCL,diesel,Diesel,92.75,Mumbai,Available,fuel_psu
2026-06-26,2026-06-26T06:00:00.000000,IOCL,petrol,Petrol (95 octane),91.82,Delhi,Available,fuel_psu
2026-06-26,2026-06-26T06:00:00.000000,BPCL,petrol,Petrol (95 octane),91.82,Delhi,Available,fuel_psu
2026-06-26,2026-06-26T06:00:00.000000,HPCL,petrol,Petrol (95 octane),91.82,Delhi,Available,fuel_psu
2026-06-26,2026-06-26T06:00:00.000000,IOCL,diesel,Diesel,88.22,Delhi,Available,fuel_psu
2026-06-26,2026-06-26T06:00:00.000000,BPCL,diesel,Diesel,88.22,Delhi,Available,fuel_psu
2026-06-26,2026-06-26T06:00:00.000000,HPCL,diesel,Diesel,88.22,Delhi,Available,fuel_psu
2026-06-26,2026-06-26T06:00:00.000000,IOCL,petrol,Petrol (95 octane),99.96,Bengaluru,Available,fuel_psu
2026-06-26,2026-06-26T06:00:00.000000,BPCL,petrol,Petrol (95 octane),99.96,Bengaluru,Available,fuel_psu
2026-06-26,2026-06-26T06:00:00.000000,HPCL,petrol,Petrol (95 octane),99.96,Bengaluru,Available,fuel_psu
2026-06-26,2026-06-26T06:00:00.000000,IOCL,diesel,Diesel,89.54,Bengaluru,Available,fuel_psu
2026-06-26,2026-06-26T06:00:00.000000,BPCL,diesel,Diesel,89.54,Bengaluru,Available,fuel_psu
2026-06-26,2026-06-26T06:00:00.000000,HPCL,diesel,Diesel,89.54,Bengaluru,Available,fuel_psu
2026-06-26,2026-06-26T06:00:00.000000,IOCL,petrol,Petrol (95 octane),97.85,Chennai,Available,fuel_psu
2026-06-26,2026-06-26T06:00:00.000000,BPCL,petrol,Petrol (95 octane),97.85,Chennai,Available,fuel_psu
2026-06-26,2026-06-26T06:00:00.000000,HPCL,petrol,Petrol (95 octane),97.85,Chennai,Available,fuel_psu
2026-06-26,2026-06-26T06:00:00.000000,IOCL,diesel,Diesel,92.94,Chennai,Available,fuel_psu
2026-06-26,2026-06-26T06:00:00.000000,BPCL,diesel,Diesel,92.94,Chennai,Available,fuel_psu
2026-06-26,2026-06-26T06:00:00.000000,HPCL,diesel,Diesel,92.94,Chennai,Available,fuel_psu
2026-06-26,2026-06-26T06:00:00.000000,IOCL,petrol,Petrol (95 octane),101.04,Kolkata,Available,fuel_psu
2026-06-26,2026-06-26T06:00:00.000000,BPCL,petrol,Petrol (95 octane),101.04,Kolkata,Available,fuel_psu
2026-06-26,2026-06-26T06:00:00.000000,HPCL,petrol,Petrol (95 octane),101.04,Kolkata,Available,fuel_psu
2026-06-26,2026-06-26T06:00:00.000000,IOCL,diesel,Diesel,91.36,Kolkata,Available,fuel_psu
2026-06-26,2026-06-26T06:00:00.000000,BPCL,diesel,Diesel,91.36,Kolkata,Available,fuel_psu
2026-06-26,2026-06-26T06:00:00.000000,HPCL,diesel,Diesel,91.36,Kolkata,Available,fuel_psu
2026-06-26,2026-06-26T06:00:00.000000,IOCL,petrol,Petrol (95 octane),104.51,Hyderabad,Available,fuel_psu
2026-06-26,2026-06-26T06:00:00.000000,BPCL,petrol,Petrol (95 octane),104.51,Hyderabad,Available,fuel_psu
2026-06-26,2026-06-26T06:00:00.000000,HPCL,petrol,Petrol (95 octane),104.51,Hyderabad,Available,fuel_psu
2026-06-26,2026-06-26T06:00:00.000000,IOCL,diesel,Diesel,96.25,Hyderabad,Available,fuel_psu
2026-06-26,2026-06-26T06:00:00.000000,BPCL,diesel,Diesel,96.25,Hyderabad,Available,fuel_psu
2026-06-26,2026-06-26T06:00:00.000000,HPCL,diesel,Diesel,96.25,Hyderabad,Available,fuel_psu
2026-06-26,2026-06-26T06:00:00.000000,IOCL,petrol,Petrol (95 octane),101.18,Pune,Available,fuel_psu
2026-06-26,2026-06-26T06:00:00.000000,BPCL,petrol,Petrol (95 octane),101.18,Pune,Available,fuel_psu
2026-06-26,2026-06-26T06:00:00.000000,HPCL,petrol,Petrol (95 octane),101.18,Pune,Available,fuel_psu
2026-06-26,2026-06-26T06:00:00.000000,IOCL,diesel,Diesel,91.21,Pune,Available,fuel_psu
2026-06-26,2026-06-26T06:00:00.000000,BPCL,diesel,Diesel,91.21,Pune,Available,fuel_psu
2026-06-26,2026-06-26T06:00:00.000000,HPCL,diesel,Diesel,91.21,Pune,Available,fuel_psu
2026-06-26,2026-06-26T06:00:00.000000,IOCL,petrol,Petrol (95 octane),91.54,Ahmedabad,Available,fuel_psu
2026-06-26,2026-06-26T06:00:00.000000,BPCL,petrol,Petrol (95 octane),91.54,Ahmedabad,Available,fuel_psu
2026-06-26,2026-06-26T06:00:00.000000,HPCL,petrol,Petrol (95 octane),91.54,Ahmedabad,Available,fuel_psu
2026-06-26,2026-06-26T06:00:00.000000,IOCL,diesel,Diesel,90.71,Ahmedabad,Available,fuel_psu
2026-06-26,2026-06-26T06:00:00.000000,BPCL,diesel,Diesel,90.71,Ahmedabad,Available,fuel_psu
2026-06-26,2026-06-26T06:00:00.000000,HPCL,diesel,Diesel,90.71,Ahmedabad,Available,fuel_psu
2026-06-26,2026-06-26T06:00:00.000000,IOCL,petrol,Petrol (95 octane),101.98,Jaipur,Available,fuel_psu
2026-06-26,2026-06-26T06:00:00.000000,BPCL,petrol,Petrol (95 octane),101.98,Jaipur,Available,fuel_psu
2026-06-26,2026-06-26T06:00:00.000000,HPCL,petrol,Petrol (95 octane),101.98,Jaipur,Available,fuel_psu
2026-06-26,2026-06-26T06:00:00.000000,IOCL,diesel,Diesel,90.96,Jaipur,Available,fuel_psu
2026-06-26,2026-06-26T06:00:00.000000,BPCL,diesel,Diesel,90.96,Jaipur,Available,fuel_psu
2026-06-26,2026-06-26T06:00:00.000000,HPCL,diesel,Diesel,90.96,Jaipur,Available,fuel_psu
2026-06-26,2026-06-26T06:00:00.000000,IOCL,petrol,Petrol (95 octane),91.75,Lucknow,Available,fuel_psu
2026-06-26,2026-06-26T06:00:00.000000,BPCL,petrol,Petrol (95 octane),91.75,Lucknow,Available,fuel_psu
2026-06-26,2026-06-26T06:00:00.000000,HPCL,petrol,Petrol (95 octane),91.75,Lucknow,Available,fuel_psu
2026-06-26,2026-06-26T06:00:00.000000,IOCL,diesel,Diesel,88.36,Lucknow,Available,fuel_psu
2026-06-26,2026-06-26T06:00:00.000000,BPCL,diesel,Diesel,88.36,Lucknow,Available,fuel_psu
2026-06-26,2026-06-26T06:00:00.000000,HPCL,diesel,Diesel,88.36,Lucknow,Available,fuel_psu
2026-06-26,2026-06-26T06:00:00.000000,IOCL,petrol,Petrol (95 octane),91.34,Chandigarh,Available,fuel_psu
2026-06-26,2026-06-26T06:00:00.000000,BPCL,petrol,Petrol (95 octane),91.34,Chandigarh,Available,fuel_psu
2026-06-26,2026-06-26T06:00:00.000000,HPCL,petrol,Petrol (95 octane),91.34,Chandigarh,Available,fuel_psu
2026-06-26,2026-06-26T06:00:00.000000,IOCL,diesel,Diesel,83.0,Chandigarh,Available,fuel_psu
2026-06-26,2026-06-26T06:00:00.000000,BPCL,diesel,Diesel,83.0,Chandigarh,Available,fuel_psu
2026-06-26,2026-06-26T06:00:00.000000,HPCL,diesel,Diesel,83.0,Chandigarh,Available,fuel_psu
2026-06-26,2026-06-26T06:00:00.000000,IOCL,petrol,Petrol (95 octane),91.41,Surat,Available,fuel_psu
2026-06-26,2026-06-26T06:00:00.000000,BPCL,petrol,Petrol (95 octane),91.41,Surat,Available,fuel_psu
2026-06-26,2026-06-26T06:00:00.000000,HPCL,petrol,Petrol (95 octane),91.41,Surat,Available,fuel_psu
2026-06-26,2026-06-26T06:00:00.000000,IOCL,diesel,Diesel,90.58,Surat,Available,fuel_psu
2026-06-26,2026-06-26T06:00:00.000000,BPCL,diesel,Diesel,90.58,Surat,Available,fuel_psu
2026-06-26,2026-06-26T06:00:00.000000,HPCL,diesel,Diesel,90.58,Surat,Available,fuel_psu
2026-06-26,2026-06-26T06:00:00.000000,IOCL,petrol,Petrol (95 octane),102.28,Patna,Available,fuel_psu
2026-06-26,2026-06-26T06:00:00.000000,BPCL,petrol,Petrol (95 octane),102.28,Patna,Available,fuel_psu
2026-06-26,2026-06-26T06:00:00.000000,HPCL,petrol,Petrol (95 octane),102.28,Patna,Available,fuel_psu
2026-06-26,2026-06-26T06:00:00.000000,IOCL,diesel,Diesel,92.64,Patna,Available,fuel_psu
2026-06-26,2026-06-26T06:00:00.000000,BPCL,diesel,Diesel,92.64,Patna,Available,fuel_psu
2026-06-26,2026-06-26T06:00:00.000000,HPCL,diesel,Diesel,92.64,Patna,Available,fuel_psu
2026-06-26,2026-06-26T06:00:00.000000,IOCL,petrol,Petrol (95 octane),91.76,Noida,Available,fuel_psu
2026-06-26,2026-06-26T06:00:00.000000,BPCL,petrol,Petrol (95 octane),91.76,Noida,Available,fuel_psu
2026-06-26,2026-06-26T06:00:00.000000,HPCL,petrol,Petrol (95 octane),91.76,Noida,Available,fuel_psu
2026-06-26,2026-06-26T06:00:00.000000,IOCL,diesel,Diesel,88.35,Noida,Available,fuel_psu
2026-06-26,2026-06-26T06:00:00.000000,BPCL,diesel,Diesel,88.35,Noida,Available,fuel_psu
2026-06-26,2026-06-26T06:00:00.000000,HPCL,diesel,Diesel,88.35,Noida,Available,fuel_psu
2026-06-26,2026-06-26T06:00:00.000000,IOCL,petrol,Petrol (95 octane),92.08,Gurgaon,Available,fuel_psu
2026-06-26,2026-06-26T06:00:00.000000,BPCL,petrol,Petrol (95 octane),92.08,Gurgaon,Available,fuel_psu
2026-06-26,2026-06-26T06:00:00.000000,HPCL,petrol,Petrol (95 octane),92.08,Gurgaon,Available,fuel_psu
2026-06-26,2026-06-26T06:00:00.000000,IOCL,diesel,Diesel,88.45,Gurgaon,Available,fuel_psu
2026-06-26,2026-06-26T06:00:00.000000,BPCL,diesel,Diesel,88.45,Gurgaon,Available,fuel_psu
2026-06-26,2026-06-26T06:00:00.000000,HPCL,diesel,Diesel,88.45,Gurgaon,Available,fuel_psu
2026-06-26,2026-06-26T06:00:00.000000,IOCL,petrol,Petrol (95 octane),103.6,Indore,Available,fuel_psu
2026-06-26,2026-06-26T06:00:00.000000,BPCL,petrol,Petrol (95 octane),103.6,Indore,Available,fuel_psu
2026-06-26,2026-06-26T06:00:00.000000,HPCL,petrol,Petrol (95 octane),103.6,Indore,Available,fuel_psu
2026-06-26,2026-06-26T06:00:00.000000,IOCL,diesel,Diesel,92.49,Indore,Available,fuel_psu
2026-06-26,2026-06-26T06:00:00.000000,BPCL,diesel,Diesel,92.49,Indore,Available,fuel_psu
2026-06-26,2026-06-26T06:00:00.000000,HPCL,diesel,Diesel,92.49,Indore,Available,fuel_psu
2026-06-27,2026-06-27T06:00:00.000000,IOCL,petrol,Petrol (95 octane),101.31,Mumbai,Available,fuel_psu
2026-06-27,2026-06-27T06:00:00.000000,BPCL,petrol,Petrol (95 octane),101.31,Mumbai,Available,fuel_psu
2026-06-27,2026-06-27T06:00:00.000000,HPCL,petrol,Petrol (95 octane),101.31,Mumbai,Available,fuel_psu
2026-06-27,2026-06-27T06:00:00.000000,IOCL,diesel,Diesel,92.75,Mumbai,Available,fuel_psu
2026-06-27,2026-06-27T06:00:00.000000,BPCL,diesel,Diesel,92.75,Mumbai,Available,fuel_psu
2026-06-27,2026-06-27T06:00:00.000000,HPCL,diesel,Diesel,92.75,Mumbai,Available,fuel_psu
2026-06-27,2026-06-27T06:00:00.000000,IOCL,petrol,Petrol (95 octane),91.82,Delhi,Available,fuel_psu
2026-06-27,2026-06-27T06:00:00.000000,BPCL,petrol,Petrol (95 octane),91.82,Delhi,Available,fuel_psu
2026-06-27,2026-06-27T06:00:00.000000,HPCL,petrol,Petrol (95 octane),91.82,Delhi,Available,fuel_psu
2026-06-27,2026-06-27T06:00:00.000000,IOCL,diesel,Diesel,88.22,Delhi,Available,fuel_psu
2026-06-27,2026-06-27T06:00:00.000000,BPCL,diesel,Diesel,88.22,Delhi,Available,fuel_psu
2026-06-27,2026-06-27T06:00:00.000000,HPCL,diesel,Diesel,88.22,Delhi,Available,fuel_psu
2026-06-27,2026-06-27T06:00:00.000000,IOCL,petrol,Petrol (95 octane),99.96,Bengaluru,Available,fuel_psu
2026-06-27,2026-06-27T06:00:00.000000,BPCL,petrol,Petrol (95 octane),99.96,Bengaluru,Available,fuel_psu
2026-06-27,2026-06-27T06:00:00.000000,HPCL,petrol,Petrol (95 octane),99.96,Bengaluru,Available,fuel_psu
2026-06-27,2026-06-27T06:00:00.000000,IOCL,diesel,Diesel,89.54,Bengaluru,Available,fuel_psu
2026-06-27,2026-06-27T06:00:00.000000,BPCL,diesel,Diesel,89.54,Bengaluru,Available,fuel_psu
2026-06-27,2026-06-27T06:00:00.000000,HPCL,diesel,Diesel,89.54,Bengaluru,Available,fuel_psu
2026-06-27,2026-06-27T06:00:00.000000,IOCL,petrol,Petrol (95 octane),97.85,Chennai,Available,fuel_psu
2026-06-27,2026-06-27T06:00:00.000000,BPCL,petrol,Petrol (95 octane),97.85,Chennai,Available,fuel_psu
2026-06-27,2026-06-27T06:00:00.000000,HPCL,petrol,Petrol (95 octane),97.85,Chennai,Available,fuel_psu
2026-06-27,2026-06-27T06:00:00.000000,IOCL,diesel,Diesel,92.94,Chennai,Available,fuel_psu
2026-06-27,2026-06-27T06:00:00.000000,BPCL,diesel,Diesel,92.94,Chennai,Available,fuel_psu
2026-06-27,2026-06-27T06:00:00.000000,HPCL,diesel,Diesel,92.94,Chennai,Available,fuel_psu
2026-06-27,2026-06-27T06:00:00.000000,IOCL,petrol,Petrol (95 octane),101.04,Kolkata,Available,fuel_psu
2026-06-27,2026-06-27T06:00:00.000000,BPCL,petrol,Petrol (95 octane),101.04,Kolkata,Available,fuel_psu
2026-06-27,2026-06-27T06:00:00.000000,HPCL,petrol,Petrol (95 octane),101.04,Kolkata,Available,fuel_psu
2026-06-27,2026-06-27T06:00:00.000000,IOCL,diesel,Diesel,91.36,Kolkata,Available,fuel_psu
2026-06-27,2026-06-27T06:00:00.000000,BPCL,diesel,Diesel,91.36,Kolkata,Available,fuel_psu
2026-06-27,2026-06-27T06:00:00.000000,HPCL,diesel,Diesel,91.36,Kolkata,Available,fuel_psu
2026-06-27,2026-06-27T06:00:00.000000,IOCL,petrol,Petrol (95 octane),104.51,Hyderabad,Available,fuel_psu
2026-06-27,2026-06-27T06:00:00.000000,BPCL,petrol,Petrol (95 octane),104.51,Hyderabad,Available,fuel_psu
2026-06-27,2026-06-27T06:00:00.000000,HPCL,petrol,Petrol (95 octane),104.51,Hyderabad,Available,fuel_psu
2026-06-27,2026-06-27T06:00:00.000000,IOCL,diesel,Diesel,96.25,Hyderabad,Available,fuel_psu
2026-06-27,2026-06-27T06:00:00.000000,BPCL,diesel,Diesel,96.25,Hyderabad,Available,fuel_psu
2026-06-27,2026-06-27T06:00:00.000000,HPCL,diesel,Diesel,96.25,Hyderabad,Available,fuel_psu
2026-06-27,2026-06-27T06:00:00.000000,IOCL,petrol,Petrol (95 octane),101.18,Pune,Available,fuel_psu
2026-06-27,2026-06-27T06:00:00.000000,BPCL,petrol,Petrol (95 octane),101.18,Pune,Available,fuel_psu
2026-06-27,2026-06-27T06:00:00.000000,HPCL,petrol,Petrol (95 octane),101.18,Pune,Available,fuel_psu
2026-06-27,2026-06-27T06:00:00.000000,IOCL,diesel,Diesel,91.21,Pune,Available,fuel_psu
2026-06-27,2026-06-27T06:00:00.000000,BPCL,diesel,Diesel,91.21,Pune,Available,fuel_psu
2026-06-27,2026-06-27T06:00:00.000000,HPCL,diesel,Diesel,91.21,Pune,Available,fuel_psu
2026-06-27,2026-06-27T06:00:00.000000,IOCL,petrol,Petrol (95 octane),91.54,Ahmedabad,Available,fuel_psu
2026-06-27,2026-06-27T06:00:00.000000,BPCL,petrol,Petrol (95 octane),91.54,Ahmedabad,Available,fuel_psu
2026-06-27,2026-06-27T06:00:00.000000,HPCL,petrol,Petrol (95 octane),91.54,Ahmedabad,Available,fuel_psu
2026-06-27,2026-06-27T06:00:00.000000,IOCL,diesel,Diesel,90.71,Ahmedabad,Available,fuel_psu
2026-06-27,2026-06-27T06:00:00.000000,BPCL,diesel,Diesel,90.71,Ahmedabad,Available,fuel_psu
2026-06-27,2026-06-27T06:00:00.000000,HPCL,diesel,Diesel,90.71,Ahmedabad,Available,fuel_psu
2026-06-27,2026-06-27T06:00:00.000000,IOCL,petrol,Petrol (95 octane),101.98,Jaipur,Available,fuel_psu
2026-06-27,2026-06-27T06:00:00.000000,BPCL,petrol,Petrol (95 octane),101.98,Jaipur,Available,fuel_psu
2026-06-27,2026-06-27T06:00:00.000000,HPCL,petrol,Petrol (95 octane),101.98,Jaipur,Available,fuel_psu
2026-06-27,2026-06-27T06:00:00.000000,IOCL,diesel,Diesel,90.96,Jaipur,Available,fuel_psu
2026-06-27,2026-06-27T06:00:00.000000,BPCL,diesel,Diesel,90.96,Jaipur,Available,fuel_psu
2026-06-27,2026-06-27T06:00:00.000000,HPCL,diesel,Diesel,90.96,Jaipur,Available,fuel_psu
2026-06-27,2026-06-27T06:00:00.000000,IOCL,petrol,Petrol (95 octane),91.75,Lucknow,Available,fuel_psu
2026-06-27,2026-06-27T06:00:00.000000,BPCL,petrol,Petrol (95 octane),91.75,Lucknow,Available,fuel_psu
2026-06-27,2026-06-27T06:00:00.000000,HPCL,petrol,Petrol (95 octane),91.75,Lucknow,Available,fuel_psu
2026-06-27,2026-06-27T06:00:00.000000,IOCL,diesel,Diesel,88.36,Lucknow,Available,fuel_psu
2026-06-27,2026-06-27T06:00:00.000000,BPCL,diesel,Diesel,88.36,Lucknow,Available,fuel_psu
2026-06-27,2026-06-27T06:00:00.000000,HPCL,diesel,Diesel,88.36,Lucknow,Available,fuel_psu
2026-06-27,2026-06-27T06:00:00.000000,IOCL,petrol,Petrol (95 octane),91.34,Chandigarh,Available,fuel_psu
2026-06-27,2026-06-27T06:00:00.000000,BPCL,petrol,Petrol (95 octane),91.34,Chandigarh,Available,fuel_psu
2026-06-27,2026-06-27T06:00:00.000000,HPCL,petrol,Petrol (95 octane),91.34,Chandigarh,Available,fuel_psu
2026-06-27,2026-06-27T06:00:00.000000,IOCL,diesel,Diesel,83.0,Chandigarh,Available,fuel_psu
2026-06-27,2026-06-27T06:00:00.000000,BPCL,diesel,Diesel,83.0,Chandigarh,Available,fuel_psu
2026-06-27,2026-06-27T06:00:00.000000,HPCL,diesel,Diesel,83.0,Chandigarh,Available,fuel_psu
2026-06-27,2026-06-27T06:00:00.000000,IOCL,petrol,Petrol (95 octane),91.41,Surat,Available,fuel_psu
2026-06-27,2026-06-27T06:00:00.000000,BPCL,petrol,Petrol (95 octane),91.41,Surat,Available,fuel_psu
2026-06-27,2026-06-27T06:00:00.000000,HPCL,petrol,Petrol (95 octane),91.41,Surat,Available,fuel_psu
2026-06-27,2026-06-27T06:00:00.000000,IOCL,diesel,Diesel,90.58,Surat,Available,fuel_psu
2026-06-27,2026-06-27T06:00:00.000000,BPCL,diesel,Diesel,90.58,Surat,Available,fuel_psu
2026-06-27,2026-06-27T06:00:00.000000,HPCL,diesel,Diesel,90.58,Surat,Available,fuel_psu
2026-06-27,2026-06-27T06:00:00.000000,IOCL,petrol,Petrol (95 octane),102.28,Patna,Available,fuel_psu
2026-06-27,2026-06-27T06:00:00.000000,BPCL,petrol,Petrol (95 octane),102.28,Patna,Available,fuel_psu
2026-06-27,2026-06-27T06:00:00.000000,HPCL,petrol,Petrol (95 octane),102.28,Patna,Available,fuel_psu
2026-06-27,2026-06-27T06:00:00.000000,IOCL,diesel,Diesel,92.64,Patna,Available,fuel_psu
2026-06-27,2026-06-27T06:00:00.000000,BPCL,diesel,Diesel,92.64,Patna,Available,fuel_psu
2026-06-27,2026-06-27T06:00:00.000000,HPCL,diesel,Diesel,92.64,Patna,Available,fuel_psu
2026-06-27,2026-06-27T06:00:00.000000,IOCL,petrol,Petrol (95 octane),91.76,Noida,Available,fuel_psu
2026-06-27,2026-06-27T06:00:00.000000,BPCL,petrol,Petrol (95 octane),91.76,Noida,Available,fuel_psu
2026-06-27,2026-06-27T06:00:00.000000,HPCL,petrol,Petrol (95 octane),91.76,Noida,Available,fuel_psu
2026-06-27,2026-06-27T06:00:00.000000,IOCL,diesel,Diesel,88.35,Noida,Available,fuel_psu
2026-06-27,2026-06-27T06:00:00.000000,BPCL,diesel,Diesel,88.35,Noida,Available,fuel_psu
2026-06-27,2026-06-27T06:00:00.000000,HPCL,diesel,Diesel,88.35,Noida,Available,fuel_psu
2026-06-27,2026-06-27T06:00:00.000000,IOCL,petrol,Petrol (95 octane),92.08,Gurgaon,Available,fuel_psu
2026-06-27,2026-06-27T06:00:00.000000,BPCL,petrol,Petrol (95 octane),92.08,Gurgaon,Available,fuel_psu
2026-06-27,2026-06-27T06:00:00.000000,HPCL,petrol,Petrol (95 octane),92.08,Gurgaon,Available,fuel_psu
2026-06-27,2026-06-27T06:00:00.000000,IOCL,diesel,Diesel,88.45,Gurgaon,Available,fuel_psu
2026-06-27,2026-06-27T06:00:00.000000,BPCL,diesel,Diesel,88.45,Gurgaon,Available,fuel_psu
2026-06-27,2026-06-27T06:00:00.000000,HPCL,diesel,Diesel,88.45,Gurgaon,Available,fuel_psu
2026-06-27,2026-06-27T06:00:00.000000,IOCL,petrol,Petrol (95 octane),103.6,Indore,Available,fuel_psu
2026-06-27,2026-06-27T06:00:00.000000,BPCL,petrol,Petrol (95 octane),103.6,Indore,Available,fuel_psu
2026-06-27,2026-06-27T06:00:00.000000,HPCL,petrol,Petrol (95 octane),103.6,Indore,Available,fuel_psu
2026-06-27,2026-06-27T06:00:00.000000,IOCL,diesel,Diesel,92.49,Indore,Available,fuel_psu
2026-06-27,2026-06-27T06:00:00.000000,BPCL,diesel,Diesel,92.49,Indore,Available,fuel_psu
2026-06-27,2026-06-27T06:00:00.000000,HPCL,diesel,Diesel,92.49,Indore,Available,fuel_psu
2026-06-28,2026-06-28T06:00:00.000000,IOCL,petrol,Petrol (95 octane),101.71,Mumbai,Available,fuel_psu
2026-06-28,2026-06-28T06:00:00.000000,BPCL,petrol,Petrol (95 octane),101.71,Mumbai,Available,fuel_psu
2026-06-28,2026-06-28T06:00:00.000000,HPCL,petrol,Petrol (95 octane),101.71,Mumbai,Available,fuel_psu
2026-06-28,2026-06-28T06:00:00.000000,IOCL,diesel,Diesel,93.4,Mumbai,Available,fuel_psu
2026-06-28,2026-06-28T06:00:00.000000,BPCL,diesel,Diesel,93.4,Mumbai,Available,fuel_psu
2026-06-28,2026-06-28T06:00:00.000000,HPCL,diesel,Diesel,93.4,Mumbai,Available,fuel_psu
2026-06-28,2026-06-28T06:00:00.000000,IOCL,petrol,Petrol (95 octane),92.22,Delhi,Available,fuel_psu
2026-06-28,2026-06-28T06:00:00.000000,BPCL,petrol,Petrol (95 octane),92.22,Delhi,Available,fuel_psu
2026-06-28,2026-06-28T06:00:00.000000,HPCL,petrol,Petrol (95 octane),92.22,Delhi,Available,fuel_psu
2026-06-28,2026-06-28T06:00:00.000000,IOCL,diesel,Diesel,88.87,Delhi,Available,fuel_psu
2026-06-28,2026-06-28T06:00:00.000000,BPCL,diesel,Diesel,88.87,Delhi,Available,fuel_psu
2026-06-28,2026-06-28T06:00:00.000000,HPCL,diesel,Diesel,88.87,Delhi,Available,fuel_psu
2026-06-28,2026-06-28T06:00:00.000000,IOCL,petrol,Petrol (95 octane),100.36,Bengaluru,Available,fuel_psu
2026-06-28,2026-06-28T06:00:00.000000,BPCL,petrol,Petrol (95 octane),100.36,Bengaluru,Available,fuel_psu
2026-06-28,2026-06-28T06:00:00.000000,HPCL,petrol,Petrol (95 octane),100.36,Bengaluru,Available,fuel_psu
2026-06-28,2026-06-28T06:00:00.000000,IOCL,diesel,Diesel,90.19,Bengaluru,Available,fuel_psu
2026-06-28,2026-06-28T06:00:00.000000,BPCL,diesel,Diesel,90.19,Bengaluru,Available,fuel_psu
2026-06-28,2026-06-28T06:00:00.000000,HPCL,diesel,Diesel,90.19,Bengaluru,Available,fuel_psu
2026-06-28,2026-06-28T06:00:00.000000,IOCL,petrol,Petrol (95 octane),98.25,Chennai,Available,fuel_psu
2026-06-28,2026-06-28T06:00:00.000000,BPCL,petrol,Petrol (95 octane),98.25,Chennai,Available,fuel_psu
2026-06-28,2026-06-28T06:00:00.000000,HPCL,petrol,Petrol (95 octane),98.25,Chennai,Available,fuel_psu
2026-06-28,2026-06-28T06:00:00.000000,IOCL,diesel,Diesel,93.59,Chennai,Available,fuel_psu
2026-06-28,2026-06-28T06:00:00.000000,BPCL,diesel,Diesel,93.59,Chennai,Available,fuel_psu
2026-06-28,2026-06-28T06:00:00.000000,HPCL,diesel,Diesel,93.59,Chennai,Available,fuel_psu
2026-06-28,2026-06-28T06:00:00.000000,IOCL,petrol,Petrol (95 octane),101.44,Kolkata,Available,fuel_psu
2026-06-28,2026-06-28T06:00:00.000000,BPCL,petrol,Petrol (95 octane),101.44,Kolkata,Available,fuel_psu
2026-06-28,2026-06-28T06:00:00.000000,HPCL,petrol,Petrol (95 octane),101.44,Kolkata,Available,fuel_psu
2026-06-28,2026-06-28T06:00:00.000000,IOCL,diesel,Diesel,92.01,Kolkata,Available,fuel_psu
2026-06-28,2026-06-28T06:00:00.000000,BPCL,diesel,Diesel,92.01,Kolkata,Available,fuel_psu
2026-06-28,2026-06-28T06:00:00.000000,HPCL,diesel,Diesel,92.01,Kolkata,Available,fuel_psu
2026-06-28,2026-06-28T06:00:00.000000,IOCL,petrol,Petrol (95 octane),104.91,Hyderabad,Available,fuel_psu
2026-06-28,2026-06-28T06:00:00.000000,BPCL,petrol,Petrol (95 octane),104.91,Hyderabad,Available,fuel_psu
2026-06-28,2026-06-28T06:00:00.000000,HPCL,petrol,Petrol (95 octane),104.91,Hyderabad,Available,fuel_psu
2026-06-28,2026-06-28T06:00:00.000000,IOCL,diesel,Diesel,96.9,Hyderabad,Available,fuel_psu
2026-06-28,2026-06-28T06:00:00.000000,BPCL,diesel,Diesel,96.9,Hyderabad,Available,fuel_psu
2026-06-28,2026-06-28T06:00:00.000000,HPCL,diesel,Diesel,96.9,Hyderabad,Available,fuel_psu
2026-06-28,2026-06-28T06:00:00.000000,IOCL,petrol,Petrol (95 octane),101.58,Pune,Available,fuel_psu
2026-06-28,2026-06-28T06:00:00.000000,BPCL,petrol,Petrol (95 octane),101.58,Pune,Available,fuel_psu
2026-06-28,2026-06-28T06:00:00.000000,HPCL,petrol,Petrol (95 octane),101.58,Pune,Available,fuel_psu
2026-06-28,2026-06-28T06:00:00.000000,IOCL,diesel,Diesel,91.86,Pune,Available,fuel_psu
2026-06-28,2026-06-28T06:00:00.000000,BPCL,diesel,Diesel,91.86,Pune,Available,fuel_psu
2026-06-28,2026-06-28T06:00:00.000000,HPCL,diesel,Diesel,91.86,Pune,Available,fuel_psu
2026-06-28,2026-06-28T06:00:00.000000,IOCL,petrol,Petrol (95 octane),91.94,Ahmedabad,Available,fuel_psu
2026-06-28,2026-06-28T06:00:00.000000,BPCL,petrol,Petrol (95 octane),91.94,Ahmedabad,Available,fuel_psu
2026-06-28,2026-06-28T06:00:00.000000,HPCL,petrol,Petrol (95 octane),91.94,Ahmedabad,Available,fuel_psu
2026-06-28,2026-06-28T06:00:00.000000,IOCL,diesel,Diesel,91.36,Ahmedabad,Available,fuel_psu
2026-06-28,2026-06-28T06:00:00.000000,BPCL,diesel,Diesel,91.36,Ahmedabad,Available,fuel_psu
2026-06-28,2026-06-28T06:00:00.000000,HPCL,diesel,Diesel,91.36,Ahmedabad,Available,fuel_psu
2026-06-28,2026-06-28T06:00:00.000000,IOCL,petrol,Petrol (95 octane),102.38,Jaipur,Available,fuel_psu
2026-06-28,2026-06-28T06:00:00.000000,BPCL,petrol,Petrol (95 octane),102.38,Jaipur,Available,fuel_psu
2026-06-28,2026-06-28T06:00:00.000000,HPCL,petrol,Petrol (95 octane),102.38,Jaipur,Available,fuel_psu
2026-06-28,2026-06-28T06:00:00.000000,IOCL,diesel,Diesel,91.61,Jaipur,Available,fuel_psu
2026-06-28,2026-06-28T06:00:00.000000,BPCL,diesel,Diesel,91.61,Jaipur,Available,fuel_psu
2026-06-28,2026-06-28T06:00:00.000000,HPCL,diesel,Diesel,91.61,Jaipur,Available,fuel_psu
2026-06-28,2026-06-28T06:00:00.000000,IOCL,petrol,Petrol (95 octane),92.15,Lucknow,Available,fuel_psu
2026-06-28,2026-06-28T06:00:00.000000,BPCL,petrol,Petrol (95 octane),92.15,Lucknow,Available,fuel_psu
2026-06-28,2026-06-28T06:00:00.000000,HPCL,petrol,Petrol (95 octane),92.15,Lucknow,Available,fuel_psu
2026-06-28,2026-06-28T06:00:00.000000,IOCL,diesel,Diesel,89.01,Lucknow,Available,fuel_psu
2026-06-28,2026-06-28T06:00:00.000000,BPCL,diesel,Diesel,89.01,Lucknow,Available,fuel_psu
2026-06-28,2026-06-28T06:00:00.000000,HPCL,diesel,Diesel,89.01,Lucknow,Available,fuel_psu
2026-06-28,2026-06-28T06:00:00.000000,IOCL,petrol,Petrol (95 octane),91.74,Chandigarh,Available,fuel_psu
2026-06-28,2026-06-28T06:00:00.000000,BPCL,petrol,Petrol (95 octane),91.74,Chandigarh,Available,fuel_psu
2026-06-28,2026-06-28T06:00:00.000000,HPCL,petrol,Petrol (95 octane),91.74,Chandigarh,Available,fuel_psu
2026-06-28,2026-06-28T06:00:00.000000,IOCL,diesel,Diesel,83.65,Chandigarh,Available,fuel_psu
2026-06-28,2026-06-28T06:00:00.000000,BPCL,diesel,Diesel,83.65,Chandigarh,Available,fuel_psu
2026-06-28,2026-06-28T06:00:00.000000,HPCL,diesel,Diesel,83.65,Chandigarh,Available,fuel_psu
2026-06-28,2026-06-28T06:00:00.000000,IOCL,petrol,Petrol (95 octane),91.81,Surat,Available,fuel_psu
2026-06-28,2026-06-28T06:00:00.000000,BPCL,petrol,Petrol (95 octane),91.81,Surat,Available,fuel_psu
2026-06-28,2026-06-28T06:00:00.000000,HPCL,petrol,Petrol (95 octane),91.81,Surat,Available,fuel_psu
2026-06-28,2026-06-28T06:00:00.000000,IOCL,diesel,Diesel,91.23,Surat,Available,fuel_psu
2026-06-28,2026-06-28T06:00:00.000000,BPCL,diesel,Diesel,91.23,Surat,Available,fuel_psu
2026-06-28,2026-06-28T06:00:00.000000,HPCL,diesel,Diesel,91.23,Surat,Available,fuel_psu
2026-06-28,2026-06-28T06:00:00.000000,IOCL,petrol,Petrol (95 octane),102.68,Patna,Available,fuel_psu
2026-06-28,2026-06-28T06:00:00.000000,BPCL,petrol,Petrol (95 octane),102.68,Patna,Available,fuel_psu
2026-06-28,2026-06-28T06:00:00.000000,HPCL,petrol,Petrol (95 octane),102.68,Patna,Available,fuel_psu
2026-06-28,2026-06-28T06:00:00.000000,IOCL,diesel,Diesel,93.29,Patna,Available,fuel_psu
2026-06-28,2026-06-28T06:00:00.000000,BPCL,diesel,Diesel,93.29,Patna,Available,fuel_psu
2026-06-28,2026-06-28T06:00:00.000000,HPCL,diesel,Diesel,93.29,Patna,Available,fuel_psu
2026-06-28,2026-06-28T06:00:00.000000,IOCL,petrol,Petrol (95 octane),92.16,Noida,Available,fuel_psu
2026-06-28,2026-06-28T06:00:00.000000,BPCL,petrol,Petrol (95 octane),92.16,Noida,Available,fuel_psu
2026-06-28,2026-06-28T06:00:00.000000,HPCL,petrol,Petrol (95 octane),92.16,Noida,Available,fuel_psu
2026-06-28,2026-06-28T06:00:00.000000,IOCL,diesel,Diesel,89.0,Noida,Available,fuel_psu
2026-06-28,2026-06-28T06:00:00.000000,BPCL,diesel,Diesel,89.0,Noida,Available,fuel_psu
2026-06-28,2026-06-28T06:00:00.000000,HPCL,diesel,Diesel,89.0,Noida,Available,fuel_psu
2026-06-28,2026-06-28T06:00:00.000000,IOCL,petrol,Petrol (95 octane),92.48,Gurgaon,Available,fuel_psu
2026-06-28,2026-06-28T06:00:00.000000,BPCL,petrol,Petrol (95 octane),92.48,Gurgaon,Available,fuel_psu
2026-06-28,2026-06-28T06:00:00.000000,HPCL,petrol,Petrol (95 octane),92.48,Gurgaon,Available,fuel_psu
2026-06-28,2026-06-28T06:00:00.000000,IOCL,diesel,Diesel,89.1,Gurgaon,Available,fuel_psu
2026-06-28,2026-06-28T06:00:00.000000,BPCL,diesel,Diesel,89.1,Gurgaon,Available,fuel_psu
2026-06-28,2026-06-28T06:00:00.000000,HPCL,diesel,Diesel,89.1,Gurgaon,Available,fuel_psu
2026-06-28,2026-06-28T06:00:00.000000,IOCL,petrol,Petrol (95 octane),104.0,Indore,Available,fuel_psu
2026-06-28,2026-06-28T06:00:00.000000,BPCL,petrol,Petrol (95 octane),104.0,Indore,Available,fuel_psu
2026-06-28,2026-06-28T06:00:00.000000,HPCL,petrol,Petrol (95 octane),104.0,Indore,Available,fuel_psu
2026-06-28,2026-06-28T06:00:00.000000,IOCL,diesel,Diesel,93.14,Indore,Available,fuel_psu
2026-06-28,2026-06-28T06:00:00.000000,BPCL,diesel,Diesel,93.14,Indore,Available,fuel_psu
2026-06-28,2026-06-28T06:00:00.000000,HPCL,diesel,Diesel,93.14,Indore,Available,fuel_psu
2026-06-29,2026-06-29T06:00:00.000000,IOCL,petrol,Petrol (95 octane),101.71,Mumbai,Available,fuel_psu
2026-06-29,2026-06-29T06:00:00.000000,BPCL,petrol,Petrol (95 octane),101.71,Mumbai,Available,fuel_psu
2026-06-29,2026-06-29T06:00:00.000000,HPCL,petrol,Petrol (95 octane),101.71,Mumbai,Available,fuel_psu
2026-06-29,2026-06-29T06:00:00.000000,IOCL,diesel,Diesel,93.4,Mumbai,Available,fuel_psu
2026-06-29,2026-06-29T06:00:00.000000,BPCL,diesel,Diesel,93.4,Mumbai,Available,fuel_psu
2026-06-29,2026-06-29T06:00:00.000000,HPCL,diesel,Diesel,93.4,Mumbai,Available,fuel_psu
2026-06-29,2026-06-29T06:00:00.000000,IOCL,petrol,Petrol (95 octane),92.22,Delhi,Available,fuel_psu
2026-06-29,2026-06-29T06:00:00.000000,BPCL,petrol,Petrol (95 octane),92.22,Delhi,Available,fuel_psu
2026-06-29,2026-06-29T06:00:00.000000,HPCL,petrol,Petrol (95 octane),92.22,Delhi,Available,fuel_psu
2026-06-29,2026-06-29T06:00:00.000000,IOCL,diesel,Diesel,88.87,Delhi,Available,fuel_psu
2026-06-29,2026-06-29T06:00:00.000000,BPCL,diesel,Diesel,88.87,Delhi,Available,fuel_psu
2026-06-29,2026-06-29T06:00:00.000000,HPCL,diesel,Diesel,88.87,Delhi,Available,fuel_psu
2026-06-29,2026-06-29T06:00:00.000000,IOCL,petrol,Petrol (95 octane),100.36,Bengaluru,Available,fuel_psu
2026-06-29,2026-06-29T06:00:00.000000,BPCL,petrol,Petrol (95 octane),100.36,Bengaluru,Available,fuel_psu
2026-06-29,2026-06-29T06:00:00.000000,HPCL,petrol,Petrol (95 octane),100.36,Bengaluru,Available,fuel_psu
2026-06-29,2026-06-29T06:00:00.000000,IOCL,diesel,Diesel,90.19,Bengaluru,Available,fuel_psu
2026-06-29,2026-06-29T06:00:00.000000,BPCL,diesel,Diesel,90.19,Bengaluru,Available,fuel_psu
2026-06-29,2026-06-29T06:00:00.000000,HPCL,diesel,Diesel,90.19,Bengaluru,Available,fuel_psu
2026-06-29,2026-06-29T06:00:00.000000,IOCL,petrol,Petrol (95 octane),98.25,Chennai,Available,fuel_psu
2026-06-29,2026-06-29T06:00:00.000000,BPCL,petrol,Petrol (95 octane),98.25,Chennai,Available,fuel_psu
2026-06-29,2026-06-29T06:00:00.000000,HPCL,petrol,Petrol (95 octane),98.25,Chennai,Available,fuel_psu
2026-06-29,2026-06-29T06:00:00.000000,IOCL,diesel,Diesel,93.59,Chennai,Available,fuel_psu
2026-06-29,2026-06-29T06:00:00.000000,BPCL,diesel,Diesel,93.59,Chennai,Available,fuel_psu
2026-06-29,2026-06-29T06:00:00.000000,HPCL,diesel,Diesel,93.59,Chennai,Available,fuel_psu
2026-06-29,2026-06-29T06:00:00.000000,IOCL,petrol,Petrol (95 octane),101.44,Kolkata,Available,fuel_psu
2026-06-29,2026-06-29T06:00:00.000000,BPCL,petrol,Petrol (95 octane),101.44,Kolkata,Available,fuel_psu
2026-06-29,2026-06-29T06:00:00.000000,HPCL,petrol,Petrol (95 octane),101.44,Kolkata,Available,fuel_psu
2026-06-29,2026-06-29T06:00:00.000000,IOCL,diesel,Diesel,92.01,Kolkata,Available,fuel_psu
2026-06-29,2026-06-29T06:00:00.000000,BPCL,diesel,Diesel,92.01,Kolkata,Available,fuel_psu
2026-06-29,2026-06-29T06:00:00.000000,HPCL,diesel,Diesel,92.01,Kolkata,Available,fuel_psu
2026-06-29,2026-06-29T06:00:00.000000,IOCL,petrol,Petrol (95 octane),104.91,Hyderabad,Available,fuel_psu
2026-06-29,2026-06-29T06:00:00.000000,BPCL,petrol,Petrol (95 octane),104.91,Hyderabad,Available,fuel_psu
2026-06-29,2026-06-29T06:00:00.000000,HPCL,petrol,Petrol (95 octane),104.91,Hyderabad,Available,fuel_psu
2026-06-29,2026-06-29T06:00:00.000000,IOCL,diesel,Diesel,96.9,Hyderabad,Available,fuel_psu
2026-06-29,2026-06-29T06:00:00.000000,BPCL,diesel,Diesel,96.9,Hyderabad,Available,fuel_psu
2026-06-29,2026-06-29T06:00:00.000000,HPCL,diesel,Diesel,96.9,Hyderabad,Available,fuel_psu
2026-06-29,2026-06-29T06:00:00.000000,IOCL,petrol,Petrol (95 octane),101.58,Pune,Available,fuel_psu
2026-06-29,2026-06-29T06:00:00.000000,BPCL,petrol,Petrol (95 octane),101.58,Pune,Available,fuel_psu
2026-06-29,2026-06-29T06:00:00.000000,HPCL,petrol,Petrol (95 octane),101.58,Pune,Available,fuel_psu
2026-06-29,2026-06-29T06:00:00.000000,IOCL,diesel,Diesel,91.86,Pune,Available,fuel_psu
2026-06-29,2026-06-29T06:00:00.000000,BPCL,diesel,Diesel,91.86,Pune,Available,fuel_psu
2026-06-29,2026-06-29T06:00:00.000000,HPCL,diesel,Diesel,91.86,Pune,Available,fuel_psu
2026-06-29,2026-06-29T06:00:00.000000,IOCL,petrol,Petrol (95 octane),91.94,Ahmedabad,Available,fuel_psu
2026-06-29,2026-06-29T06:00:00.000000,BPCL,petrol,Petrol (95 octane),91.94,Ahmedabad,Available,fuel_psu
2026-06-29,2026-06-29T06:00:00.000000,HPCL,petrol,Petrol (95 octane),91.94,Ahmedabad,Available,fuel_psu
2026-06-29,2026-06-29T06:00:00.000000,IOCL,diesel,Diesel,91.36,Ahmedabad,Available,fuel_psu
2026-06-29,2026-06-29T06:00:00.000000,BPCL,diesel,Diesel,91.36,Ahmedabad,Available,fuel_psu
2026-06-29,2026-06-29T06:00:00.000000,HPCL,diesel,Diesel,91.36,Ahmedabad,Available,fuel_psu
2026-06-29,2026-06-29T06:00:00.000000,IOCL,petrol,Petrol (95 octane),102.38,Jaipur,Available,fuel_psu
2026-06-29,2026-06-29T06:00:00.000000,BPCL,petrol,Petrol (95 octane),102.38,Jaipur,Available,fuel_psu
2026-06-29,2026-06-29T06:00:00.000000,HPCL,petrol,Petrol (95 octane),102.38,Jaipur,Available,fuel_psu
2026-06-29,2026-06-29T06:00:00.000000,IOCL,diesel,Diesel,91.61,Jaipur,Available,fuel_psu
2026-06-29,2026-06-29T06:00:00.000000,BPCL,diesel,Diesel,91.61,Jaipur,Available,fuel_psu
2026-06-29,2026-06-29T06:00:00.000000,HPCL,diesel,Diesel,91.61,Jaipur,Available,fuel_psu
2026-06-29,2026-06-29T06:00:00.000000,IOCL,petrol,Petrol (95 octane),92.15,Lucknow,Available,fuel_psu
2026-06-29,2026-06-29T06:00:00.000000,BPCL,petrol,Petrol (95 octane),92.15,Lucknow,Available,fuel_psu
2026-06-29,2026-06-29T06:00:00.000000,HPCL,petrol,Petrol (95 octane),92.15,Lucknow,Available,fuel_psu
2026-06-29,2026-06-29T06:00:00.000000,IOCL,diesel,Diesel,89.01,Lucknow,Available,fuel_psu
2026-06-29,2026-06-29T06:00:00.000000,BPCL,diesel,Diesel,89.01,Lucknow,Available,fuel_psu
2026-06-29,2026-06-29T06:00:00.000000,HPCL,diesel,Diesel,89.01,Lucknow,Available,fuel_psu
2026-06-29,2026-06-29T06:00:00.000000,IOCL,petrol,Petrol (95 octane),91.74,Chandigarh,Available,fuel_psu
2026-06-29,2026-06-29T06:00:00.000000,BPCL,petrol,Petrol (95 octane),91.74,Chandigarh,Available,fuel_psu
2026-06-29,2026-06-29T06:00:00.000000,HPCL,petrol,Petrol (95 octane),91.74,Chandigarh,Available,fuel_psu
2026-06-29,2026-06-29T06:00:00.000000,IOCL,diesel,Diesel,83.65,Chandigarh,Available,fuel_psu
2026-06-29,2026-06-29T06:00:00.000000,BPCL,diesel,Diesel,83.65,Chandigarh,Available,fuel_psu
2026-06-29,2026-06-29T06:00:00.000000,HPCL,diesel,Diesel,83.65,Chandigarh,Available,fuel_psu
2026-06-29,2026-06-29T06:00:00.000000,IOCL,petrol,Petrol (95 octane),91.81,Surat,Available,fuel_psu
2026-06-29,2026-06-29T06:00:00.000000,BPCL,petrol,Petrol (95 octane),91.81,Surat,Available,fuel_psu
2026-06-29,2026-06-29T06:00:00.000000,HPCL,petrol,Petrol (95 octane),91.81,Surat,Available,fuel_psu
2026-06-29,2026-06-29T06:00:00.000000,IOCL,diesel,Diesel,91.23,Surat,Available,fuel_psu
2026-06-29,2026-06-29T06:00:00.000000,BPCL,diesel,Diesel,91.23,Surat,Available,fuel_psu
2026-06-29,2026-06-29T06:00:00.000000,HPCL,diesel,Diesel,91.23,Surat,Available,fuel_psu
2026-06-29,2026-06-29T06:00:00.000000,IOCL,petrol,Petrol (95 octane),102.68,Patna,Available,fuel_psu
2026-06-29,2026-06-29T06:00:00.000000,BPCL,petrol,Petrol (95 octane),102.68,Patna,Available,fuel_psu
2026-06-29,2026-06-29T06:00:00.000000,HPCL,petrol,Petrol (95 octane),102.68,Patna,Available,fuel_psu
2026-06-29,2026-06-29T06:00:00.000000,IOCL,diesel,Diesel,93.29,Patna,Available,fuel_psu
2026-06-29,2026-06-29T06:00:00.000000,BPCL,diesel,Diesel,93.29,Patna,Available,fuel_psu
2026-06-29,2026-06-29T06:00:00.000000,HPCL,diesel,Diesel,93.29,Patna,Available,fuel_psu
2026-06-29,2026-06-29T06:00:00.000000,IOCL,petrol,Petrol (95 octane),92.16,Noida,Available,fuel_psu
2026-06-29,2026-06-29T06:00:00.000000,BPCL,petrol,Petrol (95 octane),92.16,Noida,Available,fuel_psu
2026-06-29,2026-06-29T06:00:00.000000,HPCL,petrol,Petrol (95 octane),92.16,Noida,Available,fuel_psu
2026-06-29,2026-06-29T06:00:00.000000,IOCL,diesel,Diesel,89.0,Noida,Available,fuel_psu
2026-06-29,2026-06-29T06:00:00.000000,BPCL,diesel,Diesel,89.0,Noida,Available,fuel_psu
2026-06-29,2026-06-29T06:00:00.000000,HPCL,diesel,Diesel,89.0,Noida,Available,fuel_psu
2026-06-29,2026-06-29T06:00:00.000000,IOCL,petrol,Petrol (95 octane),92.48,Gurgaon,Available,fuel_psu
2026-06-29,2026-06-29T06:00:00.000000,BPCL,petrol,Petrol (95 octane),92.48,Gurgaon,Available,fuel_psu
2026-06-29,2026-06-29T06:00:00.000000,HPCL,petrol,Petrol (95 octane),92.48,Gurgaon,Available,fuel_psu
2026-06-29,2026-06-29T06:00:00.000000,IOCL,diesel,Diesel,89.1,Gurgaon,Available,fuel_psu
2026-06-29,2026-06-29T06:00:00.000000,BPCL,diesel,Diesel,89.1,Gurgaon,Available,fuel_psu
2026-06-29,2026-06-29T06:00:00.000000,HPCL,diesel,Diesel,89.1,Gurgaon,Available,fuel_psu
2026-06-29,2026-06-29T06:00:00.000000,IOCL,petrol,Petrol (95 octane),104.0,Indore,Available,fuel_psu
2026-06-29,2026-06-29T06:00:00.000000,BPCL,petrol,Petrol (95 octane),104.0,Indore,Available,fuel_psu
2026-06-29,2026-06-29T06:00:00.000000,HPCL,petrol,Petrol (95 octane),104.0,Indore,Available,fuel_psu
2026-06-29,2026-06-29T06:00:00.000000,IOCL,diesel,Diesel,93.14,Indore,Available,fuel_psu
2026-06-29,2026-06-29T06:00:00.000000,BPCL,diesel,Diesel,93.14,Indore,Available,fuel_psu
2026-06-29,2026-06-29T06:00:00.000000,HPCL,diesel,Diesel,93.14,Indore,Available,fuel_psu
2026-06-30,2026-06-30T06:00:00.000000,IOCL,petrol,Petrol (95 octane),101.71,Mumbai,Available,fuel_psu
2026-06-30,2026-06-30T06:00:00.000000,BPCL,petrol,Petrol (95 octane),101.71,Mumbai,Available,fuel_psu
2026-06-30,2026-06-30T06:00:00.000000,HPCL,petrol,Petrol (95 octane),101.71,Mumbai,Available,fuel_psu
2026-06-30,2026-06-30T06:00:00.000000,IOCL,diesel,Diesel,93.4,Mumbai,Available,fuel_psu
2026-06-30,2026-06-30T06:00:00.000000,BPCL,diesel,Diesel,93.4,Mumbai,Available,fuel_psu
2026-06-30,2026-06-30T06:00:00.000000,HPCL,diesel,Diesel,93.4,Mumbai,Available,fuel_psu
2026-06-30,2026-06-30T06:00:00.000000,IOCL,petrol,Petrol (95 octane),92.22,Delhi,Available,fuel_psu
2026-06-30,2026-06-30T06:00:00.000000,BPCL,petrol,Petrol (95 octane),92.22,Delhi,Available,fuel_psu
2026-06-30,2026-06-30T06:00:00.000000,HPCL,petrol,Petrol (95 octane),92.22,Delhi,Available,fuel_psu
2026-06-30,2026-06-30T06:00:00.000000,IOCL,diesel,Diesel,88.87,Delhi,Available,fuel_psu
2026-06-30,2026-06-30T06:00:00.000000,BPCL,diesel,Diesel,88.87,Delhi,Available,fuel_psu
2026-06-30,2026-06-30T06:00:00.000000,HPCL,diesel,Diesel,88.87,Delhi,Available,fuel_psu
2026-06-30,2026-06-30T06:00:00.000000,IOCL,petrol,Petrol (95 octane),100.36,Bengaluru,Available,fuel_psu
2026-06-30,2026-06-30T06:00:00.000000,BPCL,petrol,Petrol (95 octane),100.36,Bengaluru,Available,fuel_psu
2026-06-30,2026-06-30T06:00:00.000000,HPCL,petrol,Petrol (95 octane),100.36,Bengaluru,Available,fuel_psu
2026-06-30,2026-06-30T06:00:00.000000,IOCL,diesel,Diesel,90.19,Bengaluru,Available,fuel_psu
2026-06-30,2026-06-30T06:00:00.000000,BPCL,diesel,Diesel,90.19,Bengaluru,Available,fuel_psu
2026-06-30,2026-06-30T06:00:00.000000,HPCL,diesel,Diesel,90.19,Bengaluru,Available,fuel_psu
2026-06-30,2026-06-30T06:00:00.000000,IOCL,petrol,Petrol (95 octane),98.25,Chennai,Available,fuel_psu
2026-06-30,2026-06-30T06:00:00.000000,BPCL,petrol,Petrol (95 octane),98.25,Chennai,Available,fuel_psu
2026-06-30,2026-06-30T06:00:00.000000,HPCL,petrol,Petrol (95 octane),98.25,Chennai,Available,fuel_psu
2026-06-30,2026-06-30T06:00:00.000000,IOCL,diesel,Diesel,93.59,Chennai,Available,fuel_psu
2026-06-30,2026-06-30T06:00:00.000000,BPCL,diesel,Diesel,93.59,Chennai,Available,fuel_psu
2026-06-30,2026-06-30T06:00:00.000000,HPCL,diesel,Diesel,93.59,Chennai,Available,fuel_psu
2026-06-30,2026-06-30T06:00:00.000000,IOCL,petrol,Petrol (95 octane),101.44,Kolkata,Available,fuel_psu
2026-06-30,2026-06-30T06:00:00.000000,BPCL,petrol,Petrol (95 octane),101.44,Kolkata,Available,fuel_psu
2026-06-30,2026-06-30T06:00:00.000000,HPCL,petrol,Petrol (95 octane),101.44,Kolkata,Available,fuel_psu
2026-06-30,2026-06-30T06:00:00.000000,IOCL,diesel,Diesel,92.01,Kolkata,Available,fuel_psu
2026-06-30,2026-06-30T06:00:00.000000,BPCL,diesel,Diesel,92.01,Kolkata,Available,fuel_psu
2026-06-30,2026-06-30T06:00:00.000000,HPCL,diesel,Diesel,92.01,Kolkata,Available,fuel_psu
2026-06-30,2026-06-30T06:00:00.000000,IOCL,petrol,Petrol (95 octane),104.91,Hyderabad,Available,fuel_psu
2026-06-30,2026-06-30T06:00:00.000000,BPCL,petrol,Petrol (95 octane),104.91,Hyderabad,Available,fuel_psu
2026-06-30,2026-06-30T06:00:00.000000,HPCL,petrol,Petrol (95 octane),104.91,Hyderabad,Available,fuel_psu
2026-06-30,2026-06-30T06:00:00.000000,IOCL,diesel,Diesel,96.9,Hyderabad,Available,fuel_psu
2026-06-30,2026-06-30T06:00:00.000000,BPCL,diesel,Diesel,96.9,Hyderabad,Available,fuel_psu
2026-06-30,2026-06-30T06:00:00.000000,HPCL,diesel,Diesel,96.9,Hyderabad,Available,fuel_psu
2026-06-30,2026-06-30T06:00:00.000000,IOCL,petrol,Petrol (95 octane),101.58,Pune,Available,fuel_psu
2026-06-30,2026-06-30T06:00:00.000000,BPCL,petrol,Petrol (95 octane),101.58,Pune,Available,fuel_psu
2026-06-30,2026-06-30T06:00:00.000000,HPCL,petrol,Petrol (95 octane),101.58,Pune,Available,fuel_psu
2026-06-30,2026-06-30T06:00:00.000000,IOCL,diesel,Diesel,91.86,Pune,Available,fuel_psu
2026-06-30,2026-06-30T06:00:00.000000,BPCL,diesel,Diesel,91.86,Pune,Available,fuel_psu
2026-06-30,2026-06-30T06:00:00.000000,HPCL,diesel,Diesel,91.86,Pune,Available,fuel_psu
2026-06-30,2026-06-30T06:00:00.000000,IOCL,petrol,Petrol (95 octane),91.94,Ahmedabad,Available,fuel_psu
2026-06-30,2026-06-30T06:00:00.000000,BPCL,petrol,Petrol (95 octane),91.94,Ahmedabad,Available,fuel_psu
2026-06-30,2026-06-30T06:00:00.000000,HPCL,petrol,Petrol (95 octane),91.94,Ahmedabad,Available,fuel_psu
2026-06-30,2026-06-30T06:00:00.000000,IOCL,diesel,Diesel,91.36,Ahmedabad,Available,fuel_psu
2026-06-30,2026-06-30T06:00:00.000000,BPCL,diesel,Diesel,91.36,Ahmedabad,Available,fuel_psu
2026-06-30,2026-06-30T06:00:00.000000,HPCL,diesel,Diesel,91.36,Ahmedabad,Available,fuel_psu
2026-06-30,2026-06-30T06:00:00.000000,IOCL,petrol,Petrol (95 octane),102.38,Jaipur,Available,fuel_psu
2026-06-30,2026-06-30T06:00:00.000000,BPCL,petrol,Petrol (95 octane),102.38,Jaipur,Available,fuel_psu
2026-06-30,2026-06-30T06:00:00.000000,HPCL,petrol,Petrol (95 octane),102.38,Jaipur,Available,fuel_psu
2026-06-30,2026-06-30T06:00:00.000000,IOCL,diesel,Diesel,91.61,Jaipur,Available,fuel_psu
2026-06-30,2026-06-30T06:00:00.000000,BPCL,diesel,Diesel,91.61,Jaipur,Available,fuel_psu
2026-06-30,2026-06-30T06:00:00.000000,HPCL,diesel,Diesel,91.61,Jaipur,Available,fuel_psu
2026-06-30,2026-06-30T06:00:00.000000,IOCL,petrol,Petrol (95 octane),92.15,Lucknow,Available,fuel_psu
2026-06-30,2026-06-30T06:00:00.000000,BPCL,petrol,Petrol (95 octane),92.15,Lucknow,Available,fuel_psu
2026-06-30,2026-06-30T06:00:00.000000,HPCL,petrol,Petrol (95 octane),92.15,Lucknow,Available,fuel_psu
2026-06-30,2026-06-30T06:00:00.000000,IOCL,diesel,Diesel,89.01,Lucknow,Available,fuel_psu
2026-06-30,2026-06-30T06:00:00.000000,BPCL,diesel,Diesel,89.01,Lucknow,Available,fuel_psu
2026-06-30,2026-06-30T06:00:00.000000,HPCL,diesel,Diesel,89.01,Lucknow,Available,fuel_psu
2026-06-30,2026-06-30T06:00:00.000000,IOCL,petrol,Petrol (95 octane),91.74,Chandigarh,Available,fuel_psu
2026-06-30,2026-06-30T06:00:00.000000,BPCL,petrol,Petrol (95 octane),91.74,Chandigarh,Available,fuel_psu
2026-06-30,2026-06-30T06:00:00.000000,HPCL,petrol,Petrol (95 octane),91.74,Chandigarh,Available,fuel_psu
2026-06-30,2026-06-30T06:00:00.000000,IOCL,diesel,Diesel,83.65,Chandigarh,Available,fuel_psu
2026-06-30,2026-06-30T06:00:00.000000,BPCL,diesel,Diesel,83.65,Chandigarh,Available,fuel_psu
2026-06-30,2026-06-30T06:00:00.000000,HPCL,diesel,Diesel,83.65,Chandigarh,Available,fuel_psu
2026-06-30,2026-06-30T06:00:00.000000,IOCL,petrol,Petrol (95 octane),91.81,Surat,Available,fuel_psu
2026-06-30,2026-06-30T06:00:00.000000,BPCL,petrol,Petrol (95 octane),91.81,Surat,Available,fuel_psu
2026-06-30,2026-06-30T06:00:00.000000,HPCL,petrol,Petrol (95 octane),91.81,Surat,Available,fuel_psu
2026-06-30,2026-06-30T06:00:00.000000,IOCL,diesel,Diesel,91.23,Surat,Available,fuel_psu
2026-06-30,2026-06-30T06:00:00.000000,BPCL,diesel,Diesel,91.23,Surat,Available,fuel_psu
2026-06-30,2026-06-30T06:00:00.000000,HPCL,diesel,Diesel,91.23,Surat,Available,fuel_psu
2026-06-30,2026-06-30T06:00:00.000000,IOCL,petrol,Petrol (95 octane),102.68,Patna,Available,fuel_psu
2026-06-30,2026-06-30T06:00:00.000000,BPCL,petrol,Petrol (95 octane),102.68,Patna,Available,fuel_psu
2026-06-30,2026-06-30T06:00:00.000000,HPCL,petrol,Petrol (95 octane),102.68,Patna,Available,fuel_psu
2026-06-30,2026-06-30T06:00:00.000000,IOCL,diesel,Diesel,93.29,Patna,Available,fuel_psu
2026-06-30,2026-06-30T06:00:00.000000,BPCL,diesel,Diesel,93.29,Patna,Available,fuel_psu
2026-06-30,2026-06-30T06:00:00.000000,HPCL,diesel,Diesel,93.29,Patna,Available,fuel_psu
2026-06-30,2026-06-30T06:00:00.000000,IOCL,petrol,Petrol (95 octane),92.16,Noida,Available,fuel_psu
2026-06-30,2026-06-30T06:00:00.000000,BPCL,petrol,Petrol (95 octane),92.16,Noida,Available,fuel_psu
2026-06-30,2026-06-30T06:00:00.000000,HPCL,petrol,Petrol (95 octane),92.16,Noida,Available,fuel_psu
2026-06-30,2026-06-30T06:00:00.000000,IOCL,diesel,Diesel,89.0,Noida,Available,fuel_psu
2026-06-30,2026-06-30T06:00:00.000000,BPCL,diesel,Diesel,89.0,Noida,Available,fuel_psu
2026-06-30,2026-06-30T06:00:00.000000,HPCL,diesel,Diesel,89.0,Noida,Available,fuel_psu
2026-06-30,2026-06-30T06:00:00.000000,IOCL,petrol,Petrol (95 octane),92.48,Gurgaon,Available,fuel_psu
2026-06-30,2026-06-30T06:00:00.000000,BPCL,petrol,Petrol (95 octane),92.48,Gurgaon,Available,fuel_psu
2026-06-30,2026-06-30T06:00:00.000000,HPCL,petrol,Petrol (95 octane),92.48,Gurgaon,Available,fuel_psu
2026-06-30,2026-06-30T06:00:00.000000,IOCL,diesel,Diesel,89.1,Gurgaon,Available,fuel_psu
2026-06-30,2026-06-30T06:00:00.000000,BPCL,diesel,Diesel,89.1,Gurgaon,Available,fuel_psu
2026-06-30,2026-06-30T06:00:00.000000,HPCL,diesel,Diesel,89.1,Gurgaon,Available,fuel_psu
2026-06-30,2026-06-30T06:00:00.000000,IOCL,petrol,Petrol (95 octane),104.0,Indore,Available,fuel_psu
2026-06-30,2026-06-30T06:00:00.000000,BPCL,petrol,Petrol (95 octane),104.0,Indore,Available,fuel_psu
2026-06-30,2026-06-30T06:00:00.000000,HPCL,petrol,Petrol (95 octane),104.0,Indore,Available,fuel_psu
2026-06-30,2026-06-30T06:00:00.000000,IOCL,diesel,Diesel,93.14,Indore,Available,fuel_psu
2026-06-30,2026-06-30T06:00:00.000000,BPCL,diesel,Diesel,93.14,Indore,Available,fuel_psu
2026-06-30,2026-06-30T06:00:00.000000,HPCL,diesel,Diesel,93.14,Indore,Available,fuel_psu
2026-07-01,2026-07-01T06:00:00.000000,IOCL,petrol,Petrol (95 octane),101.21,Mumbai,Available,fuel_psu
2026-07-01,2026-07-01T06:00:00.000000,BPCL,petrol,Petrol (95 octane),101.21,Mumbai,Available,fuel_psu
2026-07-01,2026-07-01T06:00:00.000000,HPCL,petrol,Petrol (95 octane),101.21,Mumbai,Available,fuel_psu
2026-07-01,2026-07-01T06:00:00.000000,IOCL,diesel,Diesel,94.3,Mumbai,Available,fuel_psu
2026-07-01,2026-07-01T06:00:00.000000,BPCL,diesel,Diesel,94.3,Mumbai,Available,fuel_psu
2026-07-01,2026-07-01T06:00:00.000000,HPCL,diesel,Diesel,94.3,Mumbai,Available,fuel_psu
2026-07-01,2026-07-01T06:00:00.000000,IOCL,petrol,Petrol (95 octane),91.72,Delhi,Available,fuel_psu
2026-07-01,2026-07-01T06:00:00.000000,BPCL,petrol,Petrol (95 octane),91.72,Delhi,Available,fuel_psu
2026-07-01,2026-07-01T06:00:00.000000,HPCL,petrol,Petrol (95 octane),91.72,Delhi,Available,fuel_psu
2026-07-01,2026-07-01T06:00:00.000000,IOCL,diesel,Diesel,89.77,Delhi,Available,fuel_psu
2026-07-01,2026-07-01T06:00:00.000000,BPCL,diesel,Diesel,89.77,Delhi,Available,fuel_psu
2026-07-01,2026-07-01T06:00:00.000000,HPCL,diesel,Diesel,89.77,Delhi,Available,fuel_psu
2026-07-01,2026-07-01T06:00:00.000000,IOCL,petrol,Petrol (95 octane),99.86,Bengaluru,Available,fuel_psu
2026-07-01,2026-07-01T06:00:00.000000,BPCL,petrol,Petrol (95 octane),99.86,Bengaluru,Available,fuel_psu
2026-07-01,2026-07-01T06:00:00.000000,HPCL,petrol,Petrol (95 octane),99.86,Bengaluru,Available,fuel_psu
2026-07-01,2026-07-01T06:00:00.000000,IOCL,diesel,Diesel,91.09,Bengaluru,Available,fuel_psu
2026-07-01,2026-07-01T06:00:00.000000,BPCL,diesel,Diesel,91.09,Bengaluru,Available,fuel_psu
2026-07-01,2026-07-01T06:00:00.000000,HPCL,diesel,Diesel,91.09,Bengaluru,Available,fuel_psu
2026-07-01,2026-07-01T06:00:00.000000,IOCL,petrol,Petrol (95 octane),97.75,Chennai,Available,fuel_psu
2026-07-01,2026-07-01T06:00:00.000000,BPCL,petrol,Petrol (95 octane),97.75,Chennai,Available,fuel_psu
2026-07-01,2026-07-01T06:00:00.000000,HPCL,petrol,Petrol (95 octane),97.75,Chennai,Available,fuel_psu
2026-07-01,2026-07-01T06:00:00.000000,IOCL,diesel,Diesel,94.49,Chennai,Available,fuel_psu
2026-07-01,2026-07-01T06:00:00.000000,BPCL,diesel,Diesel,94.49,Chennai,Available,fuel_psu
2026-07-01,2026-07-01T06:00:00.000000,HPCL,diesel,Diesel,94.49,Chennai,Available,fuel_psu
2026-07-01,2026-07-01T06:00:00.000000,IOCL,petrol,Petrol (95 octane),100.94,Kolkata,Available,fuel_psu
2026-07-01,2026-07-01T06:00:00.000000,BPCL,petrol,Petrol (95 octane),100.94,Kolkata,Available,fuel_psu
2026-07-01,2026-07-01T06:00:00.000000,HPCL,petrol,Petrol (95 octane),100.94,Kolkata,Available,fuel_psu
2026-07-01,2026-07-01T06:00:00.000000,IOCL,diesel,Diesel,92.91,Kolkata,Available,fuel_psu
2026-07-01,2026-07-01T06:00:00.000000,BPCL,diesel,Diesel,92.91,Kolkata,Available,fuel_psu
2026-07-01,2026-07-01T06:00:00.000000,HPCL,diesel,Diesel,92.91,Kolkata,Available,fuel_psu
2026-07-01,2026-07-01T06:00:00.000000,IOCL,petrol,Petrol (95 octane),104.41,Hyderabad,Available,fuel_psu
2026-07-01,2026-07-01T06:00:00.000000,BPCL,petrol,Petrol (95 octane),104.41,Hyderabad,Available,fuel_psu
2026-07-01,2026-07-01T06:00:00.000000,HPCL,petrol,Petrol (95 octane),104.41,Hyderabad,Available,fuel_psu
2026-07-01,2026-07-01T06:00:00.000000,IOCL,diesel,Diesel,97.8,Hyderabad,Available,fuel_psu
2026-07-01,2026-07-01T06:00:00.000000,BPCL,diesel,Diesel,97.8,Hyderabad,Available,fuel_psu
2026-07-01,2026-07-01T06:00:00.000000,HPCL,diesel,Diesel,97.8,Hyderabad,Available,fuel_psu
2026-07-01,2026-07-01T06:00:00.000000,IOCL,petrol,Petrol (95 octane),101.08,Pune,Available,fuel_psu
2026-07-01,2026-07-01T06:00:00.000000,BPCL,petrol,Petrol (95 octane),101.08,Pune,Available,fuel_psu
2026-07-01,2026-07-01T06:00:00.000000,HPCL,petrol,Petrol (95 octane),101.08,Pune,Available,fuel_psu
2026-07-01,2026-07-01T06:00:00.000000,IOCL,diesel,Diesel,92.76,Pune,Available,fuel_psu
2026-07-01,2026-07-01T06:00:00.000000,BPCL,diesel,Diesel,92.76,Pune,Available,fuel_psu
2026-07-01,2026-07-01T06:00:00.000000,HPCL,diesel,Diesel,92.76,Pune,Available,fuel_psu
2026-07-01,2026-07-01T06:00:00.000000,IOCL,petrol,Petrol (95 octane),91.44,Ahmedabad,Available,fuel_psu
2026-07-01,2026-07-01T06:00:00.000000,BPCL,petrol,Petrol (95 octane),91.44,Ahmedabad,Available,fuel_psu
2026-07-01,2026-07-01T06:00:00.000000,HPCL,petrol,Petrol (95 octane),91.44,Ahmedabad,Available,fuel_psu
2026-07-01,2026-07-01T06:00:00.000000,IOCL,diesel,Diesel,92.26,Ahmedabad,Available,fuel_psu
2026-07-01,2026-07-01T06:00:00.000000,BPCL,diesel,Diesel,92.26,Ahmedabad,Available,fuel_psu
2026-07-01,2026-07-01T06:00:00.000000,HPCL,diesel,Diesel,92.26,Ahmedabad,Available,fuel_psu
2026-07-01,2026-07-01T06:00:00.000000,IOCL,petrol,Petrol (95 octane),101.88,Jaipur,Available,fuel_psu
2026-07-01,2026-07-01T06:00:00.000000,BPCL,petrol,Petrol (95 octane),101.88,Jaipur,Available,fuel_psu
2026-07-01,2026-07-01T06:00:00.000000,HPCL,petrol,Petrol (95 octane),101.88,Jaipur,Available,fuel_psu
2026-07-01,2026-07-01T06:00:00.000000,IOCL,diesel,Diesel,92.51,Jaipur,Available,fuel_psu
2026-07-01,2026-07-01T06:00:00.000000,BPCL,diesel,Diesel,92.51,Jaipur,Available,fuel_psu
2026-07-01,2026-07-01T06:00:00.000000,HPCL,diesel,Diesel,92.51,Jaipur,Available,fuel_psu
2026-07-01,2026-07-01T06:00:00.000000,IOCL,petrol,Petrol (95 octane),91.65,Lucknow,Available,fuel_psu
2026-07-01,2026-07-01T06:00:00.000000,BPCL,petrol,Petrol (95 octane),91.65,Lucknow,Available,fuel_psu
2026-07-01,2026-07-01T06:00:00.000000,HPCL,petrol,Petrol (95 octane),91.65,Lucknow,Available,fuel_psu
2026-07-01,2026-07-01T06:00:00.000000,IOCL,diesel,Diesel,89.91,Lucknow,Available,fuel_psu
2026-07-01,2026-07-01T06:00:00.000000,BPCL,diesel,Diesel,89.91,Lucknow,Available,fuel_psu
2026-07-01,2026-07-01T06:00:00.000000,HPCL,diesel,Diesel,89.91,Lucknow,Available,fuel_psu
2026-07-01,2026-07-01T06:00:00.000000,IOCL,petrol,Petrol (95 octane),91.24,Chandigarh,Available,fuel_psu
2026-07-01,2026-07-01T06:00:00.000000,BPCL,petrol,Petrol (95 octane),91.24,Chandigarh,Available,fuel_psu
2026-07-01,2026-07-01T06:00:00.000000,HPCL,petrol,Petrol (95 octane),91.24,Chandigarh,Available,fuel_psu
2026-07-01,2026-07-01T06:00:00.000000,IOCL,diesel,Diesel,84.55,Chandigarh,Available,fuel_psu
2026-07-01,2026-07-01T06:00:00.000000,BPCL,diesel,Diesel,84.55,Chandigarh,Available,fuel_psu
2026-07-01,2026-07-01T06:00:00.000000,HPCL,diesel,Diesel,84.55,Chandigarh,Available,fuel_psu
2026-07-01,2026-07-01T06:00:00.000000,IOCL,petrol,Petrol (95 octane),91.31,Surat,Available,fuel_psu
2026-07-01,2026-07-01T06:00:00.000000,BPCL,petrol,Petrol (95 octane),91.31,Surat,Available,fuel_psu
2026-07-01,2026-07-01T06:00:00.000000,HPCL,petrol,Petrol (95 octane),91.31,Surat,Available,fuel_psu
2026-07-01,2026-07-01T06:00:00.000000,IOCL,diesel,Diesel,92.13,Surat,Available,fuel_psu
2026-07-01,2026-07-01T06:00:00.000000,BPCL,diesel,Diesel,92.13,Surat,Available,fuel_psu
2026-07-01,2026-07-01T06:00:00.000000,HPCL,diesel,Diesel,92.13,Surat,Available,fuel_psu
2026-07-01,2026-07-01T06:00:00.000000,IOCL,petrol,Petrol (95 octane),102.18,Patna,Available,fuel_psu
2026-07-01,2026-07-01T06:00:00.000000,BPCL,petrol,Petrol (95 octane),102.18,Patna,Available,fuel_psu
2026-07-01,2026-07-01T06:00:00.000000,HPCL,petrol,Petrol (95 octane),102.18,Patna,Available,fuel_psu
2026-07-01,2026-07-01T06:00:00.000000,IOCL,diesel,Diesel,94.19,Patna,Available,fuel_psu
2026-07-01,2026-07-01T06:00:00.000000,BPCL,diesel,Diesel,94.19,Patna,Available,fuel_psu
2026-07-01,2026-07-01T06:00:00.000000,HPCL,diesel,Diesel,94.19,Patna,Available,fuel_psu
2026-07-01,2026-07-01T06:00:00.000000,IOCL,petrol,Petrol (95 octane),91.66,Noida,Available,fuel_psu
2026-07-01,2026-07-01T06:00:00.000000,BPCL,petrol,Petrol (95 octane),91.66,Noida,Available,fuel_psu
2026-07-01,2026-07-01T06:00:00.000000,HPCL,petrol,Petrol (95 octane),91.66,Noida,Available,fuel_psu
2026-07-01,2026-07-01T06:00:00.000000,IOCL,diesel,Diesel,89.9,Noida,Available,fuel_psu
2026-07-01,2026-07-01T06:00:00.000000,BPCL,diesel,Diesel,89.9,Noida,Available,fuel_psu
2026-07-01,2026-07-01T06:00:00.000000,HPCL,diesel,Diesel,89.9,Noida,Available,fuel_psu
2026-07-01,2026-07-01T06:00:00.000000,IOCL,petrol,Petrol (95 octane),91.98,Gurgaon,Available,fuel_psu
2026-07-01,2026-07-01T06:00:00.000000,BPCL,petrol,Petrol (95 octane),91.98,Gurgaon,Available,fuel_psu
2026-07-01,2026-07-01T06:00:00.000000,HPCL,petrol,Petrol (95 octane),91.98,Gurgaon,Available,fuel_psu
2026-07-01,2026-07-01T06:00:00.000000,IOCL,diesel,Diesel,90.0,Gurgaon,Available,fuel_psu
2026-07-01,2026-07-01T06:00:00.000000,BPCL,diesel,Diesel,90.0,Gurgaon,Available,fuel_psu
2026-07-01,2026-07-01T06:00:00.000000,HPCL,diesel,Diesel,90.0,Gurgaon,Available,fuel_psu
2026-07-01,2026-07-01T06:00:00.000000,IOCL,petrol,Petrol (95 octane),103.5,Indore,Available,fuel_psu
2026-07-01,2026-07-01T06:00:00.000000,BPCL,petrol,Petrol (95 octane),103.5,Indore,Available,fuel_psu
2026-07-01,2026-07-01T06:00:00.000000,HPCL,petrol,Petrol (95 octane),103.5,Indore,Available,fuel_psu
2026-07-01,2026-07-01T06:00:00.000000,IOCL,diesel,Diesel,94.04,Indore,Available,fuel_psu
2026-07-01,2026-07-01T06:00:00.000000,BPCL,diesel,Diesel,94.04,Indore,Available,fuel_psu
2026-07-01,2026-07-01T06:00:00.000000,HPCL,diesel,Diesel,94.04,Indore,Available,fuel_psu
2026-07-02,2026-07-02T06:00:00.000000,IOCL,petrol,Petrol (95 octane),101.21,Mumbai,Available,fuel_psu
2026-07-02,2026-07-02T06:00:00.000000,BPCL,petrol,Petrol (95 octane),101.21,Mumbai,Available,fuel_psu
2026-07-02,2026-07-02T06:00:00.000000,HPCL,petrol,Petrol (95 octane),101.21,Mumbai,Available,fuel_psu
2026-07-02,2026-07-02T06:00:00.000000,IOCL,diesel,Diesel,94.3,Mumbai,Available,fuel_psu
2026-07-02,2026-07-02T06:00:00.000000,BPCL,diesel,Diesel,94.3,Mumbai,Available,fuel_psu
2026-07-02,2026-07-02T06:00:00.000000,HPCL,diesel,Diesel,94.3,Mumbai,Available,fuel_psu
2026-07-02,2026-07-02T06:00:00.000000,IOCL,petrol,Petrol (95 octane),91.72,Delhi,Available,fuel_psu
2026-07-02,2026-07-02T06:00:00.000000,BPCL,petrol,Petrol (95 octane),91.72,Delhi,Available,fuel_psu
2026-07-02,2026-07-02T06:00:00.000000,HPCL,petrol,Petrol (95 octane),91.72,Delhi,Available,fuel_psu
2026-07-02,2026-07-02T06:00:00.000000,IOCL,diesel,Diesel,89.77,Delhi,Available,fuel_psu
2026-07-02,2026-07-02T06:00:00.000000,BPCL,diesel,Diesel,89.77,Delhi,Available,fuel_psu
2026-07-02,2026-07-02T06:00:00.000000,HPCL,diesel,Diesel,89.77,Delhi,Available,fuel_psu
2026-07-02,2026-07-02T06:00:00.000000,IOCL,petrol,Petrol (95 octane),99.86,Bengaluru,Available,fuel_psu
2026-07-02,2026-07-02T06:00:00.000000,BPCL,petrol,Petrol (95 octane),99.86,Bengaluru,Available,fuel_psu
2026-07-02,2026-07-02T06:00:00.000000,HPCL,petrol,Petrol (95 octane),99.86,Bengaluru,Available,fuel_psu
2026-07-02,2026-07-02T06:00:00.000000,IOCL,diesel,Diesel,91.09,Bengaluru,Available,fuel_psu
2026-07-02,2026-07-02T06:00:00.000000,BPCL,diesel,Diesel,91.09,Bengaluru,Available,fuel_psu
2026-07-02,2026-07-02T06:00:00.000000,HPCL,diesel,Diesel,91.09,Bengaluru,Available,fuel_psu
2026-07-02,2026-07-02T06:00:00.000000,IOCL,petrol,Petrol (95 octane),97.75,Chennai,Available,fuel_psu
2026-07-02,2026-07-02T06:00:00.000000,BPCL,petrol,Petrol (95 octane),97.75,Chennai,Available,fuel_psu
2026-07-02,2026-07-02T06:00:00.000000,HPCL,petrol,Petrol (95 octane),97.75,Chennai,Available,fuel_psu
2026-07-02,2026-07-02T06:00:00.000000,IOCL,diesel,Diesel,94.49,Chennai,Available,fuel_psu
2026-07-02,2026-07-02T06:00:00.000000,BPCL,diesel,Diesel,94.49,Chennai,Available,fuel_psu
2026-07-02,2026-07-02T06:00:00.000000,HPCL,diesel,Diesel,94.49,Chennai,Available,fuel_psu
2026-07-02,2026-07-02T06:00:00.000000,IOCL,petrol,Petrol (95 octane),100.94,Kolkata,Available,fuel_psu
2026-07-02,2026-07-02T06:00:00.000000,BPCL,petrol,Petrol (95 octane),100.94,Kolkata,Available,fuel_psu
2026-07-02,2026-07-02T06:00:00.000000,HPCL,petrol,Petrol (95 octane),100.94,Kolkata,Available,fuel_psu
2026-07-02,2026-07-02T06:00:00.000000,IOCL,diesel,Diesel,92.91,Kolkata,Available,fuel_psu
2026-07-02,2026-07-02T06:00:00.000000,BPCL,diesel,Diesel,92.91,Kolkata,Available,fuel_psu
2026-07-02,2026-07-02T06:00:00.000000,HPCL,diesel,Diesel,92.91,Kolkata,Available,fuel_psu
2026-07-02,2026-07-02T06:00:00.000000,IOCL,petrol,Petrol (95 octane),104.41,Hyderabad,Available,fuel_psu
2026-07-02,2026-07-02T06:00:00.000000,BPCL,petrol,Petrol (95 octane),104.41,Hyderabad,Available,fuel_psu
2026-07-02,2026-07-02T06:00:00.000000,HPCL,petrol,Petrol (95 octane),104.41,Hyderabad,Available,fuel_psu
2026-07-02,2026-07-02T06:00:00.000000,IOCL,diesel,Diesel,97.8,Hyderabad,Available,fuel_psu
2026-07-02,2026-07-02T06:00:00.000000,BPCL,diesel,Diesel,97.8,Hyderabad,Available,fuel_psu
2026-07-02,2026-07-02T06:00:00.000000,HPCL,diesel,Diesel,97.8,Hyderabad,Available,fuel_psu
2026-07-02,2026-07-02T06:00:00.000000,IOCL,petrol,Petrol (95 octane),101.08,Pune,Available,fuel_psu
2026-07-02,2026-07-02T06:00:00.000000,BPCL,petrol,Petrol (95 octane),101.08,Pune,Available,fuel_psu
2026-07-02,2026-07-02T06:00:00.000000,HPCL,petrol,Petrol (95 octane),101.08,Pune,Available,fuel_psu
2026-07-02,2026-07-02T06:00:00.000000,IOCL,diesel,Diesel,92.76,Pune,Available,fuel_psu
2026-07-02,2026-07-02T06:00:00.000000,BPCL,diesel,Diesel,92.76,Pune,Available,fuel_psu
2026-07-02,2026-07-02T06:00:00.000000,HPCL,diesel,Diesel,92.76,Pune,Available,fuel_psu
2026-07-02,2026-07-02T06:00:00.000000,IOCL,petrol,Petrol (95 octane),91.44,Ahmedabad,Available,fuel_psu
2026-07-02,2026-07-02T06:00:00.000000,BPCL,petrol,Petrol (95 octane),91.44,Ahmedabad,Available,fuel_psu
2026-07-02,2026-07-02T06:00:00.000000,HPCL,petrol,Petrol (95 octane),91.44,Ahmedabad,Available,fuel_psu
2026-07-02,2026-07-02T06:00:00.000000,IOCL,diesel,Diesel,92.26,Ahmedabad,Available,fuel_psu
2026-07-02,2026-07-02T06:00:00.000000,BPCL,diesel,Diesel,92.26,Ahmedabad,Available,fuel_psu
2026-07-02,2026-07-02T06:00:00.000000,HPCL,diesel,Diesel,92.26,Ahmedabad,Available,fuel_psu
2026-07-02,2026-07-02T06:00:00.000000,IOCL,petrol,Petrol (95 octane),101.88,Jaipur,Available,fuel_psu
2026-07-02,2026-07-02T06:00:00.000000,BPCL,petrol,Petrol (95 octane),101.88,Jaipur,Available,fuel_psu
2026-07-02,2026-07-02T06:00:00.000000,HPCL,petrol,Petrol (95 octane),101.88,Jaipur,Available,fuel_psu
2026-07-02,2026-07-02T06:00:00.000000,IOCL,diesel,Diesel,92.51,Jaipur,Available,fuel_psu
2026-07-02,2026-07-02T06:00:00.000000,BPCL,diesel,Diesel,92.51,Jaipur,Available,fuel_psu
2026-07-02,2026-07-02T06:00:00.000000,HPCL,diesel,Diesel,92.51,Jaipur,Available,fuel_psu
2026-07-02,2026-07-02T06:00:00.000000,IOCL,petrol,Petrol (95 octane),91.65,Lucknow,Available,fuel_psu
2026-07-02,2026-07-02T06:00:00.000000,BPCL,petrol,Petrol (95 octane),91.65,Lucknow,Available,fuel_psu
2026-07-02,2026-07-02T06:00:00.000000,HPCL,petrol,Petrol (95 octane),91.65,Lucknow,Available,fuel_psu
2026-07-02,2026-07-02T06:00:00.000000,IOCL,diesel,Diesel,89.91,Lucknow,Available,fuel_psu
2026-07-02,2026-07-02T06:00:00.000000,BPCL,diesel,Diesel,89.91,Lucknow,Available,fuel_psu
2026-07-02,2026-07-02T06:00:00.000000,HPCL,diesel,Diesel,89.91,Lucknow,Available,fuel_psu
2026-07-02,2026-07-02T06:00:00.000000,IOCL,petrol,Petrol (95 octane),91.24,Chandigarh,Available,fuel_psu
2026-07-02,2026-07-02T06:00:00.000000,BPCL,petrol,Petrol (95 octane),91.24,Chandigarh,Available,fuel_psu
2026-07-02,2026-07-02T06:00:00.000000,HPCL,petrol,Petrol (95 octane),91.24,Chandigarh,Available,fuel_psu
2026-07-02,2026-07-02T06:00:00.000000,IOCL,diesel,Diesel,84.55,Chandigarh,Available,fuel_psu
2026-07-02,2026-07-02T06:00:00.000000,BPCL,diesel,Diesel,84.55,Chandigarh,Available,fuel_psu
2026-07-02,2026-07-02T06:00:00.000000,HPCL,diesel,Diesel,84.55,Chandigarh,Available,fuel_psu
2026-07-02,2026-07-02T06:00:00.000000,IOCL,petrol,Petrol (95 octane),91.31,Surat,Available,fuel_psu
2026-07-02,2026-07-02T06:00:00.000000,BPCL,petrol,Petrol (95 octane),91.31,Surat,Available,fuel_psu
2026-07-02,2026-07-02T06:00:00.000000,HPCL,petrol,Petrol (95 octane),91.31,Surat,Available,fuel_psu
2026-07-02,2026-07-02T06:00:00.000000,IOCL,diesel,Diesel,92.13,Surat,Available,fuel_psu
2026-07-02,2026-07-02T06:00:00.000000,BPCL,diesel,Diesel,92.13,Surat,Available,fuel_psu
2026-07-02,2026-07-02T06:00:00.000000,HPCL,diesel,Diesel,92.13,Surat,Available,fuel_psu
2026-07-02,2026-07-02T06:00:00.000000,IOCL,petrol,Petrol (95 octane),102.18,Patna,Available,fuel_psu
2026-07-02,2026-07-02T06:00:00.000000,BPCL,petrol,Petrol (95 octane),102.18,Patna,Available,fuel_psu
2026-07-02,2026-07-02T06:00:00.000000,HPCL,petrol,Petrol (95 octane),102.18,Patna,Available,fuel_psu
2026-07-02,2026-07-02T06:00:00.000000,IOCL,diesel,Diesel,94.19,Patna,Available,fuel_psu
2026-07-02,2026-07-02T06:00:00.000000,BPCL,diesel,Diesel,94.19,Patna,Available,fuel_psu
2026-07-02,2026-07-02T06:00:00.000000,HPCL,diesel,Diesel,94.19,Patna,Available,fuel_psu
2026-07-02,2026-07-02T06:00:00.000000,IOCL,petrol,Petrol (95 octane),91.66,Noida,Available,fuel_psu
2026-07-02,2026-07-02T06:00:00.000000,BPCL,petrol,Petrol (95 octane),91.66,Noida,Available,fuel_psu
2026-07-02,2026-07-02T06:00:00.000000,HPCL,petrol,Petrol (95 octane),91.66,Noida,Available,fuel_psu
2026-07-02,2026-07-02T06:00:00.000000,IOCL,diesel,Diesel,89.9,Noida,Available,fuel_psu
2026-07-02,2026-07-02T06:00:00.000000,BPCL,diesel,Diesel,89.9,Noida,Available,fuel_psu
2026-07-02,2026-07-02T06:00:00.000000,HPCL,diesel,Diesel,89.9,Noida,Available,fuel_psu
2026-07-02,2026-07-02T06:00:00.000000,IOCL,petrol,Petrol (95 octane),91.98,Gurgaon,Available,fuel_psu
2026-07-02,2026-07-02T06:00:00.000000,BPCL,petrol,Petrol (95 octane),91.98,Gurgaon,Available,fuel_psu
2026-07-02,2026-07-02T06:00:00.000000,HPCL,petrol,Petrol (95 octane),91.98,Gurgaon,Available,fuel_psu
2026-07-02,2026-07-02T06:00:00.000000,IOCL,diesel,Diesel,90.0,Gurgaon,Available,fuel_psu
2026-07-02,2026-07-02T06:00:00.000000,BPCL,diesel,Diesel,90.0,Gurgaon,Available,fuel_psu
2026-07-02,2026-07-02T06:00:00.000000,HPCL,diesel,Diesel,90.0,Gurgaon,Available,fuel_psu
2026-07-02,2026-07-02T06:00:00.000000,IOCL,petrol,Petrol (95 octane),103.5,Indore,Available,fuel_psu
2026-07-02,2026-07-02T06:00:00.000000,BPCL,petrol,Petrol (95 octane),103.5,Indore,Available,fuel_psu
2026-07-02,2026-07-02T06:00:00.000000,HPCL,petrol,Petrol (95 octane),103.5,Indore,Available,fuel_psu
2026-07-02,2026-07-02T06:00:00.000000,IOCL,diesel,Diesel,94.04,Indore,Available,fuel_psu
2026-07-02,2026-07-02T06:00:00.000000,BPCL,diesel,Diesel,94.04,Indore,Available,fuel_psu
2026-07-02,2026-07-02T06:00:00.000000,HPCL,diesel,Diesel,94.04,Indore,Available,fuel_psu
2026-07-03,2026-07-03T06:00:00.000000,IOCL,petrol,Petrol (95 octane),101.21,Mumbai,Available,fuel_psu
2026-07-03,2026-07-03T06:00:00.000000,BPCL,petrol,Petrol (95 octane),101.21,Mumbai,Available,fuel_psu
2026-07-03,2026-07-03T06:00:00.000000,HPCL,petrol,Petrol (95 octane),101.21,Mumbai,Available,fuel_psu
2026-07-03,2026-07-03T06:00:00.000000,IOCL,diesel,Diesel,94.3,Mumbai,Available,fuel_psu
2026-07-03,2026-07-03T06:00:00.000000,BPCL,diesel,Diesel,94.3,Mumbai,Available,fuel_psu
2026-07-03,2026-07-03T06:00:00.000000,HPCL,diesel,Diesel,94.3,Mumbai,Available,fuel_psu
2026-07-03,2026-07-03T06:00:00.000000,IOCL,petrol,Petrol (95 octane),91.72,Delhi,Available,fuel_psu
2026-07-03,2026-07-03T06:00:00.000000,BPCL,petrol,Petrol (95 octane),91.72,Delhi,Available,fuel_psu
2026-07-03,2026-07-03T06:00:00.000000,HPCL,petrol,Petrol (95 octane),91.72,Delhi,Available,fuel_psu
2026-07-03,2026-07-03T06:00:00.000000,IOCL,diesel,Diesel,89.77,Delhi,Available,fuel_psu
2026-07-03,2026-07-03T06:00:00.000000,BPCL,diesel,Diesel,89.77,Delhi,Available,fuel_psu
2026-07-03,2026-07-03T06:00:00.000000,HPCL,diesel,Diesel,89.77,Delhi,Available,fuel_psu
2026-07-03,2026-07-03T06:00:00.000000,IOCL,petrol,Petrol (95 octane),99.86,Bengaluru,Available,fuel_psu
2026-07-03,2026-07-03T06:00:00.000000,BPCL,petrol,Petrol (95 octane),99.86,Bengaluru,Available,fuel_psu
2026-07-03,2026-07-03T06:00:00.000000,HPCL,petrol,Petrol (95 octane),99.86,Bengaluru,Available,fuel_psu
2026-07-03,2026-07-03T06:00:00.000000,IOCL,diesel,Diesel,91.09,Bengaluru,Available,fuel_psu
2026-07-03,2026-07-03T06:00:00.000000,BPCL,diesel,Diesel,91.09,Bengaluru,Available,fuel_psu
2026-07-03,2026-07-03T06:00:00.000000,HPCL,diesel,Diesel,91.09,Bengaluru,Available,fuel_psu
2026-07-03,2026-07-03T06:00:00.000000,IOCL,petrol,Petrol (95 octane),97.75,Chennai,Available,fuel_psu
2026-07-03,2026-07-03T06:00:00.000000,BPCL,petrol,Petrol (95 octane),97.75,Chennai,Available,fuel_psu
2026-07-03,2026-07-03T06:00:00.000000,HPCL,petrol,Petrol (95 octane),97.75,Chennai,Available,fuel_psu
2026-07-03,2026-07-03T06:00:00.000000,IOCL,diesel,Diesel,94.49,Chennai,Available,fuel_psu
2026-07-03,2026-07-03T06:00:00.000000,BPCL,diesel,Diesel,94.49,Chennai,Available,fuel_psu
2026-07-03,2026-07-03T06:00:00.000000,HPCL,diesel,Diesel,94.49,Chennai,Available,fuel_psu
2026-07-03,2026-07-03T06:00:00.000000,IOCL,petrol,Petrol (95 octane),100.94,Kolkata,Available,fuel_psu
2026-07-03,2026-07-03T06:00:00.000000,BPCL,petrol,Petrol (95 octane),100.94,Kolkata,Available,fuel_psu
2026-07-03,2026-07-03T06:00:00.000000,HPCL,petrol,Petrol (95 octane),100.94,Kolkata,Available,fuel_psu
2026-07-03,2026-07-03T06:00:00.000000,IOCL,diesel,Diesel,92.91,Kolkata,Available,fuel_psu
2026-07-03,2026-07-03T06:00:00.000000,BPCL,diesel,Diesel,92.91,Kolkata,Available,fuel_psu
2026-07-03,2026-07-03T06:00:00.000000,HPCL,diesel,Diesel,92.91,Kolkata,Available,fuel_psu
2026-07-03,2026-07-03T06:00:00.000000,IOCL,petrol,Petrol (95 octane),104.41,Hyderabad,Available,fuel_psu
2026-07-03,2026-07-03T06:00:00.000000,BPCL,petrol,Petrol (95 octane),104.41,Hyderabad,Available,fuel_psu
2026-07-03,2026-07-03T06:00:00.000000,HPCL,petrol,Petrol (95 octane),104.41,Hyderabad,Available,fuel_psu
2026-07-03,2026-07-03T06:00:00.000000,IOCL,diesel,Diesel,97.8,Hyderabad,Available,fuel_psu
2026-07-03,2026-07-03T06:00:00.000000,BPCL,diesel,Diesel,97.8,Hyderabad,Available,fuel_psu
2026-07-03,2026-07-03T06:00:00.000000,HPCL,diesel,Diesel,97.8,Hyderabad,Available,fuel_psu
2026-07-03,2026-07-03T06:00:00.000000,IOCL,petrol,Petrol (95 octane),101.08,Pune,Available,fuel_psu
2026-07-03,2026-07-03T06:00:00.000000,BPCL,petrol,Petrol (95 octane),101.08,Pune,Available,fuel_psu
2026-07-03,2026-07-03T06:00:00.000000,HPCL,petrol,Petrol (95 octane),101.08,Pune,Available,fuel_psu
2026-07-03,2026-07-03T06:00:00.000000,IOCL,diesel,Diesel,92.76,Pune,Available,fuel_psu
2026-07-03,2026-07-03T06:00:00.000000,BPCL,diesel,Diesel,92.76,Pune,Available,fuel_psu
2026-07-03,2026-07-03T06:00:00.000000,HPCL,diesel,Diesel,92.76,Pune,Available,fuel_psu
2026-07-03,2026-07-03T06:00:00.000000,IOCL,petrol,Petrol (95 octane),91.44,Ahmedabad,Available,fuel_psu
2026-07-03,2026-07-03T06:00:00.000000,BPCL,petrol,Petrol (95 octane),91.44,Ahmedabad,Available,fuel_psu
2026-07-03,2026-07-03T06:00:00.000000,HPCL,petrol,Petrol (95 octane),91.44,Ahmedabad,Available,fuel_psu
2026-07-03,2026-07-03T06:00:00.000000,IOCL,diesel,Diesel,92.26,Ahmedabad,Available,fuel_psu
2026-07-03,2026-07-03T06:00:00.000000,BPCL,diesel,Diesel,92.26,Ahmedabad,Available,fuel_psu
2026-07-03,2026-07-03T06:00:00.000000,HPCL,diesel,Diesel,92.26,Ahmedabad,Available,fuel_psu
2026-07-03,2026-07-03T06:00:00.000000,IOCL,petrol,Petrol (95 octane),101.88,Jaipur,Available,fuel_psu
2026-07-03,2026-07-03T06:00:00.000000,BPCL,petrol,Petrol (95 octane),101.88,Jaipur,Available,fuel_psu
2026-07-03,2026-07-03T06:00:00.000000,HPCL,petrol,Petrol (95 octane),101.88,Jaipur,Available,fuel_psu
2026-07-03,2026-07-03T06:00:00.000000,IOCL,diesel,Diesel,92.51,Jaipur,Available,fuel_psu
2026-07-03,2026-07-03T06:00:00.000000,BPCL,diesel,Diesel,92.51,Jaipur,Available,fuel_psu
2026-07-03,2026-07-03T06:00:00.000000,HPCL,diesel,Diesel,92.51,Jaipur,Available,fuel_psu
2026-07-03,2026-07-03T06:00:00.000000,IOCL,petrol,Petrol (95 octane),91.65,Lucknow,Available,fuel_psu
2026-07-03,2026-07-03T06:00:00.000000,BPCL,petrol,Petrol (95 octane),91.65,Lucknow,Available,fuel_psu
2026-07-03,2026-07-03T06:00:00.000000,HPCL,petrol,Petrol (95 octane),91.65,Lucknow,Available,fuel_psu
2026-07-03,2026-07-03T06:00:00.000000,IOCL,diesel,Diesel,89.91,Lucknow,Available,fuel_psu
2026-07-03,2026-07-03T06:00:00.000000,BPCL,diesel,Diesel,89.91,Lucknow,Available,fuel_psu
2026-07-03,2026-07-03T06:00:00.000000,HPCL,diesel,Diesel,89.91,Lucknow,Available,fuel_psu
2026-07-03,2026-07-03T06:00:00.000000,IOCL,petrol,Petrol (95 octane),91.24,Chandigarh,Available,fuel_psu
2026-07-03,2026-07-03T06:00:00.000000,BPCL,petrol,Petrol (95 octane),91.24,Chandigarh,Available,fuel_psu
2026-07-03,2026-07-03T06:00:00.000000,HPCL,petrol,Petrol (95 octane),91.24,Chandigarh,Available,fuel_psu
2026-07-03,2026-07-03T06:00:00.000000,IOCL,diesel,Diesel,84.55,Chandigarh,Available,fuel_psu
2026-07-03,2026-07-03T06:00:00.000000,BPCL,diesel,Diesel,84.55,Chandigarh,Available,fuel_psu
2026-07-03,2026-07-03T06:00:00.000000,HPCL,diesel,Diesel,84.55,Chandigarh,Available,fuel_psu
2026-07-03,2026-07-03T06:00:00.000000,IOCL,petrol,Petrol (95 octane),91.31,Surat,Available,fuel_psu
2026-07-03,2026-07-03T06:00:00.000000,BPCL,petrol,Petrol (95 octane),91.31,Surat,Available,fuel_psu
2026-07-03,2026-07-03T06:00:00.000000,HPCL,petrol,Petrol (95 octane),91.31,Surat,Available,fuel_psu
2026-07-03,2026-07-03T06:00:00.000000,IOCL,diesel,Diesel,92.13,Surat,Available,fuel_psu
2026-07-03,2026-07-03T06:00:00.000000,BPCL,diesel,Diesel,92.13,Surat,Available,fuel_psu
2026-07-03,2026-07-03T06:00:00.000000,HPCL,diesel,Diesel,92.13,Surat,Available,fuel_psu
2026-07-03,2026-07-03T06:00:00.000000,IOCL,petrol,Petrol (95 octane),102.18,Patna,Available,fuel_psu
2026-07-03,2026-07-03T06:00:00.000000,BPCL,petrol,Petrol (95 octane),102.18,Patna,Available,fuel_psu
2026-07-03,2026-07-03T06:00:00.000000,HPCL,petrol,Petrol (95 octane),102.18,Patna,Available,fuel_psu
2026-07-03,2026-07-03T06:00:00.000000,IOCL,diesel,Diesel,94.19,Patna,Available,fuel_psu
2026-07-03,2026-07-03T06:00:00.000000,BPCL,diesel,Diesel,94.19,Patna,Available,fuel_psu
2026-07-03,2026-07-03T06:00:00.000000,HPCL,diesel,Diesel,94.19,Patna,Available,fuel_psu
2026-07-03,2026-07-03T06:00:00.000000,IOCL,petrol,Petrol (95 octane),91.66,Noida,Available,fuel_psu
2026-07-03,2026-07-03T06:00:00.000000,BPCL,petrol,Petrol (95 octane),91.66,Noida,Available,fuel_psu
2026-07-03,2026-07-03T06:00:00.000000,HPCL,petrol,Petrol (95 octane),91.66,Noida,Available,fuel_psu
2026-07-03,2026-07-03T06:00:00.000000,IOCL,diesel,Diesel,89.9,Noida,Available,fuel_psu
2026-07-03,2026-07-03T06:00:00.000000,BPCL,diesel,Diesel,89.9,Noida,Available,fuel_psu
2026-07-03,2026-07-03T06:00:00.000000,HPCL,diesel,Diesel,89.9,Noida,Available,fuel_psu
2026-07-03,2026-07-03T06:00:00.000000,IOCL,petrol,Petrol (95 octane),91.98,Gurgaon,Available,fuel_psu
2026-07-03,2026-07-03T06:00:00.000000,BPCL,petrol,Petrol (95 octane),91.98,Gurgaon,Available,fuel_psu
2026-07-03,2026-07-03T06:00:00.000000,HPCL,petrol,Petrol (95 octane),91.98,Gurgaon,Available,fuel_psu
2026-07-03,2026-07-03T06:00:00.000000,IOCL,diesel,Diesel,90.0,Gurgaon,Available,fuel_psu
2026-07-03,2026-07-03T06:00:00.000000,BPCL,diesel,Diesel,90.0,Gurgaon,Available,fuel_psu
2026-07-03,2026-07-03T06:00:00.000000,HPCL,diesel,Diesel,90.0,Gurgaon,Available,fuel_psu
2026-07-03,2026-07-03T06:00:00.000000,IOCL,petrol,Petrol (95 octane),103.5,Indore,Available,fuel_psu
2026-07-03,2026-07-03T06:00:00.000000,BPCL,petrol,Petrol (95 octane),103.5,Indore,Available,fuel_psu
2026-07-03,2026-07-03T06:00:00.000000,HPCL,petrol,Petrol (95 octane),103.5,Indore,Available,fuel_psu
2026-07-03,2026-07-03T06:00:00.000000,IOCL,diesel,Diesel,94.04,Indore,Available,fuel_psu
2026-07-03,2026-07-03T06:00:00.000000,BPCL,diesel,Diesel,94.04,Indore,Available,fuel_psu
2026-07-03,2026-07-03T06:00:00.000000,HPCL,diesel,Diesel,94.04,Indore,Available,fuel_psu
2026-07-04,2026-07-04T06:00:00.000000,IOCL,petrol,Petrol (95 octane),101.21,Mumbai,Available,fuel_psu
2026-07-04,2026-07-04T06:00:00.000000,BPCL,petrol,Petrol (95 octane),101.21,Mumbai,Available,fuel_psu
2026-07-04,2026-07-04T06:00:00.000000,HPCL,petrol,Petrol (95 octane),101.21,Mumbai,Available,fuel_psu
2026-07-04,2026-07-04T06:00:00.000000,IOCL,diesel,Diesel,94.3,Mumbai,Available,fuel_psu
2026-07-04,2026-07-04T06:00:00.000000,BPCL,diesel,Diesel,94.3,Mumbai,Available,fuel_psu
2026-07-04,2026-07-04T06:00:00.000000,HPCL,diesel,Diesel,94.3,Mumbai,Available,fuel_psu
2026-07-04,2026-07-04T06:00:00.000000,IOCL,petrol,Petrol (95 octane),91.72,Delhi,Available,fuel_psu
2026-07-04,2026-07-04T06:00:00.000000,BPCL,petrol,Petrol (95 octane),91.72,Delhi,Available,fuel_psu
2026-07-04,2026-07-04T06:00:00.000000,HPCL,petrol,Petrol (95 octane),91.72,Delhi,Available,fuel_psu
2026-07-04,2026-07-04T06:00:00.000000,IOCL,diesel,Diesel,89.77,Delhi,Available,fuel_psu
2026-07-04,2026-07-04T06:00:00.000000,BPCL,diesel,Diesel,89.77,Delhi,Available,fuel_psu
2026-07-04,2026-07-04T06:00:00.000000,HPCL,diesel,Diesel,89.77,Delhi,Available,fuel_psu
2026-07-04,2026-07-04T06:00:00.000000,IOCL,petrol,Petrol (95 octane),99.86,Bengaluru,Available,fuel_psu
2026-07-04,2026-07-04T06:00:00.000000,BPCL,petrol,Petrol (95 octane),99.86,Bengaluru,Available,fuel_psu
2026-07-04,2026-07-04T06:00:00.000000,HPCL,petrol,Petrol (95 octane),99.86,Bengaluru,Available,fuel_psu
2026-07-04,2026-07-04T06:00:00.000000,IOCL,diesel,Diesel,91.09,Bengaluru,Available,fuel_psu
2026-07-04,2026-07-04T06:00:00.000000,BPCL,diesel,Diesel,91.09,Bengaluru,Available,fuel_psu
2026-07-04,2026-07-04T06:00:00.000000,HPCL,diesel,Diesel,91.09,Bengaluru,Available,fuel_psu
2026-07-04,2026-07-04T06:00:00.000000,IOCL,petrol,Petrol (95 octane),97.75,Chennai,Available,fuel_psu
2026-07-04,2026-07-04T06:00:00.000000,BPCL,petrol,Petrol (95 octane),97.75,Chennai,Available,fuel_psu
2026-07-04,2026-07-04T06:00:00.000000,HPCL,petrol,Petrol (95 octane),97.75,Chennai,Available,fuel_psu
2026-07-04,2026-07-04T06:00:00.000000,IOCL,diesel,Diesel,94.49,Chennai,Available,fuel_psu
2026-07-04,2026-07-04T06:00:00.000000,BPCL,diesel,Diesel,94.49,Chennai,Available,fuel_psu
2026-07-04,2026-07-04T06:00:00.000000,HPCL,diesel,Diesel,94.49,Chennai,Available,fuel_psu
2026-07-04,2026-07-04T06:00:00.000000,IOCL,petrol,Petrol (95 octane),100.94,Kolkata,Available,fuel_psu
2026-07-04,2026-07-04T06:00:00.000000,BPCL,petrol,Petrol (95 octane),100.94,Kolkata,Available,fuel_psu
2026-07-04,2026-07-04T06:00:00.000000,HPCL,petrol,Petrol (95 octane),100.94,Kolkata,Available,fuel_psu
2026-07-04,2026-07-04T06:00:00.000000,IOCL,diesel,Diesel,92.91,Kolkata,Available,fuel_psu
2026-07-04,2026-07-04T06:00:00.000000,BPCL,diesel,Diesel,92.91,Kolkata,Available,fuel_psu
2026-07-04,2026-07-04T06:00:00.000000,HPCL,diesel,Diesel,92.91,Kolkata,Available,fuel_psu
2026-07-04,2026-07-04T06:00:00.000000,IOCL,petrol,Petrol (95 octane),104.41,Hyderabad,Available,fuel_psu
2026-07-04,2026-07-04T06:00:00.000000,BPCL,petrol,Petrol (95 octane),104.41,Hyderabad,Available,fuel_psu
2026-07-04,2026-07-04T06:00:00.000000,HPCL,petrol,Petrol (95 octane),104.41,Hyderabad,Available,fuel_psu
2026-07-04,2026-07-04T06:00:00.000000,IOCL,diesel,Diesel,97.8,Hyderabad,Available,fuel_psu
2026-07-04,2026-07-04T06:00:00.000000,BPCL,diesel,Diesel,97.8,Hyderabad,Available,fuel_psu
2026-07-04,2026-07-04T06:00:00.000000,HPCL,diesel,Diesel,97.8,Hyderabad,Available,fuel_psu
2026-07-04,2026-07-04T06:00:00.000000,IOCL,petrol,Petrol (95 octane),101.08,Pune,Available,fuel_psu
2026-07-04,2026-07-04T06:00:00.000000,BPCL,petrol,Petrol (95 octane),101.08,Pune,Available,fuel_psu
2026-07-04,2026-07-04T06:00:00.000000,HPCL,petrol,Petrol (95 octane),101.08,Pune,Available,fuel_psu
2026-07-04,2026-07-04T06:00:00.000000,IOCL,diesel,Diesel,92.76,Pune,Available,fuel_psu
2026-07-04,2026-07-04T06:00:00.000000,BPCL,diesel,Diesel,92.76,Pune,Available,fuel_psu
2026-07-04,2026-07-04T06:00:00.000000,HPCL,diesel,Diesel,92.76,Pune,Available,fuel_psu
2026-07-04,2026-07-04T06:00:00.000000,IOCL,petrol,Petrol (95 octane),91.44,Ahmedabad,Available,fuel_psu
2026-07-04,2026-07-04T06:00:00.000000,BPCL,petrol,Petrol (95 octane),91.44,Ahmedabad,Available,fuel_psu
2026-07-04,2026-07-04T06:00:00.000000,HPCL,petrol,Petrol (95 octane),91.44,Ahmedabad,Available,fuel_psu
2026-07-04,2026-07-04T06:00:00.000000,IOCL,diesel,Diesel,92.26,Ahmedabad,Available,fuel_psu
2026-07-04,2026-07-04T06:00:00.000000,BPCL,diesel,Diesel,92.26,Ahmedabad,Available,fuel_psu
2026-07-04,2026-07-04T06:00:00.000000,HPCL,diesel,Diesel,92.26,Ahmedabad,Available,fuel_psu
2026-07-04,2026-07-04T06:00:00.000000,IOCL,petrol,Petrol (95 octane),101.88,Jaipur,Available,fuel_psu
2026-07-04,2026-07-04T06:00:00.000000,BPCL,petrol,Petrol (95 octane),101.88,Jaipur,Available,fuel_psu
2026-07-04,2026-07-04T06:00:00.000000,HPCL,petrol,Petrol (95 octane),101.88,Jaipur,Available,fuel_psu
2026-07-04,2026-07-04T06:00:00.000000,IOCL,diesel,Diesel,92.51,Jaipur,Available,fuel_psu
2026-07-04,2026-07-04T06:00:00.000000,BPCL,diesel,Diesel,92.51,Jaipur,Available,fuel_psu
2026-07-04,2026-07-04T06:00:00.000000,HPCL,diesel,Diesel,92.51,Jaipur,Available,fuel_psu
2026-07-04,2026-07-04T06:00:00.000000,IOCL,petrol,Petrol (95 octane),91.65,Lucknow,Available,fuel_psu
2026-07-04,2026-07-04T06:00:00.000000,BPCL,petrol,Petrol (95 octane),91.65,Lucknow,Available,fuel_psu
2026-07-04,2026-07-04T06:00:00.000000,HPCL,petrol,Petrol (95 octane),91.65,Lucknow,Available,fuel_psu
2026-07-04,2026-07-04T06:00:00.000000,IOCL,diesel,Diesel,89.91,Lucknow,Available,fuel_psu
2026-07-04,2026-07-04T06:00:00.000000,BPCL,diesel,Diesel,89.91,Lucknow,Available,fuel_psu
2026-07-04,2026-07-04T06:00:00.000000,HPCL,diesel,Diesel,89.91,Lucknow,Available,fuel_psu
2026-07-04,2026-07-04T06:00:00.000000,IOCL,petrol,Petrol (95 octane),91.24,Chandigarh,Available,fuel_psu
2026-07-04,2026-07-04T06:00:00.000000,BPCL,petrol,Petrol (95 octane),91.24,Chandigarh,Available,fuel_psu
2026-07-04,2026-07-04T06:00:00.000000,HPCL,petrol,Petrol (95 octane),91.24,Chandigarh,Available,fuel_psu
2026-07-04,2026-07-04T06:00:00.000000,IOCL,diesel,Diesel,84.55,Chandigarh,Available,fuel_psu
2026-07-04,2026-07-04T06:00:00.000000,BPCL,diesel,Diesel,84.55,Chandigarh,Available,fuel_psu
2026-07-04,2026-07-04T06:00:00.000000,HPCL,diesel,Diesel,84.55,Chandigarh,Available,fuel_psu
2026-07-04,2026-07-04T06:00:00.000000,IOCL,petrol,Petrol (95 octane),91.31,Surat,Available,fuel_psu
2026-07-04,2026-07-04T06:00:00.000000,BPCL,petrol,Petrol (95 octane),91.31,Surat,Available,fuel_psu
2026-07-04,2026-07-04T06:00:00.000000,HPCL,petrol,Petrol (95 octane),91.31,Surat,Available,fuel_psu
2026-07-04,2026-07-04T06:00:00.000000,IOCL,diesel,Diesel,92.13,Surat,Available,fuel_psu
2026-07-04,2026-07-04T06:00:00.000000,BPCL,diesel,Diesel,92.13,Surat,Available,fuel_psu
2026-07-04,2026-07-04T06:00:00.000000,HPCL,diesel,Diesel,92.13,Surat,Available,fuel_psu
2026-07-04,2026-07-04T06:00:00.000000,IOCL,petrol,Petrol (95 octane),102.18,Patna,Available,fuel_psu
2026-07-04,2026-07-04T06:00:00.000000,BPCL,petrol,Petrol (95 octane),102.18,Patna,Available,fuel_psu
2026-07-04,2026-07-04T06:00:00.000000,HPCL,petrol,Petrol (95 octane),102.18,Patna,Available,fuel_psu
2026-07-04,2026-07-04T06:00:00.000000,IOCL,diesel,Diesel,94.19,Patna,Available,fuel_psu
2026-07-04,2026-07-04T06:00:00.000000,BPCL,diesel,Diesel,94.19,Patna,Available,fuel_psu
2026-07-04,2026-07-04T06:00:00.000000,HPCL,diesel,Diesel,94.19,Patna,Available,fuel_psu
2026-07-04,2026-07-04T06:00:00.000000,IOCL,petrol,Petrol (95 octane),91.66,Noida,Available,fuel_psu
2026-07-04,2026-07-04T06:00:00.000000,BPCL,petrol,Petrol (95 octane),91.66,Noida,Available,fuel_psu
2026-07-04,2026-07-04T06:00:00.000000,HPCL,petrol,Petrol (95 octane),91.66,Noida,Available,fuel_psu
2026-07-04,2026-07-04T06:00:00.000000,IOCL,diesel,Diesel,89.9,Noida,Available,fuel_psu
2026-07-04,2026-07-04T06:00:00.000000,BPCL,diesel,Diesel,89.9,Noida,Available,fuel_psu
2026-07-04,2026-07-04T06:00:00.000000,HPCL,diesel,Diesel,89.9,Noida,Available,fuel_psu
2026-07-04,2026-07-04T06:00:00.000000,IOCL,petrol,Petrol (95 octane),91.98,Gurgaon,Available,fuel_psu
2026-07-04,2026-07-04T06:00:00.000000,BPCL,petrol,Petrol (95 octane),91.98,Gurgaon,Available,fuel_psu
2026-07-04,2026-07-04T06:00:00.000000,HPCL,petrol,Petrol (95 octane),91.98,Gurgaon,Available,fuel_psu
2026-07-04,2026-07-04T06:00:00.000000,IOCL,diesel,Diesel,90.0,Gurgaon,Available,fuel_psu
2026-07-04,2026-07-04T06:00:00.000000,BPCL,diesel,Diesel,90.0,Gurgaon,Available,fuel_psu
2026-07-04,2026-07-04T06:00:00.000000,HPCL,diesel,Diesel,90.0,Gurgaon,Available,fuel_psu
2026-07-04,2026-07-04T06:00:00.000000,IOCL,petrol,Petrol (95 octane),103.5,Indore,Available,fuel_psu
2026-07-04,2026-07-04T06:00:00.000000,BPCL,petrol,Petrol (95 octane),103.5,Indore,Available,fuel_psu
2026-07-04,2026-07-04T06:00:00.000000,HPCL,petrol,Petrol (95 octane),103.5,Indore,Available,fuel_psu
2026-07-04,2026-07-04T06:00:00.000000,IOCL,diesel,Diesel,94.04,Indore,Available,fuel_psu
2026-07-04,2026-07-04T06:00:00.000000,BPCL,diesel,Diesel,94.04,Indore,Available,fuel_psu
2026-07-04,2026-07-04T06:00:00.000000,HPCL,diesel,Diesel,94.04,Indore,Available,fuel_psu
2026-07-05,2026-07-05T06:00:00.000000,IOCL,petrol,Petrol (95 octane),101.21,Mumbai,Available,fuel_psu
2026-07-05,2026-07-05T06:00:00.000000,BPCL,petrol,Petrol (95 octane),101.21,Mumbai,Available,fuel_psu
2026-07-05,2026-07-05T06:00:00.000000,HPCL,petrol,Petrol (95 octane),101.21,Mumbai,Available,fuel_psu
2026-07-05,2026-07-05T06:00:00.000000,IOCL,diesel,Diesel,94.3,Mumbai,Available,fuel_psu
2026-07-05,2026-07-05T06:00:00.000000,BPCL,diesel,Diesel,94.3,Mumbai,Available,fuel_psu
2026-07-05,2026-07-05T06:00:00.000000,HPCL,diesel,Diesel,94.3,Mumbai,Available,fuel_psu
2026-07-05,2026-07-05T06:00:00.000000,IOCL,petrol,Petrol (95 octane),91.72,Delhi,Available,fuel_psu
2026-07-05,2026-07-05T06:00:00.000000,BPCL,petrol,Petrol (95 octane),91.72,Delhi,Available,fuel_psu
2026-07-05,2026-07-05T06:00:00.000000,HPCL,petrol,Petrol (95 octane),91.72,Delhi,Available,fuel_psu
2026-07-05,2026-07-05T06:00:00.000000,IOCL,diesel,Diesel,89.77,Delhi,Available,fuel_psu
2026-07-05,2026-07-05T06:00:00.000000,BPCL,diesel,Diesel,89.77,Delhi,Available,fuel_psu
2026-07-05,2026-07-05T06:00:00.000000,HPCL,diesel,Diesel,89.77,Delhi,Available,fuel_psu
2026-07-05,2026-07-05T06:00:00.000000,IOCL,petrol,Petrol (95 octane),99.86,Bengaluru,Available,fuel_psu
2026-07-05,2026-07-05T06:00:00.000000,BPCL,petrol,Petrol (95 octane),99.86,Bengaluru,Available,fuel_psu
2026-07-05,2026-07-05T06:00:00.000000,HPCL,petrol,Petrol (95 octane),99.86,Bengaluru,Available,fuel_psu
2026-07-05,2026-07-05T06:00:00.000000,IOCL,diesel,Diesel,91.09,Bengaluru,Available,fuel_psu
2026-07-05,2026-07-05T06:00:00.000000,BPCL,diesel,Diesel,91.09,Bengaluru,Available,fuel_psu
2026-07-05,2026-07-05T06:00:00.000000,HPCL,diesel,Diesel,91.09,Bengaluru,Available,fuel_psu
2026-07-05,2026-07-05T06:00:00.000000,IOCL,petrol,Petrol (95 octane),97.75,Chennai,Available,fuel_psu
2026-07-05,2026-07-05T06:00:00.000000,BPCL,petrol,Petrol (95 octane),97.75,Chennai,Available,fuel_psu
2026-07-05,2026-07-05T06:00:00.000000,HPCL,petrol,Petrol (95 octane),97.75,Chennai,Available,fuel_psu
2026-07-05,2026-07-05T06:00:00.000000,IOCL,diesel,Diesel,94.49,Chennai,Available,fuel_psu
2026-07-05,2026-07-05T06:00:00.000000,BPCL,diesel,Diesel,94.49,Chennai,Available,fuel_psu
2026-07-05,2026-07-05T06:00:00.000000,HPCL,diesel,Diesel,94.49,Chennai,Available,fuel_psu
2026-07-05,2026-07-05T06:00:00.000000,IOCL,petrol,Petrol (95 octane),100.94,Kolkata,Available,fuel_psu
2026-07-05,2026-07-05T06:00:00.000000,BPCL,petrol,Petrol (95 octane),100.94,Kolkata,Available,fuel_psu
2026-07-05,2026-07-05T06:00:00.000000,HPCL,petrol,Petrol (95 octane),100.94,Kolkata,Available,fuel_psu
2026-07-05,2026-07-05T06:00:00.000000,IOCL,diesel,Diesel,92.91,Kolkata,Available,fuel_psu
2026-07-05,2026-07-05T06:00:00.000000,BPCL,diesel,Diesel,92.91,Kolkata,Available,fuel_psu
2026-07-05,2026-07-05T06:00:00.000000,HPCL,diesel,Diesel,92.91,Kolkata,Available,fuel_psu
2026-07-05,2026-07-05T06:00:00.000000,IOCL,petrol,Petrol (95 octane),104.41,Hyderabad,Available,fuel_psu
2026-07-05,2026-07-05T06:00:00.000000,BPCL,petrol,Petrol (95 octane),104.41,Hyderabad,Available,fuel_psu
2026-07-05,2026-07-05T06:00:00.000000,HPCL,petrol,Petrol (95 octane),104.41,Hyderabad,Available,fuel_psu
2026-07-05,2026-07-05T06:00:00.000000,IOCL,diesel,Diesel,97.8,Hyderabad,Available,fuel_psu
2026-07-05,2026-07-05T06:00:00.000000,BPCL,diesel,Diesel,97.8,Hyderabad,Available,fuel_psu
2026-07-05,2026-07-05T06:00:00.000000,HPCL,diesel,Diesel,97.8,Hyderabad,Available,fuel_psu
2026-07-05,2026-07-05T06:00:00.000000,IOCL,petrol,Petrol (95 octane),101.08,Pune,Available,fuel_psu
2026-07-05,2026-07-05T06:00:00.000000,BPCL,petrol,Petrol (95 octane),101.08,Pune,Available,fuel_psu
2026-07-05,2026-07-05T06:00:00.000000,HPCL,petrol,Petrol (95 octane),101.08,Pune,Available,fuel_psu
2026-07-05,2026-07-05T06:00:00.000000,IOCL,diesel,Diesel,92.76,Pune,Available,fuel_psu
2026-07-05,2026-07-05T06:00:00.000000,BPCL,diesel,Diesel,92.76,Pune,Available,fuel_psu
2026-07-05,2026-07-05T06:00:00.000000,HPCL,diesel,Diesel,92.76,Pune,Available,fuel_psu
2026-07-05,2026-07-05T06:00:00.000000,IOCL,petrol,Petrol (95 octane),91.44,Ahmedabad,Available,fuel_psu
2026-07-05,2026-07-05T06:00:00.000000,BPCL,petrol,Petrol (95 octane),91.44,Ahmedabad,Available,fuel_psu
2026-07-05,2026-07-05T06:00:00.000000,HPCL,petrol,Petrol (95 octane),91.44,Ahmedabad,Available,fuel_psu
2026-07-05,2026-07-05T06:00:00.000000,IOCL,diesel,Diesel,92.26,Ahmedabad,Available,fuel_psu
2026-07-05,2026-07-05T06:00:00.000000,BPCL,diesel,Diesel,92.26,Ahmedabad,Available,fuel_psu
2026-07-05,2026-07-05T06:00:00.000000,HPCL,diesel,Diesel,92.26,Ahmedabad,Available,fuel_psu
2026-07-05,2026-07-05T06:00:00.000000,IOCL,petrol,Petrol (95 octane),101.88,Jaipur,Available,fuel_psu
2026-07-05,2026-07-05T06:00:00.000000,BPCL,petrol,Petrol (95 octane),101.88,Jaipur,Available,fuel_psu
2026-07-05,2026-07-05T06:00:00.000000,HPCL,petrol,Petrol (95 octane),101.88,Jaipur,Available,fuel_psu
2026-07-05,2026-07-05T06:00:00.000000,IOCL,diesel,Diesel,92.51,Jaipur,Available,fuel_psu
2026-07-05,2026-07-05T06:00:00.000000,BPCL,diesel,Diesel,92.51,Jaipur,Available,fuel_psu
2026-07-05,2026-07-05T06:00:00.000000,HPCL,diesel,Diesel,92.51,Jaipur,Available,fuel_psu
2026-07-05,2026-07-05T06:00:00.000000,IOCL,petrol,Petrol (95 octane),91.65,Lucknow,Available,fuel_psu
2026-07-05,2026-07-05T06:00:00.000000,BPCL,petrol,Petrol (95 octane),91.65,Lucknow,Available,fuel_psu
2026-07-05,2026-07-05T06:00:00.000000,HPCL,petrol,Petrol (95 octane),91.65,Lucknow,Available,fuel_psu
2026-07-05,2026-07-05T06:00:00.000000,IOCL,diesel,Diesel,89.91,Lucknow,Available,fuel_psu
2026-07-05,2026-07-05T06:00:00.000000,BPCL,diesel,Diesel,89.91,Lucknow,Available,fuel_psu
2026-07-05,2026-07-05T06:00:00.000000,HPCL,diesel,Diesel,89.91,Lucknow,Available,fuel_psu
2026-07-05,2026-07-05T06:00:00.000000,IOCL,petrol,Petrol (95 octane),91.24,Chandigarh,Available,fuel_psu
2026-07-05,2026-07-05T06:00:00.000000,BPCL,petrol,Petrol (95 octane),91.24,Chandigarh,Available,fuel_psu
2026-07-05,2026-07-05T06:00:00.000000,HPCL,petrol,Petrol (95 octane),91.24,Chandigarh,Available,fuel_psu
2026-07-05,2026-07-05T06:00:00.000000,IOCL,diesel,Diesel,84.55,Chandigarh,Available,fuel_psu
2026-07-05,2026-07-05T06:00:00.000000,BPCL,diesel,Diesel,84.55,Chandigarh,Available,fuel_psu
2026-07-05,2026-07-05T06:00:00.000000,HPCL,diesel,Diesel,84.55,Chandigarh,Available,fuel_psu
2026-07-05,2026-07-05T06:00:00.000000,IOCL,petrol,Petrol (95 octane),91.31,Surat,Available,fuel_psu
2026-07-05,2026-07-05T06:00:00.000000,BPCL,petrol,Petrol (95 octane),91.31,Surat,Available,fuel_psu
2026-07-05,2026-07-05T06:00:00.000000,HPCL,petrol,Petrol (95 octane),91.31,Surat,Available,fuel_psu
2026-07-05,2026-07-05T06:00:00.000000,IOCL,diesel,Diesel,92.13,Surat,Available,fuel_psu
2026-07-05,2026-07-05T06:00:00.000000,BPCL,diesel,Diesel,92.13,Surat,Available,fuel_psu
2026-07-05,2026-07-05T06:00:00.000000,HPCL,diesel,Diesel,92.13,Surat,Available,fuel_psu
2026-07-05,2026-07-05T06:00:00.000000,IOCL,petrol,Petrol (95 octane),102.18,Patna,Available,fuel_psu
2026-07-05,2026-07-05T06:00:00.000000,BPCL,petrol,Petrol (95 octane),102.18,Patna,Available,fuel_psu
2026-07-05,2026-07-05T06:00:00.000000,HPCL,petrol,Petrol (95 octane),102.18,Patna,Available,fuel_psu
2026-07-05,2026-07-05T06:00:00.000000,IOCL,diesel,Diesel,94.19,Patna,Available,fuel_psu
2026-07-05,2026-07-05T06:00:00.000000,BPCL,diesel,Diesel,94.19,Patna,Available,fuel_psu
2026-07-05,2026-07-05T06:00:00.000000,HPCL,diesel,Diesel,94.19,Patna,Available,fuel_psu
2026-07-05,2026-07-05T06:00:00.000000,IOCL,petrol,Petrol (95 octane),91.66,Noida,Available,fuel_psu
2026-07-05,2026-07-05T06:00:00.000000,BPCL,petrol,Petrol (95 octane),91.66,Noida,Available,fuel_psu
2026-07-05,2026-07-05T06:00:00.000000,HPCL,petrol,Petrol (95 octane),91.66,Noida,Available,fuel_psu
2026-07-05,2026-07-05T06:00:00.000000,IOCL,diesel,Diesel,89.9,Noida,Available,fuel_psu
2026-07-05,2026-07-05T06:00:00.000000,BPCL,diesel,Diesel,89.9,Noida,Available,fuel_psu
2026-07-05,2026-07-05T06:00:00.000000,HPCL,diesel,Diesel,89.9,Noida,Available,fuel_psu
2026-07-05,2026-07-05T06:00:00.000000,IOCL,petrol,Petrol (95 octane),91.98,Gurgaon,Available,fuel_psu
2026-07-05,2026-07-05T06:00:00.000000,BPCL,petrol,Petrol (95 octane),91.98,Gurgaon,Available,fuel_psu
2026-07-05,2026-07-05T06:00:00.000000,HPCL,petrol,Petrol (95 octane),91.98,Gurgaon,Available,fuel_psu
2026-07-05,2026-07-05T06:00:00.000000,IOCL,diesel,Diesel,90.0,Gurgaon,Available,fuel_psu
2026-07-05,2026-07-05T06:00:00.000000,BPCL,diesel,Diesel,90.0,Gurgaon,Available,fuel_psu
2026-07-05,2026-07-05T06:00:00.000000,HPCL,diesel,Diesel,90.0,Gurgaon,Available,fuel_psu
2026-07-05,2026-07-05T06:00:00.000000,IOCL,petrol,Petrol (95 octane),103.5,Indore,Available,fuel_psu
2026-07-05,2026-07-05T06:00:00.000000,BPCL,petrol,Petrol (95 octane),103.5,Indore,Available,fuel_psu
2026-07-05,2026-07-05T06:00:00.000000,HPCL,petrol,Petrol (95 octane),103.5,Indore,Available,fuel_psu
2026-07-05,2026-07-05T06:00:00.000000,IOCL,diesel,Diesel,94.04,Indore,Available,fuel_psu
2026-07-05,2026-07-05T06:00:00.000000,BPCL,diesel,Diesel,94.04,Indore,Available,fuel_psu
2026-07-05,2026-07-05T06:00:00.000000,HPCL,diesel,Diesel,94.04,Indore,Available,fuel_psu
2026-07-06,2026-07-06T06:00:00.000000,IOCL,petrol,Petrol (95 octane),100.41,Mumbai,Available,fuel_psu
2026-07-06,2026-07-06T06:00:00.000000,BPCL,petrol,Petrol (95 octane),100.41,Mumbai,Available,fuel_psu
2026-07-06,2026-07-06T06:00:00.000000,HPCL,petrol,Petrol (95 octane),100.41,Mumbai,Available,fuel_psu
2026-07-06,2026-07-06T06:00:00.000000,IOCL,diesel,Diesel,94.0,Mumbai,Available,fuel_psu
2026-07-06,2026-07-06T06:00:00.000000,BPCL,diesel,Diesel,94.0,Mumbai,Available,fuel_psu
2026-07-06,2026-07-06T06:00:00.000000,HPCL,diesel,Diesel,94.0,Mumbai,Available,fuel_psu
2026-07-06,2026-07-06T06:00:00.000000,IOCL,petrol,Petrol (95 octane),90.92,Delhi,Available,fuel_psu
2026-07-06,2026-07-06T06:00:00.000000,BPCL,petrol,Petrol (95 octane),90.92,Delhi,Available,fuel_psu
2026-07-06,2026-07-06T06:00:00.000000,HPCL,petrol,Petrol (95 octane),90.92,Delhi,Available,fuel_psu
2026-07-06,2026-07-06T06:00:00.000000,IOCL,diesel,Diesel,89.47,Delhi,Available,fuel_psu
2026-07-06,2026-07-06T06:00:00.000000,BPCL,diesel,Diesel,89.47,Delhi,Available,fuel_psu
2026-07-06,2026-07-06T06:00:00.000000,HPCL,diesel,Diesel,89.47,Delhi,Available,fuel_psu
2026-07-06,2026-07-06T06:00:00.000000,IOCL,petrol,Petrol (95 octane),99.06,Bengaluru,Available,fuel_psu
2026-07-06,2026-07-06T06:00:00.000000,BPCL,petrol,Petrol (95 octane),99.06,Bengaluru,Available,fuel_psu
2026-07-06,2026-07-06T06:00:00.000000,HPCL,petrol,Petrol (95 octane),99.06,Bengaluru,Available,fuel_psu
2026-07-06,2026-07-06T06:00:00.000000,IOCL,diesel,Diesel,90.79,Bengaluru,Available,fuel_psu
2026-07-06,2026-07-06T06:00:00.000000,BPCL,diesel,Diesel,90.79,Bengaluru,Available,fuel_psu
2026-07-06,2026-07-06T06:00:00.000000,HPCL,diesel,Diesel,90.79,Bengaluru,Available,fuel_psu
2026-07-06,2026-07-06T06:00:00.000000,IOCL,petrol,Petrol (95 octane),96.95,Chennai,Available,fuel_psu
2026-07-06,2026-07-06T06:00:00.000000,BPCL,petrol,Petrol (95 octane),96.95,Chennai,Available,fuel_psu
2026-07-06,2026-07-06T06:00:00.000000,HPCL,petrol,Petrol (95 octane),96.95,Chennai,Available,fuel_psu
2026-07-06,2026-07-06T06:00:00.000000,IOCL,diesel,Diesel,94.19,Chennai,Available,fuel_psu
2026-07-06,2026-07-06T06:00:00.000000,BPCL,diesel,Diesel,94.19,Chennai,Available,fuel_psu
2026-07-06,2026-07-06T06:00:00.000000,HPCL,diesel,Diesel,94.19,Chennai,Available,fuel_psu
2026-07-06,2026-07-06T06:00:00.000000,IOCL,petrol,Petrol (95 octane),100.14,Kolkata,Available,fuel_psu
2026-07-06,2026-07-06T06:00:00.000000,BPCL,petrol,Petrol (95 octane),100.14,Kolkata,Available,fuel_psu
2026-07-06,2026-07-06T06:00:00.000000,HPCL,petrol,Petrol (95 octane),100.14,Kolkata,Available,fuel_psu
2026-07-06,2026-07-06T06:00:00.000000,IOCL,diesel,Diesel,92.61,Kolkata,Available,fuel_psu
2026-07-06,2026-07-06T06:00:00.000000,BPCL,diesel,Diesel,92.61,Kolkata,Available,fuel_psu
2026-07-06,2026-07-06T06:00:00.000000,HPCL,diesel,Diesel,92.61,Kolkata,Available,fuel_psu
2026-07-06,2026-07-06T06:00:00.000000,IOCL,petrol,Petrol (95 octane),103.61,Hyderabad,Available,fuel_psu
2026-07-06,2026-07-06T06:00:00.000000,BPCL,petrol,Petrol (95 octane),103.61,Hyderabad,Available,fuel_psu
2026-07-06,2026-07-06T06:00:00.000000,HPCL,petrol,Petrol (95 octane),103.61,Hyderabad,Available,fuel_psu
2026-07-06,2026-07-06T06:00:00.000000,IOCL,diesel,Diesel,97.5,Hyderabad,Available,fuel_psu
2026-07-06,2026-07-06T06:00:00.000000,BPCL,diesel,Diesel,97.5,Hyderabad,Available,fuel_psu
2026-07-06,2026-07-06T06:00:00.000000,HPCL,diesel,Diesel,97.5,Hyderabad,Available,fuel_psu
2026-07-06,2026-07-06T06:00:00.000000,IOCL,petrol,Petrol (95 octane),100.28,Pune,Available,fuel_psu
2026-07-06,2026-07-06T06:00:00.000000,BPCL,petrol,Petrol (95 octane),100.28,Pune,Available,fuel_psu
2026-07-06,2026-07-06T06:00:00.000000,HPCL,petrol,Petrol (95 octane),100.28,Pune,Available,fuel_psu
2026-07-06,2026-07-06T06:00:00.000000,IOCL,diesel,Diesel,92.46,Pune,Available,fuel_psu
2026-07-06,2026-07-06T06:00:00.000000,BPCL,diesel,Diesel,92.46,Pune,Available,fuel_psu
2026-07-06,2026-07-06T06:00:00.000000,HPCL,diesel,Diesel,92.46,Pune,Available,fuel_psu
2026-07-06,2026-07-06T06:00:00.000000,IOCL,petrol,Petrol (95 octane),90.64,Ahmedabad,Available,fuel_psu
2026-07-06,2026-07-06T06:00:00.000000,BPCL,petrol,Petrol (95 octane),90.64,Ahmedabad,Available,fuel_psu
2026-07-06,2026-07-06T06:00:00.000000,HPCL,petrol,Petrol (95 octane),90.64,Ahmedabad,Available,fuel_psu
2026-07-06,2026-07-06T06:00:00.000000,IOCL,diesel,Diesel,91.96,Ahmedabad,Available,fuel_psu
2026-07-06,2026-07-06T06:00:00.000000,BPCL,diesel,Diesel,91.96,Ahmedabad,Available,fuel_psu
2026-07-06,2026-07-06T06:00:00.000000,HPCL,diesel,Diesel,91.96,Ahmedabad,Available,fuel_psu
2026-07-06,2026-07-06T06:00:00.000000,IOCL,petrol,Petrol (95 octane),101.08,Jaipur,Available,fuel_psu
2026-07-06,2026-07-06T06:00:00.000000,BPCL,petrol,Petrol (95 octane),101.08,Jaipur,Available,fuel_psu
2026-07-06,2026-07-06T06:00:00.000000,HPCL,petrol,Petrol (95 octane),101.08,Jaipur,Available,fuel_psu
2026-07-06,2026-07-06T06:00:00.000000,IOCL,diesel,Diesel,92.21,Jaipur,Available,fuel_psu
2026-07-06,2026-07-06T06:00:00.000000,BPCL,diesel,Diesel,92.21,Jaipur,Available,fuel_psu
2026-07-06,2026-07-06T06:00:00.000000,HPCL,diesel,Diesel,92.21,Jaipur,Available,fuel_psu
2026-07-06,2026-07-06T06:00:00.000000,IOCL,petrol,Petrol (95 octane),90.85,Lucknow,Available,fuel_psu
2026-07-06,2026-07-06T06:00:00.000000,BPCL,petrol,Petrol (95 octane),90.85,Lucknow,Available,fuel_psu
2026-07-06,2026-07-06T06:00:00.000000,HPCL,petrol,Petrol (95 octane),90.85,Lucknow,Available,fuel_psu
2026-07-06,2026-07-06T06:00:00.000000,IOCL,diesel,Diesel,89.61,Lucknow,Available,fuel_psu
2026-07-06,2026-07-06T06:00:00.000000,BPCL,diesel,Diesel,89.61,Lucknow,Available,fuel_psu
2026-07-06,2026-07-06T06:00:00.000000,HPCL,diesel,Diesel,89.61,Lucknow,Available,fuel_psu
2026-07-06,2026-07-06T06:00:00.000000,IOCL,petrol,Petrol (95 octane),90.44,Chandigarh,Available,fuel_psu
2026-07-06,2026-07-06T06:00:00.000000,BPCL,petrol,Petrol (95 octane),90.44,Chandigarh,Available,fuel_psu
2026-07-06,2026-07-06T06:00:00.000000,HPCL,petrol,Petrol (95 octane),90.44,Chandigarh,Available,fuel_psu
2026-07-06,2026-07-06T06:00:00.000000,IOCL,diesel,Diesel,84.25,Chandigarh,Available,fuel_psu
2026-07-06,2026-07-06T06:00:00.000000,BPCL,diesel,Diesel,84.25,Chandigarh,Available,fuel_psu
2026-07-06,2026-07-06T06:00:00.000000,HPCL,diesel,Diesel,84.25,Chandigarh,Available,fuel_psu
2026-07-06,2026-07-06T06:00:00.000000,IOCL,petrol,Petrol (95 octane),90.51,Surat,Available,fuel_psu
2026-07-06,2026-07-06T06:00:00.000000,BPCL,petrol,Petrol (95 octane),90.51,Surat,Available,fuel_psu
2026-07-06,2026-07-06T06:00:00.000000,HPCL,petrol,Petrol (95 octane),90.51,Surat,Available,fuel_psu
2026-07-06,2026-07-06T06:00:00.000000,IOCL,diesel,Diesel,91.83,Surat,Available,fuel_psu
2026-07-06,2026-07-06T06:00:00.000000,BPCL,diesel,Diesel,91.83,Surat,Available,fuel_psu
2026-07-06,2026-07-06T06:00:00.000000,HPCL,diesel,Diesel,91.83,Surat,Available,fuel_psu
2026-07-06,2026-07-06T06:00:00.000000,IOCL,petrol,Petrol (95 octane),101.38,Patna,Available,fuel_psu
2026-07-06,2026-07-06T06:00:00.000000,BPCL,petrol,Petrol (95 octane),101.38,Patna,Available,fuel_psu
2026-07-06,2026-07-06T06:00:00.000000,HPCL,petrol,Petrol (95 octane),101.38,Patna,Available,fuel_psu
2026-07-06,2026-07-06T06:00:00.000000,IOCL,diesel,Diesel,93.89,Patna,Available,fuel_psu
2026-07-06,2026-07-06T06:00:00.000000,BPCL,diesel,Diesel,93.89,Patna,Available,fuel_psu
2026-07-06,2026-07-06T06:00:00.000000,HPCL,diesel,Diesel,93.89,Patna,Available,fuel_psu
2026-07-06,2026-07-06T06:00:00.000000,IOCL,petrol,Petrol (95 octane),90.86,Noida,Available,fuel_psu
2026-07-06,2026-07-06T06:00:00.000000,BPCL,petrol,Petrol (95 octane),90.86,Noida,Available,fuel_psu
2026-07-06,2026-07-06T06:00:00.000000,HPCL,petrol,Petrol (95 octane),90.86,Noida,Available,fuel_psu
2026-07-06,2026-07-06T06:00:00.000000,IOCL,diesel,Diesel,89.6,Noida,Available,fuel_psu
2026-07-06,2026-07-06T06:00:00.000000,BPCL,diesel,Diesel,89.6,Noida,Available,fuel_psu
2026-07-06,2026-07-06T06:00:00.000000,HPCL,diesel,Diesel,89.6,Noida,Available,fuel_psu
2026-07-06,2026-07-06T06:00:00.000000,IOCL,petrol,Petrol (95 octane),91.18,Gurgaon,Available,fuel_psu
2026-07-06,2026-07-06T06:00:00.000000,BPCL,petrol,Petrol (95 octane),91.18,Gurgaon,Available,fuel_psu
2026-07-06,2026-07-06T06:00:00.000000,HPCL,petrol,Petrol (95 octane),91.18,Gurgaon,Available,fuel_psu
2026-07-06,2026-07-06T06:00:00.000000,IOCL,diesel,Diesel,89.7,Gurgaon,Available,fuel_psu
2026-07-06,2026-07-06T06:00:00.000000,BPCL,diesel,Diesel,89.7,Gurgaon,Available,fuel_psu
2026-07-06,2026-07-06T06:00:00.000000,HPCL,diesel,Diesel,89.7,Gurgaon,Available,fuel_psu
2026-07-06,2026-07-06T06:00:00.000000,IOCL,petrol,Petrol (95 octane),102.7,Indore,Available,fuel_psu
2026-07-06,2026-07-06T06:00:00.000000,BPCL,petrol,Petrol (95 octane),102.7,Indore,Available,fuel_psu
2026-07-06,2026-07-06T06:00:00.000000,HPCL,petrol,Petrol (95 octane),102.7,Indore,Available,fuel_psu
2026-07-06,2026-07-06T06:00:00.000000,IOCL,diesel,Diesel,93.74,Indore,Available,fuel_psu
2026-07-06,2026-07-06T06:00:00.000000,BPCL,diesel,Diesel,93.74,Indore,Available,fuel_psu
2026-07-06,2026-07-06T06:00:00.000000,HPCL,diesel,Diesel,93.74,Indore,Available,fuel_psu
2026-07-07,2026-07-07T06:00:00.000000,IOCL,petrol,Petrol (95 octane),100.41,Mumbai,Available,fuel_psu
2026-07-07,2026-07-07T06:00:00.000000,BPCL,petrol,Petrol (95 octane),100.41,Mumbai,Available,fuel_psu
2026-07-07,2026-07-07T06:00:00.000000,HPCL,petrol,Petrol (95 octane),100.41,Mumbai,Available,fuel_psu
2026-07-07,2026-07-07T06:00:00.000000,IOCL,diesel,Diesel,94.0,Mumbai,Available,fuel_psu
2026-07-07,2026-07-07T06:00:00.000000,BPCL,diesel,Diesel,94.0,Mumbai,Available,fuel_psu
2026-07-07,2026-07-07T06:00:00.000000,HPCL,diesel,Diesel,94.0,Mumbai,Available,fuel_psu
2026-07-07,2026-07-07T06:00:00.000000,IOCL,petrol,Petrol (95 octane),90.92,Delhi,Available,fuel_psu
2026-07-07,2026-07-07T06:00:00.000000,BPCL,petrol,Petrol (95 octane),90.92,Delhi,Available,fuel_psu
2026-07-07,2026-07-07T06:00:00.000000,HPCL,petrol,Petrol (95 octane),90.92,Delhi,Available,fuel_psu
2026-07-07,2026-07-07T06:00:00.000000,IOCL,diesel,Diesel,89.47,Delhi,Available,fuel_psu
2026-07-07,2026-07-07T06:00:00.000000,BPCL,diesel,Diesel,89.47,Delhi,Available,fuel_psu
2026-07-07,2026-07-07T06:00:00.000000,HPCL,diesel,Diesel,89.47,Delhi,Available,fuel_psu
2026-07-07,2026-07-07T06:00:00.000000,IOCL,petrol,Petrol (95 octane),99.06,Bengaluru,Available,fuel_psu
2026-07-07,2026-07-07T06:00:00.000000,BPCL,petrol,Petrol (95 octane),99.06,Bengaluru,Available,fuel_psu
2026-07-07,2026-07-07T06:00:00.000000,HPCL,petrol,Petrol (95 octane),99.06,Bengaluru,Available,fuel_psu
2026-07-07,2026-07-07T06:00:00.000000,IOCL,diesel,Diesel,90.79,Bengaluru,Available,fuel_psu
2026-07-07,2026-07-07T06:00:00.000000,BPCL,diesel,Diesel,90.79,Bengaluru,Available,fuel_psu
2026-07-07,2026-07-07T06:00:00.000000,HPCL,diesel,Diesel,90.79,Bengaluru,Available,fuel_psu
2026-07-07,2026-07-07T06:00:00.000000,IOCL,petrol,Petrol (95 octane),96.95,Chennai,Available,fuel_psu
2026-07-07,2026-07-07T06:00:00.000000,BPCL,petrol,Petrol (95 octane),96.95,Chennai,Available,fuel_psu
2026-07-07,2026-07-07T06:00:00.000000,HPCL,petrol,Petrol (95 octane),96.95,Chennai,Available,fuel_psu
2026-07-07,2026-07-07T06:00:00.000000,IOCL,diesel,Diesel,94.19,Chennai,Available,fuel_psu
2026-07-07,2026-07-07T06:00:00.000000,BPCL,diesel,Diesel,94.19,Chennai,Available,fuel_psu
2026-07-07,2026-07-07T06:00:00.000000,HPCL,diesel,Diesel,94.19,Chennai,Available,fuel_psu
2026-07-07,2026-07-07T06:00:00.000000,IOCL,petrol,Petrol (95 octane),100.14,Kolkata,Available,fuel_psu
2026-07-07,2026-07-07T06:00:00.000000,BPCL,petrol,Petrol (95 octane),100.14,Kolkata,Available,fuel_psu
2026-07-07,2026-07-07T06:00:00.000000,HPCL,petrol,Petrol (95 octane),100.14,Kolkata,Available,fuel_psu
2026-07-07,2026-07-07T06:00:00.000000,IOCL,diesel,Diesel,92.61,Kolkata,Available,fuel_psu
2026-07-07,2026-07-07T06:00:00.000000,BPCL,diesel,Diesel,92.61,Kolkata,Available,fuel_psu
2026-07-07,2026-07-07T06:00:00.000000,HPCL,diesel,Diesel,92.61,Kolkata,Available,fuel_psu
2026-07-07,2026-07-07T06:00:00.000000,IOCL,petrol,Petrol (95 octane),103.61,Hyderabad,Available,fuel_psu
2026-07-07,2026-07-07T06:00:00.000000,BPCL,petrol,Petrol (95 octane),103.61,Hyderabad,Available,fuel_psu
2026-07-07,2026-07-07T06:00:00.000000,HPCL,petrol,Petrol (95 octane),103.61,Hyderabad,Available,fuel_psu
2026-07-07,2026-07-07T06:00:00.000000,IOCL,diesel,Diesel,97.5,Hyderabad,Available,fuel_psu
2026-07-07,2026-07-07T06:00:00.000000,BPCL,diesel,Diesel,97.5,Hyderabad,Available,fuel_psu
2026-07-07,2026-07-07T06:00:00.000000,HPCL,diesel,Diesel,97.5,Hyderabad,Available,fuel_psu
2026-07-07,2026-07-07T06:00:00.000000,IOCL,petrol,Petrol (95 octane),100.28,Pune,Available,fuel_psu
2026-07-07,2026-07-07T06:00:00.000000,BPCL,petrol,Petrol (95 octane),100.28,Pune,Available,fuel_psu
2026-07-07,2026-07-07T06:00:00.000000,HPCL,petrol,Petrol (95 octane),100.28,Pune,Available,fuel_psu
2026-07-07,2026-07-07T06:00:00.000000,IOCL,diesel,Diesel,92.46,Pune,Available,fuel_psu
2026-07-07,2026-07-07T06:00:00.000000,BPCL,diesel,Diesel,92.46,Pune,Available,fuel_psu
2026-07-07,2026-07-07T06:00:00.000000,HPCL,diesel,Diesel,92.46,Pune,Available,fuel_psu
2026-07-07,2026-07-07T06:00:00.000000,IOCL,petrol,Petrol (95 octane),90.64,Ahmedabad,Available,fuel_psu
2026-07-07,2026-07-07T06:00:00.000000,BPCL,petrol,Petrol (95 octane),90.64,Ahmedabad,Available,fuel_psu
2026-07-07,2026-07-07T06:00:00.000000,HPCL,petrol,Petrol (95 octane),90.64,Ahmedabad,Available,fuel_psu
2026-07-07,2026-07-07T06:00:00.000000,IOCL,diesel,Diesel,91.96,Ahmedabad,Available,fuel_psu
2026-07-07,2026-07-07T06:00:00.000000,BPCL,diesel,Diesel,91.96,Ahmedabad,Available,fuel_psu
2026-07-07,2026-07-07T06:00:00.000000,HPCL,diesel,Diesel,91.96,Ahmedabad,Available,fuel_psu
2026-07-07,2026-07-07T06:00:00.000000,IOCL,petrol,Petrol (95 octane),101.08,Jaipur,Available,fuel_psu
2026-07-07,2026-07-07T06:00:00.000000,BPCL,petrol,Petrol (95 octane),101.08,Jaipur,Available,fuel_psu
2026-07-07,2026-07-07T06:00:00.000000,HPCL,petrol,Petrol (95 octane),101.08,Jaipur,Available,fuel_psu
2026-07-07,2026-07-07T06:00:00.000000,IOCL,diesel,Diesel,92.21,Jaipur,Available,fuel_psu
2026-07-07,2026-07-07T06:00:00.000000,BPCL,diesel,Diesel,92.21,Jaipur,Available,fuel_psu
2026-07-07,2026-07-07T06:00:00.000000,HPCL,diesel,Diesel,92.21,Jaipur,Available,fuel_psu
2026-07-07,2026-07-07T06:00:00.000000,IOCL,petrol,Petrol (95 octane),90.85,Lucknow,Available,fuel_psu
2026-07-07,2026-07-07T06:00:00.000000,BPCL,petrol,Petrol (95 octane),90.85,Lucknow,Available,fuel_psu
2026-07-07,2026-07-07T06:00:00.000000,HPCL,petrol,Petrol (95 octane),90.85,Lucknow,Available,fuel_psu
2026-07-07,2026-07-07T06:00:00.000000,IOCL,diesel,Diesel,89.61,Lucknow,Available,fuel_psu
2026-07-07,2026-07-07T06:00:00.000000,BPCL,diesel,Diesel,89.61,Lucknow,Available,fuel_psu
2026-07-07,2026-07-07T06:00:00.000000,HPCL,diesel,Diesel,89.61,Lucknow,Available,fuel_psu
2026-07-07,2026-07-07T06:00:00.000000,IOCL,petrol,Petrol (95 octane),90.44,Chandigarh,Available,fuel_psu
2026-07-07,2026-07-07T06:00:00.000000,BPCL,petrol,Petrol (95 octane),90.44,Chandigarh,Available,fuel_psu
2026-07-07,2026-07-07T06:00:00.000000,HPCL,petrol,Petrol (95 octane),90.44,Chandigarh,Available,fuel_psu
2026-07-07,2026-07-07T06:00:00.000000,IOCL,diesel,Diesel,84.25,Chandigarh,Available,fuel_psu
2026-07-07,2026-07-07T06:00:00.000000,BPCL,diesel,Diesel,84.25,Chandigarh,Available,fuel_psu
2026-07-07,2026-07-07T06:00:00.000000,HPCL,diesel,Diesel,84.25,Chandigarh,Available,fuel_psu
2026-07-07,2026-07-07T06:00:00.000000,IOCL,petrol,Petrol (95 octane),90.51,Surat,Available,fuel_psu
2026-07-07,2026-07-07T06:00:00.000000,BPCL,petrol,Petrol (95 octane),90.51,Surat,Available,fuel_psu
2026-07-07,2026-07-07T06:00:00.000000,HPCL,petrol,Petrol (95 octane),90.51,Surat,Available,fuel_psu
2026-07-07,2026-07-07T06:00:00.000000,IOCL,diesel,Diesel,91.83,Surat,Available,fuel_psu
2026-07-07,2026-07-07T06:00:00.000000,BPCL,diesel,Diesel,91.83,Surat,Available,fuel_psu
2026-07-07,2026-07-07T06:00:00.000000,HPCL,diesel,Diesel,91.83,Surat,Available,fuel_psu
2026-07-07,2026-07-07T06:00:00.000000,IOCL,petrol,Petrol (95 octane),101.38,Patna,Available,fuel_psu
2026-07-07,2026-07-07T06:00:00.000000,BPCL,petrol,Petrol (95 octane),101.38,Patna,Available,fuel_psu
2026-07-07,2026-07-07T06:00:00.000000,HPCL,petrol,Petrol (95 octane),101.38,Patna,Available,fuel_psu
2026-07-07,2026-07-07T06:00:00.000000,IOCL,diesel,Diesel,93.89,Patna,Available,fuel_psu
2026-07-07,2026-07-07T06:00:00.000000,BPCL,diesel,Diesel,93.89,Patna,Available,fuel_psu
2026-07-07,2026-07-07T06:00:00.000000,HPCL,diesel,Diesel,93.89,Patna,Available,fuel_psu
2026-07-07,2026-07-07T06:00:00.000000,IOCL,petrol,Petrol (95 octane),90.86,Noida,Available,fuel_psu
2026-07-07,2026-07-07T06:00:00.000000,BPCL,petrol,Petrol (95 octane),90.86,Noida,Available,fuel_psu
2026-07-07,2026-07-07T06:00:00.000000,HPCL,petrol,Petrol (95 octane),90.86,Noida,Available,fuel_psu
2026-07-07,2026-07-07T06:00:00.000000,IOCL,diesel,Diesel,89.6,Noida,Available,fuel_psu
2026-07-07,2026-07-07T06:00:00.000000,BPCL,diesel,Diesel,89.6,Noida,Available,fuel_psu
2026-07-07,2026-07-07T06:00:00.000000,HPCL,diesel,Diesel,89.6,Noida,Available,fuel_psu
2026-07-07,2026-07-07T06:00:00.000000,IOCL,petrol,Petrol (95 octane),91.18,Gurgaon,Available,fuel_psu
2026-07-07,2026-07-07T06:00:00.000000,BPCL,petrol,Petrol (95 octane),91.18,Gurgaon,Available,fuel_psu
2026-07-07,2026-07-07T06:00:00.000000,HPCL,petrol,Petrol (95 octane),91.18,Gurgaon,Available,fuel_psu
2026-07-07,2026-07-07T06:00:00.000000,IOCL,diesel,Diesel,89.7,Gurgaon,Available,fuel_psu
2026-07-07,2026-07-07T06:00:00.000000,BPCL,diesel,Diesel,89.7,Gurgaon,Available,fuel_psu
2026-07-07,2026-07-07T06:00:00.000000,HPCL,diesel,Diesel,89.7,Gurgaon,Available,fuel_psu
2026-07-07,2026-07-07T06:00:00.000000,IOCL,petrol,Petrol (95 octane),102.7,Indore,Available,fuel_psu
2026-07-07,2026-07-07T06:00:00.000000,BPCL,petrol,Petrol (95 octane),102.7,Indore,Available,fuel_psu
2026-07-07,2026-07-07T06:00:00.000000,HPCL,petrol,Petrol (95 octane),102.7,Indore,Available,fuel_psu
2026-07-07,2026-07-07T06:00:00.000000,IOCL,diesel,Diesel,93.74,Indore,Available,fuel_psu
2026-07-07,2026-07-07T06:00:00.000000,BPCL,diesel,Diesel,93.74,Indore,Available,fuel_psu
2026-07-07,2026-07-07T06:00:00.000000,HPCL,diesel,Diesel,93.74,Indore,Available,fuel_psu
2026-07-08,2026-07-08T06:00:00.000000,IOCL,petrol,Petrol (95 octane),100.41,Mumbai,Available,fuel_psu
2026-07-08,2026-07-08T06:00:00.000000,BPCL,petrol,Petrol (95 octane),100.41,Mumbai,Available,fuel_psu
2026-07-08,2026-07-08T06:00:00.000000,HPCL,petrol,Petrol (95 octane),100.41,Mumbai,Available,fuel_psu
2026-07-08,2026-07-08T06:00:00.000000,IOCL,diesel,Diesel,94.0,Mumbai,Available,fuel_psu
2026-07-08,2026-07-08T06:00:00.000000,BPCL,diesel,Diesel,94.0,Mumbai,Available,fuel_psu
2026-07-08,2026-07-08T06:00:00.000000,HPCL,diesel,Diesel,94.0,Mumbai,Available,fuel_psu
2026-07-08,2026-07-08T06:00:00.000000,IOCL,petrol,Petrol (95 octane),90.92,Delhi,Available,fuel_psu
2026-07-08,2026-07-08T06:00:00.000000,BPCL,petrol,Petrol (95 octane),90.92,Delhi,Available,fuel_psu
2026-07-08,2026-07-08T06:00:00.000000,HPCL,petrol,Petrol (95 octane),90.92,Delhi,Available,fuel_psu
2026-07-08,2026-07-08T06:00:00.000000,IOCL,diesel,Diesel,89.47,Delhi,Available,fuel_psu
2026-07-08,2026-07-08T06:00:00.000000,BPCL,diesel,Diesel,89.47,Delhi,Available,fuel_psu
2026-07-08,2026-07-08T06:00:00.000000,HPCL,diesel,Diesel,89.47,Delhi,Available,fuel_psu
2026-07-08,2026-07-08T06:00:00.000000,IOCL,petrol,Petrol (95 octane),99.06,Bengaluru,Available,fuel_psu
2026-07-08,2026-07-08T06:00:00.000000,BPCL,petrol,Petrol (95 octane),99.06,Bengaluru,Available,fuel_psu
2026-07-08,2026-07-08T06:00:00.000000,HPCL,petrol,Petrol (95 octane),99.06,Bengaluru,Available,fuel_psu
2026-07-08,2026-07-08T06:00:00.000000,IOCL,diesel,Diesel,90.79,Bengaluru,Available,fuel_psu
2026-07-08,2026-07-08T06:00:00.000000,BPCL,diesel,Diesel,90.79,Bengaluru,Available,fuel_psu
2026-07-08,2026-07-08T06:00:00.000000,HPCL,diesel,Diesel,90.79,Bengaluru,Available,fuel_psu
2026-07-08,2026-07-08T06:00:00.000000,IOCL,petrol,Petrol (95 octane),96.95,Chennai,Available,fuel_psu
2026-07-08,2026-07-08T06:00:00.000000,BPCL,petrol,Petrol (95 octane),96.95,Chennai,Available,fuel_psu
2026-07-08,2026-07-08T06:00:00.000000,HPCL,petrol,Petrol (95 octane),96.95,Chennai,Available,fuel_psu
2026-07-08,2026-07-08T06:00:00.000000,IOCL,diesel,Diesel,94.19,Chennai,Available,fuel_psu
2026-07-08,2026-07-08T06:00:00.000000,BPCL,diesel,Diesel,94.19,Chennai,Available,fuel_psu
2026-07-08,2026-07-08T06:00:00.000000,HPCL,diesel,Diesel,94.19,Chennai,Available,fuel_psu
2026-07-08,2026-07-08T06:00:00.000000,IOCL,petrol,Petrol (95 octane),100.14,Kolkata,Available,fuel_psu
2026-07-08,2026-07-08T06:00:00.000000,BPCL,petrol,Petrol (95 octane),100.14,Kolkata,Available,fuel_psu
2026-07-08,2026-07-08T06:00:00.000000,HPCL,petrol,Petrol (95 octane),100.14,Kolkata,Available,fuel_psu
2026-07-08,2026-07-08T06:00:00.000000,IOCL,diesel,Diesel,92.61,Kolkata,Available,fuel_psu
2026-07-08,2026-07-08T06:00:00.000000,BPCL,diesel,Diesel,92.61,Kolkata,Available,fuel_psu
2026-07-08,2026-07-08T06:00:00.000000,HPCL,diesel,Diesel,92.61,Kolkata,Available,fuel_psu
2026-07-08,2026-07-08T06:00:00.000000,IOCL,petrol,Petrol (95 octane),103.61,Hyderabad,Available,fuel_psu
2026-07-08,2026-07-08T06:00:00.000000,BPCL,petrol,Petrol (95 octane),103.61,Hyderabad,Available,fuel_psu
2026-07-08,2026-07-08T06:00:00.000000,HPCL,petrol,Petrol (95 octane),103.61,Hyderabad,Available,fuel_psu
2026-07-08,2026-07-08T06:00:00.000000,IOCL,diesel,Diesel,97.5,Hyderabad,Available,fuel_psu
2026-07-08,2026-07-08T06:00:00.000000,BPCL,diesel,Diesel,97.5,Hyderabad,Available,fuel_psu
2026-07-08,2026-07-08T06:00:00.000000,HPCL,diesel,Diesel,97.5,Hyderabad,Available,fuel_psu
2026-07-08,2026-07-08T06:00:00.000000,IOCL,petrol,Petrol (95 octane),100.28,Pune,Available,fuel_psu
2026-07-08,2026-07-08T06:00:00.000000,BPCL,petrol,Petrol (95 octane),100.28,Pune,Available,fuel_psu
2026-07-08,2026-07-08T06:00:00.000000,HPCL,petrol,Petrol (95 octane),100.28,Pune,Available,fuel_psu
2026-07-08,2026-07-08T06:00:00.000000,IOCL,diesel,Diesel,92.46,Pune,Available,fuel_psu
2026-07-08,2026-07-08T06:00:00.000000,BPCL,diesel,Diesel,92.46,Pune,Available,fuel_psu
2026-07-08,2026-07-08T06:00:00.000000,HPCL,diesel,Diesel,92.46,Pune,Available,fuel_psu
2026-07-08,2026-07-08T06:00:00.000000,IOCL,petrol,Petrol (95 octane),90.64,Ahmedabad,Available,fuel_psu
2026-07-08,2026-07-08T06:00:00.000000,BPCL,petrol,Petrol (95 octane),90.64,Ahmedabad,Available,fuel_psu
2026-07-08,2026-07-08T06:00:00.000000,HPCL,petrol,Petrol (95 octane),90.64,Ahmedabad,Available,fuel_psu
2026-07-08,2026-07-08T06:00:00.000000,IOCL,diesel,Diesel,91.96,Ahmedabad,Available,fuel_psu
2026-07-08,2026-07-08T06:00:00.000000,BPCL,diesel,Diesel,91.96,Ahmedabad,Available,fuel_psu
2026-07-08,2026-07-08T06:00:00.000000,HPCL,diesel,Diesel,91.96,Ahmedabad,Available,fuel_psu
2026-07-08,2026-07-08T06:00:00.000000,IOCL,petrol,Petrol (95 octane),101.08,Jaipur,Available,fuel_psu
2026-07-08,2026-07-08T06:00:00.000000,BPCL,petrol,Petrol (95 octane),101.08,Jaipur,Available,fuel_psu
2026-07-08,2026-07-08T06:00:00.000000,HPCL,petrol,Petrol (95 octane),101.08,Jaipur,Available,fuel_psu
2026-07-08,2026-07-08T06:00:00.000000,IOCL,diesel,Diesel,92.21,Jaipur,Available,fuel_psu
2026-07-08,2026-07-08T06:00:00.000000,BPCL,diesel,Diesel,92.21,Jaipur,Available,fuel_psu
2026-07-08,2026-07-08T06:00:00.000000,HPCL,diesel,Diesel,92.21,Jaipur,Available,fuel_psu
2026-07-08,2026-07-08T06:00:00.000000,IOCL,petrol,Petrol (95 octane),90.85,Lucknow,Available,fuel_psu
2026-07-08,2026-07-08T06:00:00.000000,BPCL,petrol,Petrol (95 octane),90.85,Lucknow,Available,fuel_psu
2026-07-08,2026-07-08T06:00:00.000000,HPCL,petrol,Petrol (95 octane),90.85,Lucknow,Available,fuel_psu
2026-07-08,2026-07-08T06:00:00.000000,IOCL,diesel,Diesel,89.61,Lucknow,Available,fuel_psu
2026-07-08,2026-07-08T06:00:00.000000,BPCL,diesel,Diesel,89.61,Lucknow,Available,fuel_psu
2026-07-08,2026-07-08T06:00:00.000000,HPCL,diesel,Diesel,89.61,Lucknow,Available,fuel_psu
2026-07-08,2026-07-08T06:00:00.000000,IOCL,petrol,Petrol (95 octane),90.44,Chandigarh,Available,fuel_psu
2026-07-08,2026-07-08T06:00:00.000000,BPCL,petrol,Petrol (95 octane),90.44,Chandigarh,Available,fuel_psu
2026-07-08,2026-07-08T06:00:00.000000,HPCL,petrol,Petrol (95 octane),90.44,Chandigarh,Available,fuel_psu
2026-07-08,2026-07-08T06:00:00.000000,IOCL,diesel,Diesel,84.25,Chandigarh,Available,fuel_psu
2026-07-08,2026-07-08T06:00:00.000000,BPCL,diesel,Diesel,84.25,Chandigarh,Available,fuel_psu
2026-07-08,2026-07-08T06:00:00.000000,HPCL,diesel,Diesel,84.25,Chandigarh,Available,fuel_psu
2026-07-08,2026-07-08T06:00:00.000000,IOCL,petrol,Petrol (95 octane),90.51,Surat,Available,fuel_psu
2026-07-08,2026-07-08T06:00:00.000000,BPCL,petrol,Petrol (95 octane),90.51,Surat,Available,fuel_psu
2026-07-08,2026-07-08T06:00:00.000000,HPCL,petrol,Petrol (95 octane),90.51,Surat,Available,fuel_psu
2026-07-08,2026-07-08T06:00:00.000000,IOCL,diesel,Diesel,91.83,Surat,Available,fuel_psu
2026-07-08,2026-07-08T06:00:00.000000,BPCL,diesel,Diesel,91.83,Surat,Available,fuel_psu
2026-07-08,2026-07-08T06:00:00.000000,HPCL,diesel,Diesel,91.83,Surat,Available,fuel_psu
2026-07-08,2026-07-08T06:00:00.000000,IOCL,petrol,Petrol (95 octane),101.38,Patna,Available,fuel_psu
2026-07-08,2026-07-08T06:00:00.000000,BPCL,petrol,Petrol (95 octane),101.38,Patna,Available,fuel_psu
2026-07-08,2026-07-08T06:00:00.000000,HPCL,petrol,Petrol (95 octane),101.38,Patna,Available,fuel_psu
2026-07-08,2026-07-08T06:00:00.000000,IOCL,diesel,Diesel,93.89,Patna,Available,fuel_psu
2026-07-08,2026-07-08T06:00:00.000000,BPCL,diesel,Diesel,93.89,Patna,Available,fuel_psu
2026-07-08,2026-07-08T06:00:00.000000,HPCL,diesel,Diesel,93.89,Patna,Available,fuel_psu
2026-07-08,2026-07-08T06:00:00.000000,IOCL,petrol,Petrol (95 octane),90.86,Noida,Available,fuel_psu
2026-07-08,2026-07-08T06:00:00.000000,BPCL,petrol,Petrol (95 octane),90.86,Noida,Available,fuel_psu
2026-07-08,2026-07-08T06:00:00.000000,HPCL,petrol,Petrol (95 octane),90.86,Noida,Available,fuel_psu
2026-07-08,2026-07-08T06:00:00.000000,IOCL,diesel,Diesel,89.6,Noida,Available,fuel_psu
2026-07-08,2026-07-08T06:00:00.000000,BPCL,diesel,Diesel,89.6,Noida,Available,fuel_psu
2026-07-08,2026-07-08T06:00:00.000000,HPCL,diesel,Diesel,89.6,Noida,Available,fuel_psu
2026-07-08,2026-07-08T06:00:00.000000,IOCL,petrol,Petrol (95 octane),91.18,Gurgaon,Available,fuel_psu
2026-07-08,2026-07-08T06:00:00.000000,BPCL,petrol,Petrol (95 octane),91.18,Gurgaon,Available,fuel_psu
2026-07-08,2026-07-08T06:00:00.000000,HPCL,petrol,Petrol (95 octane),91.18,Gurgaon,Available,fuel_psu
2026-07-08,2026-07-08T06:00:00.000000,IOCL,diesel,Diesel,89.7,Gurgaon,Available,fuel_psu
2026-07-08,2026-07-08T06:00:00.000000,BPCL,diesel,Diesel,89.7,Gurgaon,Available,fuel_psu
2026-07-08,2026-07-08T06:00:00.000000,HPCL,diesel,Diesel,89.7,Gurgaon,Available,fuel_psu
2026-07-08,2026-07-08T06:00:00.000000,IOCL,petrol,Petrol (95 octane),102.7,Indore,Available,fuel_psu
2026-07-08,2026-07-08T06:00:00.000000,BPCL,petrol,Petrol (95 octane),102.7,Indore,Available,fuel_psu
2026-07-08,2026-07-08T06:00:00.000000,HPCL,petrol,Petrol (95 octane),102.7,Indore,Available,fuel_psu
2026-07-08,2026-07-08T06:00:00.000000,IOCL,diesel,Diesel,93.74,Indore,Available,fuel_psu
2026-07-08,2026-07-08T06:00:00.000000,BPCL,diesel,Diesel,93.74,Indore,Available,fuel_psu
2026-07-08,2026-07-08T06:00:00.000000,HPCL,diesel,Diesel,93.74,Indore,Available,fuel_psu
2026-07-09,2026-07-09T06:00:00.000000,IOCL,petrol,Petrol (95 octane),100.41,Mumbai,Available,fuel_psu
2026-07-09,2026-07-09T06:00:00.000000,BPCL,petrol,Petrol (95 octane),100.41,Mumbai,Available,fuel_psu
2026-07-09,2026-07-09T06:00:00.000000,HPCL,petrol,Petrol (95 octane),100.41,Mumbai,Available,fuel_psu
2026-07-09,2026-07-09T06:00:00.000000,IOCL,diesel,Diesel,94.0,Mumbai,Available,fuel_psu
2026-07-09,2026-07-09T06:00:00.000000,BPCL,diesel,Diesel,94.0,Mumbai,Available,fuel_psu
2026-07-09,2026-07-09T06:00:00.000000,HPCL,diesel,Diesel,94.0,Mumbai,Available,fuel_psu
2026-07-09,2026-07-09T06:00:00.000000,IOCL,petrol,Petrol (95 octane),90.92,Delhi,Available,fuel_psu
2026-07-09,2026-07-09T06:00:00.000000,BPCL,petrol,Petrol (95 octane),90.92,Delhi,Available,fuel_psu
2026-07-09,2026-07-09T06:00:00.000000,HPCL,petrol,Petrol (95 octane),90.92,Delhi,Available,fuel_psu
2026-07-09,2026-07-09T06:00:00.000000,IOCL,diesel,Diesel,89.47,Delhi,Available,fuel_psu
2026-07-09,2026-07-09T06:00:00.000000,BPCL,diesel,Diesel,89.47,Delhi,Available,fuel_psu
2026-07-09,2026-07-09T06:00:00.000000,HPCL,diesel,Diesel,89.47,Delhi,Available,fuel_psu
2026-07-09,2026-07-09T06:00:00.000000,IOCL,petrol,Petrol (95 octane),99.06,Bengaluru,Available,fuel_psu
2026-07-09,2026-07-09T06:00:00.000000,BPCL,petrol,Petrol (95 octane),99.06,Bengaluru,Available,fuel_psu
2026-07-09,2026-07-09T06:00:00.000000,HPCL,petrol,Petrol (95 octane),99.06,Bengaluru,Available,fuel_psu
2026-07-09,2026-07-09T06:00:00.000000,IOCL,diesel,Diesel,90.79,Bengaluru,Available,fuel_psu
2026-07-09,2026-07-09T06:00:00.000000,BPCL,diesel,Diesel,90.79,Bengaluru,Available,fuel_psu
2026-07-09,2026-07-09T06:00:00.000000,HPCL,diesel,Diesel,90.79,Bengaluru,Available,fuel_psu
2026-07-09,2026-07-09T06:00:00.000000,IOCL,petrol,Petrol (95 octane),96.95,Chennai,Available,fuel_psu
2026-07-09,2026-07-09T06:00:00.000000,BPCL,petrol,Petrol (95 octane),96.95,Chennai,Available,fuel_psu
2026-07-09,2026-07-09T06:00:00.000000,HPCL,petrol,Petrol (95 octane),96.95,Chennai,Available,fuel_psu
2026-07-09,2026-07-09T06:00:00.000000,IOCL,diesel,Diesel,94.19,Chennai,Available,fuel_psu
2026-07-09,2026-07-09T06:00:00.000000,BPCL,diesel,Diesel,94.19,Chennai,Available,fuel_psu
2026-07-09,2026-07-09T06:00:00.000000,HPCL,diesel,Diesel,94.19,Chennai,Available,fuel_psu
2026-07-09,2026-07-09T06:00:00.000000,IOCL,petrol,Petrol (95 octane),100.14,Kolkata,Available,fuel_psu
2026-07-09,2026-07-09T06:00:00.000000,BPCL,petrol,Petrol (95 octane),100.14,Kolkata,Available,fuel_psu
2026-07-09,2026-07-09T06:00:00.000000,HPCL,petrol,Petrol (95 octane),100.14,Kolkata,Available,fuel_psu
2026-07-09,2026-07-09T06:00:00.000000,IOCL,diesel,Diesel,92.61,Kolkata,Available,fuel_psu
2026-07-09,2026-07-09T06:00:00.000000,BPCL,diesel,Diesel,92.61,Kolkata,Available,fuel_psu
2026-07-09,2026-07-09T06:00:00.000000,HPCL,diesel,Diesel,92.61,Kolkata,Available,fuel_psu
2026-07-09,2026-07-09T06:00:00.000000,IOCL,petrol,Petrol (95 octane),103.61,Hyderabad,Available,fuel_psu
2026-07-09,2026-07-09T06:00:00.000000,BPCL,petrol,Petrol (95 octane),103.61,Hyderabad,Available,fuel_psu
2026-07-09,2026-07-09T06:00:00.000000,HPCL,petrol,Petrol (95 octane),103.61,Hyderabad,Available,fuel_psu
2026-07-09,2026-07-09T06:00:00.000000,IOCL,diesel,Diesel,97.5,Hyderabad,Available,fuel_psu
2026-07-09,2026-07-09T06:00:00.000000,BPCL,diesel,Diesel,97.5,Hyderabad,Available,fuel_psu
2026-07-09,2026-07-09T06:00:00.000000,HPCL,diesel,Diesel,97.5,Hyderabad,Available,fuel_psu
2026-07-09,2026-07-09T06:00:00.000000,IOCL,petrol,Petrol (95 octane),100.28,Pune,Available,fuel_psu
2026-07-09,2026-07-09T06:00:00.000000,BPCL,petrol,Petrol (95 octane),100.28,Pune,Available,fuel_psu
2026-07-09,2026-07-09T06:00:00.000000,HPCL,petrol,Petrol (95 octane),100.28,Pune,Available,fuel_psu
2026-07-09,2026-07-09T06:00:00.000000,IOCL,diesel,Diesel,92.46,Pune,Available,fuel_psu
2026-07-09,2026-07-09T06:00:00.000000,BPCL,diesel,Diesel,92.46,Pune,Available,fuel_psu
2026-07-09,2026-07-09T06:00:00.000000,HPCL,diesel,Diesel,92.46,Pune,Available,fuel_psu
2026-07-09,2026-07-09T06:00:00.000000,IOCL,petrol,Petrol (95 octane),90.64,Ahmedabad,Available,fuel_psu
2026-07-09,2026-07-09T06:00:00.000000,BPCL,petrol,Petrol (95 octane),90.64,Ahmedabad,Available,fuel_psu
2026-07-09,2026-07-09T06:00:00.000000,HPCL,petrol,Petrol (95 octane),90.64,Ahmedabad,Available,fuel_psu
2026-07-09,2026-07-09T06:00:00.000000,IOCL,diesel,Diesel,91.96,Ahmedabad,Available,fuel_psu
2026-07-09,2026-07-09T06:00:00.000000,BPCL,diesel,Diesel,91.96,Ahmedabad,Available,fuel_psu
2026-07-09,2026-07-09T06:00:00.000000,HPCL,diesel,Diesel,91.96,Ahmedabad,Available,fuel_psu
2026-07-09,2026-07-09T06:00:00.000000,IOCL,petrol,Petrol (95 octane),101.08,Jaipur,Available,fuel_psu
2026-07-09,2026-07-09T06:00:00.000000,BPCL,petrol,Petrol (95 octane),101.08,Jaipur,Available,fuel_psu
2026-07-09,2026-07-09T06:00:00.000000,HPCL,petrol,Petrol (95 octane),101.08,Jaipur,Available,fuel_psu
2026-07-09,2026-07-09T06:00:00.000000,IOCL,diesel,Diesel,92.21,Jaipur,Available,fuel_psu
2026-07-09,2026-07-09T06:00:00.000000,BPCL,diesel,Diesel,92.21,Jaipur,Available,fuel_psu
2026-07-09,2026-07-09T06:00:00.000000,HPCL,diesel,Diesel,92.21,Jaipur,Available,fuel_psu
2026-07-09,2026-07-09T06:00:00.000000,IOCL,petrol,Petrol (95 octane),90.85,Lucknow,Available,fuel_psu
2026-07-09,2026-07-09T06:00:00.000000,BPCL,petrol,Petrol (95 octane),90.85,Lucknow,Available,fuel_psu
2026-07-09,2026-07-09T06:00:00.000000,HPCL,petrol,Petrol (95 octane),90.85,Lucknow,Available,fuel_psu
2026-07-09,2026-07-09T06:00:00.000000,IOCL,diesel,Diesel,89.61,Lucknow,Available,fuel_psu
2026-07-09,2026-07-09T06:00:00.000000,BPCL,diesel,Diesel,89.61,Lucknow,Available,fuel_psu
2026-07-09,2026-07-09T06:00:00.000000,HPCL,diesel,Diesel,89.61,Lucknow,Available,fuel_psu
2026-07-09,2026-07-09T06:00:00.000000,IOCL,petrol,Petrol (95 octane),90.44,Chandigarh,Available,fuel_psu
2026-07-09,2026-07-09T06:00:00.000000,BPCL,petrol,Petrol (95 octane),90.44,Chandigarh,Available,fuel_psu
2026-07-09,2026-07-09T06:00:00.000000,HPCL,petrol,Petrol (95 octane),90.44,Chandigarh,Available,fuel_psu
2026-07-09,2026-07-09T06:00:00.000000,IOCL,diesel,Diesel,84.25,Chandigarh,Available,fuel_psu
2026-07-09,2026-07-09T06:00:00.000000,BPCL,diesel,Diesel,84.25,Chandigarh,Available,fuel_psu
2026-07-09,2026-07-09T06:00:00.000000,HPCL,diesel,Diesel,84.25,Chandigarh,Available,fuel_psu
2026-07-09,2026-07-09T06:00:00.000000,IOCL,petrol,Petrol (95 octane),90.51,Surat,Available,fuel_psu
2026-07-09,2026-07-09T06:00:00.000000,BPCL,petrol,Petrol (95 octane),90.51,Surat,Available,fuel_psu
2026-07-09,2026-07-09T06:00:00.000000,HPCL,petrol,Petrol (95 octane),90.51,Surat,Available,fuel_psu
2026-07-09,2026-07-09T06:00:00.000000,IOCL,diesel,Diesel,91.83,Surat,Available,fuel_psu
2026-07-09,2026-07-09T06:00:00.000000,BPCL,diesel,Diesel,91.83,Surat,Available,fuel_psu
2026-07-09,2026-07-09T06:00:00.000000,HPCL,diesel,Diesel,91.83,Surat,Available,fuel_psu
2026-07-09,2026-07-09T06:00:00.000000,IOCL,petrol,Petrol (95 octane),101.38,Patna,Available,fuel_psu
2026-07-09,2026-07-09T06:00:00.000000,BPCL,petrol,Petrol (95 octane),101.38,Patna,Available,fuel_psu
2026-07-09,2026-07-09T06:00:00.000000,HPCL,petrol,Petrol (95 octane),101.38,Patna,Available,fuel_psu
2026-07-09,2026-07-09T06:00:00.000000,IOCL,diesel,Diesel,93.89,Patna,Available,fuel_psu
2026-07-09,2026-07-09T06:00:00.000000,BPCL,diesel,Diesel,93.89,Patna,Available,fuel_psu
2026-07-09,2026-07-09T06:00:00.000000,HPCL,diesel,Diesel,93.89,Patna,Available,fuel_psu
2026-07-09,2026-07-09T06:00:00.000000,IOCL,petrol,Petrol (95 octane),90.86,Noida,Available,fuel_psu
2026-07-09,2026-07-09T06:00:00.000000,BPCL,petrol,Petrol (95 octane),90.86,Noida,Available,fuel_psu
2026-07-09,2026-07-09T06:00:00.000000,HPCL,petrol,Petrol (95 octane),90.86,Noida,Available,fuel_psu
2026-07-09,2026-07-09T06:00:00.000000,IOCL,diesel,Diesel,89.6,Noida,Available,fuel_psu
2026-07-09,2026-07-09T06:00:00.000000,BPCL,diesel,Diesel,89.6,Noida,Available,fuel_psu
2026-07-09,2026-07-09T06:00:00.000000,HPCL,diesel,Diesel,89.6,Noida,Available,fuel_psu
2026-07-09,2026-07-09T06:00:00.000000,IOCL,petrol,Petrol (95 octane),91.18,Gurgaon,Available,fuel_psu
2026-07-09,2026-07-09T06:00:00.000000,BPCL,petrol,Petrol (95 octane),91.18,Gurgaon,Available,fuel_psu
2026-07-09,2026-07-09T06:00:00.000000,HPCL,petrol,Petrol (95 octane),91.18,Gurgaon,Available,fuel_psu
2026-07-09,2026-07-09T06:00:00.000000,IOCL,diesel,Diesel,89.7,Gurgaon,Available,fuel_psu
2026-07-09,2026-07-09T06:00:00.000000,BPCL,diesel,Diesel,89.7,Gurgaon,Available,fuel_psu
2026-07-09,2026-07-09T06:00:00.000000,HPCL,diesel,Diesel,89.7,Gurgaon,Available,fuel_psu
2026-07-09,2026-07-09T06:00:00.000000,IOCL,petrol,Petrol (95 octane),102.7,Indore,Available,fuel_psu
2026-07-09,2026-07-09T06:00:00.000000,BPCL,petrol,Petrol (95 octane),102.7,Indore,Available,fuel_psu
2026-07-09,2026-07-09T06:00:00.000000,HPCL,petrol,Petrol (95 octane),102.7,Indore,Available,fuel_psu
2026-07-09,2026-07-09T06:00:00.000000,IOCL,diesel,Diesel,93.74,Indore,Available,fuel_psu
2026-07-09,2026-07-09T06:00:00.000000,BPCL,diesel,Diesel,93.74,Indore,Available,fuel_psu
2026-07-09,2026-07-09T06:00:00.000000,HPCL,diesel,Diesel,93.74,Indore,Available,fuel_psu
2026-07-10,2026-07-10T06:00:00.000000,IOCL,petrol,Petrol (95 octane),100.41,Mumbai,Available,fuel_psu
2026-07-10,2026-07-10T06:00:00.000000,BPCL,petrol,Petrol (95 octane),100.41,Mumbai,Available,fuel_psu
2026-07-10,2026-07-10T06:00:00.000000,HPCL,petrol,Petrol (95 octane),100.41,Mumbai,Available,fuel_psu
2026-07-10,2026-07-10T06:00:00.000000,IOCL,diesel,Diesel,94.0,Mumbai,Available,fuel_psu
2026-07-10,2026-07-10T06:00:00.000000,BPCL,diesel,Diesel,94.0,Mumbai,Available,fuel_psu
2026-07-10,2026-07-10T06:00:00.000000,HPCL,diesel,Diesel,94.0,Mumbai,Available,fuel_psu
2026-07-10,2026-07-10T06:00:00.000000,IOCL,petrol,Petrol (95 octane),90.92,Delhi,Available,fuel_psu
2026-07-10,2026-07-10T06:00:00.000000,BPCL,petrol,Petrol (95 octane),90.92,Delhi,Available,fuel_psu
2026-07-10,2026-07-10T06:00:00.000000,HPCL,petrol,Petrol (95 octane),90.92,Delhi,Available,fuel_psu
2026-07-10,2026-07-10T06:00:00.000000,IOCL,diesel,Diesel,89.47,Delhi,Available,fuel_psu
2026-07-10,2026-07-10T06:00:00.000000,BPCL,diesel,Diesel,89.47,Delhi,Available,fuel_psu
2026-07-10,2026-07-10T06:00:00.000000,HPCL,diesel,Diesel,89.47,Delhi,Available,fuel_psu
2026-07-10,2026-07-10T06:00:00.000000,IOCL,petrol,Petrol (95 octane),99.06,Bengaluru,Available,fuel_psu
2026-07-10,2026-07-10T06:00:00.000000,BPCL,petrol,Petrol (95 octane),99.06,Bengaluru,Available,fuel_psu
2026-07-10,2026-07-10T06:00:00.000000,HPCL,petrol,Petrol (95 octane),99.06,Bengaluru,Available,fuel_psu
2026-07-10,2026-07-10T06:00:00.000000,IOCL,diesel,Diesel,90.79,Bengaluru,Available,fuel_psu
2026-07-10,2026-07-10T06:00:00.000000,BPCL,diesel,Diesel,90.79,Bengaluru,Available,fuel_psu
2026-07-10,2026-07-10T06:00:00.000000,HPCL,diesel,Diesel,90.79,Bengaluru,Available,fuel_psu
2026-07-10,2026-07-10T06:00:00.000000,IOCL,petrol,Petrol (95 octane),96.95,Chennai,Available,fuel_psu
2026-07-10,2026-07-10T06:00:00.000000,BPCL,petrol,Petrol (95 octane),96.95,Chennai,Available,fuel_psu
2026-07-10,2026-07-10T06:00:00.000000,HPCL,petrol,Petrol (95 octane),96.95,Chennai,Available,fuel_psu
2026-07-10,2026-07-10T06:00:00.000000,IOCL,diesel,Diesel,94.19,Chennai,Available,fuel_psu
2026-07-10,2026-07-10T06:00:00.000000,BPCL,diesel,Diesel,94.19,Chennai,Available,fuel_psu
2026-07-10,2026-07-10T06:00:00.000000,HPCL,diesel,Diesel,94.19,Chennai,Available,fuel_psu
2026-07-10,2026-07-10T06:00:00.000000,IOCL,petrol,Petrol (95 octane),100.14,Kolkata,Available,fuel_psu
2026-07-10,2026-07-10T06:00:00.000000,BPCL,petrol,Petrol (95 octane),100.14,Kolkata,Available,fuel_psu
2026-07-10,2026-07-10T06:00:00.000000,HPCL,petrol,Petrol (95 octane),100.14,Kolkata,Available,fuel_psu
2026-07-10,2026-07-10T06:00:00.000000,IOCL,diesel,Diesel,92.61,Kolkata,Available,fuel_psu
2026-07-10,2026-07-10T06:00:00.000000,BPCL,diesel,Diesel,92.61,Kolkata,Available,fuel_psu
2026-07-10,2026-07-10T06:00:00.000000,HPCL,diesel,Diesel,92.61,Kolkata,Available,fuel_psu
2026-07-10,2026-07-10T06:00:00.000000,IOCL,petrol,Petrol (95 octane),103.61,Hyderabad,Available,fuel_psu
2026-07-10,2026-07-10T06:00:00.000000,BPCL,petrol,Petrol (95 octane),103.61,Hyderabad,Available,fuel_psu
2026-07-10,2026-07-10T06:00:00.000000,HPCL,petrol,Petrol (95 octane),103.61,Hyderabad,Available,fuel_psu
2026-07-10,2026-07-10T06:00:00.000000,IOCL,diesel,Diesel,97.5,Hyderabad,Available,fuel_psu
2026-07-10,2026-07-10T06:00:00.000000,BPCL,diesel,Diesel,97.5,Hyderabad,Available,fuel_psu
2026-07-10,2026-07-10T06:00:00.000000,HPCL,diesel,Diesel,97.5,Hyderabad,Available,fuel_psu
2026-07-10,2026-07-10T06:00:00.000000,IOCL,petrol,Petrol (95 octane),100.28,Pune,Available,fuel_psu
2026-07-10,2026-07-10T06:00:00.000000,BPCL,petrol,Petrol (95 octane),100.28,Pune,Available,fuel_psu
2026-07-10,2026-07-10T06:00:00.000000,HPCL,petrol,Petrol (95 octane),100.28,Pune,Available,fuel_psu
2026-07-10,2026-07-10T06:00:00.000000,IOCL,diesel,Diesel,92.46,Pune,Available,fuel_psu
2026-07-10,2026-07-10T06:00:00.000000,BPCL,diesel,Diesel,92.46,Pune,Available,fuel_psu
2026-07-10,2026-07-10T06:00:00.000000,HPCL,diesel,Diesel,92.46,Pune,Available,fuel_psu
2026-07-10,2026-07-10T06:00:00.000000,IOCL,petrol,Petrol (95 octane),90.64,Ahmedabad,Available,fuel_psu
2026-07-10,2026-07-10T06:00:00.000000,BPCL,petrol,Petrol (95 octane),90.64,Ahmedabad,Available,fuel_psu
2026-07-10,2026-07-10T06:00:00.000000,HPCL,petrol,Petrol (95 octane),90.64,Ahmedabad,Available,fuel_psu
2026-07-10,2026-07-10T06:00:00.000000,IOCL,diesel,Diesel,91.96,Ahmedabad,Available,fuel_psu
2026-07-10,2026-07-10T06:00:00.000000,BPCL,diesel,Diesel,91.96,Ahmedabad,Available,fuel_psu
2026-07-10,2026-07-10T06:00:00.000000,HPCL,diesel,Diesel,91.96,Ahmedabad,Available,fuel_psu
2026-07-10,2026-07-10T06:00:00.000000,IOCL,petrol,Petrol (95 octane),101.08,Jaipur,Available,fuel_psu
2026-07-10,2026-07-10T06:00:00.000000,BPCL,petrol,Petrol (95 octane),101.08,Jaipur,Available,fuel_psu
2026-07-10,2026-07-10T06:00:00.000000,HPCL,petrol,Petrol (95 octane),101.08,Jaipur,Available,fuel_psu
2026-07-10,2026-07-10T06:00:00.000000,IOCL,diesel,Diesel,92.21,Jaipur,Available,fuel_psu
2026-07-10,2026-07-10T06:00:00.000000,BPCL,diesel,Diesel,92.21,Jaipur,Available,fuel_psu
2026-07-10,2026-07-10T06:00:00.000000,HPCL,diesel,Diesel,92.21,Jaipur,Available,fuel_psu
2026-07-10,2026-07-10T06:00:00.000000,IOCL,petrol,Petrol (95 octane),90.85,Lucknow,Available,fuel_psu
2026-07-10,2026-07-10T06:00:00.000000,BPCL,petrol,Petrol (95 octane),90.85,Lucknow,Available,fuel_psu
2026-07-10,2026-07-10T06:00:00.000000,HPCL,petrol,Petrol (95 octane),90.85,Lucknow,Available,fuel_psu
2026-07-10,2026-07-10T06:00:00.000000,IOCL,diesel,Diesel,89.61,Lucknow,Available,fuel_psu
2026-07-10,2026-07-10T06:00:00.000000,BPCL,diesel,Diesel,89.61,Lucknow,Available,fuel_psu
2026-07-10,2026-07-10T06:00:00.000000,HPCL,diesel,Diesel,89.61,Lucknow,Available,fuel_psu
2026-07-10,2026-07-10T06:00:00.000000,IOCL,petrol,Petrol (95 octane),90.44,Chandigarh,Available,fuel_psu
2026-07-10,2026-07-10T06:00:00.000000,BPCL,petrol,Petrol (95 octane),90.44,Chandigarh,Available,fuel_psu
2026-07-10,2026-07-10T06:00:00.000000,HPCL,petrol,Petrol (95 octane),90.44,Chandigarh,Available,fuel_psu
2026-07-10,2026-07-10T06:00:00.000000,IOCL,diesel,Diesel,84.25,Chandigarh,Available,fuel_psu
2026-07-10,2026-07-10T06:00:00.000000,BPCL,diesel,Diesel,84.25,Chandigarh,Available,fuel_psu
2026-07-10,2026-07-10T06:00:00.000000,HPCL,diesel,Diesel,84.25,Chandigarh,Available,fuel_psu
2026-07-10,2026-07-10T06:00:00.000000,IOCL,petrol,Petrol (95 octane),90.51,Surat,Available,fuel_psu
2026-07-10,2026-07-10T06:00:00.000000,BPCL,petrol,Petrol (95 octane),90.51,Surat,Available,fuel_psu
2026-07-10,2026-07-10T06:00:00.000000,HPCL,petrol,Petrol (95 octane),90.51,Surat,Available,fuel_psu
2026-07-10,2026-07-10T06:00:00.000000,IOCL,diesel,Diesel,91.83,Surat,Available,fuel_psu
2026-07-10,2026-07-10T06:00:00.000000,BPCL,diesel,Diesel,91.83,Surat,Available,fuel_psu
2026-07-10,2026-07-10T06:00:00.000000,HPCL,diesel,Diesel,91.83,Surat,Available,fuel_psu
2026-07-10,2026-07-10T06:00:00.000000,IOCL,petrol,Petrol (95 octane),101.38,Patna,Available,fuel_psu
2026-07-10,2026-07-10T06:00:00.000000,BPCL,petrol,Petrol (95 octane),101.38,Patna,Available,fuel_psu
2026-07-10,2026-07-10T06:00:00.000000,HPCL,petrol,Petrol (95 octane),101.38,Patna,Available,fuel_psu
2026-07-10,2026-07-10T06:00:00.000000,IOCL,diesel,Diesel,93.89,Patna,Available,fuel_psu
2026-07-10,2026-07-10T06:00:00.000000,BPCL,diesel,Diesel,93.89,Patna,Available,fuel_psu
2026-07-10,2026-07-10T06:00:00.000000,HPCL,diesel,Diesel,93.89,Patna,Available,fuel_psu
2026-07-10,2026-07-10T06:00:00.000000,IOCL,petrol,Petrol (95 octane),90.86,Noida,Available,fuel_psu
2026-07-10,2026-07-10T06:00:00.000000,BPCL,petrol,Petrol (95 octane),90.86,Noida,Available,fuel_psu
2026-07-10,2026-07-10T06:00:00.000000,HPCL,petrol,Petrol (95 octane),90.86,Noida,Available,fuel_psu
2026-07-10,2026-07-10T06:00:00.000000,IOCL,diesel,Diesel,89.6,Noida,Available,fuel_psu
2026-07-10,2026-07-10T06:00:00.000000,BPCL,diesel,Diesel,89.6,Noida,Available,fuel_psu
2026-07-10,2026-07-10T06:00:00.000000,HPCL,diesel,Diesel,89.6,Noida,Available,fuel_psu
2026-07-10,2026-07-10T06:00:00.000000,IOCL,petrol,Petrol (95 octane),91.18,Gurgaon,Available,fuel_psu
2026-07-10,2026-07-10T06:00:00.000000,BPCL,petrol,Petrol (95 octane),91.18,Gurgaon,Available,fuel_psu
2026-07-10,2026-07-10T06:00:00.000000,HPCL,petrol,Petrol (95 octane),91.18,Gurgaon,Available,fuel_psu
2026-07-10,2026-07-10T06:00:00.000000,IOCL,diesel,Diesel,89.7,Gurgaon,Available,fuel_psu
2026-07-10,2026-07-10T06:00:00.000000,BPCL,diesel,Diesel,89.7,Gurgaon,Available,fuel_psu
2026-07-10,2026-07-10T06:00:00.000000,HPCL,diesel,Diesel,89.7,Gurgaon,Available,fuel_psu
2026-07-10,2026-07-10T06:00:00.000000,IOCL,petrol,Petrol (95 octane),102.7,Indore,Available,fuel_psu
2026-07-10,2026-07-10T06:00:00.000000,BPCL,petrol,Petrol (95 octane),102.7,Indore,Available,fuel_psu
2026-07-10,2026-07-10T06:00:00.000000,HPCL,petrol,Petrol (95 octane),102.7,Indore,Available,fuel_psu
2026-07-10,2026-07-10T06:00:00.000000,IOCL,diesel,Diesel,93.74,Indore,Available,fuel_psu
2026-07-10,2026-07-10T06:00:00.000000,BPCL,diesel,Diesel,93.74,Indore,Available,fuel_psu
2026-07-10,2026-07-10T06:00:00.000000,HPCL,diesel,Diesel,93.74,Indore,Available,fuel_psu
2026-07-11,2026-07-11T06:00:00.000000,IOCL,petrol,Petrol (95 octane),100.41,Mumbai,Available,fuel_psu
2026-07-11,2026-07-11T06:00:00.000000,BPCL,petrol,Petrol (95 octane),100.41,Mumbai,Available,fuel_psu
2026-07-11,2026-07-11T06:00:00.000000,HPCL,petrol,Petrol (95 octane),100.41,Mumbai,Available,fuel_psu
2026-07-11,2026-07-11T06:00:00.000000,IOCL,diesel,Diesel,94.0,Mumbai,Available,fuel_psu
2026-07-11,2026-07-11T06:00:00.000000,BPCL,diesel,Diesel,94.0,Mumbai,Available,fuel_psu
2026-07-11,2026-07-11T06:00:00.000000,HPCL,diesel,Diesel,94.0,Mumbai,Available,fuel_psu
2026-07-11,2026-07-11T06:00:00.000000,IOCL,petrol,Petrol (95 octane),90.92,Delhi,Available,fuel_psu
2026-07-11,2026-07-11T06:00:00.000000,BPCL,petrol,Petrol (95 octane),90.92,Delhi,Available,fuel_psu
2026-07-11,2026-07-11T06:00:00.000000,HPCL,petrol,Petrol (95 octane),90.92,Delhi,Available,fuel_psu
2026-07-11,2026-07-11T06:00:00.000000,IOCL,diesel,Diesel,89.47,Delhi,Available,fuel_psu
2026-07-11,2026-07-11T06:00:00.000000,BPCL,diesel,Diesel,89.47,Delhi,Available,fuel_psu
2026-07-11,2026-07-11T06:00:00.000000,HPCL,diesel,Diesel,89.47,Delhi,Available,fuel_psu
2026-07-11,2026-07-11T06:00:00.000000,IOCL,petrol,Petrol (95 octane),99.06,Bengaluru,Available,fuel_psu
2026-07-11,2026-07-11T06:00:00.000000,BPCL,petrol,Petrol (95 octane),99.06,Bengaluru,Available,fuel_psu
2026-07-11,2026-07-11T06:00:00.000000,HPCL,petrol,Petrol (95 octane),99.06,Bengaluru,Available,fuel_psu
2026-07-11,2026-07-11T06:00:00.000000,IOCL,diesel,Diesel,90.79,Bengaluru,Available,fuel_psu
2026-07-11,2026-07-11T06:00:00.000000,BPCL,diesel,Diesel,90.79,Bengaluru,Available,fuel_psu
2026-07-11,2026-07-11T06:00:00.000000,HPCL,diesel,Diesel,90.79,Bengaluru,Available,fuel_psu
2026-07-11,2026-07-11T06:00:00.000000,IOCL,petrol,Petrol (95 octane),96.95,Chennai,Available,fuel_psu
2026-07-11,2026-07-11T06:00:00.000000,BPCL,petrol,Petrol (95 octane),96.95,Chennai,Available,fuel_psu
2026-07-11,2026-07-11T06:00:00.000000,HPCL,petrol,Petrol (95 octane),96.95,Chennai,Available,fuel_psu
2026-07-11,2026-07-11T06:00:00.000000,IOCL,diesel,Diesel,94.19,Chennai,Available,fuel_psu
2026-07-11,2026-07-11T06:00:00.000000,BPCL,diesel,Diesel,94.19,Chennai,Available,fuel_psu
2026-07-11,2026-07-11T06:00:00.000000,HPCL,diesel,Diesel,94.19,Chennai,Available,fuel_psu
2026-07-11,2026-07-11T06:00:00.000000,IOCL,petrol,Petrol (95 octane),100.14,Kolkata,Available,fuel_psu
2026-07-11,2026-07-11T06:00:00.000000,BPCL,petrol,Petrol (95 octane),100.14,Kolkata,Available,fuel_psu
2026-07-11,2026-07-11T06:00:00.000000,HPCL,petrol,Petrol (95 octane),100.14,Kolkata,Available,fuel_psu
2026-07-11,2026-07-11T06:00:00.000000,IOCL,diesel,Diesel,92.61,Kolkata,Available,fuel_psu
2026-07-11,2026-07-11T06:00:00.000000,BPCL,diesel,Diesel,92.61,Kolkata,Available,fuel_psu
2026-07-11,2026-07-11T06:00:00.000000,HPCL,diesel,Diesel,92.61,Kolkata,Available,fuel_psu
2026-07-11,2026-07-11T06:00:00.000000,IOCL,petrol,Petrol (95 octane),103.61,Hyderabad,Available,fuel_psu
2026-07-11,2026-07-11T06:00:00.000000,BPCL,petrol,Petrol (95 octane),103.61,Hyderabad,Available,fuel_psu
2026-07-11,2026-07-11T06:00:00.000000,HPCL,petrol,Petrol (95 octane),103.61,Hyderabad,Available,fuel_psu
2026-07-11,2026-07-11T06:00:00.000000,IOCL,diesel,Diesel,97.5,Hyderabad,Available,fuel_psu
2026-07-11,2026-07-11T06:00:00.000000,BPCL,diesel,Diesel,97.5,Hyderabad,Available,fuel_psu
2026-07-11,2026-07-11T06:00:00.000000,HPCL,diesel,Diesel,97.5,Hyderabad,Available,fuel_psu
2026-07-11,2026-07-11T06:00:00.000000,IOCL,petrol,Petrol (95 octane),100.28,Pune,Available,fuel_psu
2026-07-11,2026-07-11T06:00:00.000000,BPCL,petrol,Petrol (95 octane),100.28,Pune,Available,fuel_psu
2026-07-11,2026-07-11T06:00:00.000000,HPCL,petrol,Petrol (95 octane),100.28,Pune,Available,fuel_psu
2026-07-11,2026-07-11T06:00:00.000000,IOCL,diesel,Diesel,92.46,Pune,Available,fuel_psu
2026-07-11,2026-07-11T06:00:00.000000,BPCL,diesel,Diesel,92.46,Pune,Available,fuel_psu
2026-07-11,2026-07-11T06:00:00.000000,HPCL,diesel,Diesel,92.46,Pune,Available,fuel_psu
2026-07-11,2026-07-11T06:00:00.000000,IOCL,petrol,Petrol (95 octane),90.64,Ahmedabad,Available,fuel_psu
2026-07-11,2026-07-11T06:00:00.000000,BPCL,petrol,Petrol (95 octane),90.64,Ahmedabad,Available,fuel_psu
2026-07-11,2026-07-11T06:00:00.000000,HPCL,petrol,Petrol (95 octane),90.64,Ahmedabad,Available,fuel_psu
2026-07-11,2026-07-11T06:00:00.000000,IOCL,diesel,Diesel,91.96,Ahmedabad,Available,fuel_psu
2026-07-11,2026-07-11T06:00:00.000000,BPCL,diesel,Diesel,91.96,Ahmedabad,Available,fuel_psu
2026-07-11,2026-07-11T06:00:00.000000,HPCL,diesel,Diesel,91.96,Ahmedabad,Available,fuel_psu
2026-07-11,2026-07-11T06:00:00.000000,IOCL,petrol,Petrol (95 octane),101.08,Jaipur,Available,fuel_psu
2026-07-11,2026-07-11T06:00:00.000000,BPCL,petrol,Petrol (95 octane),101.08,Jaipur,Available,fuel_psu
2026-07-11,2026-07-11T06:00:00.000000,HPCL,petrol,Petrol (95 octane),101.08,Jaipur,Available,fuel_psu
2026-07-11,2026-07-11T06:00:00.000000,IOCL,diesel,Diesel,92.21,Jaipur,Available,fuel_psu
2026-07-11,2026-07-11T06:00:00.000000,BPCL,diesel,Diesel,92.21,Jaipur,Available,fuel_psu
2026-07-11,2026-07-11T06:00:00.000000,HPCL,diesel,Diesel,92.21,Jaipur,Available,fuel_psu
2026-07-11,2026-07-11T06:00:00.000000,IOCL,petrol,Petrol (95 octane),90.85,Lucknow,Available,fuel_psu
2026-07-11,2026-07-11T06:00:00.000000,BPCL,petrol,Petrol (95 octane),90.85,Lucknow,Available,fuel_psu
2026-07-11,2026-07-11T06:00:00.000000,HPCL,petrol,Petrol (95 octane),90.85,Lucknow,Available,fuel_psu
2026-07-11,2026-07-11T06:00:00.000000,IOCL,diesel,Diesel,89.61,Lucknow,Available,fuel_psu
2026-07-11,2026-07-11T06:00:00.000000,BPCL,diesel,Diesel,89.61,Lucknow,Available,fuel_psu
2026-07-11,2026-07-11T06:00:00.000000,HPCL,diesel,Diesel,89.61,Lucknow,Available,fuel_psu
2026-07-11,2026-07-11T06:00:00.000000,IOCL,petrol,Petrol (95 octane),90.44,Chandigarh,Available,fuel_psu
2026-07-11,2026-07-11T06:00:00.000000,BPCL,petrol,Petrol (95 octane),90.44,Chandigarh,Available,fuel_psu
2026-07-11,2026-07-11T06:00:00.000000,HPCL,petrol,Petrol (95 octane),90.44,Chandigarh,Available,fuel_psu
2026-07-11,2026-07-11T06:00:00.000000,IOCL,diesel,Diesel,84.25,Chandigarh,Available,fuel_psu
2026-07-11,2026-07-11T06:00:00.000000,BPCL,diesel,Diesel,84.25,Chandigarh,Available,fuel_psu
2026-07-11,2026-07-11T06:00:00.000000,HPCL,diesel,Diesel,84.25,Chandigarh,Available,fuel_psu
2026-07-11,2026-07-11T06:00:00.000000,IOCL,petrol,Petrol (95 octane),90.51,Surat,Available,fuel_psu
2026-07-11,2026-07-11T06:00:00.000000,BPCL,petrol,Petrol (95 octane),90.51,Surat,Available,fuel_psu
2026-07-11,2026-07-11T06:00:00.000000,HPCL,petrol,Petrol (95 octane),90.51,Surat,Available,fuel_psu
2026-07-11,2026-07-11T06:00:00.000000,IOCL,diesel,Diesel,91.83,Surat,Available,fuel_psu
2026-07-11,2026-07-11T06:00:00.000000,BPCL,diesel,Diesel,91.83,Surat,Available,fuel_psu
2026-07-11,2026-07-11T06:00:00.000000,HPCL,diesel,Diesel,91.83,Surat,Available,fuel_psu
2026-07-11,2026-07-11T06:00:00.000000,IOCL,petrol,Petrol (95 octane),101.38,Patna,Available,fuel_psu
2026-07-11,2026-07-11T06:00:00.000000,BPCL,petrol,Petrol (95 octane),101.38,Patna,Available,fuel_psu
2026-07-11,2026-07-11T06:00:00.000000,HPCL,petrol,Petrol (95 octane),101.38,Patna,Available,fuel_psu
2026-07-11,2026-07-11T06:00:00.000000,IOCL,diesel,Diesel,93.89,Patna,Available,fuel_psu
2026-07-11,2026-07-11T06:00:00.000000,BPCL,diesel,Diesel,93.89,Patna,Available,fuel_psu
2026-07-11,2026-07-11T06:00:00.000000,HPCL,diesel,Diesel,93.89,Patna,Available,fuel_psu
2026-07-11,2026-07-11T06:00:00.000000,IOCL,petrol,Petrol (95 octane),90.86,Noida,Available,fuel_psu
2026-07-11,2026-07-11T06:00:00.000000,BPCL,petrol,Petrol (95 octane),90.86,Noida,Available,fuel_psu
2026-07-11,2026-07-11T06:00:00.000000,HPCL,petrol,Petrol (95 octane),90.86,Noida,Available,fuel_psu
2026-07-11,2026-07-11T06:00:00.000000,IOCL,diesel,Diesel,89.6,Noida,Available,fuel_psu
2026-07-11,2026-07-11T06:00:00.000000,BPCL,diesel,Diesel,89.6,Noida,Available,fuel_psu
2026-07-11,2026-07-11T06:00:00.000000,HPCL,diesel,Diesel,89.6,Noida,Available,fuel_psu
2026-07-11,2026-07-11T06:00:00.000000,IOCL,petrol,Petrol (95 octane),91.18,Gurgaon,Available,fuel_psu
2026-07-11,2026-07-11T06:00:00.000000,BPCL,petrol,Petrol (95 octane),91.18,Gurgaon,Available,fuel_psu
2026-07-11,2026-07-11T06:00:00.000000,HPCL,petrol,Petrol (95 octane),91.18,Gurgaon,Available,fuel_psu
2026-07-11,2026-07-11T06:00:00.000000,IOCL,diesel,Diesel,89.7,Gurgaon,Available,fuel_psu
2026-07-11,2026-07-11T06:00:00.000000,BPCL,diesel,Diesel,89.7,Gurgaon,Available,fuel_psu
2026-07-11,2026-07-11T06:00:00.000000,HPCL,diesel,Diesel,89.7,Gurgaon,Available,fuel_psu
2026-07-11,2026-07-11T06:00:00.000000,IOCL,petrol,Petrol (95 octane),102.7,Indore,Available,fuel_psu
2026-07-11,2026-07-11T06:00:00.000000,BPCL,petrol,Petrol (95 octane),102.7,Indore,Available,fuel_psu
2026-07-11,2026-07-11T06:00:00.000000,HPCL,petrol,Petrol (95 octane),102.7,Indore,Available,fuel_psu
2026-07-11,2026-07-11T06:00:00.000000,IOCL,diesel,Diesel,93.74,Indore,Available,fuel_psu
2026-07-11,2026-07-11T06:00:00.000000,BPCL,diesel,Diesel,93.74,Indore,Available,fuel_psu
2026-07-11,2026-07-11T06:00:00.000000,HPCL,diesel,Diesel,93.74,Indore,Available,fuel_psu
2026-07-12,2026-07-12T06:00:00.000000,IOCL,petrol,Petrol (95 octane),100.41,Mumbai,Available,fuel_psu
2026-07-12,2026-07-12T06:00:00.000000,BPCL,petrol,Petrol (95 octane),100.41,Mumbai,Available,fuel_psu
2026-07-12,2026-07-12T06:00:00.000000,HPCL,petrol,Petrol (95 octane),100.41,Mumbai,Available,fuel_psu
2026-07-12,2026-07-12T06:00:00.000000,IOCL,diesel,Diesel,94.0,Mumbai,Available,fuel_psu
2026-07-12,2026-07-12T06:00:00.000000,BPCL,diesel,Diesel,94.0,Mumbai,Available,fuel_psu
2026-07-12,2026-07-12T06:00:00.000000,HPCL,diesel,Diesel,94.0,Mumbai,Available,fuel_psu
2026-07-12,2026-07-12T06:00:00.000000,IOCL,petrol,Petrol (95 octane),90.92,Delhi,Available,fuel_psu
2026-07-12,2026-07-12T06:00:00.000000,BPCL,petrol,Petrol (95 octane),90.92,Delhi,Available,fuel_psu
2026-07-12,2026-07-12T06:00:00.000000,HPCL,petrol,Petrol (95 octane),90.92,Delhi,Available,fuel_psu
2026-07-12,2026-07-12T06:00:00.000000,IOCL,diesel,Diesel,89.47,Delhi,Available,fuel_psu
2026-07-12,2026-07-12T06:00:00.000000,BPCL,diesel,Diesel,89.47,Delhi,Available,fuel_psu
2026-07-12,2026-07-12T06:00:00.000000,HPCL,diesel,Diesel,89.47,Delhi,Available,fuel_psu
2026-07-12,2026-07-12T06:00:00.000000,IOCL,petrol,Petrol (95 octane),99.06,Bengaluru,Available,fuel_psu
2026-07-12,2026-07-12T06:00:00.000000,BPCL,petrol,Petrol (95 octane),99.06,Bengaluru,Available,fuel_psu
2026-07-12,2026-07-12T06:00:00.000000,HPCL,petrol,Petrol (95 octane),99.06,Bengaluru,Available,fuel_psu
2026-07-12,2026-07-12T06:00:00.000000,IOCL,diesel,Diesel,90.79,Bengaluru,Available,fuel_psu
2026-07-12,2026-07-12T06:00:00.000000,BPCL,diesel,Diesel,90.79,Bengaluru,Available,fuel_psu
2026-07-12,2026-07-12T06:00:00.000000,HPCL,diesel,Diesel,90.79,Bengaluru,Available,fuel_psu
2026-07-12,2026-07-12T06:00:00.000000,IOCL,petrol,Petrol (95 octane),96.95,Chennai,Available,fuel_psu
2026-07-12,2026-07-12T06:00:00.000000,BPCL,petrol,Petrol (95 octane),96.95,Chennai,Available,fuel_psu
2026-07-12,2026-07-12T06:00:00.000000,HPCL,petrol,Petrol (95 octane),96.95,Chennai,Available,fuel_psu
2026-07-12,2026-07-12T06:00:00.000000,IOCL,diesel,Diesel,94.19,Chennai,Available,fuel_psu
2026-07-12,2026-07-12T06:00:00.000000,BPCL,diesel,Diesel,94.19,Chennai,Available,fuel_psu
2026-07-12,2026-07-12T06:00:00.000000,HPCL,diesel,Diesel,94.19,Chennai,Available,fuel_psu
2026-07-12,2026-07-12T06:00:00.000000,IOCL,petrol,Petrol (95 octane),100.14,Kolkata,Available,fuel_psu
2026-07-12,2026-07-12T06:00:00.000000,BPCL,petrol,Petrol (95 octane),100.14,Kolkata,Available,fuel_psu
2026-07-12,2026-07-12T06:00:00.000000,HPCL,petrol,Petrol (95 octane),100.14,Kolkata,Available,fuel_psu
2026-07-12,2026-07-12T06:00:00.000000,IOCL,diesel,Diesel,92.61,Kolkata,Available,fuel_psu
2026-07-12,2026-07-12T06:00:00.000000,BPCL,diesel,Diesel,92.61,Kolkata,Available,fuel_psu
2026-07-12,2026-07-12T06:00:00.000000,HPCL,diesel,Diesel,92.61,Kolkata,Available,fuel_psu
2026-07-12,2026-07-12T06:00:00.000000,IOCL,petrol,Petrol (95 octane),103.61,Hyderabad,Available,fuel_psu
2026-07-12,2026-07-12T06:00:00.000000,BPCL,petrol,Petrol (95 octane),103.61,Hyderabad,Available,fuel_psu
2026-07-12,2026-07-12T06:00:00.000000,HPCL,petrol,Petrol (95 octane),103.61,Hyderabad,Available,fuel_psu
2026-07-12,2026-07-12T06:00:00.000000,IOCL,diesel,Diesel,97.5,Hyderabad,Available,fuel_psu
2026-07-12,2026-07-12T06:00:00.000000,BPCL,diesel,Diesel,97.5,Hyderabad,Available,fuel_psu
2026-07-12,2026-07-12T06:00:00.000000,HPCL,diesel,Diesel,97.5,Hyderabad,Available,fuel_psu
2026-07-12,2026-07-12T06:00:00.000000,IOCL,petrol,Petrol (95 octane),100.28,Pune,Available,fuel_psu
2026-07-12,2026-07-12T06:00:00.000000,BPCL,petrol,Petrol (95 octane),100.28,Pune,Available,fuel_psu
2026-07-12,2026-07-12T06:00:00.000000,HPCL,petrol,Petrol (95 octane),100.28,Pune,Available,fuel_psu
2026-07-12,2026-07-12T06:00:00.000000,IOCL,diesel,Diesel,92.46,Pune,Available,fuel_psu
2026-07-12,2026-07-12T06:00:00.000000,BPCL,diesel,Diesel,92.46,Pune,Available,fuel_psu
2026-07-12,2026-07-12T06:00:00.000000,HPCL,diesel,Diesel,92.46,Pune,Available,fuel_psu
2026-07-12,2026-07-12T06:00:00.000000,IOCL,petrol,Petrol (95 octane),90.64,Ahmedabad,Available,fuel_psu
2026-07-12,2026-07-12T06:00:00.000000,BPCL,petrol,Petrol (95 octane),90.64,Ahmedabad,Available,fuel_psu
2026-07-12,2026-07-12T06:00:00.000000,HPCL,petrol,Petrol (95 octane),90.64,Ahmedabad,Available,fuel_psu
2026-07-12,2026-07-12T06:00:00.000000,IOCL,diesel,Diesel,91.96,Ahmedabad,Available,fuel_psu
2026-07-12,2026-07-12T06:00:00.000000,BPCL,diesel,Diesel,91.96,Ahmedabad,Available,fuel_psu
2026-07-12,2026-07-12T06:00:00.000000,HPCL,diesel,Diesel,91.96,Ahmedabad,Available,fuel_psu
2026-07-12,2026-07-12T06:00:00.000000,IOCL,petrol,Petrol (95 octane),101.08,Jaipur,Available,fuel_psu
2026-07-12,2026-07-12T06:00:00.000000,BPCL,petrol,Petrol (95 octane),101.08,Jaipur,Available,fuel_psu
2026-07-12,2026-07-12T06:00:00.000000,HPCL,petrol,Petrol (95 octane),101.08,Jaipur,Available,fuel_psu
2026-07-12,2026-07-12T06:00:00.000000,IOCL,diesel,Diesel,92.21,Jaipur,Available,fuel_psu
2026-07-12,2026-07-12T06:00:00.000000,BPCL,diesel,Diesel,92.21,Jaipur,Available,fuel_psu
2026-07-12,2026-07-12T06:00:00.000000,HPCL,diesel,Diesel,92.21,Jaipur,Available,fuel_psu
2026-07-12,2026-07-12T06:00:00.000000,IOCL,petrol,Petrol (95 octane),90.85,Lucknow,Available,fuel_psu
2026-07-12,2026-07-12T06:00:00.000000,BPCL,petrol,Petrol (95 octane),90.85,Lucknow,Available,fuel_psu
2026-07-12,2026-07-12T06:00:00.000000,HPCL,petrol,Petrol (95 octane),90.85,Lucknow,Available,fuel_psu
2026-07-12,2026-07-12T06:00:00.000000,IOCL,diesel,Diesel,89.61,Lucknow,Available,fuel_psu
2026-07-12,2026-07-12T06:00:00.000000,BPCL,diesel,Diesel,89.61,Lucknow,Available,fuel_psu
2026-07-12,2026-07-12T06:00:00.000000,HPCL,diesel,Diesel,89.61,Lucknow,Available,fuel_psu
2026-07-12,2026-07-12T06:00:00.000000,IOCL,petrol,Petrol (95 octane),90.44,Chandigarh,Available,fuel_psu
2026-07-12,2026-07-12T06:00:00.000000,BPCL,petrol,Petrol (95 octane),90.44,Chandigarh,Available,fuel_psu
2026-07-12,2026-07-12T06:00:00.000000,HPCL,petrol,Petrol (95 octane),90.44,Chandigarh,Available,fuel_psu
2026-07-12,2026-07-12T06:00:00.000000,IOCL,diesel,Diesel,84.25,Chandigarh,Available,fuel_psu
2026-07-12,2026-07-12T06:00:00.000000,BPCL,diesel,Diesel,84.25,Chandigarh,Available,fuel_psu
2026-07-12,2026-07-12T06:00:00.000000,HPCL,diesel,Diesel,84.25,Chandigarh,Available,fuel_psu
2026-07-12,2026-07-12T06:00:00.000000,IOCL,petrol,Petrol (95 octane),90.51,Surat,Available,fuel_psu
2026-07-12,2026-07-12T06:00:00.000000,BPCL,petrol,Petrol (95 octane),90.51,Surat,Available,fuel_psu
2026-07-12,2026-07-12T06:00:00.000000,HPCL,petrol,Petrol (95 octane),90.51,Surat,Available,fuel_psu
2026-07-12,2026-07-12T06:00:00.000000,IOCL,diesel,Diesel,91.83,Surat,Available,fuel_psu
2026-07-12,2026-07-12T06:00:00.000000,BPCL,diesel,Diesel,91.83,Surat,Available,fuel_psu
2026-07-12,2026-07-12T06:00:00.000000,HPCL,diesel,Diesel,91.83,Surat,Available,fuel_psu
2026-07-12,2026-07-12T06:00:00.000000,IOCL,petrol,Petrol (95 octane),101.38,Patna,Available,fuel_psu
2026-07-12,2026-07-12T06:00:00.000000,BPCL,petrol,Petrol (95 octane),101.38,Patna,Available,fuel_psu
2026-07-12,2026-07-12T06:00:00.000000,HPCL,petrol,Petrol (95 octane),101.38,Patna,Available,fuel_psu
2026-07-12,2026-07-12T06:00:00.000000,IOCL,diesel,Diesel,93.89,Patna,Available,fuel_psu
2026-07-12,2026-07-12T06:00:00.000000,BPCL,diesel,Diesel,93.89,Patna,Available,fuel_psu
2026-07-12,2026-07-12T06:00:00.000000,HPCL,diesel,Diesel,93.89,Patna,Available,fuel_psu
2026-07-12,2026-07-12T06:00:00.000000,IOCL,petrol,Petrol (95 octane),90.86,Noida,Available,fuel_psu
2026-07-12,2026-07-12T06:00:00.000000,BPCL,petrol,Petrol (95 octane),90.86,Noida,Available,fuel_psu
2026-07-12,2026-07-12T06:00:00.000000,HPCL,petrol,Petrol (95 octane),90.86,Noida,Available,fuel_psu
2026-07-12,2026-07-12T06:00:00.000000,IOCL,diesel,Diesel,89.6,Noida,Available,fuel_psu
2026-07-12,2026-07-12T06:00:00.000000,BPCL,diesel,Diesel,89.6,Noida,Available,fuel_psu
2026-07-12,2026-07-12T06:00:00.000000,HPCL,diesel,Diesel,89.6,Noida,Available,fuel_psu
2026-07-12,2026-07-12T06:00:00.000000,IOCL,petrol,Petrol (95 octane),91.18,Gurgaon,Available,fuel_psu
2026-07-12,2026-07-12T06:00:00.000000,BPCL,petrol,Petrol (95 octane),91.18,Gurgaon,Available,fuel_psu
2026-07-12,2026-07-12T06:00:00.000000,HPCL,petrol,Petrol (95 octane),91.18,Gurgaon,Available,fuel_psu
2026-07-12,2026-07-12T06:00:00.000000,IOCL,diesel,Diesel,89.7,Gurgaon,Available,fuel_psu
2026-07-12,2026-07-12T06:00:00.000000,BPCL,diesel,Diesel,89.7,Gurgaon,Available,fuel_psu
2026-07-12,2026-07-12T06:00:00.000000,HPCL,diesel,Diesel,89.7,Gurgaon,Available,fuel_psu
2026-07-12,2026-07-12T06:00:00.000000,IOCL,petrol,Petrol (95 octane),102.7,Indore,Available,fuel_psu
2026-07-12,2026-07-12T06:00:00.000000,BPCL,petrol,Petrol (95 octane),102.7,Indore,Available,fuel_psu
2026-07-12,2026-07-12T06:00:00.000000,HPCL,petrol,Petrol (95 octane),102.7,Indore,Available,fuel_psu
2026-07-12,2026-07-12T06:00:00.000000,IOCL,diesel,Diesel,93.74,Indore,Available,fuel_psu
2026-07-12,2026-07-12T06:00:00.000000,BPCL,diesel,Diesel,93.74,Indore,Available,fuel_psu
2026-07-12,2026-07-12T06:00:00.000000,HPCL,diesel,Diesel,93.74,Indore,Available,fuel_psu
2026-07-13,2026-07-13T06:00:00.000000,IOCL,petrol,Petrol (95 octane),100.41,Mumbai,Available,fuel_psu
2026-07-13,2026-07-13T06:00:00.000000,BPCL,petrol,Petrol (95 octane),100.41,Mumbai,Available,fuel_psu
2026-07-13,2026-07-13T06:00:00.000000,HPCL,petrol,Petrol (95 octane),100.41,Mumbai,Available,fuel_psu
2026-07-13,2026-07-13T06:00:00.000000,IOCL,diesel,Diesel,94.0,Mumbai,Available,fuel_psu
2026-07-13,2026-07-13T06:00:00.000000,BPCL,diesel,Diesel,94.0,Mumbai,Available,fuel_psu
2026-07-13,2026-07-13T06:00:00.000000,HPCL,diesel,Diesel,94.0,Mumbai,Available,fuel_psu
2026-07-13,2026-07-13T06:00:00.000000,IOCL,petrol,Petrol (95 octane),90.92,Delhi,Available,fuel_psu
2026-07-13,2026-07-13T06:00:00.000000,BPCL,petrol,Petrol (95 octane),90.92,Delhi,Available,fuel_psu
2026-07-13,2026-07-13T06:00:00.000000,HPCL,petrol,Petrol (95 octane),90.92,Delhi,Available,fuel_psu
2026-07-13,2026-07-13T06:00:00.000000,IOCL,diesel,Diesel,89.47,Delhi,Available,fuel_psu
2026-07-13,2026-07-13T06:00:00.000000,BPCL,diesel,Diesel,89.47,Delhi,Available,fuel_psu
2026-07-13,2026-07-13T06:00:00.000000,HPCL,diesel,Diesel,89.47,Delhi,Available,fuel_psu
2026-07-13,2026-07-13T06:00:00.000000,IOCL,petrol,Petrol (95 octane),99.06,Bengaluru,Available,fuel_psu
2026-07-13,2026-07-13T06:00:00.000000,BPCL,petrol,Petrol (95 octane),99.06,Bengaluru,Available,fuel_psu
2026-07-13,2026-07-13T06:00:00.000000,HPCL,petrol,Petrol (95 octane),99.06,Bengaluru,Available,fuel_psu
2026-07-13,2026-07-13T06:00:00.000000,IOCL,diesel,Diesel,90.79,Bengaluru,Available,fuel_psu
2026-07-13,2026-07-13T06:00:00.000000,BPCL,diesel,Diesel,90.79,Bengaluru,Available,fuel_psu
2026-07-13,2026-07-13T06:00:00.000000,HPCL,diesel,Diesel,90.79,Bengaluru,Available,fuel_psu
2026-07-13,2026-07-13T06:00:00.000000,IOCL,petrol,Petrol (95 octane),96.95,Chennai,Available,fuel_psu
2026-07-13,2026-07-13T06:00:00.000000,BPCL,petrol,Petrol (95 octane),96.95,Chennai,Available,fuel_psu
2026-07-13,2026-07-13T06:00:00.000000,HPCL,petrol,Petrol (95 octane),96.95,Chennai,Available,fuel_psu
2026-07-13,2026-07-13T06:00:00.000000,IOCL,diesel,Diesel,94.19,Chennai,Available,fuel_psu
2026-07-13,2026-07-13T06:00:00.000000,BPCL,diesel,Diesel,94.19,Chennai,Available,fuel_psu
2026-07-13,2026-07-13T06:00:00.000000,HPCL,diesel,Diesel,94.19,Chennai,Available,fuel_psu
2026-07-13,2026-07-13T06:00:00.000000,IOCL,petrol,Petrol (95 octane),100.14,Kolkata,Available,fuel_psu
2026-07-13,2026-07-13T06:00:00.000000,BPCL,petrol,Petrol (95 octane),100.14,Kolkata,Available,fuel_psu
2026-07-13,2026-07-13T06:00:00.000000,HPCL,petrol,Petrol (95 octane),100.14,Kolkata,Available,fuel_psu
2026-07-13,2026-07-13T06:00:00.000000,IOCL,diesel,Diesel,92.61,Kolkata,Available,fuel_psu
2026-07-13,2026-07-13T06:00:00.000000,BPCL,diesel,Diesel,92.61,Kolkata,Available,fuel_psu
2026-07-13,2026-07-13T06:00:00.000000,HPCL,diesel,Diesel,92.61,Kolkata,Available,fuel_psu
2026-07-13,2026-07-13T06:00:00.000000,IOCL,petrol,Petrol (95 octane),103.61,Hyderabad,Available,fuel_psu
2026-07-13,2026-07-13T06:00:00.000000,BPCL,petrol,Petrol (95 octane),103.61,Hyderabad,Available,fuel_psu
2026-07-13,2026-07-13T06:00:00.000000,HPCL,petrol,Petrol (95 octane),103.61,Hyderabad,Available,fuel_psu
2026-07-13,2026-07-13T06:00:00.000000,IOCL,diesel,Diesel,97.5,Hyderabad,Available,fuel_psu
2026-07-13,2026-07-13T06:00:00.000000,BPCL,diesel,Diesel,97.5,Hyderabad,Available,fuel_psu
2026-07-13,2026-07-13T06:00:00.000000,HPCL,diesel,Diesel,97.5,Hyderabad,Available,fuel_psu
2026-07-13,2026-07-13T06:00:00.000000,IOCL,petrol,Petrol (95 octane),100.28,Pune,Available,fuel_psu
2026-07-13,2026-07-13T06:00:00.000000,BPCL,petrol,Petrol (95 octane),100.28,Pune,Available,fuel_psu
2026-07-13,2026-07-13T06:00:00.000000,HPCL,petrol,Petrol (95 octane),100.28,Pune,Available,fuel_psu
2026-07-13,2026-07-13T06:00:00.000000,IOCL,diesel,Diesel,92.46,Pune,Available,fuel_psu
2026-07-13,2026-07-13T06:00:00.000000,BPCL,diesel,Diesel,92.46,Pune,Available,fuel_psu
2026-07-13,2026-07-13T06:00:00.000000,HPCL,diesel,Diesel,92.46,Pune,Available,fuel_psu
2026-07-13,2026-07-13T06:00:00.000000,IOCL,petrol,Petrol (95 octane),90.64,Ahmedabad,Available,fuel_psu
2026-07-13,2026-07-13T06:00:00.000000,BPCL,petrol,Petrol (95 octane),90.64,Ahmedabad,Available,fuel_psu
2026-07-13,2026-07-13T06:00:00.000000,HPCL,petrol,Petrol (95 octane),90.64,Ahmedabad,Available,fuel_psu
2026-07-13,2026-07-13T06:00:00.000000,IOCL,diesel,Diesel,91.96,Ahmedabad,Available,fuel_psu
2026-07-13,2026-07-13T06:00:00.000000,BPCL,diesel,Diesel,91.96,Ahmedabad,Available,fuel_psu
2026-07-13,2026-07-13T06:00:00.000000,HPCL,diesel,Diesel,91.96,Ahmedabad,Available,fuel_psu
2026-07-13,2026-07-13T06:00:00.000000,IOCL,petrol,Petrol (95 octane),101.08,Jaipur,Available,fuel_psu
2026-07-13,2026-07-13T06:00:00.000000,BPCL,petrol,Petrol (95 octane),101.08,Jaipur,Available,fuel_psu
2026-07-13,2026-07-13T06:00:00.000000,HPCL,petrol,Petrol (95 octane),101.08,Jaipur,Available,fuel_psu
2026-07-13,2026-07-13T06:00:00.000000,IOCL,diesel,Diesel,92.21,Jaipur,Available,fuel_psu
2026-07-13,2026-07-13T06:00:00.000000,BPCL,diesel,Diesel,92.21,Jaipur,Available,fuel_psu
2026-07-13,2026-07-13T06:00:00.000000,HPCL,diesel,Diesel,92.21,Jaipur,Available,fuel_psu
2026-07-13,2026-07-13T06:00:00.000000,IOCL,petrol,Petrol (95 octane),90.85,Lucknow,Available,fuel_psu
2026-07-13,2026-07-13T06:00:00.000000,BPCL,petrol,Petrol (95 octane),90.85,Lucknow,Available,fuel_psu
2026-07-13,2026-07-13T06:00:00.000000,HPCL,petrol,Petrol (95 octane),90.85,Lucknow,Available,fuel_psu
2026-07-13,2026-07-13T06:00:00.000000,IOCL,diesel,Diesel,89.61,Lucknow,Available,fuel_psu
2026-07-13,2026-07-13T06:00:00.000000,BPCL,diesel,Diesel,89.61,Lucknow,Available,fuel_psu
2026-07-13,2026-07-13T06:00:00.000000,HPCL,diesel,Diesel,89.61,Lucknow,Available,fuel_psu
2026-07-13,2026-07-13T06:00:00.000000,IOCL,petrol,Petrol (95 octane),90.44,Chandigarh,Available,fuel_psu
2026-07-13,2026-07-13T06:00:00.000000,BPCL,petrol,Petrol (95 octane),90.44,Chandigarh,Available,fuel_psu
2026-07-13,2026-07-13T06:00:00.000000,HPCL,petrol,Petrol (95 octane),90.44,Chandigarh,Available,fuel_psu
2026-07-13,2026-07-13T06:00:00.000000,IOCL,diesel,Diesel,84.25,Chandigarh,Available,fuel_psu
2026-07-13,2026-07-13T06:00:00.000000,BPCL,diesel,Diesel,84.25,Chandigarh,Available,fuel_psu
2026-07-13,2026-07-13T06:00:00.000000,HPCL,diesel,Diesel,84.25,Chandigarh,Available,fuel_psu
2026-07-13,2026-07-13T06:00:00.000000,IOCL,petrol,Petrol (95 octane),90.51,Surat,Available,fuel_psu
2026-07-13,2026-07-13T06:00:00.000000,BPCL,petrol,Petrol (95 octane),90.51,Surat,Available,fuel_psu
2026-07-13,2026-07-13T06:00:00.000000,HPCL,petrol,Petrol (95 octane),90.51,Surat,Available,fuel_psu
2026-07-13,2026-07-13T06:00:00.000000,IOCL,diesel,Diesel,91.83,Surat,Available,fuel_psu
2026-07-13,2026-07-13T06:00:00.000000,BPCL,diesel,Diesel,91.83,Surat,Available,fuel_psu
2026-07-13,2026-07-13T06:00:00.000000,HPCL,diesel,Diesel,91.83,Surat,Available,fuel_psu
2026-07-13,2026-07-13T06:00:00.000000,IOCL,petrol,Petrol (95 octane),101.38,Patna,Available,fuel_psu
2026-07-13,2026-07-13T06:00:00.000000,BPCL,petrol,Petrol (95 octane),101.38,Patna,Available,fuel_psu
2026-07-13,2026-07-13T06:00:00.000000,HPCL,petrol,Petrol (95 octane),101.38,Patna,Available,fuel_psu
2026-07-13,2026-07-13T06:00:00.000000,IOCL,diesel,Diesel,93.89,Patna,Available,fuel_psu
2026-07-13,2026-07-13T06:00:00.000000,BPCL,diesel,Diesel,93.89,Patna,Available,fuel_psu
2026-07-13,2026-07-13T06:00:00.000000,HPCL,diesel,Diesel,93.89,Patna,Available,fuel_psu
2026-07-13,2026-07-13T06:00:00.000000,IOCL,petrol,Petrol (95 octane),90.86,Noida,Available,fuel_psu
2026-07-13,2026-07-13T06:00:00.000000,BPCL,petrol,Petrol (95 octane),90.86,Noida,Available,fuel_psu
2026-07-13,2026-07-13T06:00:00.000000,HPCL,petrol,Petrol (95 octane),90.86,Noida,Available,fuel_psu
2026-07-13,2026-07-13T06:00:00.000000,IOCL,diesel,Diesel,89.6,Noida,Available,fuel_psu
2026-07-13,2026-07-13T06:00:00.000000,BPCL,diesel,Diesel,89.6,Noida,Available,fuel_psu
2026-07-13,2026-07-13T06:00:00.000000,HPCL,diesel,Diesel,89.6,Noida,Available,fuel_psu
2026-07-13,2026-07-13T06:00:00.000000,IOCL,petrol,Petrol (95 octane),91.18,Gurgaon,Available,fuel_psu
2026-07-13,2026-07-13T06:00:00.000000,BPCL,petrol,Petrol (95 octane),91.18,Gurgaon,Available,fuel_psu
2026-07-13,2026-07-13T06:00:00.000000,HPCL,petrol,Petrol (95 octane),91.18,Gurgaon,Available,fuel_psu
2026-07-13,2026-07-13T06:00:00.000000,IOCL,diesel,Diesel,89.7,Gurgaon,Available,fuel_psu
2026-07-13,2026-07-13T06:00:00.000000,BPCL,diesel,Diesel,89.7,Gurgaon,Available,fuel_psu
2026-07-13,2026-07-13T06:00:00.000000,HPCL,diesel,Diesel,89.7,Gurgaon,Available,fuel_psu
2026-07-13,2026-07-13T06:00:00.000000,IOCL,petrol,Petrol (95 octane),102.7,Indore,Available,fuel_psu
2026-07-13,2026-07-13T06:00:00.000000,BPCL,petrol,Petrol (95 octane),102.7,Indore,Available,fuel_psu
2026-07-13,2026-07-13T06:00:00.000000,HPCL,petrol,Petrol (95 octane),102.7,Indore,Available,fuel_psu
2026-07-13,2026-07-13T06:00:00.000000,IOCL,diesel,Diesel,93.74,Indore,Available,fuel_psu
2026-07-13,2026-07-13T06:00:00.000000,BPCL,diesel,Diesel,93.74,Indore,Available,fuel_psu
2026-07-13,2026-07-13T06:00:00.000000,HPCL,diesel,Diesel,93.74,Indore,Available,fuel_psu
2026-07-14,2026-07-14T06:00:00.000000,IOCL,petrol,Petrol (95 octane),100.41,Mumbai,Available,fuel_psu
2026-07-14,2026-07-14T06:00:00.000000,BPCL,petrol,Petrol (95 octane),100.41,Mumbai,Available,fuel_psu
2026-07-14,2026-07-14T06:00:00.000000,HPCL,petrol,Petrol (95 octane),100.41,Mumbai,Available,fuel_psu
2026-07-14,2026-07-14T06:00:00.000000,IOCL,diesel,Diesel,94.0,Mumbai,Available,fuel_psu
2026-07-14,2026-07-14T06:00:00.000000,BPCL,diesel,Diesel,94.0,Mumbai,Available,fuel_psu
2026-07-14,2026-07-14T06:00:00.000000,HPCL,diesel,Diesel,94.0,Mumbai,Available,fuel_psu
2026-07-14,2026-07-14T06:00:00.000000,IOCL,petrol,Petrol (95 octane),90.92,Delhi,Available,fuel_psu
2026-07-14,2026-07-14T06:00:00.000000,BPCL,petrol,Petrol (95 octane),90.92,Delhi,Available,fuel_psu
2026-07-14,2026-07-14T06:00:00.000000,HPCL,petrol,Petrol (95 octane),90.92,Delhi,Available,fuel_psu
2026-07-14,2026-07-14T06:00:00.000000,IOCL,diesel,Diesel,89.47,Delhi,Available,fuel_psu
2026-07-14,2026-07-14T06:00:00.000000,BPCL,diesel,Diesel,89.47,Delhi,Available,fuel_psu
2026-07-14,2026-07-14T06:00:00.000000,HPCL,diesel,Diesel,89.47,Delhi,Available,fuel_psu
2026-07-14,2026-07-14T06:00:00.000000,IOCL,petrol,Petrol (95 octane),99.06,Bengaluru,Available,fuel_psu
2026-07-14,2026-07-14T06:00:00.000000,BPCL,petrol,Petrol (95 octane),99.06,Bengaluru,Available,fuel_psu
2026-07-14,2026-07-14T06:00:00.000000,HPCL,petrol,Petrol (95 octane),99.06,Bengaluru,Available,fuel_psu
2026-07-14,2026-07-14T06:00:00.000000,IOCL,diesel,Diesel,90.79,Bengaluru,Available,fuel_psu
2026-07-14,2026-07-14T06:00:00.000000,BPCL,diesel,Diesel,90.79,Bengaluru,Available,fuel_psu
2026-07-14,2026-07-14T06:00:00.000000,HPCL,diesel,Diesel,90.79,Bengaluru,Available,fuel_psu
2026-07-14,2026-07-14T06:00:00.000000,IOCL,petrol,Petrol (95 octane),96.95,Chennai,Available,fuel_psu
2026-07-14,2026-07-14T06:00:00.000000,BPCL,petrol,Petrol (95 octane),96.95,Chennai,Available,fuel_psu
2026-07-14,2026-07-14T06:00:00.000000,HPCL,petrol,Petrol (95 octane),96.95,Chennai,Available,fuel_psu
2026-07-14,2026-07-14T06:00:00.000000,IOCL,diesel,Diesel,94.19,Chennai,Available,fuel_psu
2026-07-14,2026-07-14T06:00:00.000000,BPCL,diesel,Diesel,94.19,Chennai,Available,fuel_psu
2026-07-14,2026-07-14T06:00:00.000000,HPCL,diesel,Diesel,94.19,Chennai,Available,fuel_psu
2026-07-14,2026-07-14T06:00:00.000000,IOCL,petrol,Petrol (95 octane),100.14,Kolkata,Available,fuel_psu
2026-07-14,2026-07-14T06:00:00.000000,BPCL,petrol,Petrol (95 octane),100.14,Kolkata,Available,fuel_psu
2026-07-14,2026-07-14T06:00:00.000000,HPCL,petrol,Petrol (95 octane),100.14,Kolkata,Available,fuel_psu
2026-07-14,2026-07-14T06:00:00.000000,IOCL,diesel,Diesel,92.61,Kolkata,Available,fuel_psu
2026-07-14,2026-07-14T06:00:00.000000,BPCL,diesel,Diesel,92.61,Kolkata,Available,fuel_psu
2026-07-14,2026-07-14T06:00:00.000000,HPCL,diesel,Diesel,92.61,Kolkata,Available,fuel_psu
2026-07-14,2026-07-14T06:00:00.000000,IOCL,petrol,Petrol (95 octane),103.61,Hyderabad,Available,fuel_psu
2026-07-14,2026-07-14T06:00:00.000000,BPCL,petrol,Petrol (95 octane),103.61,Hyderabad,Available,fuel_psu
2026-07-14,2026-07-14T06:00:00.000000,HPCL,petrol,Petrol (95 octane),103.61,Hyderabad,Available,fuel_psu
2026-07-14,2026-07-14T06:00:00.000000,IOCL,diesel,Diesel,97.5,Hyderabad,Available,fuel_psu
2026-07-14,2026-07-14T06:00:00.000000,BPCL,diesel,Diesel,97.5,Hyderabad,Available,fuel_psu
2026-07-14,2026-07-14T06:00:00.000000,HPCL,diesel,Diesel,97.5,Hyderabad,Available,fuel_psu
2026-07-14,2026-07-14T06:00:00.000000,IOCL,petrol,Petrol (95 octane),100.28,Pune,Available,fuel_psu
2026-07-14,2026-07-14T06:00:00.000000,BPCL,petrol,Petrol (95 octane),100.28,Pune,Available,fuel_psu
2026-07-14,2026-07-14T06:00:00.000000,HPCL,petrol,Petrol (95 octane),100.28,Pune,Available,fuel_psu
2026-07-14,2026-07-14T06:00:00.000000,IOCL,diesel,Diesel,92.46,Pune,Available,fuel_psu
2026-07-14,2026-07-14T06:00:00.000000,BPCL,diesel,Diesel,92.46,Pune,Available,fuel_psu
2026-07-14,2026-07-14T06:00:00.000000,HPCL,diesel,Diesel,92.46,Pune,Available,fuel_psu
2026-07-14,2026-07-14T06:00:00.000000,IOCL,petrol,Petrol (95 octane),90.64,Ahmedabad,Available,fuel_psu
2026-07-14,2026-07-14T06:00:00.000000,BPCL,petrol,Petrol (95 octane),90.64,Ahmedabad,Available,fuel_psu
2026-07-14,2026-07-14T06:00:00.000000,HPCL,petrol,Petrol (95 octane),90.64,Ahmedabad,Available,fuel_psu
2026-07-14,2026-07-14T06:00:00.000000,IOCL,diesel,Diesel,91.96,Ahmedabad,Available,fuel_psu
2026-07-14,2026-07-14T06:00:00.000000,BPCL,diesel,Diesel,91.96,Ahmedabad,Available,fuel_psu
2026-07-14,2026-07-14T06:00:00.000000,HPCL,diesel,Diesel,91.96,Ahmedabad,Available,fuel_psu
2026-07-14,2026-07-14T06:00:00.000000,IOCL,petrol,Petrol (95 octane),101.08,Jaipur,Available,fuel_psu
2026-07-14,2026-07-14T06:00:00.000000,BPCL,petrol,Petrol (95 octane),101.08,Jaipur,Available,fuel_psu
2026-07-14,2026-07-14T06:00:00.000000,HPCL,petrol,Petrol (95 octane),101.08,Jaipur,Available,fuel_psu
2026-07-14,2026-07-14T06:00:00.000000,IOCL,diesel,Diesel,92.21,Jaipur,Available,fuel_psu
2026-07-14,2026-07-14T06:00:00.000000,BPCL,diesel,Diesel,92.21,Jaipur,Available,fuel_psu
2026-07-14,2026-07-14T06:00:00.000000,HPCL,diesel,Diesel,92.21,Jaipur,Available,fuel_psu
2026-07-14,2026-07-14T06:00:00.000000,IOCL,petrol,Petrol (95 octane),90.85,Lucknow,Available,fuel_psu
2026-07-14,2026-07-14T06:00:00.000000,BPCL,petrol,Petrol (95 octane),90.85,Lucknow,Available,fuel_psu
2026-07-14,2026-07-14T06:00:00.000000,HPCL,petrol,Petrol (95 octane),90.85,Lucknow,Available,fuel_psu
2026-07-14,2026-07-14T06:00:00.000000,IOCL,diesel,Diesel,89.61,Lucknow,Available,fuel_psu
2026-07-14,2026-07-14T06:00:00.000000,BPCL,diesel,Diesel,89.61,Lucknow,Available,fuel_psu
2026-07-14,2026-07-14T06:00:00.000000,HPCL,diesel,Diesel,89.61,Lucknow,Available,fuel_psu
2026-07-14,2026-07-14T06:00:00.000000,IOCL,petrol,Petrol (95 octane),90.44,Chandigarh,Available,fuel_psu
2026-07-14,2026-07-14T06:00:00.000000,BPCL,petrol,Petrol (95 octane),90.44,Chandigarh,Available,fuel_psu
2026-07-14,2026-07-14T06:00:00.000000,HPCL,petrol,Petrol (95 octane),90.44,Chandigarh,Available,fuel_psu
2026-07-14,2026-07-14T06:00:00.000000,IOCL,diesel,Diesel,84.25,Chandigarh,Available,fuel_psu
2026-07-14,2026-07-14T06:00:00.000000,BPCL,diesel,Diesel,84.25,Chandigarh,Available,fuel_psu
2026-07-14,2026-07-14T06:00:00.000000,HPCL,diesel,Diesel,84.25,Chandigarh,Available,fuel_psu
2026-07-14,2026-07-14T06:00:00.000000,IOCL,petrol,Petrol (95 octane),90.51,Surat,Available,fuel_psu
2026-07-14,2026-07-14T06:00:00.000000,BPCL,petrol,Petrol (95 octane),90.51,Surat,Available,fuel_psu
2026-07-14,2026-07-14T06:00:00.000000,HPCL,petrol,Petrol (95 octane),90.51,Surat,Available,fuel_psu
2026-07-14,2026-07-14T06:00:00.000000,IOCL,diesel,Diesel,91.83,Surat,Available,fuel_psu
2026-07-14,2026-07-14T06:00:00.000000,BPCL,diesel,Diesel,91.83,Surat,Available,fuel_psu
2026-07-14,2026-07-14T06:00:00.000000,HPCL,diesel,Diesel,91.83,Surat,Available,fuel_psu
2026-07-14,2026-07-14T06:00:00.000000,IOCL,petrol,Petrol (95 octane),101.38,Patna,Available,fuel_psu
2026-07-14,2026-07-14T06:00:00.000000,BPCL,petrol,Petrol (95 octane),101.38,Patna,Available,fuel_psu
2026-07-14,2026-07-14T06:00:00.000000,HPCL,petrol,Petrol (95 octane),101.38,Patna,Available,fuel_psu
2026-07-14,2026-07-14T06:00:00.000000,IOCL,diesel,Diesel,93.89,Patna,Available,fuel_psu
2026-07-14,2026-07-14T06:00:00.000000,BPCL,diesel,Diesel,93.89,Patna,Available,fuel_psu
2026-07-14,2026-07-14T06:00:00.000000,HPCL,diesel,Diesel,93.89,Patna,Available,fuel_psu
2026-07-14,2026-07-14T06:00:00.000000,IOCL,petrol,Petrol (95 octane),90.86,Noida,Available,fuel_psu
2026-07-14,2026-07-14T06:00:00.000000,BPCL,petrol,Petrol (95 octane),90.86,Noida,Available,fuel_psu
2026-07-14,2026-07-14T06:00:00.000000,HPCL,petrol,Petrol (95 octane),90.86,Noida,Available,fuel_psu
2026-07-14,2026-07-14T06:00:00.000000,IOCL,diesel,Diesel,89.6,Noida,Available,fuel_psu
2026-07-14,2026-07-14T06:00:00.000000,BPCL,diesel,Diesel,89.6,Noida,Available,fuel_psu
2026-07-14,2026-07-14T06:00:00.000000,HPCL,diesel,Diesel,89.6,Noida,Available,fuel_psu
2026-07-14,2026-07-14T06:00:00.000000,IOCL,petrol,Petrol (95 octane),91.18,Gurgaon,Available,fuel_psu
2026-07-14,2026-07-14T06:00:00.000000,BPCL,petrol,Petrol (95 octane),91.18,Gurgaon,Available,fuel_psu
2026-07-14,2026-07-14T06:00:00.000000,HPCL,petrol,Petrol (95 octane),91.18,Gurgaon,Available,fuel_psu
2026-07-14,2026-07-14T06:00:00.000000,IOCL,diesel,Diesel,89.7,Gurgaon,Available,fuel_psu
2026-07-14,2026-07-14T06:00:00.000000,BPCL,diesel,Diesel,89.7,Gurgaon,Available,fuel_psu
2026-07-14,2026-07-14T06:00:00.000000,HPCL,diesel,Diesel,89.7,Gurgaon,Available,fuel_psu
2026-07-14,2026-07-14T06:00:00.000000,IOCL,petrol,Petrol (95 octane),102.7,Indore,Available,fuel_psu
2026-07-14,2026-07-14T06:00:00.000000,BPCL,petrol,Petrol (95 octane),102.7,Indore,Available,fuel_psu
2026-07-14,2026-07-14T06:00:00.000000,HPCL,petrol,Petrol (95 octane),102.7,Indore,Available,fuel_psu
2026-07-14,2026-07-14T06:00:00.000000,IOCL,diesel,Diesel,93.74,Indore,Available,fuel_psu
2026-07-14,2026-07-14T06:00:00.000000,BPCL,diesel,Diesel,93.74,Indore,Available,fuel_psu
2026-07-14,2026-07-14T06:00:00.000000,HPCL,diesel,Diesel,93.74,Indore,Available,fuel_psu
2026-07-15,2026-07-15T06:00:00.000000,IOCL,petrol,Petrol (95 octane),100.41,Mumbai,Available,fuel_psu
2026-07-15,2026-07-15T06:00:00.000000,BPCL,petrol,Petrol (95 octane),100.41,Mumbai,Available,fuel_psu
2026-07-15,2026-07-15T06:00:00.000000,HPCL,petrol,Petrol (95 octane),100.41,Mumbai,Available,fuel_psu
2026-07-15,2026-07-15T06:00:00.000000,IOCL,diesel,Diesel,94.0,Mumbai,Available,fuel_psu
2026-07-15,2026-07-15T06:00:00.000000,BPCL,diesel,Diesel,94.0,Mumbai,Available,fuel_psu
2026-07-15,2026-07-15T06:00:00.000000,HPCL,diesel,Diesel,94.0,Mumbai,Available,fuel_psu
2026-07-15,2026-07-15T06:00:00.000000,IOCL,petrol,Petrol (95 octane),90.92,Delhi,Available,fuel_psu
2026-07-15,2026-07-15T06:00:00.000000,BPCL,petrol,Petrol (95 octane),90.92,Delhi,Available,fuel_psu
2026-07-15,2026-07-15T06:00:00.000000,HPCL,petrol,Petrol (95 octane),90.92,Delhi,Available,fuel_psu
2026-07-15,2026-07-15T06:00:00.000000,IOCL,diesel,Diesel,89.47,Delhi,Available,fuel_psu
2026-07-15,2026-07-15T06:00:00.000000,BPCL,diesel,Diesel,89.47,Delhi,Available,fuel_psu
2026-07-15,2026-07-15T06:00:00.000000,HPCL,diesel,Diesel,89.47,Delhi,Available,fuel_psu
2026-07-15,2026-07-15T06:00:00.000000,IOCL,petrol,Petrol (95 octane),99.06,Bengaluru,Available,fuel_psu
2026-07-15,2026-07-15T06:00:00.000000,BPCL,petrol,Petrol (95 octane),99.06,Bengaluru,Available,fuel_psu
2026-07-15,2026-07-15T06:00:00.000000,HPCL,petrol,Petrol (95 octane),99.06,Bengaluru,Available,fuel_psu
2026-07-15,2026-07-15T06:00:00.000000,IOCL,diesel,Diesel,90.79,Bengaluru,Available,fuel_psu
2026-07-15,2026-07-15T06:00:00.000000,BPCL,diesel,Diesel,90.79,Bengaluru,Available,fuel_psu
2026-07-15,2026-07-15T06:00:00.000000,HPCL,diesel,Diesel,90.79,Bengaluru,Available,fuel_psu
2026-07-15,2026-07-15T06:00:00.000000,IOCL,petrol,Petrol (95 octane),96.95,Chennai,Available,fuel_psu
2026-07-15,2026-07-15T06:00:00.000000,BPCL,petrol,Petrol (95 octane),96.95,Chennai,Available,fuel_psu
2026-07-15,2026-07-15T06:00:00.000000,HPCL,petrol,Petrol (95 octane),96.95,Chennai,Available,fuel_psu
2026-07-15,2026-07-15T06:00:00.000000,IOCL,diesel,Diesel,94.19,Chennai,Available,fuel_psu
2026-07-15,2026-07-15T06:00:00.000000,BPCL,diesel,Diesel,94.19,Chennai,Available,fuel_psu
2026-07-15,2026-07-15T06:00:00.000000,HPCL,diesel,Diesel,94.19,Chennai,Available,fuel_psu
2026-07-15,2026-07-15T06:00:00.000000,IOCL,petrol,Petrol (95 octane),100.14,Kolkata,Available,fuel_psu
2026-07-15,2026-07-15T06:00:00.000000,BPCL,petrol,Petrol (95 octane),100.14,Kolkata,Available,fuel_psu
2026-07-15,2026-07-15T06:00:00.000000,HPCL,petrol,Petrol (95 octane),100.14,Kolkata,Available,fuel_psu
2026-07-15,2026-07-15T06:00:00.000000,IOCL,diesel,Diesel,92.61,Kolkata,Available,fuel_psu
2026-07-15,2026-07-15T06:00:00.000000,BPCL,diesel,Diesel,92.61,Kolkata,Available,fuel_psu
2026-07-15,2026-07-15T06:00:00.000000,HPCL,diesel,Diesel,92.61,Kolkata,Available,fuel_psu
2026-07-15,2026-07-15T06:00:00.000000,IOCL,petrol,Petrol (95 octane),103.61,Hyderabad,Available,fuel_psu
2026-07-15,2026-07-15T06:00:00.000000,BPCL,petrol,Petrol (95 octane),103.61,Hyderabad,Available,fuel_psu
2026-07-15,2026-07-15T06:00:00.000000,HPCL,petrol,Petrol (95 octane),103.61,Hyderabad,Available,fuel_psu
2026-07-15,2026-07-15T06:00:00.000000,IOCL,diesel,Diesel,97.5,Hyderabad,Available,fuel_psu
2026-07-15,2026-07-15T06:00:00.000000,BPCL,diesel,Diesel,97.5,Hyderabad,Available,fuel_psu
2026-07-15,2026-07-15T06:00:00.000000,HPCL,diesel,Diesel,97.5,Hyderabad,Available,fuel_psu
2026-07-15,2026-07-15T06:00:00.000000,IOCL,petrol,Petrol (95 octane),100.28,Pune,Available,fuel_psu
2026-07-15,2026-07-15T06:00:00.000000,BPCL,petrol,Petrol (95 octane),100.28,Pune,Available,fuel_psu
2026-07-15,2026-07-15T06:00:00.000000,HPCL,petrol,Petrol (95 octane),100.28,Pune,Available,fuel_psu
2026-07-15,2026-07-15T06:00:00.000000,IOCL,diesel,Diesel,92.46,Pune,Available,fuel_psu
2026-07-15,2026-07-15T06:00:00.000000,BPCL,diesel,Diesel,92.46,Pune,Available,fuel_psu
2026-07-15,2026-07-15T06:00:00.000000,HPCL,diesel,Diesel,92.46,Pune,Available,fuel_psu
2026-07-15,2026-07-15T06:00:00.000000,IOCL,petrol,Petrol (95 octane),90.64,Ahmedabad,Available,fuel_psu
2026-07-15,2026-07-15T06:00:00.000000,BPCL,petrol,Petrol (95 octane),90.64,Ahmedabad,Available,fuel_psu
2026-07-15,2026-07-15T06:00:00.000000,HPCL,petrol,Petrol (95 octane),90.64,Ahmedabad,Available,fuel_psu
2026-07-15,2026-07-15T06:00:00.000000,IOCL,diesel,Diesel,91.96,Ahmedabad,Available,fuel_psu
2026-07-15,2026-07-15T06:00:00.000000,BPCL,diesel,Diesel,91.96,Ahmedabad,Available,fuel_psu
2026-07-15,2026-07-15T06:00:00.000000,HPCL,diesel,Diesel,91.96,Ahmedabad,Available,fuel_psu
2026-07-15,2026-07-15T06:00:00.000000,IOCL,petrol,Petrol (95 octane),101.08,Jaipur,Available,fuel_psu
2026-07-15,2026-07-15T06:00:00.000000,BPCL,petrol,Petrol (95 octane),101.08,Jaipur,Available,fuel_psu
2026-07-15,2026-07-15T06:00:00.000000,HPCL,petrol,Petrol (95 octane),101.08,Jaipur,Available,fuel_psu
2026-07-15,2026-07-15T06:00:00.000000,IOCL,diesel,Diesel,92.21,Jaipur,Available,fuel_psu
2026-07-15,2026-07-15T06:00:00.000000,BPCL,diesel,Diesel,92.21,Jaipur,Available,fuel_psu
2026-07-15,2026-07-15T06:00:00.000000,HPCL,diesel,Diesel,92.21,Jaipur,Available,fuel_psu
2026-07-15,2026-07-15T06:00:00.000000,IOCL,petrol,Petrol (95 octane),90.85,Lucknow,Available,fuel_psu
2026-07-15,2026-07-15T06:00:00.000000,BPCL,petrol,Petrol (95 octane),90.85,Lucknow,Available,fuel_psu
2026-07-15,2026-07-15T06:00:00.000000,HPCL,petrol,Petrol (95 octane),90.85,Lucknow,Available,fuel_psu
2026-07-15,2026-07-15T06:00:00.000000,IOCL,diesel,Diesel,89.61,Lucknow,Available,fuel_psu
2026-07-15,2026-07-15T06:00:00.000000,BPCL,diesel,Diesel,89.61,Lucknow,Available,fuel_psu
2026-07-15,2026-07-15T06:00:00.000000,HPCL,diesel,Diesel,89.61,Lucknow,Available,fuel_psu
2026-07-15,2026-07-15T06:00:00.000000,IOCL,petrol,Petrol (95 octane),90.44,Chandigarh,Available,fuel_psu
2026-07-15,2026-07-15T06:00:00.000000,BPCL,petrol,Petrol (95 octane),90.44,Chandigarh,Available,fuel_psu
2026-07-15,2026-07-15T06:00:00.000000,HPCL,petrol,Petrol (95 octane),90.44,Chandigarh,Available,fuel_psu
2026-07-15,2026-07-15T06:00:00.000000,IOCL,diesel,Diesel,84.25,Chandigarh,Available,fuel_psu
2026-07-15,2026-07-15T06:00:00.000000,BPCL,diesel,Diesel,84.25,Chandigarh,Available,fuel_psu
2026-07-15,2026-07-15T06:00:00.000000,HPCL,diesel,Diesel,84.25,Chandigarh,Available,fuel_psu
2026-07-15,2026-07-15T06:00:00.000000,IOCL,petrol,Petrol (95 octane),90.51,Surat,Available,fuel_psu
2026-07-15,2026-07-15T06:00:00.000000,BPCL,petrol,Petrol (95 octane),90.51,Surat,Available,fuel_psu
2026-07-15,2026-07-15T06:00:00.000000,HPCL,petrol,Petrol (95 octane),90.51,Surat,Available,fuel_psu
2026-07-15,2026-07-15T06:00:00.000000,IOCL,diesel,Diesel,91.83,Surat,Available,fuel_psu
2026-07-15,2026-07-15T06:00:00.000000,BPCL,diesel,Diesel,91.83,Surat,Available,fuel_psu
2026-07-15,2026-07-15T06:00:00.000000,HPCL,diesel,Diesel,91.83,Surat,Available,fuel_psu
2026-07-15,2026-07-15T06:00:00.000000,IOCL,petrol,Petrol (95 octane),101.38,Patna,Available,fuel_psu
2026-07-15,2026-07-15T06:00:00.000000,BPCL,petrol,Petrol (95 octane),101.38,Patna,Available,fuel_psu
2026-07-15,2026-07-15T06:00:00.000000,HPCL,petrol,Petrol (95 octane),101.38,Patna,Available,fuel_psu
2026-07-15,2026-07-15T06:00:00.000000,IOCL,diesel,Diesel,93.89,Patna,Available,fuel_psu
2026-07-15,2026-07-15T06:00:00.000000,BPCL,diesel,Diesel,93.89,Patna,Available,fuel_psu
2026-07-15,2026-07-15T06:00:00.000000,HPCL,diesel,Diesel,93.89,Patna,Available,fuel_psu
2026-07-15,2026-07-15T06:00:00.000000,IOCL,petrol,Petrol (95 octane),90.86,Noida,Available,fuel_psu
2026-07-15,2026-07-15T06:00:00.000000,BPCL,petrol,Petrol (95 octane),90.86,Noida,Available,fuel_psu
2026-07-15,2026-07-15T06:00:00.000000,HPCL,petrol,Petrol (95 octane),90.86,Noida,Available,fuel_psu
2026-07-15,2026-07-15T06:00:00.000000,IOCL,diesel,Diesel,89.6,Noida,Available,fuel_psu
2026-07-15,2026-07-15T06:00:00.000000,BPCL,diesel,Diesel,89.6,Noida,Available,fuel_psu
2026-07-15,2026-07-15T06:00:00.000000,HPCL,diesel,Diesel,89.6,Noida,Available,fuel_psu
2026-07-15,2026-07-15T06:00:00.000000,IOCL,petrol,Petrol (95 octane),91.18,Gurgaon,Available,fuel_psu
2026-07-15,2026-07-15T06:00:00.000000,BPCL,petrol,Petrol (95 octane),91.18,Gurgaon,Available,fuel_psu
2026-07-15,2026-07-15T06:00:00.000000,HPCL,petrol,Petrol (95 octane),91.18,Gurgaon,Available,fuel_psu
2026-07-15,2026-07-15T06:00:00.000000,IOCL,diesel,Diesel,89.7,Gurgaon,Available,fuel_psu
2026-07-15,2026-07-15T06:00:00.000000,BPCL,diesel,Diesel,89.7,Gurgaon,Available,fuel_psu
2026-07-15,2026-07-15T06:00:00.000000,HPCL,diesel,Diesel,89.7,Gurgaon,Available,fuel_psu
2026-07-15,2026-07-15T06:00:00.000000,IOCL,petrol,Petrol (95 octane),102.7,Indore,Available,fuel_psu
2026-07-15,2026-07-15T06:00:00.000000,BPCL,petrol,Petrol (95 octane),102.7,Indore,Available,fuel_psu
2026-07-15,2026-07-15T06:00:00.000000,HPCL,petrol,Petrol (95 octane),102.7,Indore,Available,fuel_psu
2026-07-15,2026-07-15T06:00:00.000000,IOCL,diesel,Diesel,93.74,Indore,Available,fuel_psu
2026-07-15,2026-07-15T06:00:00.000000,BPCL,diesel,Diesel,93.74,Indore,Available,fuel_psu
2026-07-15,2026-07-15T06:00:00.000000,HPCL,diesel,Diesel,93.74,Indore,Available,fuel_psu
2026-07-16,2026-07-16T06:00:00.000000,IOCL,petrol,Petrol (95 octane),100.41,Mumbai,Available,fuel_psu
2026-07-16,2026-07-16T06:00:00.000000,BPCL,petrol,Petrol (95 octane),100.41,Mumbai,Available,fuel_psu
2026-07-16,2026-07-16T06:00:00.000000,HPCL,petrol,Petrol (95 octane),100.41,Mumbai,Available,fuel_psu
2026-07-16,2026-07-16T06:00:00.000000,IOCL,diesel,Diesel,94.0,Mumbai,Available,fuel_psu
2026-07-16,2026-07-16T06:00:00.000000,BPCL,diesel,Diesel,94.0,Mumbai,Available,fuel_psu
2026-07-16,2026-07-16T06:00:00.000000,HPCL,diesel,Diesel,94.0,Mumbai,Available,fuel_psu
2026-07-16,2026-07-16T06:00:00.000000,IOCL,petrol,Petrol (95 octane),90.92,Delhi,Available,fuel_psu
2026-07-16,2026-07-16T06:00:00.000000,BPCL,petrol,Petrol (95 octane),90.92,Delhi,Available,fuel_psu
2026-07-16,2026-07-16T06:00:00.000000,HPCL,petrol,Petrol (95 octane),90.92,Delhi,Available,fuel_psu
2026-07-16,2026-07-16T06:00:00.000000,IOCL,diesel,Diesel,89.47,Delhi,Available,fuel_psu
2026-07-16,2026-07-16T06:00:00.000000,BPCL,diesel,Diesel,89.47,Delhi,Available,fuel_psu
2026-07-16,2026-07-16T06:00:00.000000,HPCL,diesel,Diesel,89.47,Delhi,Available,fuel_psu
2026-07-16,2026-07-16T06:00:00.000000,IOCL,petrol,Petrol (95 octane),99.06,Bengaluru,Available,fuel_psu
2026-07-16,2026-07-16T06:00:00.000000,BPCL,petrol,Petrol (95 octane),99.06,Bengaluru,Available,fuel_psu
2026-07-16,2026-07-16T06:00:00.000000,HPCL,petrol,Petrol (95 octane),99.06,Bengaluru,Available,fuel_psu
2026-07-16,2026-07-16T06:00:00.000000,IOCL,diesel,Diesel,90.79,Bengaluru,Available,fuel_psu
2026-07-16,2026-07-16T06:00:00.000000,BPCL,diesel,Diesel,90.79,Bengaluru,Available,fuel_psu
2026-07-16,2026-07-16T06:00:00.000000,HPCL,diesel,Diesel,90.79,Bengaluru,Available,fuel_psu
2026-07-16,2026-07-16T06:00:00.000000,IOCL,petrol,Petrol (95 octane),96.95,Chennai,Available,fuel_psu
2026-07-16,2026-07-16T06:00:00.000000,BPCL,petrol,Petrol (95 octane),96.95,Chennai,Available,fuel_psu
2026-07-16,2026-07-16T06:00:00.000000,HPCL,petrol,Petrol (95 octane),96.95,Chennai,Available,fuel_psu
2026-07-16,2026-07-16T06:00:00.000000,IOCL,diesel,Diesel,94.19,Chennai,Available,fuel_psu
2026-07-16,2026-07-16T06:00:00.000000,BPCL,diesel,Diesel,94.19,Chennai,Available,fuel_psu
2026-07-16,2026-07-16T06:00:00.000000,HPCL,diesel,Diesel,94.19,Chennai,Available,fuel_psu
2026-07-16,2026-07-16T06:00:00.000000,IOCL,petrol,Petrol (95 octane),100.14,Kolkata,Available,fuel_psu
2026-07-16,2026-07-16T06:00:00.000000,BPCL,petrol,Petrol (95 octane),100.14,Kolkata,Available,fuel_psu
2026-07-16,2026-07-16T06:00:00.000000,HPCL,petrol,Petrol (95 octane),100.14,Kolkata,Available,fuel_psu
2026-07-16,2026-07-16T06:00:00.000000,IOCL,diesel,Diesel,92.61,Kolkata,Available,fuel_psu
2026-07-16,2026-07-16T06:00:00.000000,BPCL,diesel,Diesel,92.61,Kolkata,Available,fuel_psu
2026-07-16,2026-07-16T06:00:00.000000,HPCL,diesel,Diesel,92.61,Kolkata,Available,fuel_psu
2026-07-16,2026-07-16T06:00:00.000000,IOCL,petrol,Petrol (95 octane),103.61,Hyderabad,Available,fuel_psu
2026-07-16,2026-07-16T06:00:00.000000,BPCL,petrol,Petrol (95 octane),103.61,Hyderabad,Available,fuel_psu
2026-07-16,2026-07-16T06:00:00.000000,HPCL,petrol,Petrol (95 octane),103.61,Hyderabad,Available,fuel_psu
2026-07-16,2026-07-16T06:00:00.000000,IOCL,diesel,Diesel,97.5,Hyderabad,Available,fuel_psu
2026-07-16,2026-07-16T06:00:00.000000,BPCL,diesel,Diesel,97.5,Hyderabad,Available,fuel_psu
2026-07-16,2026-07-16T06:00:00.000000,HPCL,diesel,Diesel,97.5,Hyderabad,Available,fuel_psu
2026-07-16,2026-07-16T06:00:00.000000,IOCL,petrol,Petrol (95 octane),100.28,Pune,Available,fuel_psu
2026-07-16,2026-07-16T06:00:00.000000,BPCL,petrol,Petrol (95 octane),100.28,Pune,Available,fuel_psu
2026-07-16,2026-07-16T06:00:00.000000,HPCL,petrol,Petrol (95 octane),100.28,Pune,Available,fuel_psu
2026-07-16,2026-07-16T06:00:00.000000,IOCL,diesel,Diesel,92.46,Pune,Available,fuel_psu
2026-07-16,2026-07-16T06:00:00.000000,BPCL,diesel,Diesel,92.46,Pune,Available,fuel_psu
2026-07-16,2026-07-16T06:00:00.000000,HPCL,diesel,Diesel,92.46,Pune,Available,fuel_psu
2026-07-16,2026-07-16T06:00:00.000000,IOCL,petrol,Petrol (95 octane),90.64,Ahmedabad,Available,fuel_psu
2026-07-16,2026-07-16T06:00:00.000000,BPCL,petrol,Petrol (95 octane),90.64,Ahmedabad,Available,fuel_psu
2026-07-16,2026-07-16T06:00:00.000000,HPCL,petrol,Petrol (95 octane),90.64,Ahmedabad,Available,fuel_psu
2026-07-16,2026-07-16T06:00:00.000000,IOCL,diesel,Diesel,91.96,Ahmedabad,Available,fuel_psu
2026-07-16,2026-07-16T06:00:00.000000,BPCL,diesel,Diesel,91.96,Ahmedabad,Available,fuel_psu
2026-07-16,2026-07-16T06:00:00.000000,HPCL,diesel,Diesel,91.96,Ahmedabad,Available,fuel_psu
2026-07-16,2026-07-16T06:00:00.000000,IOCL,petrol,Petrol (95 octane),101.08,Jaipur,Available,fuel_psu
2026-07-16,2026-07-16T06:00:00.000000,BPCL,petrol,Petrol (95 octane),101.08,Jaipur,Available,fuel_psu
2026-07-16,2026-07-16T06:00:00.000000,HPCL,petrol,Petrol (95 octane),101.08,Jaipur,Available,fuel_psu
2026-07-16,2026-07-16T06:00:00.000000,IOCL,diesel,Diesel,92.21,Jaipur,Available,fuel_psu
2026-07-16,2026-07-16T06:00:00.000000,BPCL,diesel,Diesel,92.21,Jaipur,Available,fuel_psu
2026-07-16,2026-07-16T06:00:00.000000,HPCL,diesel,Diesel,92.21,Jaipur,Available,fuel_psu
2026-07-16,2026-07-16T06:00:00.000000,IOCL,petrol,Petrol (95 octane),90.85,Lucknow,Available,fuel_psu
2026-07-16,2026-07-16T06:00:00.000000,BPCL,petrol,Petrol (95 octane),90.85,Lucknow,Available,fuel_psu
2026-07-16,2026-07-16T06:00:00.000000,HPCL,petrol,Petrol (95 octane),90.85,Lucknow,Available,fuel_psu
2026-07-16,2026-07-16T06:00:00.000000,IOCL,diesel,Diesel,89.61,Lucknow,Available,fuel_psu
2026-07-16,2026-07-16T06:00:00.000000,BPCL,diesel,Diesel,89.61,Lucknow,Available,fuel_psu
2026-07-16,2026-07-16T06:00:00.000000,HPCL,diesel,Diesel,89.61,Lucknow,Available,fuel_psu
2026-07-16,2026-07-16T06:00:00.000000,IOCL,petrol,Petrol (95 octane),90.44,Chandigarh,Available,fuel_psu
2026-07-16,2026-07-16T06:00:00.000000,BPCL,petrol,Petrol (95 octane),90.44,Chandigarh,Available,fuel_psu
2026-07-16,2026-07-16T06:00:00.000000,HPCL,petrol,Petrol (95 octane),90.44,Chandigarh,Available,fuel_psu
2026-07-16,2026-07-16T06:00:00.000000,IOCL,diesel,Diesel,84.25,Chandigarh,Available,fuel_psu
2026-07-16,2026-07-16T06:00:00.000000,BPCL,diesel,Diesel,84.25,Chandigarh,Available,fuel_psu
2026-07-16,2026-07-16T06:00:00.000000,HPCL,diesel,Diesel,84.25,Chandigarh,Available,fuel_psu
2026-07-16,2026-07-16T06:00:00.000000,IOCL,petrol,Petrol (95 octane),90.51,Surat,Available,fuel_psu
2026-07-16,2026-07-16T06:00:00.000000,BPCL,petrol,Petrol (95 octane),90.51,Surat,Available,fuel_psu
2026-07-16,2026-07-16T06:00:00.000000,HPCL,petrol,Petrol (95 octane),90.51,Surat,Available,fuel_psu
2026-07-16,2026-07-16T06:00:00.000000,IOCL,diesel,Diesel,91.83,Surat,Available,fuel_psu
2026-07-16,2026-07-16T06:00:00.000000,BPCL,diesel,Diesel,91.83,Surat,Available,fuel_psu
2026-07-16,2026-07-16T06:00:00.000000,HPCL,diesel,Diesel,91.83,Surat,Available,fuel_psu
2026-07-16,2026-07-16T06:00:00.000000,IOCL,petrol,Petrol (95 octane),101.38,Patna,Available,fuel_psu
2026-07-16,2026-07-16T06:00:00.000000,BPCL,petrol,Petrol (95 octane),101.38,Patna,Available,fuel_psu
2026-07-16,2026-07-16T06:00:00.000000,HPCL,petrol,Petrol (95 octane),101.38,Patna,Available,fuel_psu
2026-07-16,2026-07-16T06:00:00.000000,IOCL,diesel,Diesel,93.89,Patna,Available,fuel_psu
2026-07-16,2026-07-16T06:00:00.000000,BPCL,diesel,Diesel,93.89,Patna,Available,fuel_psu
2026-07-16,2026-07-16T06:00:00.000000,HPCL,diesel,Diesel,93.89,Patna,Available,fuel_psu
2026-07-16,2026-07-16T06:00:00.000000,IOCL,petrol,Petrol (95 octane),90.86,Noida,Available,fuel_psu
2026-07-16,2026-07-16T06:00:00.000000,BPCL,petrol,Petrol (95 octane),90.86,Noida,Available,fuel_psu
2026-07-16,2026-07-16T06:00:00.000000,HPCL,petrol,Petrol (95 octane),90.86,Noida,Available,fuel_psu
2026-07-16,2026-07-16T06:00:00.000000,IOCL,diesel,Diesel,89.6,Noida,Available,fuel_psu
2026-07-16,2026-07-16T06:00:00.000000,BPCL,diesel,Diesel,89.6,Noida,Available,fuel_psu
2026-07-16,2026-07-16T06:00:00.000000,HPCL,diesel,Diesel,89.6,Noida,Available,fuel_psu
2026-07-16,2026-07-16T06:00:00.000000,IOCL,petrol,Petrol (95 octane),91.18,Gurgaon,Available,fuel_psu
2026-07-16,2026-07-16T06:00:00.000000,BPCL,petrol,Petrol (95 octane),91.18,Gurgaon,Available,fuel_psu
2026-07-16,2026-07-16T06:00:00.000000,HPCL,petrol,Petrol (95 octane),91.18,Gurgaon,Available,fuel_psu
2026-07-16,2026-07-16T06:00:00.000000,IOCL,diesel,Diesel,89.7,Gurgaon,Available,fuel_psu
2026-07-16,2026-07-16T06:00:00.000000,BPCL,diesel,Diesel,89.7,Gurgaon,Available,fuel_psu
2026-07-16,2026-07-16T06:00:00.000000,HPCL,diesel,Diesel,89.7,Gurgaon,Available,fuel_psu
2026-07-16,2026-07-16T06:00:00.000000,IOCL,petrol,Petrol (95 octane),102.7,Indore,Available,fuel_psu
2026-07-16,2026-07-16T06:00:00.000000,BPCL,petrol,Petrol (95 octane),102.7,Indore,Available,fuel_psu
2026-07-16,2026-07-16T06:00:00.000000,HPCL,petrol,Petrol (95 octane),102.7,Indore,Available,fuel_psu
2026-07-16,2026-07-16T06:00:00.000000,IOCL,diesel,Diesel,93.74,Indore,Available,fuel_psu
2026-07-16,2026-07-16T06:00:00.000000,BPCL,diesel,Diesel,93.74,Indore,Available,fuel_psu
2026-07-16,2026-07-16T06:00:00.000000,HPCL,diesel,Diesel,93.74,Indore,Available,fuel_psu
2026-07-17,2026-07-17T06:00:00.000000,IOCL,petrol,Petrol (95 octane),100.41,Mumbai,Available,fuel_psu
2026-07-17,2026-07-17T06:00:00.000000,BPCL,petrol,Petrol (95 octane),100.41,Mumbai,Available,fuel_psu
2026-07-17,2026-07-17T06:00:00.000000,HPCL,petrol,Petrol (95 octane),100.41,Mumbai,Available,fuel_psu
2026-07-17,2026-07-17T06:00:00.000000,IOCL,diesel,Diesel,94.0,Mumbai,Available,fuel_psu
2026-07-17,2026-07-17T06:00:00.000000,BPCL,diesel,Diesel,94.0,Mumbai,Available,fuel_psu
2026-07-17,2026-07-17T06:00:00.000000,HPCL,diesel,Diesel,94.0,Mumbai,Available,fuel_psu
2026-07-17,2026-07-17T06:00:00.000000,IOCL,petrol,Petrol (95 octane),90.92,Delhi,Available,fuel_psu
2026-07-17,2026-07-17T06:00:00.000000,BPCL,petrol,Petrol (95 octane),90.92,Delhi,Available,fuel_psu
2026-07-17,2026-07-17T06:00:00.000000,HPCL,petrol,Petrol (95 octane),90.92,Delhi,Available,fuel_psu
2026-07-17,2026-07-17T06:00:00.000000,IOCL,diesel,Diesel,89.47,Delhi,Available,fuel_psu
2026-07-17,2026-07-17T06:00:00.000000,BPCL,diesel,Diesel,89.47,Delhi,Available,fuel_psu
2026-07-17,2026-07-17T06:00:00.000000,HPCL,diesel,Diesel,89.47,Delhi,Available,fuel_psu
2026-07-17,2026-07-17T06:00:00.000000,IOCL,petrol,Petrol (95 octane),99.06,Bengaluru,Available,fuel_psu
2026-07-17,2026-07-17T06:00:00.000000,BPCL,petrol,Petrol (95 octane),99.06,Bengaluru,Available,fuel_psu
2026-07-17,2026-07-17T06:00:00.000000,HPCL,petrol,Petrol (95 octane),99.06,Bengaluru,Available,fuel_psu
2026-07-17,2026-07-17T06:00:00.000000,IOCL,diesel,Diesel,90.79,Bengaluru,Available,fuel_psu
2026-07-17,2026-07-17T06:00:00.000000,BPCL,diesel,Diesel,90.79,Bengaluru,Available,fuel_psu
2026-07-17,2026-07-17T06:00:00.000000,HPCL,diesel,Diesel,90.79,Bengaluru,Available,fuel_psu
2026-07-17,2026-07-17T06:00:00.000000,IOCL,petrol,Petrol (95 octane),96.95,Chennai,Available,fuel_psu
2026-07-17,2026-07-17T06:00:00.000000,BPCL,petrol,Petrol (95 octane),96.95,Chennai,Available,fuel_psu
2026-07-17,2026-07-17T06:00:00.000000,HPCL,petrol,Petrol (95 octane),96.95,Chennai,Available,fuel_psu
2026-07-17,2026-07-17T06:00:00.000000,IOCL,diesel,Diesel,94.19,Chennai,Available,fuel_psu
2026-07-17,2026-07-17T06:00:00.000000,BPCL,diesel,Diesel,94.19,Chennai,Available,fuel_psu
2026-07-17,2026-07-17T06:00:00.000000,HPCL,diesel,Diesel,94.19,Chennai,Available,fuel_psu
2026-07-17,2026-07-17T06:00:00.000000,IOCL,petrol,Petrol (95 octane),100.14,Kolkata,Available,fuel_psu
2026-07-17,2026-07-17T06:00:00.000000,BPCL,petrol,Petrol (95 octane),100.14,Kolkata,Available,fuel_psu
2026-07-17,2026-07-17T06:00:00.000000,HPCL,petrol,Petrol (95 octane),100.14,Kolkata,Available,fuel_psu
2026-07-17,2026-07-17T06:00:00.000000,IOCL,diesel,Diesel,92.61,Kolkata,Available,fuel_psu
2026-07-17,2026-07-17T06:00:00.000000,BPCL,diesel,Diesel,92.61,Kolkata,Available,fuel_psu
2026-07-17,2026-07-17T06:00:00.000000,HPCL,diesel,Diesel,92.61,Kolkata,Available,fuel_psu
2026-07-17,2026-07-17T06:00:00.000000,IOCL,petrol,Petrol (95 octane),103.61,Hyderabad,Available,fuel_psu
2026-07-17,2026-07-17T06:00:00.000000,BPCL,petrol,Petrol (95 octane),103.61,Hyderabad,Available,fuel_psu
2026-07-17,2026-07-17T06:00:00.000000,HPCL,petrol,Petrol (95 octane),103.61,Hyderabad,Available,fuel_psu
2026-07-17,2026-07-17T06:00:00.000000,IOCL,diesel,Diesel,97.5,Hyderabad,Available,fuel_psu
2026-07-17,2026-07-17T06:00:00.000000,BPCL,diesel,Diesel,97.5,Hyderabad,Available,fuel_psu
2026-07-17,2026-07-17T06:00:00.000000,HPCL,diesel,Diesel,97.5,Hyderabad,Available,fuel_psu
2026-07-17,2026-07-17T06:00:00.000000,IOCL,petrol,Petrol (95 octane),100.28,Pune,Available,fuel_psu
2026-07-17,2026-07-17T06:00:00.000000,BPCL,petrol,Petrol (95 octane),100.28,Pune,Available,fuel_psu
2026-07-17,2026-07-17T06:00:00.000000,HPCL,petrol,Petrol (95 octane),100.28,Pune,Available,fuel_psu
2026-07-17,2026-07-17T06:00:00.000000,IOCL,diesel,Diesel,92.46,Pune,Available,fuel_psu
2026-07-17,2026-07-17T06:00:00.000000,BPCL,diesel,Diesel,92.46,Pune,Available,fuel_psu
2026-07-17,2026-07-17T06:00:00.000000,HPCL,diesel,Diesel,92.46,Pune,Available,fuel_psu
2026-07-17,2026-07-17T06:00:00.000000,IOCL,petrol,Petrol (95 octane),90.64,Ahmedabad,Available,fuel_psu
2026-07-17,2026-07-17T06:00:00.000000,BPCL,petrol,Petrol (95 octane),90.64,Ahmedabad,Available,fuel_psu
2026-07-17,2026-07-17T06:00:00.000000,HPCL,petrol,Petrol (95 octane),90.64,Ahmedabad,Available,fuel_psu
2026-07-17,2026-07-17T06:00:00.000000,IOCL,diesel,Diesel,91.96,Ahmedabad,Available,fuel_psu
2026-07-17,2026-07-17T06:00:00.000000,BPCL,diesel,Diesel,91.96,Ahmedabad,Available,fuel_psu
2026-07-17,2026-07-17T06:00:00.000000,HPCL,diesel,Diesel,91.96,Ahmedabad,Available,fuel_psu
2026-07-17,2026-07-17T06:00:00.000000,IOCL,petrol,Petrol (95 octane),101.08,Jaipur,Available,fuel_psu
2026-07-17,2026-07-17T06:00:00.000000,BPCL,petrol,Petrol (95 octane),101.08,Jaipur,Available,fuel_psu
2026-07-17,2026-07-17T06:00:00.000000,HPCL,petrol,Petrol (95 octane),101.08,Jaipur,Available,fuel_psu
2026-07-17,2026-07-17T06:00:00.000000,IOCL,diesel,Diesel,92.21,Jaipur,Available,fuel_psu
2026-07-17,2026-07-17T06:00:00.000000,BPCL,diesel,Diesel,92.21,Jaipur,Available,fuel_psu
2026-07-17,2026-07-17T06:00:00.000000,HPCL,diesel,Diesel,92.21,Jaipur,Available,fuel_psu
2026-07-17,2026-07-17T06:00:00.000000,IOCL,petrol,Petrol (95 octane),90.85,Lucknow,Available,fuel_psu
2026-07-17,2026-07-17T06:00:00.000000,BPCL,petrol,Petrol (95 octane),90.85,Lucknow,Available,fuel_psu
2026-07-17,2026-07-17T06:00:00.000000,HPCL,petrol,Petrol (95 octane),90.85,Lucknow,Available,fuel_psu
2026-07-17,2026-07-17T06:00:00.000000,IOCL,diesel,Diesel,89.61,Lucknow,Available,fuel_psu
2026-07-17,2026-07-17T06:00:00.000000,BPCL,diesel,Diesel,89.61,Lucknow,Available,fuel_psu
2026-07-17,2026-07-17T06:00:00.000000,HPCL,diesel,Diesel,89.61,Lucknow,Available,fuel_psu
2026-07-17,2026-07-17T06:00:00.000000,IOCL,petrol,Petrol (95 octane),90.44,Chandigarh,Available,fuel_psu
2026-07-17,2026-07-17T06:00:00.000000,BPCL,petrol,Petrol (95 octane),90.44,Chandigarh,Available,fuel_psu
2026-07-17,2026-07-17T06:00:00.000000,HPCL,petrol,Petrol (95 octane),90.44,Chandigarh,Available,fuel_psu
2026-07-17,2026-07-17T06:00:00.000000,IOCL,diesel,Diesel,84.25,Chandigarh,Available,fuel_psu
2026-07-17,2026-07-17T06:00:00.000000,BPCL,diesel,Diesel,84.25,Chandigarh,Available,fuel_psu
2026-07-17,2026-07-17T06:00:00.000000,HPCL,diesel,Diesel,84.25,Chandigarh,Available,fuel_psu
2026-07-17,2026-07-17T06:00:00.000000,IOCL,petrol,Petrol (95 octane),90.51,Surat,Available,fuel_psu
2026-07-17,2026-07-17T06:00:00.000000,BPCL,petrol,Petrol (95 octane),90.51,Surat,Available,fuel_psu
2026-07-17,2026-07-17T06:00:00.000000,HPCL,petrol,Petrol (95 octane),90.51,Surat,Available,fuel_psu
2026-07-17,2026-07-17T06:00:00.000000,IOCL,diesel,Diesel,91.83,Surat,Available,fuel_psu
2026-07-17,2026-07-17T06:00:00.000000,BPCL,diesel,Diesel,91.83,Surat,Available,fuel_psu
2026-07-17,2026-07-17T06:00:00.000000,HPCL,diesel,Diesel,91.83,Surat,Available,fuel_psu
2026-07-17,2026-07-17T06:00:00.000000,IOCL,petrol,Petrol (95 octane),101.38,Patna,Available,fuel_psu
2026-07-17,2026-07-17T06:00:00.000000,BPCL,petrol,Petrol (95 octane),101.38,Patna,Available,fuel_psu
2026-07-17,2026-07-17T06:00:00.000000,HPCL,petrol,Petrol (95 octane),101.38,Patna,Available,fuel_psu
2026-07-17,2026-07-17T06:00:00.000000,IOCL,diesel,Diesel,93.89,Patna,Available,fuel_psu
2026-07-17,2026-07-17T06:00:00.000000,BPCL,diesel,Diesel,93.89,Patna,Available,fuel_psu
2026-07-17,2026-07-17T06:00:00.000000,HPCL,diesel,Diesel,93.89,Patna,Available,fuel_psu
2026-07-17,2026-07-17T06:00:00.000000,IOCL,petrol,Petrol (95 octane),90.86,Noida,Available,fuel_psu
2026-07-17,2026-07-17T06:00:00.000000,BPCL,petrol,Petrol (95 octane),90.86,Noida,Available,fuel_psu
2026-07-17,2026-07-17T06:00:00.000000,HPCL,petrol,Petrol (95 octane),90.86,Noida,Available,fuel_psu
2026-07-17,2026-07-17T06:00:00.000000,IOCL,diesel,Diesel,89.6,Noida,Available,fuel_psu
2026-07-17,2026-07-17T06:00:00.000000,BPCL,diesel,Diesel,89.6,Noida,Available,fuel_psu
2026-07-17,2026-07-17T06:00:00.000000,HPCL,diesel,Diesel,89.6,Noida,Available,fuel_psu
2026-07-17,2026-07-17T06:00:00.000000,IOCL,petrol,Petrol (95 octane),91.18,Gurgaon,Available,fuel_psu
2026-07-17,2026-07-17T06:00:00.000000,BPCL,petrol,Petrol (95 octane),91.18,Gurgaon,Available,fuel_psu
2026-07-17,2026-07-17T06:00:00.000000,HPCL,petrol,Petrol (95 octane),91.18,Gurgaon,Available,fuel_psu
2026-07-17,2026-07-17T06:00:00.000000,IOCL,diesel,Diesel,89.7,Gurgaon,Available,fuel_psu
2026-07-17,2026-07-17T06:00:00.000000,BPCL,diesel,Diesel,89.7,Gurgaon,Available,fuel_psu
2026-07-17,2026-07-17T06:00:00.000000,HPCL,diesel,Diesel,89.7,Gurgaon,Available,fuel_psu
2026-07-17,2026-07-17T06:00:00.000000,IOCL,petrol,Petrol (95 octane),102.7,Indore,Available,fuel_psu
2026-07-17,2026-07-17T06:00:00.000000,BPCL,petrol,Petrol (95 octane),102.7,Indore,Available,fuel_psu
2026-07-17,2026-07-17T06:00:00.000000,HPCL,petrol,Petrol (95 octane),102.7,Indore,Available,fuel_psu
2026-07-17,2026-07-17T06:00:00.000000,IOCL,diesel,Diesel,93.74,Indore,Available,fuel_psu
2026-07-17,2026-07-17T06:00:00.000000,BPCL,diesel,Diesel,93.74,Indore,Available,fuel_psu
2026-07-17,2026-07-17T06:00:00.000000,HPCL,diesel,Diesel,93.74,Indore,Available,fuel_psu
2026-07-18,2026-07-18T06:00:00.000000,IOCL,petrol,Petrol (95 octane),101.51,Mumbai,Available,fuel_psu
2026-07-18,2026-07-18T06:00:00.000000,BPCL,petrol,Petrol (95 octane),101.51,Mumbai,Available,fuel_psu
2026-07-18,2026-07-18T06:00:00.000000,HPCL,petrol,Petrol (95 octane),101.51,Mumbai,Available,fuel_psu
2026-07-18,2026-07-18T06:00:00.000000,IOCL,diesel,Diesel,93.4,Mumbai,Available,fuel_psu
2026-07-18,2026-07-18T06:00:00.000000,BPCL,diesel,Diesel,93.4,Mumbai,Available,fuel_psu
2026-07-18,2026-07-18T06:00:00.000000,HPCL,diesel,Diesel,93.4,Mumbai,Available,fuel_psu
2026-07-18,2026-07-18T06:00:00.000000,IOCL,petrol,Petrol (95 octane),92.02,Delhi,Available,fuel_psu
2026-07-18,2026-07-18T06:00:00.000000,BPCL,petrol,Petrol (95 octane),92.02,Delhi,Available,fuel_psu
2026-07-18,2026-07-18T06:00:00.000000,HPCL,petrol,Petrol (95 octane),92.02,Delhi,Available,fuel_psu
2026-07-18,2026-07-18T06:00:00.000000,IOCL,diesel,Diesel,88.87,Delhi,Available,fuel_psu
2026-07-18,2026-07-18T06:00:00.000000,BPCL,diesel,Diesel,88.87,Delhi,Available,fuel_psu
2026-07-18,2026-07-18T06:00:00.000000,HPCL,diesel,Diesel,88.87,Delhi,Available,fuel_psu
2026-07-18,2026-07-18T06:00:00.000000,IOCL,petrol,Petrol (95 octane),100.16,Bengaluru,Available,fuel_psu
2026-07-18,2026-07-18T06:00:00.000000,BPCL,petrol,Petrol (95 octane),100.16,Bengaluru,Available,fuel_psu
2026-07-18,2026-07-18T06:00:00.000000,HPCL,petrol,Petrol (95 octane),100.16,Bengaluru,Available,fuel_psu
2026-07-18,2026-07-18T06:00:00.000000,IOCL,diesel,Diesel,90.19,Bengaluru,Available,fuel_psu
2026-07-18,2026-07-18T06:00:00.000000,BPCL,diesel,Diesel,90.19,Bengaluru,Available,fuel_psu
2026-07-18,2026-07-18T06:00:00.000000,HPCL,diesel,Diesel,90.19,Bengaluru,Available,fuel_psu
2026-07-18,2026-07-18T06:00:00.000000,IOCL,petrol,Petrol (95 octane),98.05,Chennai,Available,fuel_psu
2026-07-18,2026-07-18T06:00:00.000000,BPCL,petrol,Petrol (95 octane),98.05,Chennai,Available,fuel_psu
2026-07-18,2026-07-18T06:00:00.000000,HPCL,petrol,Petrol (95 octane),98.05,Chennai,Available,fuel_psu
2026-07-18,2026-07-18T06:00:00.000000,IOCL,diesel,Diesel,93.59,Chennai,Available,fuel_psu
2026-07-18,2026-07-18T06:00:00.000000,BPCL,diesel,Diesel,93.59,Chennai,Available,fuel_psu
2026-07-18,2026-07-18T06:00:00.000000,HPCL,diesel,Diesel,93.59,Chennai,Available,fuel_psu
2026-07-18,2026-07-18T06:00:00.000000,IOCL,petrol,Petrol (95 octane),101.24,Kolkata,Available,fuel_psu
2026-07-18,2026-07-18T06:00:00.000000,BPCL,petrol,Petrol (95 octane),101.24,Kolkata,Available,fuel_psu
2026-07-18,2026-07-18T06:00:00.000000,HPCL,petrol,Petrol (95 octane),101.24,Kolkata,Available,fuel_psu
2026-07-18,2026-07-18T06:00:00.000000,IOCL,diesel,Diesel,92.01,Kolkata,Available,fuel_psu
2026-07-18,2026-07-18T06:00:00.000000,BPCL,diesel,Diesel,92.01,Kolkata,Available,fuel_psu
2026-07-18,2026-07-18T06:00:00.000000,HPCL,diesel,Diesel,92.01,Kolkata,Available,fuel_psu
2026-07-18,2026-07-18T06:00:00.000000,IOCL,petrol,Petrol (95 octane),104.71,Hyderabad,Available,fuel_psu
2026-07-18,2026-07-18T06:00:00.000000,BPCL,petrol,Petrol (95 octane),104.71,Hyderabad,Available,fuel_psu
2026-07-18,2026-07-18T06:00:00.000000,HPCL,petrol,Petrol (95 octane),104.71,Hyderabad,Available,fuel_psu
2026-07-18,2026-07-18T06:00:00.000000,IOCL,diesel,Diesel,96.9,Hyderabad,Available,fuel_psu
2026-07-18,2026-07-18T06:00:00.000000,BPCL,diesel,Diesel,96.9,Hyderabad,Available,fuel_psu
2026-07-18,2026-07-18T06:00:00.000000,HPCL,diesel,Diesel,96.9,Hyderabad,Available,fuel_psu
2026-07-18,2026-07-18T06:00:00.000000,IOCL,petrol,Petrol (95 octane),101.38,Pune,Available,fuel_psu
2026-07-18,2026-07-18T06:00:00.000000,BPCL,petrol,Petrol (95 octane),101.38,Pune,Available,fuel_psu
2026-07-18,2026-07-18T06:00:00.000000,HPCL,petrol,Petrol (95 octane),101.38,Pune,Available,fuel_psu
2026-07-18,2026-07-18T06:00:00.000000,IOCL,diesel,Diesel,91.86,Pune,Available,fuel_psu
2026-07-18,2026-07-18T06:00:00.000000,BPCL,diesel,Diesel,91.86,Pune,Available,fuel_psu
2026-07-18,2026-07-18T06:00:00.000000,HPCL,diesel,Diesel,91.86,Pune,Available,fuel_psu
2026-07-18,2026-07-18T06:00:00.000000,IOCL,petrol,Petrol (95 octane),91.74,Ahmedabad,Available,fuel_psu
2026-07-18,2026-07-18T06:00:00.000000,BPCL,petrol,Petrol (95 octane),91.74,Ahmedabad,Available,fuel_psu
2026-07-18,2026-07-18T06:00:00.000000,HPCL,petrol,Petrol (95 octane),91.74,Ahmedabad,Available,fuel_psu
2026-07-18,2026-07-18T06:00:00.000000,IOCL,diesel,Diesel,91.36,Ahmedabad,Available,fuel_psu
2026-07-18,2026-07-18T06:00:00.000000,BPCL,diesel,Diesel,91.36,Ahmedabad,Available,fuel_psu
2026-07-18,2026-07-18T06:00:00.000000,HPCL,diesel,Diesel,91.36,Ahmedabad,Available,fuel_psu
2026-07-18,2026-07-18T06:00:00.000000,IOCL,petrol,Petrol (95 octane),102.18,Jaipur,Available,fuel_psu
2026-07-18,2026-07-18T06:00:00.000000,BPCL,petrol,Petrol (95 octane),102.18,Jaipur,Available,fuel_psu
2026-07-18,2026-07-18T06:00:00.000000,HPCL,petrol,Petrol (95 octane),102.18,Jaipur,Available,fuel_psu
2026-07-18,2026-07-18T06:00:00.000000,IOCL,diesel,Diesel,91.61,Jaipur,Available,fuel_psu
2026-07-18,2026-07-18T06:00:00.000000,BPCL,diesel,Diesel,91.61,Jaipur,Available,fuel_psu
2026-07-18,2026-07-18T06:00:00.000000,HPCL,diesel,Diesel,91.61,Jaipur,Available,fuel_psu
2026-07-18,2026-07-18T06:00:00.000000,IOCL,petrol,Petrol (95 octane),91.95,Lucknow,Available,fuel_psu
2026-07-18,2026-07-18T06:00:00.000000,BPCL,petrol,Petrol (95 octane),91.95,Lucknow,Available,fuel_psu
2026-07-18,2026-07-18T06:00:00.000000,HPCL,petrol,Petrol (95 octane),91.95,Lucknow,Available,fuel_psu
2026-07-18,2026-07-18T06:00:00.000000,IOCL,diesel,Diesel,89.01,Lucknow,Available,fuel_psu
2026-07-18,2026-07-18T06:00:00.000000,BPCL,diesel,Diesel,89.01,Lucknow,Available,fuel_psu
2026-07-18,2026-07-18T06:00:00.000000,HPCL,diesel,Diesel,89.01,Lucknow,Available,fuel_psu
2026-07-18,2026-07-18T06:00:00.000000,IOCL,petrol,Petrol (95 octane),91.54,Chandigarh,Available,fuel_psu
2026-07-18,2026-07-18T06:00:00.000000,BPCL,petrol,Petrol (95 octane),91.54,Chandigarh,Available,fuel_psu
2026-07-18,2026-07-18T06:00:00.000000,HPCL,petrol,Petrol (95 octane),91.54,Chandigarh,Available,fuel_psu
2026-07-18,2026-07-18T06:00:00.000000,IOCL,diesel,Diesel,83.65,Chandigarh,Available,fuel_psu
2026-07-18,2026-07-18T06:00:00.000000,BPCL,diesel,Diesel,83.65,Chandigarh,Available,fuel_psu
2026-07-18,2026-07-18T06:00:00.000000,HPCL,diesel,Diesel,83.65,Chandigarh,Available,fuel_psu
2026-07-18,2026-07-18T06:00:00.000000,IOCL,petrol,Petrol (95 octane),91.61,Surat,Available,fuel_psu
2026-07-18,2026-07-18T06:00:00.000000,BPCL,petrol,Petrol (95 octane),91.61,Surat,Available,fuel_psu
2026-07-18,2026-07-18T06:00:00.000000,HPCL,petrol,Petrol (95 octane),91.61,Surat,Available,fuel_psu
2026-07-18,2026-07-18T06:00:00.000000,IOCL,diesel,Diesel,91.23,Surat,Available,fuel_psu
2026-07-18,2026-07-18T06:00:00.000000,BPCL,diesel,Diesel,91.23,Surat,Available,fuel_psu
2026-07-18,2026-07-18T06:00:00.000000,HPCL,diesel,Diesel,91.23,Surat,Available,fuel_psu
2026-07-18,2026-07-18T06:00:00.000000,IOCL,petrol,Petrol (95 octane),102.48,Patna,Available,fuel_psu
2026-07-18,2026-07-18T06:00:00.000000,BPCL,petrol,Petrol (95 octane),102.48,Patna,Available,fuel_psu
2026-07-18,2026-07-18T06:00:00.000000,HPCL,petrol,Petrol (95 octane),102.48,Patna,Available,fuel_psu
2026-07-18,2026-07-18T06:00:00.000000,IOCL,diesel,Diesel,93.29,Patna,Available,fuel_psu
2026-07-18,2026-07-18T06:00:00.000000,BPCL,diesel,Diesel,93.29,Patna,Available,fuel_psu
2026-07-18,2026-07-18T06:00:00.000000,HPCL,diesel,Diesel,93.29,Patna,Available,fuel_psu
2026-07-18,2026-07-18T06:00:00.000000,IOCL,petrol,Petrol (95 octane),91.96,Noida,Available,fuel_psu
2026-07-18,2026-07-18T06:00:00.000000,BPCL,petrol,Petrol (95 octane),91.96,Noida,Available,fuel_psu
2026-07-18,2026-07-18T06:00:00.000000,HPCL,petrol,Petrol (95 octane),91.96,Noida,Available,fuel_psu
2026-07-18,2026-07-18T06:00:00.000000,IOCL,diesel,Diesel,89.0,Noida,Available,fuel_psu
2026-07-18,2026-07-18T06:00:00.000000,BPCL,diesel,Diesel,89.0,Noida,Available,fuel_psu
2026-07-18,2026-07-18T06:00:00.000000,HPCL,diesel,Diesel,89.0,Noida,Available,fuel_psu
2026-07-18,2026-07-18T06:00:00.000000,IOCL,petrol,Petrol (95 octane),92.28,Gurgaon,Available,fuel_psu
2026-07-18,2026-07-18T06:00:00.000000,BPCL,petrol,Petrol (95 octane),92.28,Gurgaon,Available,fuel_psu
2026-07-18,2026-07-18T06:00:00.000000,HPCL,petrol,Petrol (95 octane),92.28,Gurgaon,Available,fuel_psu
2026-07-18,2026-07-18T06:00:00.000000,IOCL,diesel,Diesel,89.1,Gurgaon,Available,fuel_psu
2026-07-18,2026-07-18T06:00:00.000000,BPCL,diesel,Diesel,89.1,Gurgaon,Available,fuel_psu
2026-07-18,2026-07-18T06:00:00.000000,HPCL,diesel,Diesel,89.1,Gurgaon,Available,fuel_psu
2026-07-18,2026-07-18T06:00:00.000000,IOCL,petrol,Petrol (95 octane),103.8,Indore,Available,fuel_psu
2026-07-18,2026-07-18T06:00:00.000000,BPCL,petrol,Petrol (95 octane),103.8,Indore,Available,fuel_psu
2026-07-18,2026-07-18T06:00:00.000000,HPCL,petrol,Petrol (95 octane),103.8,Indore,Available,fuel_psu
2026-07-18,2026-07-18T06:00:00.000000,IOCL,diesel,Diesel,93.14,Indore,Available,fuel_psu
2026-07-18,2026-07-18T06:00:00.000000,BPCL,diesel,Diesel,93.14,Indore,Available,fuel_psu
2026-07-18,2026-07-18T06:00:00.000000,HPCL,diesel,Diesel,93.14,Indore,Available,fuel_psu
2026-07-19,2026-07-19T06:00:00.000000,IOCL,petrol,Petrol (95 octane),101.51,Mumbai,Available,fuel_psu
2026-07-19,2026-07-19T06:00:00.000000,BPCL,petrol,Petrol (95 octane),101.51,Mumbai,Available,fuel_psu
2026-07-19,2026-07-19T06:00:00.000000,HPCL,petrol,Petrol (95 octane),101.51,Mumbai,Available,fuel_psu
2026-07-19,2026-07-19T06:00:00.000000,IOCL,diesel,Diesel,93.4,Mumbai,Available,fuel_psu
2026-07-19,2026-07-19T06:00:00.000000,BPCL,diesel,Diesel,93.4,Mumbai,Available,fuel_psu
2026-07-19,2026-07-19T06:00:00.000000,HPCL,diesel,Diesel,93.4,Mumbai,Available,fuel_psu
2026-07-19,2026-07-19T06:00:00.000000,IOCL,petrol,Petrol (95 octane),92.02,Delhi,Available,fuel_psu
2026-07-19,2026-07-19T06:00:00.000000,BPCL,petrol,Petrol (95 octane),92.02,Delhi,Available,fuel_psu
2026-07-19,2026-07-19T06:00:00.000000,HPCL,petrol,Petrol (95 octane),92.02,Delhi,Available,fuel_psu
2026-07-19,2026-07-19T06:00:00.000000,IOCL,diesel,Diesel,88.87,Delhi,Available,fuel_psu
2026-07-19,2026-07-19T06:00:00.000000,BPCL,diesel,Diesel,88.87,Delhi,Available,fuel_psu
2026-07-19,2026-07-19T06:00:00.000000,HPCL,diesel,Diesel,88.87,Delhi,Available,fuel_psu
2026-07-19,2026-07-19T06:00:00.000000,IOCL,petrol,Petrol (95 octane),100.16,Bengaluru,Available,fuel_psu
2026-07-19,2026-07-19T06:00:00.000000,BPCL,petrol,Petrol (95 octane),100.16,Bengaluru,Available,fuel_psu
2026-07-19,2026-07-19T06:00:00.000000,HPCL,petrol,Petrol (95 octane),100.16,Bengaluru,Available,fuel_psu
2026-07-19,2026-07-19T06:00:00.000000,IOCL,diesel,Diesel,90.19,Bengaluru,Available,fuel_psu
2026-07-19,2026-07-19T06:00:00.000000,BPCL,diesel,Diesel,90.19,Bengaluru,Available,fuel_psu
2026-07-19,2026-07-19T06:00:00.000000,HPCL,diesel,Diesel,90.19,Bengaluru,Available,fuel_psu
2026-07-19,2026-07-19T06:00:00.000000,IOCL,petrol,Petrol (95 octane),98.05,Chennai,Available,fuel_psu
2026-07-19,2026-07-19T06:00:00.000000,BPCL,petrol,Petrol (95 octane),98.05,Chennai,Available,fuel_psu
2026-07-19,2026-07-19T06:00:00.000000,HPCL,petrol,Petrol (95 octane),98.05,Chennai,Available,fuel_psu
2026-07-19,2026-07-19T06:00:00.000000,IOCL,diesel,Diesel,93.59,Chennai,Available,fuel_psu
2026-07-19,2026-07-19T06:00:00.000000,BPCL,diesel,Diesel,93.59,Chennai,Available,fuel_psu
2026-07-19,2026-07-19T06:00:00.000000,HPCL,diesel,Diesel,93.59,Chennai,Available,fuel_psu
2026-07-19,2026-07-19T06:00:00.000000,IOCL,petrol,Petrol (95 octane),101.24,Kolkata,Available,fuel_psu
2026-07-19,2026-07-19T06:00:00.000000,BPCL,petrol,Petrol (95 octane),101.24,Kolkata,Available,fuel_psu
2026-07-19,2026-07-19T06:00:00.000000,HPCL,petrol,Petrol (95 octane),101.24,Kolkata,Available,fuel_psu
2026-07-19,2026-07-19T06:00:00.000000,IOCL,diesel,Diesel,92.01,Kolkata,Available,fuel_psu
2026-07-19,2026-07-19T06:00:00.000000,BPCL,diesel,Diesel,92.01,Kolkata,Available,fuel_psu
2026-07-19,2026-07-19T06:00:00.000000,HPCL,diesel,Diesel,92.01,Kolkata,Available,fuel_psu
2026-07-19,2026-07-19T06:00:00.000000,IOCL,petrol,Petrol (95 octane),104.71,Hyderabad,Available,fuel_psu
2026-07-19,2026-07-19T06:00:00.000000,BPCL,petrol,Petrol (95 octane),104.71,Hyderabad,Available,fuel_psu
2026-07-19,2026-07-19T06:00:00.000000,HPCL,petrol,Petrol (95 octane),104.71,Hyderabad,Available,fuel_psu
2026-07-19,2026-07-19T06:00:00.000000,IOCL,diesel,Diesel,96.9,Hyderabad,Available,fuel_psu
2026-07-19,2026-07-19T06:00:00.000000,BPCL,diesel,Diesel,96.9,Hyderabad,Available,fuel_psu
2026-07-19,2026-07-19T06:00:00.000000,HPCL,diesel,Diesel,96.9,Hyderabad,Available,fuel_psu
2026-07-19,2026-07-19T06:00:00.000000,IOCL,petrol,Petrol (95 octane),101.38,Pune,Available,fuel_psu
2026-07-19,2026-07-19T06:00:00.000000,BPCL,petrol,Petrol (95 octane),101.38,Pune,Available,fuel_psu
2026-07-19,2026-07-19T06:00:00.000000,HPCL,petrol,Petrol (95 octane),101.38,Pune,Available,fuel_psu
2026-07-19,2026-07-19T06:00:00.000000,IOCL,diesel,Diesel,91.86,Pune,Available,fuel_psu
2026-07-19,2026-07-19T06:00:00.000000,BPCL,diesel,Diesel,91.86,Pune,Available,fuel_psu
2026-07-19,2026-07-19T06:00:00.000000,HPCL,diesel,Diesel,91.86,Pune,Available,fuel_psu
2026-07-19,2026-07-19T06:00:00.000000,IOCL,petrol,Petrol (95 octane),91.74,Ahmedabad,Available,fuel_psu
2026-07-19,2026-07-19T06:00:00.000000,BPCL,petrol,Petrol (95 octane),91.74,Ahmedabad,Available,fuel_psu
2026-07-19,2026-07-19T06:00:00.000000,HPCL,petrol,Petrol (95 octane),91.74,Ahmedabad,Available,fuel_psu
2026-07-19,2026-07-19T06:00:00.000000,IOCL,diesel,Diesel,91.36,Ahmedabad,Available,fuel_psu
2026-07-19,2026-07-19T06:00:00.000000,BPCL,diesel,Diesel,91.36,Ahmedabad,Available,fuel_psu
2026-07-19,2026-07-19T06:00:00.000000,HPCL,diesel,Diesel,91.36,Ahmedabad,Available,fuel_psu
2026-07-19,2026-07-19T06:00:00.000000,IOCL,petrol,Petrol (95 octane),102.18,Jaipur,Available,fuel_psu
2026-07-19,2026-07-19T06:00:00.000000,BPCL,petrol,Petrol (95 octane),102.18,Jaipur,Available,fuel_psu
2026-07-19,2026-07-19T06:00:00.000000,HPCL,petrol,Petrol (95 octane),102.18,Jaipur,Available,fuel_psu
2026-07-19,2026-07-19T06:00:00.000000,IOCL,diesel,Diesel,91.61,Jaipur,Available,fuel_psu
2026-07-19,2026-07-19T06:00:00.000000,BPCL,diesel,Diesel,91.61,Jaipur,Available,fuel_psu
2026-07-19,2026-07-19T06:00:00.000000,HPCL,diesel,Diesel,91.61,Jaipur,Available,fuel_psu
2026-07-19,2026-07-19T06:00:00.000000,IOCL,petrol,Petrol (95 octane),91.95,Lucknow,Available,fuel_psu
2026-07-19,2026-07-19T06:00:00.000000,BPCL,petrol,Petrol (95 octane),91.95,Lucknow,Available,fuel_psu
2026-07-19,2026-07-19T06:00:00.000000,HPCL,petrol,Petrol (95 octane),91.95,Lucknow,Available,fuel_psu
2026-07-19,2026-07-19T06:00:00.000000,IOCL,diesel,Diesel,89.01,Lucknow,Available,fuel_psu
2026-07-19,2026-07-19T06:00:00.000000,BPCL,diesel,Diesel,89.01,Lucknow,Available,fuel_psu
2026-07-19,2026-07-19T06:00:00.000000,HPCL,diesel,Diesel,89.01,Lucknow,Available,fuel_psu
2026-07-19,2026-07-19T06:00:00.000000,IOCL,petrol,Petrol (95 octane),91.54,Chandigarh,Available,fuel_psu
2026-07-19,2026-07-19T06:00:00.000000,BPCL,petrol,Petrol (95 octane),91.54,Chandigarh,Available,fuel_psu
2026-07-19,2026-07-19T06:00:00.000000,HPCL,petrol,Petrol (95 octane),91.54,Chandigarh,Available,fuel_psu
2026-07-19,2026-07-19T06:00:00.000000,IOCL,diesel,Diesel,83.65,Chandigarh,Available,fuel_psu
2026-07-19,2026-07-19T06:00:00.000000,BPCL,diesel,Diesel,83.65,Chandigarh,Available,fuel_psu
2026-07-19,2026-07-19T06:00:00.000000,HPCL,diesel,Diesel,83.65,Chandigarh,Available,fuel_psu
2026-07-19,2026-07-19T06:00:00.000000,IOCL,petrol,Petrol (95 octane),91.61,Surat,Available,fuel_psu
2026-07-19,2026-07-19T06:00:00.000000,BPCL,petrol,Petrol (95 octane),91.61,Surat,Available,fuel_psu
2026-07-19,2026-07-19T06:00:00.000000,HPCL,petrol,Petrol (95 octane),91.61,Surat,Available,fuel_psu
2026-07-19,2026-07-19T06:00:00.000000,IOCL,diesel,Diesel,91.23,Surat,Available,fuel_psu
2026-07-19,2026-07-19T06:00:00.000000,BPCL,diesel,Diesel,91.23,Surat,Available,fuel_psu
2026-07-19,2026-07-19T06:00:00.000000,HPCL,diesel,Diesel,91.23,Surat,Available,fuel_psu
2026-07-19,2026-07-19T06:00:00.000000,IOCL,petrol,Petrol (95 octane),102.48,Patna,Available,fuel_psu
2026-07-19,2026-07-19T06:00:00.000000,BPCL,petrol,Petrol (95 octane),102.48,Patna,Available,fuel_psu
2026-07-19,2026-07-19T06:00:00.000000,HPCL,petrol,Petrol (95 octane),102.48,Patna,Available,fuel_psu
2026-07-19,2026-07-19T06:00:00.000000,IOCL,diesel,Diesel,93.29,Patna,Available,fuel_psu
2026-07-19,2026-07-19T06:00:00.000000,BPCL,diesel,Diesel,93.29,Patna,Available,fuel_psu
2026-07-19,2026-07-19T06:00:00.000000,HPCL,diesel,Diesel,93.29,Patna,Available,fuel_psu
2026-07-19,2026-07-19T06:00:00.000000,IOCL,petrol,Petrol (95 octane),91.96,Noida,Available,fuel_psu
2026-07-19,2026-07-19T06:00:00.000000,BPCL,petrol,Petrol (95 octane),91.96,Noida,Available,fuel_psu
2026-07-19,2026-07-19T06:00:00.000000,HPCL,petrol,Petrol (95 octane),91.96,Noida,Available,fuel_psu
2026-07-19,2026-07-19T06:00:00.000000,IOCL,diesel,Diesel,89.0,Noida,Available,fuel_psu
2026-07-19,2026-07-19T06:00:00.000000,BPCL,diesel,Diesel,89.0,Noida,Available,fuel_psu
2026-07-19,2026-07-19T06:00:00.000000,HPCL,diesel,Diesel,89.0,Noida,Available,fuel_psu
2026-07-19,2026-07-19T06:00:00.000000,IOCL,petrol,Petrol (95 octane),92.28,Gurgaon,Available,fuel_psu
2026-07-19,2026-07-19T06:00:00.000000,BPCL,petrol,Petrol (95 octane),92.28,Gurgaon,Available,fuel_psu
2026-07-19,2026-07-19T06:00:00.000000,HPCL,petrol,Petrol (95 octane),92.28,Gurgaon,Available,fuel_psu
2026-07-19,2026-07-19T06:00:00.000000,IOCL,diesel,Diesel,89.1,Gurgaon,Available,fuel_psu
2026-07-19,2026-07-19T06:00:00.000000,BPCL,diesel,Diesel,89.1,Gurgaon,Available,fuel_psu
2026-07-19,2026-07-19T06:00:00.000000,HPCL,diesel,Diesel,89.1,Gurgaon,Available,fuel_psu
2026-07-19,2026-07-19T06:00:00.000000,IOCL,petrol,Petrol (95 octane),103.8,Indore,Available,fuel_psu
2026-07-19,2026-07-19T06:00:00.000000,BPCL,petrol,Petrol (95 octane),103.8,Indore,Available,fuel_psu
2026-07-19,2026-07-19T06:00:00.000000,HPCL,petrol,Petrol (95 octane),103.8,Indore,Available,fuel_psu
2026-07-19,2026-07-19T06:00:00.000000,IOCL,diesel,Diesel,93.14,Indore,Available,fuel_psu
2026-07-19,2026-07-19T06:00:00.000000,BPCL,diesel,Diesel,93.14,Indore,Available,fuel_psu
2026-07-19,2026-07-19T06:00:00.000000,HPCL,diesel,Diesel,93.14,Indore,Available,fuel_psu
2026-07-20,2026-07-20T06:00:00.000000,IOCL,petrol,Petrol (95 octane),101.51,Mumbai,Available,fuel_psu
2026-07-20,2026-07-20T06:00:00.000000,BPCL,petrol,Petrol (95 octane),101.51,Mumbai,Available,fuel_psu
2026-07-20,2026-07-20T06:00:00.000000,HPCL,petrol,Petrol (95 octane),101.51,Mumbai,Available,fuel_psu
2026-07-20,2026-07-20T06:00:00.000000,IOCL,diesel,Diesel,93.4,Mumbai,Available,fuel_psu
2026-07-20,2026-07-20T06:00:00.000000,BPCL,diesel,Diesel,93.4,Mumbai,Available,fuel_psu
2026-07-20,2026-07-20T06:00:00.000000,HPCL,diesel,Diesel,93.4,Mumbai,Available,fuel_psu
2026-07-20,2026-07-20T06:00:00.000000,IOCL,petrol,Petrol (95 octane),92.02,Delhi,Available,fuel_psu
2026-07-20,2026-07-20T06:00:00.000000,BPCL,petrol,Petrol (95 octane),92.02,Delhi,Available,fuel_psu
2026-07-20,2026-07-20T06:00:00.000000,HPCL,petrol,Petrol (95 octane),92.02,Delhi,Available,fuel_psu
2026-07-20,2026-07-20T06:00:00.000000,IOCL,diesel,Diesel,88.87,Delhi,Available,fuel_psu
2026-07-20,2026-07-20T06:00:00.000000,BPCL,diesel,Diesel,88.87,Delhi,Available,fuel_psu
2026-07-20,2026-07-20T06:00:00.000000,HPCL,diesel,Diesel,88.87,Delhi,Available,fuel_psu
2026-07-20,2026-07-20T06:00:00.000000,IOCL,petrol,Petrol (95 octane),100.16,Bengaluru,Available,fuel_psu
2026-07-20,2026-07-20T06:00:00.000000,BPCL,petrol,Petrol (95 octane),100.16,Bengaluru,Available,fuel_psu
2026-07-20,2026-07-20T06:00:00.000000,HPCL,petrol,Petrol (95 octane),100.16,Bengaluru,Available,fuel_psu
2026-07-20,2026-07-20T06:00:00.000000,IOCL,diesel,Diesel,90.19,Bengaluru,Available,fuel_psu
2026-07-20,2026-07-20T06:00:00.000000,BPCL,diesel,Diesel,90.19,Bengaluru,Available,fuel_psu
2026-07-20,2026-07-20T06:00:00.000000,HPCL,diesel,Diesel,90.19,Bengaluru,Available,fuel_psu
2026-07-20,2026-07-20T06:00:00.000000,IOCL,petrol,Petrol (95 octane),98.05,Chennai,Available,fuel_psu
2026-07-20,2026-07-20T06:00:00.000000,BPCL,petrol,Petrol (95 octane),98.05,Chennai,Available,fuel_psu
2026-07-20,2026-07-20T06:00:00.000000,HPCL,petrol,Petrol (95 octane),98.05,Chennai,Available,fuel_psu
2026-07-20,2026-07-20T06:00:00.000000,IOCL,diesel,Diesel,93.59,Chennai,Available,fuel_psu
2026-07-20,2026-07-20T06:00:00.000000,BPCL,diesel,Diesel,93.59,Chennai,Available,fuel_psu
2026-07-20,2026-07-20T06:00:00.000000,HPCL,diesel,Diesel,93.59,Chennai,Available,fuel_psu
2026-07-20,2026-07-20T06:00:00.000000,IOCL,petrol,Petrol (95 octane),101.24,Kolkata,Available,fuel_psu
2026-07-20,2026-07-20T06:00:00.000000,BPCL,petrol,Petrol (95 octane),101.24,Kolkata,Available,fuel_psu
2026-07-20,2026-07-20T06:00:00.000000,HPCL,petrol,Petrol (95 octane),101.24,Kolkata,Available,fuel_psu
2026-07-20,2026-07-20T06:00:00.000000,IOCL,diesel,Diesel,92.01,Kolkata,Available,fuel_psu
2026-07-20,2026-07-20T06:00:00.000000,BPCL,diesel,Diesel,92.01,Kolkata,Available,fuel_psu
2026-07-20,2026-07-20T06:00:00.000000,HPCL,diesel,Diesel,92.01,Kolkata,Available,fuel_psu
2026-07-20,2026-07-20T06:00:00.000000,IOCL,petrol,Petrol (95 octane),104.71,Hyderabad,Available,fuel_psu
2026-07-20,2026-07-20T06:00:00.000000,BPCL,petrol,Petrol (95 octane),104.71,Hyderabad,Available,fuel_psu
2026-07-20,2026-07-20T06:00:00.000000,HPCL,petrol,Petrol (95 octane),104.71,Hyderabad,Available,fuel_psu
2026-07-20,2026-07-20T06:00:00.000000,IOCL,diesel,Diesel,96.9,Hyderabad,Available,fuel_psu
2026-07-20,2026-07-20T06:00:00.000000,BPCL,diesel,Diesel,96.9,Hyderabad,Available,fuel_psu
2026-07-20,2026-07-20T06:00:00.000000,HPCL,diesel,Diesel,96.9,Hyderabad,Available,fuel_psu
2026-07-20,2026-07-20T06:00:00.000000,IOCL,petrol,Petrol (95 octane),101.38,Pune,Available,fuel_psu
2026-07-20,2026-07-20T06:00:00.000000,BPCL,petrol,Petrol (95 octane),101.38,Pune,Available,fuel_psu
2026-07-20,2026-07-20T06:00:00.000000,HPCL,petrol,Petrol (95 octane),101.38,Pune,Available,fuel_psu
2026-07-20,2026-07-20T06:00:00.000000,IOCL,diesel,Diesel,91.86,Pune,Available,fuel_psu
2026-07-20,2026-07-20T06:00:00.000000,BPCL,diesel,Diesel,91.86,Pune,Available,fuel_psu
2026-07-20,2026-07-20T06:00:00.000000,HPCL,diesel,Diesel,91.86,Pune,Available,fuel_psu
2026-07-20,2026-07-20T06:00:00.000000,IOCL,petrol,Petrol (95 octane),91.74,Ahmedabad,Available,fuel_psu
2026-07-20,2026-07-20T06:00:00.000000,BPCL,petrol,Petrol (95 octane),91.74,Ahmedabad,Available,fuel_psu
2026-07-20,2026-07-20T06:00:00.000000,HPCL,petrol,Petrol (95 octane),91.74,Ahmedabad,Available,fuel_psu
2026-07-20,2026-07-20T06:00:00.000000,IOCL,diesel,Diesel,91.36,Ahmedabad,Available,fuel_psu
2026-07-20,2026-07-20T06:00:00.000000,BPCL,diesel,Diesel,91.36,Ahmedabad,Available,fuel_psu
2026-07-20,2026-07-20T06:00:00.000000,HPCL,diesel,Diesel,91.36,Ahmedabad,Available,fuel_psu
2026-07-20,2026-07-20T06:00:00.000000,IOCL,petrol,Petrol (95 octane),102.18,Jaipur,Available,fuel_psu
2026-07-20,2026-07-20T06:00:00.000000,BPCL,petrol,Petrol (95 octane),102.18,Jaipur,Available,fuel_psu
2026-07-20,2026-07-20T06:00:00.000000,HPCL,petrol,Petrol (95 octane),102.18,Jaipur,Available,fuel_psu
2026-07-20,2026-07-20T06:00:00.000000,IOCL,diesel,Diesel,91.61,Jaipur,Available,fuel_psu
2026-07-20,2026-07-20T06:00:00.000000,BPCL,diesel,Diesel,91.61,Jaipur,Available,fuel_psu
2026-07-20,2026-07-20T06:00:00.000000,HPCL,diesel,Diesel,91.61,Jaipur,Available,fuel_psu
2026-07-20,2026-07-20T06:00:00.000000,IOCL,petrol,Petrol (95 octane),91.95,Lucknow,Available,fuel_psu
2026-07-20,2026-07-20T06:00:00.000000,BPCL,petrol,Petrol (95 octane),91.95,Lucknow,Available,fuel_psu
2026-07-20,2026-07-20T06:00:00.000000,HPCL,petrol,Petrol (95 octane),91.95,Lucknow,Available,fuel_psu
2026-07-20,2026-07-20T06:00:00.000000,IOCL,diesel,Diesel,89.01,Lucknow,Available,fuel_psu
2026-07-20,2026-07-20T06:00:00.000000,BPCL,diesel,Diesel,89.01,Lucknow,Available,fuel_psu
2026-07-20,2026-07-20T06:00:00.000000,HPCL,diesel,Diesel,89.01,Lucknow,Available,fuel_psu
2026-07-20,2026-07-20T06:00:00.000000,IOCL,petrol,Petrol (95 octane),91.54,Chandigarh,Available,fuel_psu
2026-07-20,2026-07-20T06:00:00.000000,BPCL,petrol,Petrol (95 octane),91.54,Chandigarh,Available,fuel_psu
2026-07-20,2026-07-20T06:00:00.000000,HPCL,petrol,Petrol (95 octane),91.54,Chandigarh,Available,fuel_psu
2026-07-20,2026-07-20T06:00:00.000000,IOCL,diesel,Diesel,83.65,Chandigarh,Available,fuel_psu
2026-07-20,2026-07-20T06:00:00.000000,BPCL,diesel,Diesel,83.65,Chandigarh,Available,fuel_psu
2026-07-20,2026-07-20T06:00:00.000000,HPCL,diesel,Diesel,83.65,Chandigarh,Available,fuel_psu
2026-07-20,2026-07-20T06:00:00.000000,IOCL,petrol,Petrol (95 octane),91.61,Surat,Available,fuel_psu
2026-07-20,2026-07-20T06:00:00.000000,BPCL,petrol,Petrol (95 octane),91.61,Surat,Available,fuel_psu
2026-07-20,2026-07-20T06:00:00.000000,HPCL,petrol,Petrol (95 octane),91.61,Surat,Available,fuel_psu
2026-07-20,2026-07-20T06:00:00.000000,IOCL,diesel,Diesel,91.23,Surat,Available,fuel_psu
2026-07-20,2026-07-20T06:00:00.000000,BPCL,diesel,Diesel,91.23,Surat,Available,fuel_psu
2026-07-20,2026-07-20T06:00:00.000000,HPCL,diesel,Diesel,91.23,Surat,Available,fuel_psu
2026-07-20,2026-07-20T06:00:00.000000,IOCL,petrol,Petrol (95 octane),102.48,Patna,Available,fuel_psu
2026-07-20,2026-07-20T06:00:00.000000,BPCL,petrol,Petrol (95 octane),102.48,Patna,Available,fuel_psu
2026-07-20,2026-07-20T06:00:00.000000,HPCL,petrol,Petrol (95 octane),102.48,Patna,Available,fuel_psu
2026-07-20,2026-07-20T06:00:00.000000,IOCL,diesel,Diesel,93.29,Patna,Available,fuel_psu
2026-07-20,2026-07-20T06:00:00.000000,BPCL,diesel,Diesel,93.29,Patna,Available,fuel_psu
2026-07-20,2026-07-20T06:00:00.000000,HPCL,diesel,Diesel,93.29,Patna,Available,fuel_psu
2026-07-20,2026-07-20T06:00:00.000000,IOCL,petrol,Petrol (95 octane),91.96,Noida,Available,fuel_psu
2026-07-20,2026-07-20T06:00:00.000000,BPCL,petrol,Petrol (95 octane),91.96,Noida,Available,fuel_psu
2026-07-20,2026-07-20T06:00:00.000000,HPCL,petrol,Petrol (95 octane),91.96,Noida,Available,fuel_psu
2026-07-20,2026-07-20T06:00:00.000000,IOCL,diesel,Diesel,89.0,Noida,Available,fuel_psu
2026-07-20,2026-07-20T06:00:00.000000,BPCL,diesel,Diesel,89.0,Noida,Available,fuel_psu
2026-07-20,2026-07-20T06:00:00.000000,HPCL,diesel,Diesel,89.0,Noida,Available,fuel_psu
2026-07-20,2026-07-20T06:00:00.000000,IOCL,petrol,Petrol (95 octane),92.28,Gurgaon,Available,fuel_psu
2026-07-20,2026-07-20T06:00:00.000000,BPCL,petrol,Petrol (95 octane),92.28,Gurgaon,Available,fuel_psu
2026-07-20,2026-07-20T06:00:00.000000,HPCL,petrol,Petrol (95 octane),92.28,Gurgaon,Available,fuel_psu
2026-07-20,2026-07-20T06:00:00.000000,IOCL,diesel,Diesel,89.1,Gurgaon,Available,fuel_psu
2026-07-20,2026-07-20T06:00:00.000000,BPCL,diesel,Diesel,89.1,Gurgaon,Available,fuel_psu
2026-07-20,2026-07-20T06:00:00.000000,HPCL,diesel,Diesel,89.1,Gurgaon,Available,fuel_psu
2026-07-20,2026-07-20T06:00:00.000000,IOCL,petrol,Petrol (95 octane),103.8,Indore,Available,fuel_psu
2026-07-20,2026-07-20T06:00:00.000000,BPCL,petrol,Petrol (95 octane),103.8,Indore,Available,fuel_psu
2026-07-20,2026-07-20T06:00:00.000000,HPCL,petrol,Petrol (95 octane),103.8,Indore,Available,fuel_psu
2026-07-20,2026-07-20T06:00:00.000000,IOCL,diesel,Diesel,93.14,Indore,Available,fuel_psu
2026-07-20,2026-07-20T06:00:00.000000,BPCL,diesel,Diesel,93.14,Indore,Available,fuel_psu
2026-07-20,2026-07-20T06:00:00.000000,HPCL,diesel,Diesel,93.14,Indore,Available,fuel_psu
2026-07-21,2026-07-21T06:00:00.000000,IOCL,petrol,Petrol (95 octane),101.51,Mumbai,Available,fuel_psu
2026-07-21,2026-07-21T06:00:00.000000,BPCL,petrol,Petrol (95 octane),101.51,Mumbai,Available,fuel_psu
2026-07-21,2026-07-21T06:00:00.000000,HPCL,petrol,Petrol (95 octane),101.51,Mumbai,Available,fuel_psu
2026-07-21,2026-07-21T06:00:00.000000,IOCL,diesel,Diesel,93.4,Mumbai,Available,fuel_psu
2026-07-21,2026-07-21T06:00:00.000000,BPCL,diesel,Diesel,93.4,Mumbai,Available,fuel_psu
2026-07-21,2026-07-21T06:00:00.000000,HPCL,diesel,Diesel,93.4,Mumbai,Available,fuel_psu
2026-07-21,2026-07-21T06:00:00.000000,IOCL,petrol,Petrol (95 octane),92.02,Delhi,Available,fuel_psu
2026-07-21,2026-07-21T06:00:00.000000,BPCL,petrol,Petrol (95 octane),92.02,Delhi,Available,fuel_psu
2026-07-21,2026-07-21T06:00:00.000000,HPCL,petrol,Petrol (95 octane),92.02,Delhi,Available,fuel_psu
2026-07-21,2026-07-21T06:00:00.000000,IOCL,diesel,Diesel,88.87,Delhi,Available,fuel_psu
2026-07-21,2026-07-21T06:00:00.000000,BPCL,diesel,Diesel,88.87,Delhi,Available,fuel_psu
2026-07-21,2026-07-21T06:00:00.000000,HPCL,diesel,Diesel,88.87,Delhi,Available,fuel_psu
2026-07-21,2026-07-21T06:00:00.000000,IOCL,petrol,Petrol (95 octane),100.16,Bengaluru,Available,fuel_psu
2026-07-21,2026-07-21T06:00:00.000000,BPCL,petrol,Petrol (95 octane),100.16,Bengaluru,Available,fuel_psu
2026-07-21,2026-07-21T06:00:00.000000,HPCL,petrol,Petrol (95 octane),100.16,Bengaluru,Available,fuel_psu
2026-07-21,2026-07-21T06:00:00.000000,IOCL,diesel,Diesel,90.19,Bengaluru,Available,fuel_psu
2026-07-21,2026-07-21T06:00:00.000000,BPCL,diesel,Diesel,90.19,Bengaluru,Available,fuel_psu
2026-07-21,2026-07-21T06:00:00.000000,HPCL,diesel,Diesel,90.19,Bengaluru,Available,fuel_psu
2026-07-21,2026-07-21T06:00:00.000000,IOCL,petrol,Petrol (95 octane),98.05,Chennai,Available,fuel_psu
2026-07-21,2026-07-21T06:00:00.000000,BPCL,petrol,Petrol (95 octane),98.05,Chennai,Available,fuel_psu
2026-07-21,2026-07-21T06:00:00.000000,HPCL,petrol,Petrol (95 octane),98.05,Chennai,Available,fuel_psu
2026-07-21,2026-07-21T06:00:00.000000,IOCL,diesel,Diesel,93.59,Chennai,Available,fuel_psu
2026-07-21,2026-07-21T06:00:00.000000,BPCL,diesel,Diesel,93.59,Chennai,Available,fuel_psu
2026-07-21,2026-07-21T06:00:00.000000,HPCL,diesel,Diesel,93.59,Chennai,Available,fuel_psu
2026-07-21,2026-07-21T06:00:00.000000,IOCL,petrol,Petrol (95 octane),101.24,Kolkata,Available,fuel_psu
2026-07-21,2026-07-21T06:00:00.000000,BPCL,petrol,Petrol (95 octane),101.24,Kolkata,Available,fuel_psu
2026-07-21,2026-07-21T06:00:00.000000,HPCL,petrol,Petrol (95 octane),101.24,Kolkata,Available,fuel_psu
2026-07-21,2026-07-21T06:00:00.000000,IOCL,diesel,Diesel,92.01,Kolkata,Available,fuel_psu
2026-07-21,2026-07-21T06:00:00.000000,BPCL,diesel,Diesel,92.01,Kolkata,Available,fuel_psu
2026-07-21,2026-07-21T06:00:00.000000,HPCL,diesel,Diesel,92.01,Kolkata,Available,fuel_psu
2026-07-21,2026-07-21T06:00:00.000000,IOCL,petrol,Petrol (95 octane),104.71,Hyderabad,Available,fuel_psu
2026-07-21,2026-07-21T06:00:00.000000,BPCL,petrol,Petrol (95 octane),104.71,Hyderabad,Available,fuel_psu
2026-07-21,2026-07-21T06:00:00.000000,HPCL,petrol,Petrol (95 octane),104.71,Hyderabad,Available,fuel_psu
2026-07-21,2026-07-21T06:00:00.000000,IOCL,diesel,Diesel,96.9,Hyderabad,Available,fuel_psu
2026-07-21,2026-07-21T06:00:00.000000,BPCL,diesel,Diesel,96.9,Hyderabad,Available,fuel_psu
2026-07-21,2026-07-21T06:00:00.000000,HPCL,diesel,Diesel,96.9,Hyderabad,Available,fuel_psu
2026-07-21,2026-07-21T06:00:00.000000,IOCL,petrol,Petrol (95 octane),101.38,Pune,Available,fuel_psu
2026-07-21,2026-07-21T06:00:00.000000,BPCL,petrol,Petrol (95 octane),101.38,Pune,Available,fuel_psu
2026-07-21,2026-07-21T06:00:00.000000,HPCL,petrol,Petrol (95 octane),101.38,Pune,Available,fuel_psu
2026-07-21,2026-07-21T06:00:00.000000,IOCL,diesel,Diesel,91.86,Pune,Available,fuel_psu
2026-07-21,2026-07-21T06:00:00.000000,BPCL,diesel,Diesel,91.86,Pune,Available,fuel_psu
2026-07-21,2026-07-21T06:00:00.000000,HPCL,diesel,Diesel,91.86,Pune,Available,fuel_psu
2026-07-21,2026-07-21T06:00:00.000000,IOCL,petrol,Petrol (95 octane),91.74,Ahmedabad,Available,fuel_psu
2026-07-21,2026-07-21T06:00:00.000000,BPCL,petrol,Petrol (95 octane),91.74,Ahmedabad,Available,fuel_psu
2026-07-21,2026-07-21T06:00:00.000000,HPCL,petrol,Petrol (95 octane),91.74,Ahmedabad,Available,fuel_psu
2026-07-21,2026-07-21T06:00:00.000000,IOCL,diesel,Diesel,91.36,Ahmedabad,Available,fuel_psu
2026-07-21,2026-07-21T06:00:00.000000,BPCL,diesel,Diesel,91.36,Ahmedabad,Available,fuel_psu
2026-07-21,2026-07-21T06:00:00.000000,HPCL,diesel,Diesel,91.36,Ahmedabad,Available,fuel_psu
2026-07-21,2026-07-21T06:00:00.000000,IOCL,petrol,Petrol (95 octane),102.18,Jaipur,Available,fuel_psu
2026-07-21,2026-07-21T06:00:00.000000,BPCL,petrol,Petrol (95 octane),102.18,Jaipur,Available,fuel_psu
2026-07-21,2026-07-21T06:00:00.000000,HPCL,petrol,Petrol (95 octane),102.18,Jaipur,Available,fuel_psu
2026-07-21,2026-07-21T06:00:00.000000,IOCL,diesel,Diesel,91.61,Jaipur,Available,fuel_psu
2026-07-21,2026-07-21T06:00:00.000000,BPCL,diesel,Diesel,91.61,Jaipur,Available,fuel_psu
2026-07-21,2026-07-21T06:00:00.000000,HPCL,diesel,Diesel,91.61,Jaipur,Available,fuel_psu
2026-07-21,2026-07-21T06:00:00.000000,IOCL,petrol,Petrol (95 octane),91.95,Lucknow,Available,fuel_psu
2026-07-21,2026-07-21T06:00:00.000000,BPCL,petrol,Petrol (95 octane),91.95,Lucknow,Available,fuel_psu
2026-07-21,2026-07-21T06:00:00.000000,HPCL,petrol,Petrol (95 octane),91.95,Lucknow,Available,fuel_psu
2026-07-21,2026-07-21T06:00:00.000000,IOCL,diesel,Diesel,89.01,Lucknow,Available,fuel_psu
2026-07-21,2026-07-21T06:00:00.000000,BPCL,diesel,Diesel,89.01,Lucknow,Available,fuel_psu
2026-07-21,2026-07-21T06:00:00.000000,HPCL,diesel,Diesel,89.01,Lucknow,Available,fuel_psu
2026-07-21,2026-07-21T06:00:00.000000,IOCL,petrol,Petrol (95 octane),91.54,Chandigarh,Available,fuel_psu
2026-07-21,2026-07-21T06:00:00.000000,BPCL,petrol,Petrol (95 octane),91.54,Chandigarh,Available,fuel_psu
2026-07-21,2026-07-21T06:00:00.000000,HPCL,petrol,Petrol (95 octane),91.54,Chandigarh,Available,fuel_psu
2026-07-21,2026-07-21T06:00:00.000000,IOCL,diesel,Diesel,83.65,Chandigarh,Available,fuel_psu
2026-07-21,2026-07-21T06:00:00.000000,BPCL,diesel,Diesel,83.65,Chandigarh,Available,fuel_psu
2026-07-21,2026-07-21T06:00:00.000000,HPCL,diesel,Diesel,83.65,Chandigarh,Available,fuel_psu
2026-07-21,2026-07-21T06:00:00.000000,IOCL,petrol,Petrol (95 octane),91.61,Surat,Available,fuel_psu
2026-07-21,2026-07-21T06:00:00.000000,BPCL,petrol,Petrol (95 octane),91.61,Surat,Available,fuel_psu
2026-07-21,2026-07-21T06:00:00.000000,HPCL,petrol,Petrol (95 octane),91.61,Surat,Available,fuel_psu
2026-07-21,2026-07-21T06:00:00.000000,IOCL,diesel,Diesel,91.23,Surat,Available,fuel_psu
2026-07-21,2026-07-21T06:00:00.000000,BPCL,diesel,Diesel,91.23,Surat,Available,fuel_psu
2026-07-21,2026-07-21T06:00:00.000000,HPCL,diesel,Diesel,91.23,Surat,Available,fuel_psu
2026-07-21,2026-07-21T06:00:00.000000,IOCL,petrol,Petrol (95 octane),102.48,Patna,Available,fuel_psu
2026-07-21,2026-07-21T06:00:00.000000,BPCL,petrol,Petrol (95 octane),102.48,Patna,Available,fuel_psu
2026-07-21,2026-07-21T06:00:00.000000,HPCL,petrol,Petrol (95 octane),102.48,Patna,Available,fuel_psu
2026-07-21,2026-07-21T06:00:00.000000,IOCL,diesel,Diesel,93.29,Patna,Available,fuel_psu
2026-07-21,2026-07-21T06:00:00.000000,BPCL,diesel,Diesel,93.29,Patna,Available,fuel_psu
2026-07-21,2026-07-21T06:00:00.000000,HPCL,diesel,Diesel,93.29,Patna,Available,fuel_psu
2026-07-21,2026-07-21T06:00:00.000000,IOCL,petrol,Petrol (95 octane),91.96,Noida,Available,fuel_psu
2026-07-21,2026-07-21T06:00:00.000000,BPCL,petrol,Petrol (95 octane),91.96,Noida,Available,fuel_psu
2026-07-21,2026-07-21T06:00:00.000000,HPCL,petrol,Petrol (95 octane),91.96,Noida,Available,fuel_psu
2026-07-21,2026-07-21T06:00:00.000000,IOCL,diesel,Diesel,89.0,Noida,Available,fuel_psu
2026-07-21,2026-07-21T06:00:00.000000,BPCL,diesel,Diesel,89.0,Noida,Available,fuel_psu
2026-07-21,2026-07-21T06:00:00.000000,HPCL,diesel,Diesel,89.0,Noida,Available,fuel_psu
2026-07-21,2026-07-21T06:00:00.000000,IOCL,petrol,Petrol (95 octane),92.28,Gurgaon,Available,fuel_psu
2026-07-21,2026-07-21T06:00:00.000000,BPCL,petrol,Petrol (95 octane),92.28,Gurgaon,Available,fuel_psu
2026-07-21,2026-07-21T06:00:00.000000,HPCL,petrol,Petrol (95 octane),92.28,Gurgaon,Available,fuel_psu
2026-07-21,2026-07-21T06:00:00.000000,IOCL,diesel,Diesel,89.1,Gurgaon,Available,fuel_psu
2026-07-21,2026-07-21T06:00:00.000000,BPCL,diesel,Diesel,89.1,Gurgaon,Available,fuel_psu
2026-07-21,2026-07-21T06:00:00.000000,HPCL,diesel,Diesel,89.1,Gurgaon,Available,fuel_psu
2026-07-21,2026-07-21T06:00:00.000000,IOCL,petrol,Petrol (95 octane),103.8,Indore,Available,fuel_psu
2026-07-21,2026-07-21T06:00:00.000000,BPCL,petrol,Petrol (95 octane),103.8,Indore,Available,fuel_psu
2026-07-21,2026-07-21T06:00:00.000000,HPCL,petrol,Petrol (95 octane),103.8,Indore,Available,fuel_psu
2026-07-21,2026-07-21T06:00:00.000000,IOCL,diesel,Diesel,93.14,Indore,Available,fuel_psu
2026-07-21,2026-07-21T06:00:00.000000,BPCL,diesel,Diesel,93.14,Indore,Available,fuel_psu
2026-07-21,2026-07-21T06:00:00.000000,HPCL,diesel,Diesel,93.14,Indore,Available,fuel_psu
2026-07-22,2026-07-22T06:00:00.000000,IOCL,petrol,Petrol (95 octane),101.51,Mumbai,Available,fuel_psu
2026-07-22,2026-07-22T06:00:00.000000,BPCL,petrol,Petrol (95 octane),101.51,Mumbai,Available,fuel_psu
2026-07-22,2026-07-22T06:00:00.000000,HPCL,petrol,Petrol (95 octane),101.51,Mumbai,Available,fuel_psu
2026-07-22,2026-07-22T06:00:00.000000,IOCL,diesel,Diesel,93.4,Mumbai,Available,fuel_psu
2026-07-22,2026-07-22T06:00:00.000000,BPCL,diesel,Diesel,93.4,Mumbai,Available,fuel_psu
2026-07-22,2026-07-22T06:00:00.000000,HPCL,diesel,Diesel,93.4,Mumbai,Available,fuel_psu
2026-07-22,2026-07-22T06:00:00.000000,IOCL,petrol,Petrol (95 octane),92.02,Delhi,Available,fuel_psu
2026-07-22,2026-07-22T06:00:00.000000,BPCL,petrol,Petrol (95 octane),92.02,Delhi,Available,fuel_psu
2026-07-22,2026-07-22T06:00:00.000000,HPCL,petrol,Petrol (95 octane),92.02,Delhi,Available,fuel_psu
2026-07-22,2026-07-22T06:00:00.000000,IOCL,diesel,Diesel,88.87,Delhi,Available,fuel_psu
2026-07-22,2026-07-22T06:00:00.000000,BPCL,diesel,Diesel,88.87,Delhi,Available,fuel_psu
2026-07-22,2026-07-22T06:00:00.000000,HPCL,diesel,Diesel,88.87,Delhi,Available,fuel_psu
2026-07-22,2026-07-22T06:00:00.000000,IOCL,petrol,Petrol (95 octane),100.16,Bengaluru,Available,fuel_psu
2026-07-22,2026-07-22T06:00:00.000000,BPCL,petrol,Petrol (95 octane),100.16,Bengaluru,Available,fuel_psu
2026-07-22,2026-07-22T06:00:00.000000,HPCL,petrol,Petrol (95 octane),100.16,Bengaluru,Available,fuel_psu
2026-07-22,2026-07-22T06:00:00.000000,IOCL,diesel,Diesel,90.19,Bengaluru,Available,fuel_psu
2026-07-22,2026-07-22T06:00:00.000000,BPCL,diesel,Diesel,90.19,Bengaluru,Available,fuel_psu
2026-07-22,2026-07-22T06:00:00.000000,HPCL,diesel,Diesel,90.19,Bengaluru,Available,fuel_psu
2026-07-22,2026-07-22T06:00:00.000000,IOCL,petrol,Petrol (95 octane),98.05,Chennai,Available,fuel_psu
2026-07-22,2026-07-22T06:00:00.000000,BPCL,petrol,Petrol (95 octane),98.05,Chennai,Available,fuel_psu
2026-07-22,2026-07-22T06:00:00.000000,HPCL,petrol,Petrol (95 octane),98.05,Chennai,Available,fuel_psu
2026-07-22,2026-07-22T06:00:00.000000,IOCL,diesel,Diesel,93.59,Chennai,Available,fuel_psu
2026-07-22,2026-07-22T06:00:00.000000,BPCL,diesel,Diesel,93.59,Chennai,Available,fuel_psu
2026-07-22,2026-07-22T06:00:00.000000,HPCL,diesel,Diesel,93.59,Chennai,Available,fuel_psu
2026-07-22,2026-07-22T06:00:00.000000,IOCL,petrol,Petrol (95 octane),101.24,Kolkata,Available,fuel_psu
2026-07-22,2026-07-22T06:00:00.000000,BPCL,petrol,Petrol (95 octane),101.24,Kolkata,Available,fuel_psu
2026-07-22,2026-07-22T06:00:00.000000,HPCL,petrol,Petrol (95 octane),101.24,Kolkata,Available,fuel_psu
2026-07-22,2026-07-22T06:00:00.000000,IOCL,diesel,Diesel,92.01,Kolkata,Available,fuel_psu
2026-07-22,2026-07-22T06:00:00.000000,BPCL,diesel,Diesel,92.01,Kolkata,Available,fuel_psu
2026-07-22,2026-07-22T06:00:00.000000,HPCL,diesel,Diesel,92.01,Kolkata,Available,fuel_psu
2026-07-22,2026-07-22T06:00:00.000000,IOCL,petrol,Petrol (95 octane),104.71,Hyderabad,Available,fuel_psu
2026-07-22,2026-07-22T06:00:00.000000,BPCL,petrol,Petrol (95 octane),104.71,Hyderabad,Available,fuel_psu
2026-07-22,2026-07-22T06:00:00.000000,HPCL,petrol,Petrol (95 octane),104.71,Hyderabad,Available,fuel_psu
2026-07-22,2026-07-22T06:00:00.000000,IOCL,diesel,Diesel,96.9,Hyderabad,Available,fuel_psu
2026-07-22,2026-07-22T06:00:00.000000,BPCL,diesel,Diesel,96.9,Hyderabad,Available,fuel_psu
2026-07-22,2026-07-22T06:00:00.000000,HPCL,diesel,Diesel,96.9,Hyderabad,Available,fuel_psu
2026-07-22,2026-07-22T06:00:00.000000,IOCL,petrol,Petrol (95 octane),101.38,Pune,Available,fuel_psu
2026-07-22,2026-07-22T06:00:00.000000,BPCL,petrol,Petrol (95 octane),101.38,Pune,Available,fuel_psu
2026-07-22,2026-07-22T06:00:00.000000,HPCL,petrol,Petrol (95 octane),101.38,Pune,Available,fuel_psu
2026-07-22,2026-07-22T06:00:00.000000,IOCL,diesel,Diesel,91.86,Pune,Available,fuel_psu
2026-07-22,2026-07-22T06:00:00.000000,BPCL,diesel,Diesel,91.86,Pune,Available,fuel_psu
2026-07-22,2026-07-22T06:00:00.000000,HPCL,diesel,Diesel,91.86,Pune,Available,fuel_psu
2026-07-22,2026-07-22T06:00:00.000000,IOCL,petrol,Petrol (95 octane),91.74,Ahmedabad,Available,fuel_psu
2026-07-22,2026-07-22T06:00:00.000000,BPCL,petrol,Petrol (95 octane),91.74,Ahmedabad,Available,fuel_psu
2026-07-22,2026-07-22T06:00:00.000000,HPCL,petrol,Petrol (95 octane),91.74,Ahmedabad,Available,fuel_psu
2026-07-22,2026-07-22T06:00:00.000000,IOCL,diesel,Diesel,91.36,Ahmedabad,Available,fuel_psu
2026-07-22,2026-07-22T06:00:00.000000,BPCL,diesel,Diesel,91.36,Ahmedabad,Available,fuel_psu
2026-07-22,2026-07-22T06:00:00.000000,HPCL,diesel,Diesel,91.36,Ahmedabad,Available,fuel_psu
2026-07-22,2026-07-22T06:00:00.000000,IOCL,petrol,Petrol (95 octane),102.18,Jaipur,Available,fuel_psu
2026-07-22,2026-07-22T06:00:00.000000,BPCL,petrol,Petrol (95 octane),102.18,Jaipur,Available,fuel_psu
2026-07-22,2026-07-22T06:00:00.000000,HPCL,petrol,Petrol (95 octane),102.18,Jaipur,Available,fuel_psu
2026-07-22,2026-07-22T06:00:00.000000,IOCL,diesel,Diesel,91.61,Jaipur,Available,fuel_psu
2026-07-22,2026-07-22T06:00:00.000000,BPCL,diesel,Diesel,91.61,Jaipur,Available,fuel_psu
2026-07-22,2026-07-22T06:00:00.000000,HPCL,diesel,Diesel,91.61,Jaipur,Available,fuel_psu
2026-07-22,2026-07-22T06:00:00.000000,IOCL,petrol,Petrol (95 octane),91.95,Lucknow,Available,fuel_psu
2026-07-22,2026-07-22T06:00:00.000000,BPCL,petrol,Petrol (95 octane),91.95,Lucknow,Available,fuel_psu
2026-07-22,2026-07-22T06:00:00.000000,HPCL,petrol,Petrol (95 octane),91.95,Lucknow,Available,fuel_psu
2026-07-22,2026-07-22T06:00:00.000000,IOCL,diesel,Diesel,89.01,Lucknow,Available,fuel_psu
2026-07-22,2026-07-22T06:00:00.000000,BPCL,diesel,Diesel,89.01,Lucknow,Available,fuel_psu
2026-07-22,2026-07-22T06:00:00.000000,HPCL,diesel,Diesel,89.01,Lucknow,Available,fuel_psu
2026-07-22,2026-07-22T06:00:00.000000,IOCL,petrol,Petrol (95 octane),91.54,Chandigarh,Available,fuel_psu
2026-07-22,2026-07-22T06:00:00.000000,BPCL,petrol,Petrol (95 octane),91.54,Chandigarh,Available,fuel_psu
2026-07-22,2026-07-22T06:00:00.000000,HPCL,petrol,Petrol (95 octane),91.54,Chandigarh,Available,fuel_psu
2026-07-22,2026-07-22T06:00:00.000000,IOCL,diesel,Diesel,83.65,Chandigarh,Available,fuel_psu
2026-07-22,2026-07-22T06:00:00.000000,BPCL,diesel,Diesel,83.65,Chandigarh,Available,fuel_psu
2026-07-22,2026-07-22T06:00:00.000000,HPCL,diesel,Diesel,83.65,Chandigarh,Available,fuel_psu
2026-07-22,2026-07-22T06:00:00.000000,IOCL,petrol,Petrol (95 octane),91.61,Surat,Available,fuel_psu
2026-07-22,2026-07-22T06:00:00.000000,BPCL,petrol,Petrol (95 octane),91.61,Surat,Available,fuel_psu
2026-07-22,2026-07-22T06:00:00.000000,HPCL,petrol,Petrol (95 octane),91.61,Surat,Available,fuel_psu
2026-07-22,2026-07-22T06:00:00.000000,IOCL,diesel,Diesel,91.23,Surat,Available,fuel_psu
2026-07-22,2026-07-22T06:00:00.000000,BPCL,diesel,Diesel,91.23,Surat,Available,fuel_psu
2026-07-22,2026-07-22T06:00:00.000000,HPCL,diesel,Diesel,91.23,Surat,Available,fuel_psu
2026-07-22,2026-07-22T06:00:00.000000,IOCL,petrol,Petrol (95 octane),102.48,Patna,Available,fuel_psu
2026-07-22,2026-07-22T06:00:00.000000,BPCL,petrol,Petrol (95 octane),102.48,Patna,Available,fuel_psu
2026-07-22,2026-07-22T06:00:00.000000,HPCL,petrol,Petrol (95 octane),102.48,Patna,Available,fuel_psu
2026-07-22,2026-07-22T06:00:00.000000,IOCL,diesel,Diesel,93.29,Patna,Available,fuel_psu
2026-07-22,2026-07-22T06:00:00.000000,BPCL,diesel,Diesel,93.29,Patna,Available,fuel_psu
2026-07-22,2026-07-22T06:00:00.000000,HPCL,diesel,Diesel,93.29,Patna,Available,fuel_psu
2026-07-22,2026-07-22T06:00:00.000000,IOCL,petrol,Petrol (95 octane),91.96,Noida,Available,fuel_psu
2026-07-22,2026-07-22T06:00:00.000000,BPCL,petrol,Petrol (95 octane),91.96,Noida,Available,fuel_psu
2026-07-22,2026-07-22T06:00:00.000000,HPCL,petrol,Petrol (95 octane),91.96,Noida,Available,fuel_psu
2026-07-22,2026-07-22T06:00:00.000000,IOCL,diesel,Diesel,89.0,Noida,Available,fuel_psu
2026-07-22,2026-07-22T06:00:00.000000,BPCL,diesel,Diesel,89.0,Noida,Available,fuel_psu
2026-07-22,2026-07-22T06:00:00.000000,HPCL,diesel,Diesel,89.0,Noida,Available,fuel_psu
2026-07-22,2026-07-22T06:00:00.000000,IOCL,petrol,Petrol (95 octane),92.28,Gurgaon,Available,fuel_psu
2026-07-22,2026-07-22T06:00:00.000000,BPCL,petrol,Petrol (95 octane),92.28,Gurgaon,Available,fuel_psu
2026-07-22,2026-07-22T06:00:00.000000,HPCL,petrol,Petrol (95 octane),92.28,Gurgaon,Available,fuel_psu
2026-07-22,2026-07-22T06:00:00.000000,IOCL,diesel,Diesel,89.1,Gurgaon,Available,fuel_psu
2026-07-22,2026-07-22T06:00:00.000000,BPCL,diesel,Diesel,89.1,Gurgaon,Available,fuel_psu
2026-07-22,2026-07-22T06:00:00.000000,HPCL,diesel,Diesel,89.1,Gurgaon,Available,fuel_psu
2026-07-22,2026-07-22T06:00:00.000000,IOCL,petrol,Petrol (95 octane),103.8,Indore,Available,fuel_psu
2026-07-22,2026-07-22T06:00:00.000000,BPCL,petrol,Petrol (95 octane),103.8,Indore,Available,fuel_psu
2026-07-22,2026-07-22T06:00:00.000000,HPCL,petrol,Petrol (95 octane),103.8,Indore,Available,fuel_psu
2026-07-22,2026-07-22T06:00:00.000000,IOCL,diesel,Diesel,93.14,Indore,Available,fuel_psu
2026-07-22,2026-07-22T06:00:00.000000,BPCL,diesel,Diesel,93.14,Indore,Available,fuel_psu
2026-07-22,2026-07-22T06:00:00.000000,HPCL,diesel,Diesel,93.14,Indore,Available,fuel_psu
2026-07-23,2026-07-23T06:00:00.000000,IOCL,petrol,Petrol (95 octane),101.51,Mumbai,Available,fuel_psu
2026-07-23,2026-07-23T06:00:00.000000,BPCL,petrol,Petrol (95 octane),101.51,Mumbai,Available,fuel_psu
2026-07-23,2026-07-23T06:00:00.000000,HPCL,petrol,Petrol (95 octane),101.51,Mumbai,Available,fuel_psu
2026-07-23,2026-07-23T06:00:00.000000,IOCL,diesel,Diesel,93.4,Mumbai,Available,fuel_psu
2026-07-23,2026-07-23T06:00:00.000000,BPCL,diesel,Diesel,93.4,Mumbai,Available,fuel_psu
2026-07-23,2026-07-23T06:00:00.000000,HPCL,diesel,Diesel,93.4,Mumbai,Available,fuel_psu
2026-07-23,2026-07-23T06:00:00.000000,IOCL,petrol,Petrol (95 octane),92.02,Delhi,Available,fuel_psu
2026-07-23,2026-07-23T06:00:00.000000,BPCL,petrol,Petrol (95 octane),92.02,Delhi,Available,fuel_psu
2026-07-23,2026-07-23T06:00:00.000000,HPCL,petrol,Petrol (95 octane),92.02,Delhi,Available,fuel_psu
2026-07-23,2026-07-23T06:00:00.000000,IOCL,diesel,Diesel,88.87,Delhi,Available,fuel_psu
2026-07-23,2026-07-23T06:00:00.000000,BPCL,diesel,Diesel,88.87,Delhi,Available,fuel_psu
2026-07-23,2026-07-23T06:00:00.000000,HPCL,diesel,Diesel,88.87,Delhi,Available,fuel_psu
2026-07-23,2026-07-23T06:00:00.000000,IOCL,petrol,Petrol (95 octane),100.16,Bengaluru,Available,fuel_psu
2026-07-23,2026-07-23T06:00:00.000000,BPCL,petrol,Petrol (95 octane),100.16,Bengaluru,Available,fuel_psu
2026-07-23,2026-07-23T06:00:00.000000,HPCL,petrol,Petrol (95 octane),100.16,Bengaluru,Available,fuel_psu
2026-07-23,2026-07-23T06:00:00.000000,IOCL,diesel,Diesel,90.19,Bengaluru,Available,fuel_psu
2026-07-23,2026-07-23T06:00:00.000000,BPCL,diesel,Diesel,90.19,Bengaluru,Available,fuel_psu
2026-07-23,2026-07-23T06:00:00.000000,HPCL,diesel,Diesel,90.19,Bengaluru,Available,fuel_psu
2026-07-23,2026-07-23T06:00:00.000000,IOCL,petrol,Petrol (95 octane),98.05,Chennai,Available,fuel_psu
2026-07-23,2026-07-23T06:00:00.000000,BPCL,petrol,Petrol (95 octane),98.05,Chennai,Available,fuel_psu
2026-07-23,2026-07-23T06:00:00.000000,HPCL,petrol,Petrol (95 octane),98.05,Chennai,Available,fuel_psu
2026-07-23,2026-07-23T06:00:00.000000,IOCL,diesel,Diesel,93.59,Chennai,Available,fuel_psu
2026-07-23,2026-07-23T06:00:00.000000,BPCL,diesel,Diesel,93.59,Chennai,Available,fuel_psu
2026-07-23,2026-07-23T06:00:00.000000,HPCL,diesel,Diesel,93.59,Chennai,Available,fuel_psu
2026-07-23,2026-07-23T06:00:00.000000,IOCL,petrol,Petrol (95 octane),101.24,Kolkata,Available,fuel_psu
2026-07-23,2026-07-23T06:00:00.000000,BPCL,petrol,Petrol (95 octane),101.24,Kolkata,Available,fuel_psu
2026-07-23,2026-07-23T06:00:00.000000,HPCL,petrol,Petrol (95 octane),101.24,Kolkata,Available,fuel_psu
2026-07-23,2026-07-23T06:00:00.000000,IOCL,diesel,Diesel,92.01,Kolkata,Available,fuel_psu
2026-07-23,2026-07-23T06:00:00.000000,BPCL,diesel,Diesel,92.01,Kolkata,Available,fuel_psu
2026-07-23,2026-07-23T06:00:00.000000,HPCL,diesel,Diesel,92.01,Kolkata,Available,fuel_psu
2026-07-23,2026-07-23T06:00:00.000000,IOCL,petrol,Petrol (95 octane),104.71,Hyderabad,Available,fuel_psu
2026-07-23,2026-07-23T06:00:00.000000,BPCL,petrol,Petrol (95 octane),104.71,Hyderabad,Available,fuel_psu
2026-07-23,2026-07-23T06:00:00.000000,HPCL,petrol,Petrol (95 octane),104.71,Hyderabad,Available,fuel_psu
2026-07-23,2026-07-23T06:00:00.000000,IOCL,diesel,Diesel,96.9,Hyderabad,Available,fuel_psu
2026-07-23,2026-07-23T06:00:00.000000,BPCL,diesel,Diesel,96.9,Hyderabad,Available,fuel_psu
2026-07-23,2026-07-23T06:00:00.000000,HPCL,diesel,Diesel,96.9,Hyderabad,Available,fuel_psu
2026-07-23,2026-07-23T06:00:00.000000,IOCL,petrol,Petrol (95 octane),101.38,Pune,Available,fuel_psu
2026-07-23,2026-07-23T06:00:00.000000,BPCL,petrol,Petrol (95 octane),101.38,Pune,Available,fuel_psu
2026-07-23,2026-07-23T06:00:00.000000,HPCL,petrol,Petrol (95 octane),101.38,Pune,Available,fuel_psu
2026-07-23,2026-07-23T06:00:00.000000,IOCL,diesel,Diesel,91.86,Pune,Available,fuel_psu
2026-07-23,2026-07-23T06:00:00.000000,BPCL,diesel,Diesel,91.86,Pune,Available,fuel_psu
2026-07-23,2026-07-23T06:00:00.000000,HPCL,diesel,Diesel,91.86,Pune,Available,fuel_psu
2026-07-23,2026-07-23T06:00:00.000000,IOCL,petrol,Petrol (95 octane),91.74,Ahmedabad,Available,fuel_psu
2026-07-23,2026-07-23T06:00:00.000000,BPCL,petrol,Petrol (95 octane),91.74,Ahmedabad,Available,fuel_psu
2026-07-23,2026-07-23T06:00:00.000000,HPCL,petrol,Petrol (95 octane),91.74,Ahmedabad,Available,fuel_psu
2026-07-23,2026-07-23T06:00:00.000000,IOCL,diesel,Diesel,91.36,Ahmedabad,Available,fuel_psu
2026-07-23,2026-07-23T06:00:00.000000,BPCL,diesel,Diesel,91.36,Ahmedabad,Available,fuel_psu
2026-07-23,2026-07-23T06:00:00.000000,HPCL,diesel,Diesel,91.36,Ahmedabad,Available,fuel_psu
2026-07-23,2026-07-23T06:00:00.000000,IOCL,petrol,Petrol (95 octane),102.18,Jaipur,Available,fuel_psu
2026-07-23,2026-07-23T06:00:00.000000,BPCL,petrol,Petrol (95 octane),102.18,Jaipur,Available,fuel_psu
2026-07-23,2026-07-23T06:00:00.000000,HPCL,petrol,Petrol (95 octane),102.18,Jaipur,Available,fuel_psu
2026-07-23,2026-07-23T06:00:00.000000,IOCL,diesel,Diesel,91.61,Jaipur,Available,fuel_psu
2026-07-23,2026-07-23T06:00:00.000000,BPCL,diesel,Diesel,91.61,Jaipur,Available,fuel_psu
2026-07-23,2026-07-23T06:00:00.000000,HPCL,diesel,Diesel,91.61,Jaipur,Available,fuel_psu
2026-07-23,2026-07-23T06:00:00.000000,IOCL,petrol,Petrol (95 octane),91.95,Lucknow,Available,fuel_psu
2026-07-23,2026-07-23T06:00:00.000000,BPCL,petrol,Petrol (95 octane),91.95,Lucknow,Available,fuel_psu
2026-07-23,2026-07-23T06:00:00.000000,HPCL,petrol,Petrol (95 octane),91.95,Lucknow,Available,fuel_psu
2026-07-23,2026-07-23T06:00:00.000000,IOCL,diesel,Diesel,89.01,Lucknow,Available,fuel_psu
2026-07-23,2026-07-23T06:00:00.000000,BPCL,diesel,Diesel,89.01,Lucknow,Available,fuel_psu
2026-07-23,2026-07-23T06:00:00.000000,HPCL,diesel,Diesel,89.01,Lucknow,Available,fuel_psu
2026-07-23,2026-07-23T06:00:00.000000,IOCL,petrol,Petrol (95 octane),91.54,Chandigarh,Available,fuel_psu
2026-07-23,2026-07-23T06:00:00.000000,BPCL,petrol,Petrol (95 octane),91.54,Chandigarh,Available,fuel_psu
2026-07-23,2026-07-23T06:00:00.000000,HPCL,petrol,Petrol (95 octane),91.54,Chandigarh,Available,fuel_psu
2026-07-23,2026-07-23T06:00:00.000000,IOCL,diesel,Diesel,83.65,Chandigarh,Available,fuel_psu
2026-07-23,2026-07-23T06:00:00.000000,BPCL,diesel,Diesel,83.65,Chandigarh,Available,fuel_psu
2026-07-23,2026-07-23T06:00:00.000000,HPCL,diesel,Diesel,83.65,Chandigarh,Available,fuel_psu
2026-07-23,2026-07-23T06:00:00.000000,IOCL,petrol,Petrol (95 octane),91.61,Surat,Available,fuel_psu
2026-07-23,2026-07-23T06:00:00.000000,BPCL,petrol,Petrol (95 octane),91.61,Surat,Available,fuel_psu
2026-07-23,2026-07-23T06:00:00.000000,HPCL,petrol,Petrol (95 octane),91.61,Surat,Available,fuel_psu
2026-07-23,2026-07-23T06:00:00.000000,IOCL,diesel,Diesel,91.23,Surat,Available,fuel_psu
2026-07-23,2026-07-23T06:00:00.000000,BPCL,diesel,Diesel,91.23,Surat,Available,fuel_psu
2026-07-23,2026-07-23T06:00:00.000000,HPCL,diesel,Diesel,91.23,Surat,Available,fuel_psu
2026-07-23,2026-07-23T06:00:00.000000,IOCL,petrol,Petrol (95 octane),102.48,Patna,Available,fuel_psu
2026-07-23,2026-07-23T06:00:00.000000,BPCL,petrol,Petrol (95 octane),102.48,Patna,Available,fuel_psu
2026-07-23,2026-07-23T06:00:00.000000,HPCL,petrol,Petrol (95 octane),102.48,Patna,Available,fuel_psu
2026-07-23,2026-07-23T06:00:00.000000,IOCL,diesel,Diesel,93.29,Patna,Available,fuel_psu
2026-07-23,2026-07-23T06:00:00.000000,BPCL,diesel,Diesel,93.29,Patna,Available,fuel_psu
2026-07-23,2026-07-23T06:00:00.000000,HPCL,diesel,Diesel,93.29,Patna,Available,fuel_psu
2026-07-23,2026-07-23T06:00:00.000000,IOCL,petrol,Petrol (95 octane),91.96,Noida,Available,fuel_psu
2026-07-23,2026-07-23T06:00:00.000000,BPCL,petrol,Petrol (95 octane),91.96,Noida,Available,fuel_psu
2026-07-23,2026-07-23T06:00:00.000000,HPCL,petrol,Petrol (95 octane),91.96,Noida,Available,fuel_psu
2026-07-23,2026-07-23T06:00:00.000000,IOCL,diesel,Diesel,89.0,Noida,Available,fuel_psu
2026-07-23,2026-07-23T06:00:00.000000,BPCL,diesel,Diesel,89.0,Noida,Available,fuel_psu
2026-07-23,2026-07-23T06:00:00.000000,HPCL,diesel,Diesel,89.0,Noida,Available,fuel_psu
2026-07-23,2026-07-23T06:00:00.000000,IOCL,petrol,Petrol (95 octane),92.28,Gurgaon,Available,fuel_psu
2026-07-23,2026-07-23T06:00:00.000000,BPCL,petrol,Petrol (95 octane),92.28,Gurgaon,Available,fuel_psu
2026-07-23,2026-07-23T06:00:00.000000,HPCL,petrol,Petrol (95 octane),92.28,Gurgaon,Available,fuel_psu
2026-07-23,2026-07-23T06:00:00.000000,IOCL,diesel,Diesel,89.1,Gurgaon,Available,fuel_psu
2026-07-23,2026-07-23T06:00:00.000000,BPCL,diesel,Diesel,89.1,Gurgaon,Available,fuel_psu
2026-07-23,2026-07-23T06:00:00.000000,HPCL,diesel,Diesel,89.1,Gurgaon,Available,fuel_psu
2026-07-23,2026-07-23T06:00:00.000000,IOCL,petrol,Petrol (95 octane),103.8,Indore,Available,fuel_psu
2026-07-23,2026-07-23T06:00:00.000000,BPCL,petrol,Petrol (95 octane),103.8,Indore,Available,fuel_psu
2026-07-23,2026-07-23T06:00:00.000000,HPCL,petrol,Petrol (95 octane),103.8,Indore,Available,fuel_psu
2026-07-23,2026-07-23T06:00:00.000000,IOCL,diesel,Diesel,93.14,Indore,Available,fuel_psu
2026-07-23,2026-07-23T06:00:00.000000,BPCL,diesel,Diesel,93.14,Indore,Available,fuel_psu
2026-07-23,2026-07-23T06:00:00.000000,HPCL,diesel,Diesel,93.14,Indore,Available,fuel_psu
2026-07-24,2026-07-24T06:00:00.000000,IOCL,petrol,Petrol (95 octane),101.51,Mumbai,Available,fuel_psu
2026-07-24,2026-07-24T06:00:00.000000,BPCL,petrol,Petrol (95 octane),101.51,Mumbai,Available,fuel_psu
2026-07-24,2026-07-24T06:00:00.000000,HPCL,petrol,Petrol (95 octane),101.51,Mumbai,Available,fuel_psu
2026-07-24,2026-07-24T06:00:00.000000,IOCL,diesel,Diesel,93.4,Mumbai,Available,fuel_psu
2026-07-24,2026-07-24T06:00:00.000000,BPCL,diesel,Diesel,93.4,Mumbai,Available,fuel_psu
2026-07-24,2026-07-24T06:00:00.000000,HPCL,diesel,Diesel,93.4,Mumbai,Available,fuel_psu
2026-07-24,2026-07-24T06:00:00.000000,IOCL,petrol,Petrol (95 octane),92.02,Delhi,Available,fuel_psu
2026-07-24,2026-07-24T06:00:00.000000,BPCL,petrol,Petrol (95 octane),92.02,Delhi,Available,fuel_psu
2026-07-24,2026-07-24T06:00:00.000000,HPCL,petrol,Petrol (95 octane),92.02,Delhi,Available,fuel_psu
2026-07-24,2026-07-24T06:00:00.000000,IOCL,diesel,Diesel,88.87,Delhi,Available,fuel_psu
2026-07-24,2026-07-24T06:00:00.000000,BPCL,diesel,Diesel,88.87,Delhi,Available,fuel_psu
2026-07-24,2026-07-24T06:00:00.000000,HPCL,diesel,Diesel,88.87,Delhi,Available,fuel_psu
2026-07-24,2026-07-24T06:00:00.000000,IOCL,petrol,Petrol (95 octane),100.16,Bengaluru,Available,fuel_psu
2026-07-24,2026-07-24T06:00:00.000000,BPCL,petrol,Petrol (95 octane),100.16,Bengaluru,Available,fuel_psu
2026-07-24,2026-07-24T06:00:00.000000,HPCL,petrol,Petrol (95 octane),100.16,Bengaluru,Available,fuel_psu
2026-07-24,2026-07-24T06:00:00.000000,IOCL,diesel,Diesel,90.19,Bengaluru,Available,fuel_psu
2026-07-24,2026-07-24T06:00:00.000000,BPCL,diesel,Diesel,90.19,Bengaluru,Available,fuel_psu
2026-07-24,2026-07-24T06:00:00.000000,HPCL,diesel,Diesel,90.19,Bengaluru,Available,fuel_psu
2026-07-24,2026-07-24T06:00:00.000000,IOCL,petrol,Petrol (95 octane),98.05,Chennai,Available,fuel_psu
2026-07-24,2026-07-24T06:00:00.000000,BPCL,petrol,Petrol (95 octane),98.05,Chennai,Available,fuel_psu
2026-07-24,2026-07-24T06:00:00.000000,HPCL,petrol,Petrol (95 octane),98.05,Chennai,Available,fuel_psu
2026-07-24,2026-07-24T06:00:00.000000,IOCL,diesel,Diesel,93.59,Chennai,Available,fuel_psu
2026-07-24,2026-07-24T06:00:00.000000,BPCL,diesel,Diesel,93.59,Chennai,Available,fuel_psu
2026-07-24,2026-07-24T06:00:00.000000,HPCL,diesel,Diesel,93.59,Chennai,Available,fuel_psu
2026-07-24,2026-07-24T06:00:00.000000,IOCL,petrol,Petrol (95 octane),101.24,Kolkata,Available,fuel_psu
2026-07-24,2026-07-24T06:00:00.000000,BPCL,petrol,Petrol (95 octane),101.24,Kolkata,Available,fuel_psu
2026-07-24,2026-07-24T06:00:00.000000,HPCL,petrol,Petrol (95 octane),101.24,Kolkata,Available,fuel_psu
2026-07-24,2026-07-24T06:00:00.000000,IOCL,diesel,Diesel,92.01,Kolkata,Available,fuel_psu
2026-07-24,2026-07-24T06:00:00.000000,BPCL,diesel,Diesel,92.01,Kolkata,Available,fuel_psu
2026-07-24,2026-07-24T06:00:00.000000,HPCL,diesel,Diesel,92.01,Kolkata,Available,fuel_psu
2026-07-24,2026-07-24T06:00:00.000000,IOCL,petrol,Petrol (95 octane),104.71,Hyderabad,Available,fuel_psu
2026-07-24,2026-07-24T06:00:00.000000,BPCL,petrol,Petrol (95 octane),104.71,Hyderabad,Available,fuel_psu
2026-07-24,2026-07-24T06:00:00.000000,HPCL,petrol,Petrol (95 octane),104.71,Hyderabad,Available,fuel_psu
2026-07-24,2026-07-24T06:00:00.000000,IOCL,diesel,Diesel,96.9,Hyderabad,Available,fuel_psu
2026-07-24,2026-07-24T06:00:00.000000,BPCL,diesel,Diesel,96.9,Hyderabad,Available,fuel_psu
2026-07-24,2026-07-24T06:00:00.000000,HPCL,diesel,Diesel,96.9,Hyderabad,Available,fuel_psu
2026-07-24,2026-07-24T06:00:00.000000,IOCL,petrol,Petrol (95 octane),101.38,Pune,Available,fuel_psu
2026-07-24,2026-07-24T06:00:00.000000,BPCL,petrol,Petrol (95 octane),101.38,Pune,Available,fuel_psu
2026-07-24,2026-07-24T06:00:00.000000,HPCL,petrol,Petrol (95 octane),101.38,Pune,Available,fuel_psu
2026-07-24,2026-07-24T06:00:00.000000,IOCL,diesel,Diesel,91.86,Pune,Available,fuel_psu
2026-07-24,2026-07-24T06:00:00.000000,BPCL,diesel,Diesel,91.86,Pune,Available,fuel_psu
2026-07-24,2026-07-24T06:00:00.000000,HPCL,diesel,Diesel,91.86,Pune,Available,fuel_psu
2026-07-24,2026-07-24T06:00:00.000000,IOCL,petrol,Petrol (95 octane),91.74,Ahmedabad,Available,fuel_psu
2026-07-24,2026-07-24T06:00:00.000000,BPCL,petrol,Petrol (95 octane),91.74,Ahmedabad,Available,fuel_psu
2026-07-24,2026-07-24T06:00:00.000000,HPCL,petrol,Petrol (95 octane),91.74,Ahmedabad,Available,fuel_psu
2026-07-24,2026-07-24T06:00:00.000000,IOCL,diesel,Diesel,91.36,Ahmedabad,Available,fuel_psu
2026-07-24,2026-07-24T06:00:00.000000,BPCL,diesel,Diesel,91.36,Ahmedabad,Available,fuel_psu
2026-07-24,2026-07-24T06:00:00.000000,HPCL,diesel,Diesel,91.36,Ahmedabad,Available,fuel_psu
2026-07-24,2026-07-24T06:00:00.000000,IOCL,petrol,Petrol (95 octane),102.18,Jaipur,Available,fuel_psu
2026-07-24,2026-07-24T06:00:00.000000,BPCL,petrol,Petrol (95 octane),102.18,Jaipur,Available,fuel_psu
2026-07-24,2026-07-24T06:00:00.000000,HPCL,petrol,Petrol (95 octane),102.18,Jaipur,Available,fuel_psu
2026-07-24,2026-07-24T06:00:00.000000,IOCL,diesel,Diesel,91.61,Jaipur,Available,fuel_psu
2026-07-24,2026-07-24T06:00:00.000000,BPCL,diesel,Diesel,91.61,Jaipur,Available,fuel_psu
2026-07-24,2026-07-24T06:00:00.000000,HPCL,diesel,Diesel,91.61,Jaipur,Available,fuel_psu
2026-07-24,2026-07-24T06:00:00.000000,IOCL,petrol,Petrol (95 octane),91.95,Lucknow,Available,fuel_psu
2026-07-24,2026-07-24T06:00:00.000000,BPCL,petrol,Petrol (95 octane),91.95,Lucknow,Available,fuel_psu
2026-07-24,2026-07-24T06:00:00.000000,HPCL,petrol,Petrol (95 octane),91.95,Lucknow,Available,fuel_psu
2026-07-24,2026-07-24T06:00:00.000000,IOCL,diesel,Diesel,89.01,Lucknow,Available,fuel_psu
2026-07-24,2026-07-24T06:00:00.000000,BPCL,diesel,Diesel,89.01,Lucknow,Available,fuel_psu
2026-07-24,2026-07-24T06:00:00.000000,HPCL,diesel,Diesel,89.01,Lucknow,Available,fuel_psu
2026-07-24,2026-07-24T06:00:00.000000,IOCL,petrol,Petrol (95 octane),91.54,Chandigarh,Available,fuel_psu
2026-07-24,2026-07-24T06:00:00.000000,BPCL,petrol,Petrol (95 octane),91.54,Chandigarh,Available,fuel_psu
2026-07-24,2026-07-24T06:00:00.000000,HPCL,petrol,Petrol (95 octane),91.54,Chandigarh,Available,fuel_psu
2026-07-24,2026-07-24T06:00:00.000000,IOCL,diesel,Diesel,83.65,Chandigarh,Available,fuel_psu
2026-07-24,2026-07-24T06:00:00.000000,BPCL,diesel,Diesel,83.65,Chandigarh,Available,fuel_psu
2026-07-24,2026-07-24T06:00:00.000000,HPCL,diesel,Diesel,83.65,Chandigarh,Available,fuel_psu
2026-07-24,2026-07-24T06:00:00.000000,IOCL,petrol,Petrol (95 octane),91.61,Surat,Available,fuel_psu
2026-07-24,2026-07-24T06:00:00.000000,BPCL,petrol,Petrol (95 octane),91.61,Surat,Available,fuel_psu
2026-07-24,2026-07-24T06:00:00.000000,HPCL,petrol,Petrol (95 octane),91.61,Surat,Available,fuel_psu
2026-07-24,2026-07-24T06:00:00.000000,IOCL,diesel,Diesel,91.23,Surat,Available,fuel_psu
2026-07-24,2026-07-24T06:00:00.000000,BPCL,diesel,Diesel,91.23,Surat,Available,fuel_psu
2026-07-24,2026-07-24T06:00:00.000000,HPCL,diesel,Diesel,91.23,Surat,Available,fuel_psu
2026-07-24,2026-07-24T06:00:00.000000,IOCL,petrol,Petrol (95 octane),102.48,Patna,Available,fuel_psu
2026-07-24,2026-07-24T06:00:00.000000,BPCL,petrol,Petrol (95 octane),102.48,Patna,Available,fuel_psu
2026-07-24,2026-07-24T06:00:00.000000,HPCL,petrol,Petrol (95 octane),102.48,Patna,Available,fuel_psu
2026-07-24,2026-07-24T06:00:00.000000,IOCL,diesel,Diesel,93.29,Patna,Available,fuel_psu
2026-07-24,2026-07-24T06:00:00.000000,BPCL,diesel,Diesel,93.29,Patna,Available,fuel_psu
2026-07-24,2026-07-24T06:00:00.000000,HPCL,diesel,Diesel,93.29,Patna,Available,fuel_psu
2026-07-24,2026-07-24T06:00:00.000000,IOCL,petrol,Petrol (95 octane),91.96,Noida,Available,fuel_psu
2026-07-24,2026-07-24T06:00:00.000000,BPCL,petrol,Petrol (95 octane),91.96,Noida,Available,fuel_psu
2026-07-24,2026-07-24T06:00:00.000000,HPCL,petrol,Petrol (95 octane),91.96,Noida,Available,fuel_psu
2026-07-24,2026-07-24T06:00:00.000000,IOCL,diesel,Diesel,89.0,Noida,Available,fuel_psu
2026-07-24,2026-07-24T06:00:00.000000,BPCL,diesel,Diesel,89.0,Noida,Available,fuel_psu
2026-07-24,2026-07-24T06:00:00.000000,HPCL,diesel,Diesel,89.0,Noida,Available,fuel_psu
2026-07-24,2026-07-24T06:00:00.000000,IOCL,petrol,Petrol (95 octane),92.28,Gurgaon,Available,fuel_psu
2026-07-24,2026-07-24T06:00:00.000000,BPCL,petrol,Petrol (95 octane),92.28,Gurgaon,Available,fuel_psu
2026-07-24,2026-07-24T06:00:00.000000,HPCL,petrol,Petrol (95 octane),92.28,Gurgaon,Available,fuel_psu
2026-07-24,2026-07-24T06:00:00.000000,IOCL,diesel,Diesel,89.1,Gurgaon,Available,fuel_psu
2026-07-24,2026-07-24T06:00:00.000000,BPCL,diesel,Diesel,89.1,Gurgaon,Available,fuel_psu
2026-07-24,2026-07-24T06:00:00.000000,HPCL,diesel,Diesel,89.1,Gurgaon,Available,fuel_psu
2026-07-24,2026-07-24T06:00:00.000000,IOCL,petrol,Petrol (95 octane),103.8,Indore,Available,fuel_psu
2026-07-24,2026-07-24T06:00:00.000000,BPCL,petrol,Petrol (95 octane),103.8,Indore,Available,fuel_psu
2026-07-24,2026-07-24T06:00:00.000000,HPCL,petrol,Petrol (95 octane),103.8,Indore,Available,fuel_psu
2026-07-24,2026-07-24T06:00:00.000000,IOCL,diesel,Diesel,93.14,Indore,Available,fuel_psu
2026-07-24,2026-07-24T06:00:00.000000,BPCL,diesel,Diesel,93.14,Indore,Available,fuel_psu
2026-07-24,2026-07-24T06:00:00.000000,HPCL,diesel,Diesel,93.14,Indore,Available,fuel_psu
2026-07-25,2026-07-25T06:00:00.000000,IOCL,petrol,Petrol (95 octane),101.51,Mumbai,Available,fuel_psu
2026-07-25,2026-07-25T06:00:00.000000,BPCL,petrol,Petrol (95 octane),101.51,Mumbai,Available,fuel_psu
2026-07-25,2026-07-25T06:00:00.000000,HPCL,petrol,Petrol (95 octane),101.51,Mumbai,Available,fuel_psu
2026-07-25,2026-07-25T06:00:00.000000,IOCL,diesel,Diesel,93.4,Mumbai,Available,fuel_psu
2026-07-25,2026-07-25T06:00:00.000000,BPCL,diesel,Diesel,93.4,Mumbai,Available,fuel_psu
2026-07-25,2026-07-25T06:00:00.000000,HPCL,diesel,Diesel,93.4,Mumbai,Available,fuel_psu
2026-07-25,2026-07-25T06:00:00.000000,IOCL,petrol,Petrol (95 octane),92.02,Delhi,Available,fuel_psu
2026-07-25,2026-07-25T06:00:00.000000,BPCL,petrol,Petrol (95 octane),92.02,Delhi,Available,fuel_psu
2026-07-25,2026-07-25T06:00:00.000000,HPCL,petrol,Petrol (95 octane),92.02,Delhi,Available,fuel_psu
2026-07-25,2026-07-25T06:00:00.000000,IOCL,diesel,Diesel,88.87,Delhi,Available,fuel_psu
2026-07-25,2026-07-25T06:00:00.000000,BPCL,diesel,Diesel,88.87,Delhi,Available,fuel_psu
2026-07-25,2026-07-25T06:00:00.000000,HPCL,diesel,Diesel,88.87,Delhi,Available,fuel_psu
2026-07-25,2026-07-25T06:00:00.000000,IOCL,petrol,Petrol (95 octane),100.16,Bengaluru,Available,fuel_psu
2026-07-25,2026-07-25T06:00:00.000000,BPCL,petrol,Petrol (95 octane),100.16,Bengaluru,Available,fuel_psu
2026-07-25,2026-07-25T06:00:00.000000,HPCL,petrol,Petrol (95 octane),100.16,Bengaluru,Available,fuel_psu
2026-07-25,2026-07-25T06:00:00.000000,IOCL,diesel,Diesel,90.19,Bengaluru,Available,fuel_psu
2026-07-25,2026-07-25T06:00:00.000000,BPCL,diesel,Diesel,90.19,Bengaluru,Available,fuel_psu
2026-07-25,2026-07-25T06:00:00.000000,HPCL,diesel,Diesel,90.19,Bengaluru,Available,fuel_psu
2026-07-25,2026-07-25T06:00:00.000000,IOCL,petrol,Petrol (95 octane),98.05,Chennai,Available,fuel_psu
2026-07-25,2026-07-25T06:00:00.000000,BPCL,petrol,Petrol (95 octane),98.05,Chennai,Available,fuel_psu
2026-07-25,2026-07-25T06:00:00.000000,HPCL,petrol,Petrol (95 octane),98.05,Chennai,Available,fuel_psu
2026-07-25,2026-07-25T06:00:00.000000,IOCL,diesel,Diesel,93.59,Chennai,Available,fuel_psu
2026-07-25,2026-07-25T06:00:00.000000,BPCL,diesel,Diesel,93.59,Chennai,Available,fuel_psu
2026-07-25,2026-07-25T06:00:00.000000,HPCL,diesel,Diesel,93.59,Chennai,Available,fuel_psu
2026-07-25,2026-07-25T06:00:00.000000,IOCL,petrol,Petrol (95 octane),101.24,Kolkata,Available,fuel_psu
2026-07-25,2026-07-25T06:00:00.000000,BPCL,petrol,Petrol (95 octane),101.24,Kolkata,Available,fuel_psu
2026-07-25,2026-07-25T06:00:00.000000,HPCL,petrol,Petrol (95 octane),101.24,Kolkata,Available,fuel_psu
2026-07-25,2026-07-25T06:00:00.000000,IOCL,diesel,Diesel,92.01,Kolkata,Available,fuel_psu
2026-07-25,2026-07-25T06:00:00.000000,BPCL,diesel,Diesel,92.01,Kolkata,Available,fuel_psu
2026-07-25,2026-07-25T06:00:00.000000,HPCL,diesel,Diesel,92.01,Kolkata,Available,fuel_psu
2026-07-25,2026-07-25T06:00:00.000000,IOCL,petrol,Petrol (95 octane),104.71,Hyderabad,Available,fuel_psu
2026-07-25,2026-07-25T06:00:00.000000,BPCL,petrol,Petrol (95 octane),104.71,Hyderabad,Available,fuel_psu
2026-07-25,2026-07-25T06:00:00.000000,HPCL,petrol,Petrol (95 octane),104.71,Hyderabad,Available,fuel_psu
2026-07-25,2026-07-25T06:00:00.000000,IOCL,diesel,Diesel,96.9,Hyderabad,Available,fuel_psu
2026-07-25,2026-07-25T06:00:00.000000,BPCL,diesel,Diesel,96.9,Hyderabad,Available,fuel_psu
2026-07-25,2026-07-25T06:00:00.000000,HPCL,diesel,Diesel,96.9,Hyderabad,Available,fuel_psu
2026-07-25,2026-07-25T06:00:00.000000,IOCL,petrol,Petrol (95 octane),101.38,Pune,Available,fuel_psu
2026-07-25,2026-07-25T06:00:00.000000,BPCL,petrol,Petrol (95 octane),101.38,Pune,Available,fuel_psu
2026-07-25,2026-07-25T06:00:00.000000,HPCL,petrol,Petrol (95 octane),101.38,Pune,Available,fuel_psu
2026-07-25,2026-07-25T06:00:00.000000,IOCL,diesel,Diesel,91.86,Pune,Available,fuel_psu
2026-07-25,2026-07-25T06:00:00.000000,BPCL,diesel,Diesel,91.86,Pune,Available,fuel_psu
2026-07-25,2026-07-25T06:00:00.000000,HPCL,diesel,Diesel,91.86,Pune,Available,fuel_psu
2026-07-25,2026-07-25T06:00:00.000000,IOCL,petrol,Petrol (95 octane),91.74,Ahmedabad,Available,fuel_psu
2026-07-25,2026-07-25T06:00:00.000000,BPCL,petrol,Petrol (95 octane),91.74,Ahmedabad,Available,fuel_psu
2026-07-25,2026-07-25T06:00:00.000000,HPCL,petrol,Petrol (95 octane),91.74,Ahmedabad,Available,fuel_psu
2026-07-25,2026-07-25T06:00:00.000000,IOCL,diesel,Diesel,91.36,Ahmedabad,Available,fuel_psu
2026-07-25,2026-07-25T06:00:00.000000,BPCL,diesel,Diesel,91.36,Ahmedabad,Available,fuel_psu
2026-07-25,2026-07-25T06:00:00.000000,HPCL,diesel,Diesel,91.36,Ahmedabad,Available,fuel_psu
2026-07-25,2026-07-25T06:00:00.000000,IOCL,petrol,Petrol (95 octane),102.18,Jaipur,Available,fuel_psu
2026-07-25,2026-07-25T06:00:00.000000,BPCL,petrol,Petrol (95 octane),102.18,Jaipur,Available,fuel_psu
2026-07-25,2026-07-25T06:00:00.000000,HPCL,petrol,Petrol (95 octane),102.18,Jaipur,Available,fuel_psu
2026-07-25,2026-07-25T06:00:00.000000,IOCL,diesel,Diesel,91.61,Jaipur,Available,fuel_psu
2026-07-25,2026-07-25T06:00:00.000000,BPCL,diesel,Diesel,91.61,Jaipur,Available,fuel_psu
2026-07-25,2026-07-25T06:00:00.000000,HPCL,diesel,Diesel,91.61,Jaipur,Available,fuel_psu
2026-07-25,2026-07-25T06:00:00.000000,IOCL,petrol,Petrol (95 octane),91.95,Lucknow,Available,fuel_psu
2026-07-25,2026-07-25T06:00:00.000000,BPCL,petrol,Petrol (95 octane),91.95,Lucknow,Available,fuel_psu
2026-07-25,2026-07-25T06:00:00.000000,HPCL,petrol,Petrol (95 octane),91.95,Lucknow,Available,fuel_psu
2026-07-25,2026-07-25T06:00:00.000000,IOCL,diesel,Diesel,89.01,Lucknow,Available,fuel_psu
2026-07-25,2026-07-25T06:00:00.000000,BPCL,diesel,Diesel,89.01,Lucknow,Available,fuel_psu
2026-07-25,2026-07-25T06:00:00.000000,HPCL,diesel,Diesel,89.01,Lucknow,Available,fuel_psu
2026-07-25,2026-07-25T06:00:00.000000,IOCL,petrol,Petrol (95 octane),91.54,Chandigarh,Available,fuel_psu
2026-07-25,2026-07-25T06:00:00.000000,BPCL,petrol,Petrol (95 octane),91.54,Chandigarh,Available,fuel_psu
2026-07-25,2026-07-25T06:00:00.000000,HPCL,petrol,Petrol (95 octane),91.54,Chandigarh,Available,fuel_psu
2026-07-25,2026-07-25T06:00:00.000000,IOCL,diesel,Diesel,83.65,Chandigarh,Available,fuel_psu
2026-07-25,2026-07-25T06:00:00.000000,BPCL,diesel,Diesel,83.65,Chandigarh,Available,fuel_psu
2026-07-25,2026-07-25T06:00:00.000000,HPCL,diesel,Diesel,83.65,Chandigarh,Available,fuel_psu
2026-07-25,2026-07-25T06:00:00.000000,IOCL,petrol,Petrol (95 octane),91.61,Surat,Available,fuel_psu
2026-07-25,2026-07-25T06:00:00.000000,BPCL,petrol,Petrol (95 octane),91.61,Surat,Available,fuel_psu
2026-07-25,2026-07-25T06:00:00.000000,HPCL,petrol,Petrol (95 octane),91.61,Surat,Available,fuel_psu
2026-07-25,2026-07-25T06:00:00.000000,IOCL,diesel,Diesel,91.23,Surat,Available,fuel_psu
2026-07-25,2026-07-25T06:00:00.000000,BPCL,diesel,Diesel,91.23,Surat,Available,fuel_psu
2026-07-25,2026-07-25T06:00:00.000000,HPCL,diesel,Diesel,91.23,Surat,Available,fuel_psu
2026-07-25,2026-07-25T06:00:00.000000,IOCL,petrol,Petrol (95 octane),102.48,Patna,Available,fuel_psu
2026-07-25,2026-07-25T06:00:00.000000,BPCL,petrol,Petrol (95 octane),102.48,Patna,Available,fuel_psu
2026-07-25,2026-07-25T06:00:00.000000,HPCL,petrol,Petrol (95 octane),102.48,Patna,Available,fuel_psu
2026-07-25,2026-07-25T06:00:00.000000,IOCL,diesel,Diesel,93.29,Patna,Available,fuel_psu
2026-07-25,2026-07-25T06:00:00.000000,BPCL,diesel,Diesel,93.29,Patna,Available,fuel_psu
2026-07-25,2026-07-25T06:00:00.000000,HPCL,diesel,Diesel,93.29,Patna,Available,fuel_psu
2026-07-25,2026-07-25T06:00:00.000000,IOCL,petrol,Petrol (95 octane),91.96,Noida,Available,fuel_psu
2026-07-25,2026-07-25T06:00:00.000000,BPCL,petrol,Petrol (95 octane),91.96,Noida,Available,fuel_psu
2026-07-25,2026-07-25T06:00:00.000000,HPCL,petrol,Petrol (95 octane),91.96,Noida,Available,fuel_psu
2026-07-25,2026-07-25T06:00:00.000000,IOCL,diesel,Diesel,89.0,Noida,Available,fuel_psu
2026-07-25,2026-07-25T06:00:00.000000,BPCL,diesel,Diesel,89.0,Noida,Available,fuel_psu
2026-07-25,2026-07-25T06:00:00.000000,HPCL,diesel,Diesel,89.0,Noida,Available,fuel_psu
2026-07-25,2026-07-25T06:00:00.000000,IOCL,petrol,Petrol (95 octane),92.28,Gurgaon,Available,fuel_psu
2026-07-25,2026-07-25T06:00:00.000000,BPCL,petrol,Petrol (95 octane),92.28,Gurgaon,Available,fuel_psu
2026-07-25,2026-07-25T06:00:00.000000,HPCL,petrol,Petrol (95 octane),92.28,Gurgaon,Available,fuel_psu
2026-07-25,2026-07-25T06:00:00.000000,IOCL,diesel,Diesel,89.1,Gurgaon,Available,fuel_psu
2026-07-25,2026-07-25T06:00:00.000000,BPCL,diesel,Diesel,89.1,Gurgaon,Available,fuel_psu
2026-07-25,2026-07-25T06:00:00.000000,HPCL,diesel,Diesel,89.1,Gurgaon,Available,fuel_psu
2026-07-25,2026-07-25T06:00:00.000000,IOCL,petrol,Petrol (95 octane),103.8,Indore,Available,fuel_psu
2026-07-25,2026-07-25T06:00:00.000000,BPCL,petrol,Petrol (95 octane),103.8,Indore,Available,fuel_psu
2026-07-25,2026-07-25T06:00:00.000000,HPCL,petrol,Petrol (95 octane),103.8,Indore,Available,fuel_psu
2026-07-25,2026-07-25T06:00:00.000000,IOCL,diesel,Diesel,93.14,Indore,Available,fuel_psu
2026-07-25,2026-07-25T06:00:00.000000,BPCL,diesel,Diesel,93.14,Indore,Available,fuel_psu
2026-07-25,2026-07-25T06:00:00.000000,HPCL,diesel,Diesel,93.14,Indore,Available,fuel_psu
2026-07-26,2026-07-26T06:00:00.000000,IOCL,petrol,Petrol (95 octane),101.51,Mumbai,Available,fuel_psu
2026-07-26,2026-07-26T06:00:00.000000,BPCL,petrol,Petrol (95 octane),101.51,Mumbai,Available,fuel_psu
2026-07-26,2026-07-26T06:00:00.000000,HPCL,petrol,Petrol (95 octane),101.51,Mumbai,Available,fuel_psu
2026-07-26,2026-07-26T06:00:00.000000,IOCL,diesel,Diesel,93.4,Mumbai,Available,fuel_psu
2026-07-26,2026-07-26T06:00:00.000000,BPCL,diesel,Diesel,93.4,Mumbai,Available,fuel_psu
2026-07-26,2026-07-26T06:00:00.000000,HPCL,diesel,Diesel,93.4,Mumbai,Available,fuel_psu
2026-07-26,2026-07-26T06:00:00.000000,IOCL,petrol,Petrol (95 octane),92.02,Delhi,Available,fuel_psu
2026-07-26,2026-07-26T06:00:00.000000,BPCL,petrol,Petrol (95 octane),92.02,Delhi,Available,fuel_psu
2026-07-26,2026-07-26T06:00:00.000000,HPCL,petrol,Petrol (95 octane),92.02,Delhi,Available,fuel_psu
2026-07-26,2026-07-26T06:00:00.000000,IOCL,diesel,Diesel,88.87,Delhi,Available,fuel_psu
2026-07-26,2026-07-26T06:00:00.000000,BPCL,diesel,Diesel,88.87,Delhi,Available,fuel_psu
2026-07-26,2026-07-26T06:00:00.000000,HPCL,diesel,Diesel,88.87,Delhi,Available,fuel_psu
2026-07-26,2026-07-26T06:00:00.000000,IOCL,petrol,Petrol (95 octane),100.16,Bengaluru,Available,fuel_psu
2026-07-26,2026-07-26T06:00:00.000000,BPCL,petrol,Petrol (95 octane),100.16,Bengaluru,Available,fuel_psu
2026-07-26,2026-07-26T06:00:00.000000,HPCL,petrol,Petrol (95 octane),100.16,Bengaluru,Available,fuel_psu
2026-07-26,2026-07-26T06:00:00.000000,IOCL,diesel,Diesel,90.19,Bengaluru,Available,fuel_psu
2026-07-26,2026-07-26T06:00:00.000000,BPCL,diesel,Diesel,90.19,Bengaluru,Available,fuel_psu
2026-07-26,2026-07-26T06:00:00.000000,HPCL,diesel,Diesel,90.19,Bengaluru,Available,fuel_psu
2026-07-26,2026-07-26T06:00:00.000000,IOCL,petrol,Petrol (95 octane),98.05,Chennai,Available,fuel_psu
2026-07-26,2026-07-26T06:00:00.000000,BPCL,petrol,Petrol (95 octane),98.05,Chennai,Available,fuel_psu
2026-07-26,2026-07-26T06:00:00.000000,HPCL,petrol,Petrol (95 octane),98.05,Chennai,Available,fuel_psu
2026-07-26,2026-07-26T06:00:00.000000,IOCL,diesel,Diesel,93.59,Chennai,Available,fuel_psu
2026-07-26,2026-07-26T06:00:00.000000,BPCL,diesel,Diesel,93.59,Chennai,Available,fuel_psu
2026-07-26,2026-07-26T06:00:00.000000,HPCL,diesel,Diesel,93.59,Chennai,Available,fuel_psu
2026-07-26,2026-07-26T06:00:00.000000,IOCL,petrol,Petrol (95 octane),101.24,Kolkata,Available,fuel_psu
2026-07-26,2026-07-26T06:00:00.000000,BPCL,petrol,Petrol (95 octane),101.24,Kolkata,Available,fuel_psu
2026-07-26,2026-07-26T06:00:00.000000,HPCL,petrol,Petrol (95 octane),101.24,Kolkata,Available,fuel_psu
2026-07-26,2026-07-26T06:00:00.000000,IOCL,diesel,Diesel,92.01,Kolkata,Available,fuel_psu
2026-07-26,2026-07-26T06:00:00.000000,BPCL,diesel,Diesel,92.01,Kolkata,Available,fuel_psu
2026-07-26,2026-07-26T06:00:00.000000,HPCL,diesel,Diesel,92.01,Kolkata,Available,fuel_psu
2026-07-26,2026-07-26T06:00:00.000000,IOCL,petrol,Petrol (95 octane),104.71,Hyderabad,Available,fuel_psu
2026-07-26,2026-07-26T06:00:00.000000,BPCL,petrol,Petrol (95 octane),104.71,Hyderabad,Available,fuel_psu
2026-07-26,2026-07-26T06:00:00.000000,HPCL,petrol,Petrol (95 octane),104.71,Hyderabad,Available,fuel_psu
2026-07-26,2026-07-26T06:00:00.000000,IOCL,diesel,Diesel,96.9,Hyderabad,Available,fuel_psu
2026-07-26,2026-07-26T06:00:00.000000,BPCL,diesel,Diesel,96.9,Hyderabad,Available,fuel_psu
2026-07-26,2026-07-26T06:00:00.000000,HPCL,diesel,Diesel,96.9,Hyderabad,Available,fuel_psu
2026-07-26,2026-07-26T06:00:00.000000,IOCL,petrol,Petrol (95 octane),101.38,Pune,Available,fuel_psu
2026-07-26,2026-07-26T06:00:00.000000,BPCL,petrol,Petrol (95 octane),101.38,Pune,Available,fuel_psu
2026-07-26,2026-07-26T06:00:00.000000,HPCL,petrol,Petrol (95 octane),101.38,Pune,Available,fuel_psu
2026-07-26,2026-07-26T06:00:00.000000,IOCL,diesel,Diesel,91.86,Pune,Available,fuel_psu
2026-07-26,2026-07-26T06:00:00.000000,BPCL,diesel,Diesel,91.86,Pune,Available,fuel_psu
2026-07-26,2026-07-26T06:00:00.000000,HPCL,diesel,Diesel,91.86,Pune,Available,fuel_psu
2026-07-26,2026-07-26T06:00:00.000000,IOCL,petrol,Petrol (95 octane),91.74,Ahmedabad,Available,fuel_psu
2026-07-26,2026-07-26T06:00:00.000000,BPCL,petrol,Petrol (95 octane),91.74,Ahmedabad,Available,fuel_psu
2026-07-26,2026-07-26T06:00:00.000000,HPCL,petrol,Petrol (95 octane),91.74,Ahmedabad,Available,fuel_psu
2026-07-26,2026-07-26T06:00:00.000000,IOCL,diesel,Diesel,91.36,Ahmedabad,Available,fuel_psu
2026-07-26,2026-07-26T06:00:00.000000,BPCL,diesel,Diesel,91.36,Ahmedabad,Available,fuel_psu
2026-07-26,2026-07-26T06:00:00.000000,HPCL,diesel,Diesel,91.36,Ahmedabad,Available,fuel_psu
2026-07-26,2026-07-26T06:00:00.000000,IOCL,petrol,Petrol (95 octane),102.18,Jaipur,Available,fuel_psu
2026-07-26,2026-07-26T06:00:00.000000,BPCL,petrol,Petrol (95 octane),102.18,Jaipur,Available,fuel_psu
2026-07-26,2026-07-26T06:00:00.000000,HPCL,petrol,Petrol (95 octane),102.18,Jaipur,Available,fuel_psu
2026-07-26,2026-07-26T06:00:00.000000,IOCL,diesel,Diesel,91.61,Jaipur,Available,fuel_psu
2026-07-26,2026-07-26T06:00:00.000000,BPCL,diesel,Diesel,91.61,Jaipur,Available,fuel_psu
2026-07-26,2026-07-26T06:00:00.000000,HPCL,diesel,Diesel,91.61,Jaipur,Available,fuel_psu
2026-07-26,2026-07-26T06:00:00.000000,IOCL,petrol,Petrol (95 octane),91.95,Lucknow,Available,fuel_psu
2026-07-26,2026-07-26T06:00:00.000000,BPCL,petrol,Petrol (95 octane),91.95,Lucknow,Available,fuel_psu
2026-07-26,2026-07-26T06:00:00.000000,HPCL,petrol,Petrol (95 octane),91.95,Lucknow,Available,fuel_psu
2026-07-26,2026-07-26T06:00:00.000000,IOCL,diesel,Diesel,89.01,Lucknow,Available,fuel_psu
2026-07-26,2026-07-26T06:00:00.000000,BPCL,diesel,Diesel,89.01,Lucknow,Available,fuel_psu
2026-07-26,2026-07-26T06:00:00.000000,HPCL,diesel,Diesel,89.01,Lucknow,Available,fuel_psu
2026-07-26,2026-07-26T06:00:00.000000,IOCL,petrol,Petrol (95 octane),91.54,Chandigarh,Available,fuel_psu
2026-07-26,2026-07-26T06:00:00.000000,BPCL,petrol,Petrol (95 octane),91.54,Chandigarh,Available,fuel_psu
2026-07-26,2026-07-26T06:00:00.000000,HPCL,petrol,Petrol (95 octane),91.54,Chandigarh,Available,fuel_psu
2026-07-26,2026-07-26T06:00:00.000000,IOCL,diesel,Diesel,83.65,Chandigarh,Available,fuel_psu
2026-07-26,2026-07-26T06:00:00.000000,BPCL,diesel,Diesel,83.65,Chandigarh,Available,fuel_psu
2026-07-26,2026-07-26T06:00:00.000000,HPCL,diesel,Diesel,83.65,Chandigarh,Available,fuel_psu
2026-07-26,2026-07-26T06:00:00.000000,IOCL,petrol,Petrol (95 octane),91.61,Surat,Available,fuel_psu
2026-07-26,2026-07-26T06:00:00.000000,BPCL,petrol,Petrol (95 octane),91.61,Surat,Available,fuel_psu
2026-07-26,2026-07-26T06:00:00.000000,HPCL,petrol,Petrol (95 octane),91.61,Surat,Available,fuel_psu
2026-07-26,2026-07-26T06:00:00.000000,IOCL,diesel,Diesel,91.23,Surat,Available,fuel_psu
2026-07-26,2026-07-26T06:00:00.000000,BPCL,diesel,Diesel,91.23,Surat,Available,fuel_psu
2026-07-26,2026-07-26T06:00:00.000000,HPCL,diesel,Diesel,91.23,Surat,Available,fuel_psu
2026-07-26,2026-07-26T06:00:00.000000,IOCL,petrol,Petrol (95 octane),102.48,Patna,Available,fuel_psu
2026-07-26,2026-07-26T06:00:00.000000,BPCL,petrol,Petrol (95 octane),102.48,Patna,Available,fuel_psu
2026-07-26,2026-07-26T06:00:00.000000,HPCL,petrol,Petrol (95 octane),102.48,Patna,Available,fuel_psu
2026-07-26,2026-07-26T06:00:00.000000,IOCL,diesel,Diesel,93.29,Patna,Available,fuel_psu
2026-07-26,2026-07-26T06:00:00.000000,BPCL,diesel,Diesel,93.29,Patna,Available,fuel_psu
2026-07-26,2026-07-26T06:00:00.000000,HPCL,diesel,Diesel,93.29,Patna,Available,fuel_psu
2026-07-26,2026-07-26T06:00:00.000000,IOCL,petrol,Petrol (95 octane),91.96,Noida,Available,fuel_psu
2026-07-26,2026-07-26T06:00:00.000000,BPCL,petrol,Petrol (95 octane),91.96,Noida,Available,fuel_psu
2026-07-26,2026-07-26T06:00:00.000000,HPCL,petrol,Petrol (95 octane),91.96,Noida,Available,fuel_psu
2026-07-26,2026-07-26T06:00:00.000000,IOCL,diesel,Diesel,89.0,Noida,Available,fuel_psu
2026-07-26,2026-07-26T06:00:00.000000,BPCL,diesel,Diesel,89.0,Noida,Available,fuel_psu
2026-07-26,2026-07-26T06:00:00.000000,HPCL,diesel,Diesel,89.0,Noida,Available,fuel_psu
2026-07-26,2026-07-26T06:00:00.000000,IOCL,petrol,Petrol (95 octane),92.28,Gurgaon,Available,fuel_psu
2026-07-26,2026-07-26T06:00:00.000000,BPCL,petrol,Petrol (95 octane),92.28,Gurgaon,Available,fuel_psu
2026-07-26,2026-07-26T06:00:00.000000,HPCL,petrol,Petrol (95 octane),92.28,Gurgaon,Available,fuel_psu
2026-07-26,2026-07-26T06:00:00.000000,IOCL,diesel,Diesel,89.1,Gurgaon,Available,fuel_psu
2026-07-26,2026-07-26T06:00:00.000000,BPCL,diesel,Diesel,89.1,Gurgaon,Available,fuel_psu
2026-07-26,2026-07-26T06:00:00.000000,HPCL,diesel,Diesel,89.1,Gurgaon,Available,fuel_psu
2026-07-26,2026-07-26T06:00:00.000000,IOCL,petrol,Petrol (95 octane),103.8,Indore,Available,fuel_psu
2026-07-26,2026-07-26T06:00:00.000000,BPCL,petrol,Petrol (95 octane),103.8,Indore,Available,fuel_psu
2026-07-26,2026-07-26T06:00:00.000000,HPCL,petrol,Petrol (95 octane),103.8,Indore,Available,fuel_psu
2026-07-26,2026-07-26T06:00:00.000000,IOCL,diesel,Diesel,93.14,Indore,Available,fuel_psu
2026-07-26,2026-07-26T06:00:00.000000,BPCL,diesel,Diesel,93.14,Indore,Available,fuel_psu
2026-07-26,2026-07-26T06:00:00.000000,HPCL,diesel,Diesel,93.14,Indore,Available,fuel_psu
2026-07-27,2026-07-27T06:00:00.000000,IOCL,petrol,Petrol (95 octane),101.51,Mumbai,Available,fuel_psu
2026-07-27,2026-07-27T06:00:00.000000,BPCL,petrol,Petrol (95 octane),101.51,Mumbai,Available,fuel_psu
2026-07-27,2026-07-27T06:00:00.000000,HPCL,petrol,Petrol (95 octane),101.51,Mumbai,Available,fuel_psu
2026-07-27,2026-07-27T06:00:00.000000,IOCL,diesel,Diesel,93.4,Mumbai,Available,fuel_psu
2026-07-27,2026-07-27T06:00:00.000000,BPCL,diesel,Diesel,93.4,Mumbai,Available,fuel_psu
2026-07-27,2026-07-27T06:00:00.000000,HPCL,diesel,Diesel,93.4,Mumbai,Available,fuel_psu
2026-07-27,2026-07-27T06:00:00.000000,IOCL,petrol,Petrol (95 octane),92.02,Delhi,Available,fuel_psu
2026-07-27,2026-07-27T06:00:00.000000,BPCL,petrol,Petrol (95 octane),92.02,Delhi,Available,fuel_psu
2026-07-27,2026-07-27T06:00:00.000000,HPCL,petrol,Petrol (95 octane),92.02,Delhi,Available,fuel_psu
2026-07-27,2026-07-27T06:00:00.000000,IOCL,diesel,Diesel,88.87,Delhi,Available,fuel_psu
2026-07-27,2026-07-27T06:00:00.000000,BPCL,diesel,Diesel,88.87,Delhi,Available,fuel_psu
2026-07-27,2026-07-27T06:00:00.000000,HPCL,diesel,Diesel,88.87,Delhi,Available,fuel_psu
2026-07-27,2026-07-27T06:00:00.000000,IOCL,petrol,Petrol (95 octane),100.16,Bengaluru,Available,fuel_psu
2026-07-27,2026-07-27T06:00:00.000000,BPCL,petrol,Petrol (95 octane),100.16,Bengaluru,Available,fuel_psu
2026-07-27,2026-07-27T06:00:00.000000,HPCL,petrol,Petrol (95 octane),100.16,Bengaluru,Available,fuel_psu
2026-07-27,2026-07-27T06:00:00.000000,IOCL,diesel,Diesel,90.19,Bengaluru,Available,fuel_psu
2026-07-27,2026-07-27T06:00:00.000000,BPCL,diesel,Diesel,90.19,Bengaluru,Available,fuel_psu
2026-07-27,2026-07-27T06:00:00.000000,HPCL,diesel,Diesel,90.19,Bengaluru,Available,fuel_psu
2026-07-27,2026-07-27T06:00:00.000000,IOCL,petrol,Petrol (95 octane),98.05,Chennai,Available,fuel_psu
2026-07-27,2026-07-27T06:00:00.000000,BPCL,petrol,Petrol (95 octane),98.05,Chennai,Available,fuel_psu
2026-07-27,2026-07-27T06:00:00.000000,HPCL,petrol,Petrol (95 octane),98.05,Chennai,Available,fuel_psu
2026-07-27,2026-07-27T06:00:00.000000,IOCL,diesel,Diesel,93.59,Chennai,Available,fuel_psu
2026-07-27,2026-07-27T06:00:00.000000,BPCL,diesel,Diesel,93.59,Chennai,Available,fuel_psu
2026-07-27,2026-07-27T06:00:00.000000,HPCL,diesel,Diesel,93.59,Chennai,Available,fuel_psu
2026-07-27,2026-07-27T06:00:00.000000,IOCL,petrol,Petrol (95 octane),101.24,Kolkata,Available,fuel_psu
2026-07-27,2026-07-27T06:00:00.000000,BPCL,petrol,Petrol (95 octane),101.24,Kolkata,Available,fuel_psu
2026-07-27,2026-07-27T06:00:00.000000,HPCL,petrol,Petrol (95 octane),101.24,Kolkata,Available,fuel_psu
2026-07-27,2026-07-27T06:00:00.000000,IOCL,diesel,Diesel,92.01,Kolkata,Available,fuel_psu
2026-07-27,2026-07-27T06:00:00.000000,BPCL,diesel,Diesel,92.01,Kolkata,Available,fuel_psu
2026-07-27,2026-07-27T06:00:00.000000,HPCL,diesel,Diesel,92.01,Kolkata,Available,fuel_psu
2026-07-27,2026-07-27T06:00:00.000000,IOCL,petrol,Petrol (95 octane),104.71,Hyderabad,Available,fuel_psu
2026-07-27,2026-07-27T06:00:00.000000,BPCL,petrol,Petrol (95 octane),104.71,Hyderabad,Available,fuel_psu
2026-07-27,2026-07-27T06:00:00.000000,HPCL,petrol,Petrol (95 octane),104.71,Hyderabad,Available,fuel_psu
2026-07-27,2026-07-27T06:00:00.000000,IOCL,diesel,Diesel,96.9,Hyderabad,Available,fuel_psu
2026-07-27,2026-07-27T06:00:00.000000,BPCL,diesel,Diesel,96.9,Hyderabad,Available,fuel_psu
2026-07-27,2026-07-27T06:00:00.000000,HPCL,diesel,Diesel,96.9,Hyderabad,Available,fuel_psu
2026-07-27,2026-07-27T06:00:00.000000,IOCL,petrol,Petrol (95 octane),101.38,Pune,Available,fuel_psu
2026-07-27,2026-07-27T06:00:00.000000,BPCL,petrol,Petrol (95 octane),101.38,Pune,Available,fuel_psu
2026-07-27,2026-07-27T06:00:00.000000,HPCL,petrol,Petrol (95 octane),101.38,Pune,Available,fuel_psu
2026-07-27,2026-07-27T06:00:00.000000,IOCL,diesel,Diesel,91.86,Pune,Available,fuel_psu
2026-07-27,2026-07-27T06:00:00.000000,BPCL,diesel,Diesel,91.86,Pune,Available,fuel_psu
2026-07-27,2026-07-27T06:00:00.000000,HPCL,diesel,Diesel,91.86,Pune,Available,fuel_psu
2026-07-27,2026-07-27T06:00:00.000000,IOCL,petrol,Petrol (95 octane),91.74,Ahmedabad,Available,fuel_psu
2026-07-27,2026-07-27T06:00:00.000000,BPCL,petrol,Petrol (95 octane),91.74,Ahmedabad,Available,fuel_psu
2026-07-27,2026-07-27T06:00:00.000000,HPCL,petrol,Petrol (95 octane),91.74,Ahmedabad,Available,fuel_psu
2026-07-27,2026-07-27T06:00:00.000000,IOCL,diesel,Diesel,91.36,Ahmedabad,Available,fuel_psu
2026-07-27,2026-07-27T06:00:00.000000,BPCL,diesel,Diesel,91.36,Ahmedabad,Available,fuel_psu
2026-07-27,2026-07-27T06:00:00.000000,HPCL,diesel,Diesel,91.36,Ahmedabad,Available,fuel_psu
2026-07-27,2026-07-27T06:00:00.000000,IOCL,petrol,Petrol (95 octane),102.18,Jaipur,Available,fuel_psu
2026-07-27,2026-07-27T06:00:00.000000,BPCL,petrol,Petrol (95 octane),102.18,Jaipur,Available,fuel_psu
2026-07-27,2026-07-27T06:00:00.000000,HPCL,petrol,Petrol (95 octane),102.18,Jaipur,Available,fuel_psu
2026-07-27,2026-07-27T06:00:00.000000,IOCL,diesel,Diesel,91.61,Jaipur,Available,fuel_psu
2026-07-27,2026-07-27T06:00:00.000000,BPCL,diesel,Diesel,91.61,Jaipur,Available,fuel_psu
2026-07-27,2026-07-27T06:00:00.000000,HPCL,diesel,Diesel,91.61,Jaipur,Available,fuel_psu
2026-07-27,2026-07-27T06:00:00.000000,IOCL,petrol,Petrol (95 octane),91.95,Lucknow,Available,fuel_psu
2026-07-27,2026-07-27T06:00:00.000000,BPCL,petrol,Petrol (95 octane),91.95,Lucknow,Available,fuel_psu
2026-07-27,2026-07-27T06:00:00.000000,HPCL,petrol,Petrol (95 octane),91.95,Lucknow,Available,fuel_psu
2026-07-27,2026-07-27T06:00:00.000000,IOCL,diesel,Diesel,89.01,Lucknow,Available,fuel_psu
2026-07-27,2026-07-27T06:00:00.000000,BPCL,diesel,Diesel,89.01,Lucknow,Available,fuel_psu
2026-07-27,2026-07-27T06:00:00.000000,HPCL,diesel,Diesel,89.01,Lucknow,Available,fuel_psu
2026-07-27,2026-07-27T06:00:00.000000,IOCL,petrol,Petrol (95 octane),91.54,Chandigarh,Available,fuel_psu
2026-07-27,2026-07-27T06:00:00.000000,BPCL,petrol,Petrol (95 octane),91.54,Chandigarh,Available,fuel_psu
2026-07-27,2026-07-27T06:00:00.000000,HPCL,petrol,Petrol (95 octane),91.54,Chandigarh,Available,fuel_psu
2026-07-27,2026-07-27T06:00:00.000000,IOCL,diesel,Diesel,83.65,Chandigarh,Available,fuel_psu
2026-07-27,2026-07-27T06:00:00.000000,BPCL,diesel,Diesel,83.65,Chandigarh,Available,fuel_psu
2026-07-27,2026-07-27T06:00:00.000000,HPCL,diesel,Diesel,83.65,Chandigarh,Available,fuel_psu
2026-07-27,2026-07-27T06:00:00.000000,IOCL,petrol,Petrol (95 octane),91.61,Surat,Available,fuel_psu
2026-07-27,2026-07-27T06:00:00.000000,BPCL,petrol,Petrol (95 octane),91.61,Surat,Available,fuel_psu
2026-07-27,2026-07-27T06:00:00.000000,HPCL,petrol,Petrol (95 octane),91.61,Surat,Available,fuel_psu
2026-07-27,2026-07-27T06:00:00.000000,IOCL,diesel,Diesel,91.23,Surat,Available,fuel_psu
2026-07-27,2026-07-27T06:00:00.000000,BPCL,diesel,Diesel,91.23,Surat,Available,fuel_psu
2026-07-27,2026-07-27T06:00:00.000000,HPCL,diesel,Diesel,91.23,Surat,Available,fuel_psu
2026-07-27,2026-07-27T06:00:00.000000,IOCL,petrol,Petrol (95 octane),102.48,Patna,Available,fuel_psu
2026-07-27,2026-07-27T06:00:00.000000,BPCL,petrol,Petrol (95 octane),102.48,Patna,Available,fuel_psu
2026-07-27,2026-07-27T06:00:00.000000,HPCL,petrol,Petrol (95 octane),102.48,Patna,Available,fuel_psu
2026-07-27,2026-07-27T06:00:00.000000,IOCL,diesel,Diesel,93.29,Patna,Available,fuel_psu
2026-07-27,2026-07-27T06:00:00.000000,BPCL,diesel,Diesel,93.29,Patna,Available,fuel_psu
2026-07-27,2026-07-27T06:00:00.000000,HPCL,diesel,Diesel,93.29,Patna,Available,fuel_psu
2026-07-27,2026-07-27T06:00:00.000000,IOCL,petrol,Petrol (95 octane),91.96,Noida,Available,fuel_psu
2026-07-27,2026-07-27T06:00:00.000000,BPCL,petrol,Petrol (95 octane),91.96,Noida,Available,fuel_psu
2026-07-27,2026-07-27T06:00:00.000000,HPCL,petrol,Petrol (95 octane),91.96,Noida,Available,fuel_psu
2026-07-27,2026-07-27T06:00:00.000000,IOCL,diesel,Diesel,89.0,Noida,Available,fuel_psu
2026-07-27,2026-07-27T06:00:00.000000,BPCL,diesel,Diesel,89.0,Noida,Available,fuel_psu
2026-07-27,2026-07-27T06:00:00.000000,HPCL,diesel,Diesel,89.0,Noida,Available,fuel_psu
2026-07-27,2026-07-27T06:00:00.000000,IOCL,petrol,Petrol (95 octane),92.28,Gurgaon,Available,fuel_psu
2026-07-27,2026-07-27T06:00:00.000000,BPCL,petrol,Petrol (95 octane),92.28,Gurgaon,Available,fuel_psu
2026-07-27,2026-07-27T06:00:00.000000,HPCL,petrol,Petrol (95 octane),92.28,Gurgaon,Available,fuel_psu
2026-07-27,2026-07-27T06:00:00.000000,IOCL,diesel,Diesel,89.1,Gurgaon,Available,fuel_psu
2026-07-27,2026-07-27T06:00:00.000000,BPCL,diesel,Diesel,89.1,Gurgaon,Available,fuel_psu
2026-07-27,2026-07-27T06:00:00.000000,HPCL,diesel,Diesel,89.1,Gurgaon,Available,fuel_psu
2026-07-27,2026-07-27T06:00:00.000000,IOCL,petrol,Petrol (95 octane),103.8,Indore,Available,fuel_psu
2026-07-27,2026-07-27T06:00:00.000000,BPCL,petrol,Petrol (95 octane),103.8,Indore,Available,fuel_psu
2026-07-27,2026-07-27T06:00:00.000000,HPCL,petrol,Petrol (95 octane),103.8,Indore,Available,fuel_psu
2026-07-27,2026-07-27T06:00:00.000000,IOCL,diesel,Diesel,93.14,Indore,Available,fuel_psu
2026-07-27,2026-07-27T06:00:00.000000,BPCL,diesel,Diesel,93.14,Indore,Available,fuel_psu
2026-07-27,2026-07-27T06:00:00.000000,HPCL,diesel,Diesel,93.14,Indore,Available,fuel_psu
2026-07-28,2026-07-28T06:00:00.000000,IOCL,petrol,Petrol (95 octane),100.31,Mumbai,Available,fuel_psu
2026-07-28,2026-07-28T06:00:00.000000,BPCL,petrol,Petrol (95 octane),100.31,Mumbai,Available,fuel_psu
2026-07-28,2026-07-28T06:00:00.000000,HPCL,petrol,Petrol (95 octane),100.31,Mumbai,Available,fuel_psu
2026-07-28,2026-07-28T06:00:00.000000,IOCL,diesel,Diesel,93.1,Mumbai,Available,fuel_psu
2026-07-28,2026-07-28T06:00:00.000000,BPCL,diesel,Diesel,93.1,Mumbai,Available,fuel_psu
2026-07-28,2026-07-28T06:00:00.000000,HPCL,diesel,Diesel,93.1,Mumbai,Available,fuel_psu
2026-07-28,2026-07-28T06:00:00.000000,IOCL,petrol,Petrol (95 octane),90.82,Delhi,Available,fuel_psu
2026-07-28,2026-07-28T06:00:00.000000,BPCL,petrol,Petrol (95 octane),90.82,Delhi,Available,fuel_psu
2026-07-28,2026-07-28T06:00:00.000000,HPCL,petrol,Petrol (95 octane),90.82,Delhi,Available,fuel_psu
2026-07-28,2026-07-28T06:00:00.000000,IOCL,diesel,Diesel,88.57,Delhi,Available,fuel_psu
2026-07-28,2026-07-28T06:00:00.000000,BPCL,diesel,Diesel,88.57,Delhi,Available,fuel_psu
2026-07-28,2026-07-28T06:00:00.000000,HPCL,diesel,Diesel,88.57,Delhi,Available,fuel_psu
2026-07-28,2026-07-28T06:00:00.000000,IOCL,petrol,Petrol (95 octane),98.96,Bengaluru,Available,fuel_psu
2026-07-28,2026-07-28T06:00:00.000000,BPCL,petrol,Petrol (95 octane),98.96,Bengaluru,Available,fuel_psu
2026-07-28,2026-07-28T06:00:00.000000,HPCL,petrol,Petrol (95 octane),98.96,Bengaluru,Available,fuel_psu
2026-07-28,2026-07-28T06:00:00.000000,IOCL,diesel,Diesel,89.89,Bengaluru,Available,fuel_psu
2026-07-28,2026-07-28T06:00:00.000000,BPCL,diesel,Diesel,89.89,Bengaluru,Available,fuel_psu
2026-07-28,2026-07-28T06:00:00.000000,HPCL,diesel,Diesel,89.89,Bengaluru,Available,fuel_psu
2026-07-28,2026-07-28T06:00:00.000000,IOCL,petrol,Petrol (95 octane),96.85,Chennai,Available,fuel_psu
2026-07-28,2026-07-28T06:00:00.000000,BPCL,petrol,Petrol (95 octane),96.85,Chennai,Available,fuel_psu
2026-07-28,2026-07-28T06:00:00.000000,HPCL,petrol,Petrol (95 octane),96.85,Chennai,Available,fuel_psu
2026-07-28,2026-07-28T06:00:00.000000,IOCL,diesel,Diesel,93.29,Chennai,Available,fuel_psu
2026-07-28,2026-07-28T06:00:00.000000,BPCL,diesel,Diesel,93.29,Chennai,Available,fuel_psu
2026-07-28,2026-07-28T06:00:00.000000,HPCL,diesel,Diesel,93.29,Chennai,Available,fuel_psu
2026-07-28,2026-07-28T06:00:00.000000,IOCL,petrol,Petrol (95 octane),100.04,Kolkata,Available,fuel_psu
2026-07-28,2026-07-28T06:00:00.000000,BPCL,petrol,Petrol (95 octane),100.04,Kolkata,Available,fuel_psu
2026-07-28,2026-07-28T06:00:00.000000,HPCL,petrol,Petrol (95 octane),100.04,Kolkata,Available,fuel_psu
2026-07-28,2026-07-28T06:00:00.000000,IOCL,diesel,Diesel,91.71,Kolkata,Available,fuel_psu
2026-07-28,2026-07-28T06:00:00.000000,BPCL,diesel,Diesel,91.71,Kolkata,Available,fuel_psu
2026-07-28,2026-07-28T06:00:00.000000,HPCL,diesel,Diesel,91.71,Kolkata,Available,fuel_psu
2026-07-28,2026-07-28T06:00:00.000000,IOCL,petrol,Petrol (95 octane),103.51,Hyderabad,Available,fuel_psu
2026-07-28,2026-07-28T06:00:00.000000,BPCL,petrol,Petrol (95 octane),103.51,Hyderabad,Available,fuel_psu
2026-07-28,2026-07-28T06:00:00.000000,HPCL,petrol,Petrol (95 octane),103.51,Hyderabad,Available,fuel_psu
2026-07-28,2026-07-28T06:00:00.000000,IOCL,diesel,Diesel,96.6,Hyderabad,Available,fuel_psu
2026-07-28,2026-07-28T06:00:00.000000,BPCL,diesel,Diesel,96.6,Hyderabad,Available,fuel_psu
2026-07-28,2026-07-28T06:00:00.000000,HPCL,diesel,Diesel,96.6,Hyderabad,Available,fuel_psu
2026-07-28,2026-07-28T06:00:00.000000,IOCL,petrol,Petrol (95 octane),100.18,Pune,Available,fuel_psu
2026-07-28,2026-07-28T06:00:00.000000,BPCL,petrol,Petrol (95 octane),100.18,Pune,Available,fuel_psu
2026-07-28,2026-07-28T06:00:00.000000,HPCL,petrol,Petrol (95 octane),100.18,Pune,Available,fuel_psu
2026-07-28,2026-07-28T06:00:00.000000,IOCL,diesel,Diesel,91.56,Pune,Available,fuel_psu
2026-07-28,2026-07-28T06:00:00.000000,BPCL,diesel,Diesel,91.56,Pune,Available,fuel_psu
2026-07-28,2026-07-28T06:00:00.000000,HPCL,diesel,Diesel,91.56,Pune,Available,fuel_psu
2026-07-28,2026-07-28T06:00:00.000000,IOCL,petrol,Petrol (95 octane),90.54,Ahmedabad,Available,fuel_psu
2026-07-28,2026-07-28T06:00:00.000000,BPCL,petrol,Petrol (95 octane),90.54,Ahmedabad,Available,fuel_psu
2026-07-28,2026-07-28T06:00:00.000000,HPCL,petrol,Petrol (95 octane),90.54,Ahmedabad,Available,fuel_psu
2026-07-28,2026-07-28T06:00:00.000000,IOCL,diesel,Diesel,91.06,Ahmedabad,Available,fuel_psu
2026-07-28,2026-07-28T06:00:00.000000,BPCL,diesel,Diesel,91.06,Ahmedabad,Available,fuel_psu
2026-07-28,2026-07-28T06:00:00.000000,HPCL,diesel,Diesel,91.06,Ahmedabad,Available,fuel_psu
2026-07-28,2026-07-28T06:00:00.000000,IOCL,petrol,Petrol (95 octane),100.98,Jaipur,Available,fuel_psu
2026-07-28,2026-07-28T06:00:00.000000,BPCL,petrol,Petrol (95 octane),100.98,Jaipur,Available,fuel_psu
2026-07-28,2026-07-28T06:00:00.000000,HPCL,petrol,Petrol (95 octane),100.98,Jaipur,Available,fuel_psu
2026-07-28,2026-07-28T06:00:00.000000,IOCL,diesel,Diesel,91.31,Jaipur,Available,fuel_psu
2026-07-28,2026-07-28T06:00:00.000000,BPCL,diesel,Diesel,91.31,Jaipur,Available,fuel_psu
2026-07-28,2026-07-28T06:00:00.000000,HPCL,diesel,Diesel,91.31,Jaipur,Available,fuel_psu
2026-07-28,2026-07-28T06:00:00.000000,IOCL,petrol,Petrol (95 octane),90.75,Lucknow,Available,fuel_psu
2026-07-28,2026-07-28T06:00:00.000000,BPCL,petrol,Petrol (95 octane),90.75,Lucknow,Available,fuel_psu
2026-07-28,2026-07-28T06:00:00.000000,HPCL,petrol,Petrol (95 octane),90.75,Lucknow,Available,fuel_psu
2026-07-28,2026-07-28T06:00:00.000000,IOCL,diesel,Diesel,88.71,Lucknow,Available,fuel_psu
2026-07-28,2026-07-28T06:00:00.000000,BPCL,diesel,Diesel,88.71,Lucknow,Available,fuel_psu
2026-07-28,2026-07-28T06:00:00.000000,HPCL,diesel,Diesel,88.71,Lucknow,Available,fuel_psu
2026-07-28,2026-07-28T06:00:00.000000,IOCL,petrol,Petrol (95 octane),90.34,Chandigarh,Available,fuel_psu
2026-07-28,2026-07-28T06:00:00.000000,BPCL,petrol,Petrol (95 octane),90.34,Chandigarh,Available,fuel_psu
2026-07-28,2026-07-28T06:00:00.000000,HPCL,petrol,Petrol (95 octane),90.34,Chandigarh,Available,fuel_psu
2026-07-28,2026-07-28T06:00:00.000000,IOCL,diesel,Diesel,83.35,Chandigarh,Available,fuel_psu
2026-07-28,2026-07-28T06:00:00.000000,BPCL,diesel,Diesel,83.35,Chandigarh,Available,fuel_psu
2026-07-28,2026-07-28T06:00:00.000000,HPCL,diesel,Diesel,83.35,Chandigarh,Available,fuel_psu
2026-07-28,2026-07-28T06:00:00.000000,IOCL,petrol,Petrol (95 octane),90.41,Surat,Available,fuel_psu
2026-07-28,2026-07-28T06:00:00.000000,BPCL,petrol,Petrol (95 octane),90.41,Surat,Available,fuel_psu
2026-07-28,2026-07-28T06:00:00.000000,HPCL,petrol,Petrol (95 octane),90.41,Surat,Available,fuel_psu
2026-07-28,2026-07-28T06:00:00.000000,IOCL,diesel,Diesel,90.93,Surat,Available,fuel_psu
2026-07-28,2026-07-28T06:00:00.000000,BPCL,diesel,Diesel,90.93,Surat,Available,fuel_psu
2026-07-28,2026-07-28T06:00:00.000000,HPCL,diesel,Diesel,90.93,Surat,Available,fuel_psu
2026-07-28,2026-07-28T06:00:00.000000,IOCL,petrol,Petrol (95 octane),101.28,Patna,Available,fuel_psu
2026-07-28,2026-07-28T06:00:00.000000,BPCL,petrol,Petrol (95 octane),101.28,Patna,Available,fuel_psu
2026-07-28,2026-07-28T06:00:00.000000,HPCL,petrol,Petrol (95 octane),101.28,Patna,Available,fuel_psu
2026-07-28,2026-07-28T06:00:00.000000,IOCL,diesel,Diesel,92.99,Patna,Available,fuel_psu
2026-07-28,2026-07-28T06:00:00.000000,BPCL,diesel,Diesel,92.99,Patna,Available,fuel_psu
2026-07-28,2026-07-28T06:00:00.000000,HPCL,diesel,Diesel,92.99,Patna,Available,fuel_psu
2026-07-28,2026-07-28T06:00:00.000000,IOCL,petrol,Petrol (95 octane),90.76,Noida,Available,fuel_psu
2026-07-28,2026-07-28T06:00:00.000000,BPCL,petrol,Petrol (95 octane),90.76,Noida,Available,fuel_psu
2026-07-28,2026-07-28T06:00:00.000000,HPCL,petrol,Petrol (95 octane),90.76,Noida,Available,fuel_psu
2026-07-28,2026-07-28T06:00:00.000000,IOCL,diesel,Diesel,88.7,Noida,Available,fuel_psu
2026-07-28,2026-07-28T06:00:00.000000,BPCL,diesel,Diesel,88.7,Noida,Available,fuel_psu
2026-07-28,2026-07-28T06:00:00.000000,HPCL,diesel,Diesel,88.7,Noida,Available,fuel_psu
2026-07-28,2026-07-28T06:00:00.000000,IOCL,petrol,Petrol (95 octane),91.08,Gurgaon,Available,fuel_psu
2026-07-28,2026-07-28T06:00:00.000000,BPCL,petrol,Petrol (95 octane),91.08,Gurgaon,Available,fuel_psu
2026-07-28,2026-07-28T06:00:00.000000,HPCL,petrol,Petrol (95 octane),91.08,Gurgaon,Available,fuel_psu
2026-07-28,2026-07-28T06:00:00.000000,IOCL,diesel,Diesel,88.8,Gurgaon,Available,fuel_psu
2026-07-28,2026-07-28T06:00:00.000000,BPCL,diesel,Diesel,88.8,Gurgaon,Available,fuel_psu
2026-07-28,2026-07-28T06:00:00.000000,HPCL,diesel,Diesel,88.8,Gurgaon,Available,fuel_psu
2026-07-28,2026-07-28T06:00:00.000000,IOCL,petrol,Petrol (95 octane),102.6,Indore,Available,fuel_psu
2026-07-28,2026-07-28T06:00:00.000000,BPCL,petrol,Petrol (95 octane),102.6,Indore,Available,fuel_psu
2026-07-28,2026-07-28T06:00:00.000000,HPCL,petrol,Petrol (95 octane),102.6,Indore,Available,fuel_psu
2026-07-28,2026-07-28T06:00:00.000000,IOCL,diesel,Diesel,92.84,Indore,Available,fuel_psu
2026-07-28,2026-07-28T06:00:00.000000,BPCL,diesel,Diesel,92.84,Indore,Available,fuel_psu
2026-07-28,2026-07-28T06:00:00.000000,HPCL,diesel,Diesel,92.84,Indore,Available,fuel_psu
2026-07-29,2026-07-29T06:00:00.000000,IOCL,petrol,Petrol (95 octane),100.31,Mumbai,Available,fuel_psu
2026-07-29,2026-07-29T06:00:00.000000,BPCL,petrol,Petrol (95 octane),100.31,Mumbai,Available,fuel_psu
2026-07-29,2026-07-29T06:00:00.000000,HPCL,petrol,Petrol (95 octane),100.31,Mumbai,Available,fuel_psu
2026-07-29,2026-07-29T06:00:00.000000,IOCL,diesel,Diesel,93.1,Mumbai,Available,fuel_psu
2026-07-29,2026-07-29T06:00:00.000000,BPCL,diesel,Diesel,93.1,Mumbai,Available,fuel_psu
2026-07-29,2026-07-29T06:00:00.000000,HPCL,diesel,Diesel,93.1,Mumbai,Available,fuel_psu
2026-07-29,2026-07-29T06:00:00.000000,IOCL,petrol,Petrol (95 octane),90.82,Delhi,Available,fuel_psu
2026-07-29,2026-07-29T06:00:00.000000,BPCL,petrol,Petrol (95 octane),90.82,Delhi,Available,fuel_psu
2026-07-29,2026-07-29T06:00:00.000000,HPCL,petrol,Petrol (95 octane),90.82,Delhi,Available,fuel_psu
2026-07-29,2026-07-29T06:00:00.000000,IOCL,diesel,Diesel,88.57,Delhi,Available,fuel_psu
2026-07-29,2026-07-29T06:00:00.000000,BPCL,diesel,Diesel,88.57,Delhi,Available,fuel_psu
2026-07-29,2026-07-29T06:00:00.000000,HPCL,diesel,Diesel,88.57,Delhi,Available,fuel_psu
2026-07-29,2026-07-29T06:00:00.000000,IOCL,petrol,Petrol (95 octane),98.96,Bengaluru,Available,fuel_psu
2026-07-29,2026-07-29T06:00:00.000000,BPCL,petrol,Petrol (95 octane),98.96,Bengaluru,Available,fuel_psu
2026-07-29,2026-07-29T06:00:00.000000,HPCL,petrol,Petrol (95 octane),98.96,Bengaluru,Available,fuel_psu
2026-07-29,2026-07-29T06:00:00.000000,IOCL,diesel,Diesel,89.89,Bengaluru,Available,fuel_psu
2026-07-29,2026-07-29T06:00:00.000000,BPCL,diesel,Diesel,89.89,Bengaluru,Available,fuel_psu
2026-07-29,2026-07-29T06:00:00.000000,HPCL,diesel,Diesel,89.89,Bengaluru,Available,fuel_psu
2026-07-29,2026-07-29T06:00:00.000000,IOCL,petrol,Petrol (95 octane),96.85,Chennai,Available,fuel_psu
2026-07-29,2026-07-29T06:00:00.000000,BPCL,petrol,Petrol (95 octane),96.85,Chennai,Available,fuel_psu
2026-07-29,2026-07-29T06:00:00.000000,HPCL,petrol,Petrol (95 octane),96.85,Chennai,Available,fuel_psu
2026-07-29,2026-07-29T06:00:00.000000,IOCL,diesel,Diesel,93.29,Chennai,Available,fuel_psu
2026-07-29,2026-07-29T06:00:00.000000,BPCL,diesel,Diesel,93.29,Chennai,Available,fuel_psu
2026-07-29,2026-07-29T06:00:00.000000,HPCL,diesel,Diesel,93.29,Chennai,Available,fuel_psu
2026-07-29,2026-07-29T06:00:00.000000,IOCL,petrol,Petrol (95 octane),100.04,Kolkata,Available,fuel_psu
2026-07-29,2026-07-29T06:00:00.000000,BPCL,petrol,Petrol (95 octane),100.04,Kolkata,Available,fuel_psu
2026-07-29,2026-07-29T06:00:00.000000,HPCL,petrol,Petrol (95 octane),100.04,Kolkata,Available,fuel_psu
2026-07-29,2026-07-29T06:00:00.000000,IOCL,diesel,Diesel,91.71,Kolkata,Available,fuel_psu
2026-07-29,2026-07-29T06:00:00.000000,BPCL,diesel,Diesel,91.71,Kolkata,Available,fuel_psu
2026-07-29,2026-07-29T06:00:00.000000,HPCL,diesel,Diesel,91.71,Kolkata,Available,fuel_psu
2026-07-29,2026-07-29T06:00:00.000000,IOCL,petrol,Petrol (95 octane),103.51,Hyderabad,Available,fuel_psu
2026-07-29,2026-07-29T06:00:00.000000,BPCL,petrol,Petrol (95 octane),103.51,Hyderabad,Available,fuel_psu
2026-07-29,2026-07-29T06:00:00.000000,HPCL,petrol,Petrol (95 octane),103.51,Hyderabad,Available,fuel_psu
2026-07-29,2026-07-29T06:00:00.000000,IOCL,diesel,Diesel,96.6,Hyderabad,Available,fuel_psu
2026-07-29,2026-07-29T06:00:00.000000,BPCL,diesel,Diesel,96.6,Hyderabad,Available,fuel_psu
2026-07-29,2026-07-29T06:00:00.000000,HPCL,diesel,Diesel,96.6,Hyderabad,Available,fuel_psu
2026-07-29,2026-07-29T06:00:00.000000,IOCL,petrol,Petrol (95 octane),100.18,Pune,Available,fuel_psu
2026-07-29,2026-07-29T06:00:00.000000,BPCL,petrol,Petrol (95 octane),100.18,Pune,Available,fuel_psu
2026-07-29,2026-07-29T06:00:00.000000,HPCL,petrol,Petrol (95 octane),100.18,Pune,Available,fuel_psu
2026-07-29,2026-07-29T06:00:00.000000,IOCL,diesel,Diesel,91.56,Pune,Available,fuel_psu
2026-07-29,2026-07-29T06:00:00.000000,BPCL,diesel,Diesel,91.56,Pune,Available,fuel_psu
2026-07-29,2026-07-29T06:00:00.000000,HPCL,diesel,Diesel,91.56,Pune,Available,fuel_psu
2026-07-29,2026-07-29T06:00:00.000000,IOCL,petrol,Petrol (95 octane),90.54,Ahmedabad,Available,fuel_psu
2026-07-29,2026-07-29T06:00:00.000000,BPCL,petrol,Petrol (95 octane),90.54,Ahmedabad,Available,fuel_psu
2026-07-29,2026-07-29T06:00:00.000000,HPCL,petrol,Petrol (95 octane),90.54,Ahmedabad,Available,fuel_psu
2026-07-29,2026-07-29T06:00:00.000000,IOCL,diesel,Diesel,91.06,Ahmedabad,Available,fuel_psu
2026-07-29,2026-07-29T06:00:00.000000,BPCL,diesel,Diesel,91.06,Ahmedabad,Available,fuel_psu
2026-07-29,2026-07-29T06:00:00.000000,HPCL,diesel,Diesel,91.06,Ahmedabad,Available,fuel_psu
2026-07-29,2026-07-29T06:00:00.000000,IOCL,petrol,Petrol (95 octane),100.98,Jaipur,Available,fuel_psu
2026-07-29,2026-07-29T06:00:00.000000,BPCL,petrol,Petrol (95 octane),100.98,Jaipur,Available,fuel_psu
2026-07-29,2026-07-29T06:00:00.000000,HPCL,petrol,Petrol (95 octane),100.98,Jaipur,Available,fuel_psu
2026-07-29,2026-07-29T06:00:00.000000,IOCL,diesel,Diesel,91.31,Jaipur,Available,fuel_psu
2026-07-29,2026-07-29T06:00:00.000000,BPCL,diesel,Diesel,91.31,Jaipur,Available,fuel_psu
2026-07-29,2026-07-29T06:00:00.000000,HPCL,diesel,Diesel,91.31,Jaipur,Available,fuel_psu
2026-07-29,2026-07-29T06:00:00.000000,IOCL,petrol,Petrol (95 octane),90.75,Lucknow,Available,fuel_psu
2026-07-29,2026-07-29T06:00:00.000000,BPCL,petrol,Petrol (95 octane),90.75,Lucknow,Available,fuel_psu
2026-07-29,2026-07-29T06:00:00.000000,HPCL,petrol,Petrol (95 octane),90.75,Lucknow,Available,fuel_psu
2026-07-29,2026-07-29T06:00:00.000000,IOCL,diesel,Diesel,88.71,Lucknow,Available,fuel_psu
2026-07-29,2026-07-29T06:00:00.000000,BPCL,diesel,Diesel,88.71,Lucknow,Available,fuel_psu
2026-07-29,2026-07-29T06:00:00.000000,HPCL,diesel,Diesel,88.71,Lucknow,Available,fuel_psu
2026-07-29,2026-07-29T06:00:00.000000,IOCL,petrol,Petrol (95 octane),90.34,Chandigarh,Available,fuel_psu
2026-07-29,2026-07-29T06:00:00.000000,BPCL,petrol,Petrol (95 octane),90.34,Chandigarh,Available,fuel_psu
2026-07-29,2026-07-29T06:00:00.000000,HPCL,petrol,Petrol (95 octane),90.34,Chandigarh,Available,fuel_psu
2026-07-29,2026-07-29T06:00:00.000000,IOCL,diesel,Diesel,83.35,Chandigarh,Available,fuel_psu
2026-07-29,2026-07-29T06:00:00.000000,BPCL,diesel,Diesel,83.35,Chandigarh,Available,fuel_psu
2026-07-29,2026-07-29T06:00:00.000000,HPCL,diesel,Diesel,83.35,Chandigarh,Available,fuel_psu
2026-07-29,2026-07-29T06:00:00.000000,IOCL,petrol,Petrol (95 octane),90.41,Surat,Available,fuel_psu
2026-07-29,2026-07-29T06:00:00.000000,BPCL,petrol,Petrol (95 octane),90.41,Surat,Available,fuel_psu
2026-07-29,2026-07-29T06:00:00.000000,HPCL,petrol,Petrol (95 octane),90.41,Surat,Available,fuel_psu
2026-07-29,2026-07-29T06:00:00.000000,IOCL,diesel,Diesel,90.93,Surat,Available,fuel_psu
2026-07-29,2026-07-29T06:00:00.000000,BPCL,diesel,Diesel,90.93,Surat,Available,fuel_psu
2026-07-29,2026-07-29T06:00:00.000000,HPCL,diesel,Diesel,90.93,Surat,Available,fuel_psu
2026-07-29,2026-07-29T06:00:00.000000,IOCL,petrol,Petrol (95 octane),101.28,Patna,Available,fuel_psu
2026-07-29,2026-07-29T06:00:00.000000,BPCL,petrol,Petrol (95 octane),101.28,Patna,Available,fuel_psu
2026-07-29,2026-07-29T06:00:00.000000,HPCL,petrol,Petrol (95 octane),101.28,Patna,Available,fuel_psu
2026-07-29,2026-07-29T06:00:00.000000,IOCL,diesel,Diesel,92.99,Patna,Available,fuel_psu
2026-07-29,2026-07-29T06:00:00.000000,BPCL,diesel,Diesel,92.99,Patna,Available,fuel_psu
2026-07-29,2026-07-29T06:00:00.000000,HPCL,diesel,Diesel,92.99,Patna,Available,fuel_psu
2026-07-29,2026-07-29T06:00:00.000000,IOCL,petrol,Petrol (95 octane),90.76,Noida,Available,fuel_psu
2026-07-29,2026-07-29T06:00:00.000000,BPCL,petrol,Petrol (95 octane),90.76,Noida,Available,fuel_psu
2026-07-29,2026-07-29T06:00:00.000000,HPCL,petrol,Petrol (95 octane),90.76,Noida,Available,fuel_psu
2026-07-29,2026-07-29T06:00:00.000000,IOCL,diesel,Diesel,88.7,Noida,Available,fuel_psu
2026-07-29,2026-07-29T06:00:00.000000,BPCL,diesel,Diesel,88.7,Noida,Available,fuel_psu
2026-07-29,2026-07-29T06:00:00.000000,HPCL,diesel,Diesel,88.7,Noida,Available,fuel_psu
2026-07-29,2026-07-29T06:00:00.000000,IOCL,petrol,Petrol (95 octane),91.08,Gurgaon,Available,fuel_psu
2026-07-29,2026-07-29T06:00:00.000000,BPCL,petrol,Petrol (95 octane),91.08,Gurgaon,Available,fuel_psu
2026-07-29,2026-07-29T06:00:00.000000,HPCL,petrol,Petrol (95 octane),91.08,Gurgaon,Available,fuel_psu
2026-07-29,2026-07-29T06:00:00.000000,IOCL,diesel,Diesel,88.8,Gurgaon,Available,fuel_psu
2026-07-29,2026-07-29T06:00:00.000000,BPCL,diesel,Diesel,88.8,Gurgaon,Available,fuel_psu
2026-07-29,2026-07-29T06:00:00.000000,HPCL,diesel,Diesel,88.8,Gurgaon,Available,fuel_psu
2026-07-29,2026-07-29T06:00:00.000000,IOCL,petrol,Petrol (95 octane),102.6,Indore,Available,fuel_psu
2026-07-29,2026-07-29T06:00:00.000000,BPCL,petrol,Petrol (95 octane),102.6,Indore,Available,fuel_psu
2026-07-29,2026-07-29T06:00:00.000000,HPCL,petrol,Petrol (95 octane),102.6,Indore,Available,fuel_psu
2026-07-29,2026-07-29T06:00:00.000000,IOCL,diesel,Diesel,92.84,Indore,Available,fuel_psu
2026-07-29,2026-07-29T06:00:00.000000,BPCL,diesel,Diesel,92.84,Indore,Available,fuel_psu
2026-07-29,2026-07-29T06:00:00.000000,HPCL,diesel,Diesel,92.84,Indore,Available,fuel_psu
2026-07-30,2026-07-30T06:00:00.000000,IOCL,petrol,Petrol (95 octane),101.06,Mumbai,Available,fuel_psu
2026-07-30,2026-07-30T06:00:00.000000,BPCL,petrol,Petrol (95 octane),101.06,Mumbai,Available,fuel_psu
2026-07-30,2026-07-30T06:00:00.000000,HPCL,petrol,Petrol (95 octane),101.06,Mumbai,Available,fuel_psu
2026-07-30,2026-07-30T06:00:00.000000,IOCL,diesel,Diesel,94.0,Mumbai,Available,fuel_psu
2026-07-30,2026-07-30T06:00:00.000000,BPCL,diesel,Diesel,94.0,Mumbai,Available,fuel_psu
2026-07-30,2026-07-30T06:00:00.000000,HPCL,diesel,Diesel,94.0,Mumbai,Available,fuel_psu
2026-07-30,2026-07-30T06:00:00.000000,IOCL,petrol,Petrol (95 octane),91.57,Delhi,Available,fuel_psu
2026-07-30,2026-07-30T06:00:00.000000,BPCL,petrol,Petrol (95 octane),91.57,Delhi,Available,fuel_psu
2026-07-30,2026-07-30T06:00:00.000000,HPCL,petrol,Petrol (95 octane),91.57,Delhi,Available,fuel_psu
2026-07-30,2026-07-30T06:00:00.000000,IOCL,diesel,Diesel,89.47,Delhi,Available,fuel_psu
2026-07-30,2026-07-30T06:00:00.000000,BPCL,diesel,Diesel,89.47,Delhi,Available,fuel_psu
2026-07-30,2026-07-30T06:00:00.000000,HPCL,diesel,Diesel,89.47,Delhi,Available,fuel_psu
2026-07-30,2026-07-30T06:00:00.000000,IOCL,petrol,Petrol (95 octane),99.71,Bengaluru,Available,fuel_psu
2026-07-30,2026-07-30T06:00:00.000000,BPCL,petrol,Petrol (95 octane),99.71,Bengaluru,Available,fuel_psu
2026-07-30,2026-07-30T06:00:00.000000,HPCL,petrol,Petrol (95 octane),99.71,Bengaluru,Available,fuel_psu
2026-07-30,2026-07-30T06:00:00.000000,IOCL,diesel,Diesel,90.79,Bengaluru,Available,fuel_psu
2026-07-30,2026-07-30T06:00:00.000000,BPCL,diesel,Diesel,90.79,Bengaluru,Available,fuel_psu
2026-07-30,2026-07-30T06:00:00.000000,HPCL,diesel,Diesel,90.79,Bengaluru,Available,fuel_psu
2026-07-30,2026-07-30T06:00:00.000000,IOCL,petrol,Petrol (95 octane),97.6,Chennai,Available,fuel_psu
2026-07-30,2026-07-30T06:00:00.000000,BPCL,petrol,Petrol (95 octane),97.6,Chennai,Available,fuel_psu
2026-07-30,2026-07-30T06:00:00.000000,HPCL,petrol,Petrol (95 octane),97.6,Chennai,Available,fuel_psu
2026-07-30,2026-07-30T06:00:00.000000,IOCL,diesel,Diesel,94.19,Chennai,Available,fuel_psu
2026-07-30,2026-07-30T06:00:00.000000,BPCL,diesel,Diesel,94.19,Chennai,Available,fuel_psu
2026-07-30,2026-07-30T06:00:00.000000,HPCL,diesel,Diesel,94.19,Chennai,Available,fuel_psu
2026-07-30,2026-07-30T06:00:00.000000,IOCL,petrol,Petrol (95 octane),100.79,Kolkata,Available,fuel_psu
2026-07-30,2026-07-30T06:00:00.000000,BPCL,petrol,Petrol (95 octane),100.79,Kolkata,Available,fuel_psu
2026-07-30,2026-07-30T06:00:00.000000,HPCL,petrol,Petrol (95 octane),100.79,Kolkata,Available,fuel_psu
2026-07-30,2026-07-30T06:00:00.000000,IOCL,diesel,Diesel,92.61,Kolkata,Available,fuel_psu
2026-07-30,2026-07-30T06:00:00.000000,BPCL,diesel,Diesel,92.61,Kolkata,Available,fuel_psu
2026-07-30,2026-07-30T06:00:00.000000,HPCL,diesel,Diesel,92.61,Kolkata,Available,fuel_psu
2026-07-30,2026-07-30T06:00:00.000000,IOCL,petrol,Petrol (95 octane),104.26,Hyderabad,Available,fuel_psu
2026-07-30,2026-07-30T06:00:00.000000,BPCL,petrol,Petrol (95 octane),104.26,Hyderabad,Available,fuel_psu
2026-07-30,2026-07-30T06:00:00.000000,HPCL,petrol,Petrol (95 octane),104.26,Hyderabad,Available,fuel_psu
2026-07-30,2026-07-30T06:00:00.000000,IOCL,diesel,Diesel,97.5,Hyderabad,Available,fuel_psu
2026-07-30,2026-07-30T06:00:00.000000,BPCL,diesel,Diesel,97.5,Hyderabad,Available,fuel_psu
2026-07-30,2026-07-30T06:00:00.000000,HPCL,diesel,Diesel,97.5,Hyderabad,Available,fuel_psu
2026-07-30,2026-07-30T06:00:00.000000,IOCL,petrol,Petrol (95 octane),100.93,Pune,Available,fuel_psu
2026-07-30,2026-07-30T06:00:00.000000,BPCL,petrol,Petrol (95 octane),100.93,Pune,Available,fuel_psu
2026-07-30,2026-07-30T06:00:00.000000,HPCL,petrol,Petrol (95 octane),100.93,Pune,Available,fuel_psu
2026-07-30,2026-07-30T06:00:00.000000,IOCL,diesel,Diesel,92.46,Pune,Available,fuel_psu
2026-07-30,2026-07-30T06:00:00.000000,BPCL,diesel,Diesel,92.46,Pune,Available,fuel_psu
2026-07-30,2026-07-30T06:00:00.000000,HPCL,diesel,Diesel,92.46,Pune,Available,fuel_psu
2026-07-30,2026-07-30T06:00:00.000000,IOCL,petrol,Petrol (95 octane),91.29,Ahmedabad,Available,fuel_psu
2026-07-30,2026-07-30T06:00:00.000000,BPCL,petrol,Petrol (95 octane),91.29,Ahmedabad,Available,fuel_psu
2026-07-30,2026-07-30T06:00:00.000000,HPCL,petrol,Petrol (95 octane),91.29,Ahmedabad,Available,fuel_psu
2026-07-30,2026-07-30T06:00:00.000000,IOCL,diesel,Diesel,91.96,Ahmedabad,Available,fuel_psu
2026-07-30,2026-07-30T06:00:00.000000,BPCL,diesel,Diesel,91.96,Ahmedabad,Available,fuel_psu
2026-07-30,2026-07-30T06:00:00.000000,HPCL,diesel,Diesel,91.96,Ahmedabad,Available,fuel_psu
2026-07-30,2026-07-30T06:00:00.000000,IOCL,petrol,Petrol (95 octane),101.73,Jaipur,Available,fuel_psu
2026-07-30,2026-07-30T06:00:00.000000,BPCL,petrol,Petrol (95 octane),101.73,Jaipur,Available,fuel_psu
2026-07-30,2026-07-30T06:00:00.000000,HPCL,petrol,Petrol (95 octane),101.73,Jaipur,Available,fuel_psu
2026-07-30,2026-07-30T06:00:00.000000,IOCL,diesel,Diesel,92.21,Jaipur,Available,fuel_psu
2026-07-30,2026-07-30T06:00:00.000000,BPCL,diesel,Diesel,92.21,Jaipur,Available,fuel_psu
2026-07-30,2026-07-30T06:00:00.000000,HPCL,diesel,Diesel,92.21,Jaipur,Available,fuel_psu
2026-07-30,2026-07-30T06:00:00.000000,IOCL,petrol,Petrol (95 octane),91.5,Lucknow,Available,fuel_psu
2026-07-30,2026-07-30T06:00:00.000000,BPCL,petrol,Petrol (95 octane),91.5,Lucknow,Available,fuel_psu
2026-07-30,2026-07-30T06:00:00.000000,HPCL,petrol,Petrol (95 octane),91.5,Lucknow,Available,fuel_psu
2026-07-30,2026-07-30T06:00:00.000000,IOCL,diesel,Diesel,89.61,Lucknow,Available,fuel_psu
2026-07-30,2026-07-30T06:00:00.000000,BPCL,diesel,Diesel,89.61,Lucknow,Available,fuel_psu
2026-07-30,2026-07-30T06:00:00.000000,HPCL,diesel,Diesel,89.61,Lucknow,Available,fuel_psu
2026-07-30,2026-07-30T06:00:00.000000,IOCL,petrol,Petrol (95 octane),91.09,Chandigarh,Available,fuel_psu
2026-07-30,2026-07-30T06:00:00.000000,BPCL,petrol,Petrol (95 octane),91.09,Chandigarh,Available,fuel_psu
2026-07-30,2026-07-30T06:00:00.000000,HPCL,petrol,Petrol (95 octane),91.09,Chandigarh,Available,fuel_psu
2026-07-30,2026-07-30T06:00:00.000000,IOCL,diesel,Diesel,84.25,Chandigarh,Available,fuel_psu
2026-07-30,2026-07-30T06:00:00.000000,BPCL,diesel,Diesel,84.25,Chandigarh,Available,fuel_psu
2026-07-30,2026-07-30T06:00:00.000000,HPCL,diesel,Diesel,84.25,Chandigarh,Available,fuel_psu
2026-07-30,2026-07-30T06:00:00.000000,IOCL,petrol,Petrol (95 octane),91.16,Surat,Available,fuel_psu
2026-07-30,2026-07-30T06:00:00.000000,BPCL,petrol,Petrol (95 octane),91.16,Surat,Available,fuel_psu
2026-07-30,2026-07-30T06:00:00.000000,HPCL,petrol,Petrol (95 octane),91.16,Surat,Available,fuel_psu
2026-07-30,2026-07-30T06:00:00.000000,IOCL,diesel,Diesel,91.83,Surat,Available,fuel_psu
2026-07-30,2026-07-30T06:00:00.000000,BPCL,diesel,Diesel,91.83,Surat,Available,fuel_psu
2026-07-30,2026-07-30T06:00:00.000000,HPCL,diesel,Diesel,91.83,Surat,Available,fuel_psu
2026-07-30,2026-07-30T06:00:00.000000,IOCL,petrol,Petrol (95 octane),102.03,Patna,Available,fuel_psu
2026-07-30,2026-07-30T06:00:00.000000,BPCL,petrol,Petrol (95 octane),102.03,Patna,Available,fuel_psu
2026-07-30,2026-07-30T06:00:00.000000,HPCL,petrol,Petrol (95 octane),102.03,Patna,Available,fuel_psu
2026-07-30,2026-07-30T06:00:00.000000,IOCL,diesel,Diesel,93.89,Patna,Available,fuel_psu
2026-07-30,2026-07-30T06:00:00.000000,BPCL,diesel,Diesel,93.89,Patna,Available,fuel_psu
2026-07-30,2026-07-30T06:00:00.000000,HPCL,diesel,Diesel,93.89,Patna,Available,fuel_psu
2026-07-30,2026-07-30T06:00:00.000000,IOCL,petrol,Petrol (95 octane),91.51,Noida,Available,fuel_psu
2026-07-30,2026-07-30T06:00:00.000000,BPCL,petrol,Petrol (95 octane),91.51,Noida,Available,fuel_psu
2026-07-30,2026-07-30T06:00:00.000000,HPCL,petrol,Petrol (95 octane),91.51,Noida,Available,fuel_psu
2026-07-30,2026-07-30T06:00:00.000000,IOCL,diesel,Diesel,89.6,Noida,Available,fuel_psu
2026-07-30,2026-07-30T06:00:00.000000,BPCL,diesel,Diesel,89.6,Noida,Available,fuel_psu
2026-07-30,2026-07-30T06:00:00.000000,HPCL,diesel,Diesel,89.6,Noida,Available,fuel_psu
2026-07-30,2026-07-30T06:00:00.000000,IOCL,petrol,Petrol (95 octane),91.83,Gurgaon,Available,fuel_psu
2026-07-30,2026-07-30T06:00:00.000000,BPCL,petrol,Petrol (95 octane),91.83,Gurgaon,Available,fuel_psu
2026-07-30,2026-07-30T06:00:00.000000,HPCL,petrol,Petrol (95 octane),91.83,Gurgaon,Available,fuel_psu
2026-07-30,2026-07-30T06:00:00.000000,IOCL,diesel,Diesel,89.7,Gurgaon,Available,fuel_psu
2026-07-30,2026-07-30T06:00:00.000000,BPCL,diesel,Diesel,89.7,Gurgaon,Available,fuel_psu
2026-07-30,2026-07-30T06:00:00.000000,HPCL,diesel,Diesel,89.7,Gurgaon,Available,fuel_psu
2026-07-30,2026-07-30T06:00:00.000000,IOCL,petrol,Petrol (95 octane),103.35,Indore,Available,fuel_psu
2026-07-30,2026-07-30T06:00:00.000000,BPCL,petrol,Petrol (95 octane),103.35,Indore,Available,fuel_psu
2026-07-30,2026-07-30T06:00:00.000000,HPCL,petrol,Petrol (95 octane),103.35,Indore,Available,fuel_psu
2026-07-30,2026-07-30T06:00:00.000000,IOCL,diesel,Diesel,93.74,Indore,Available,fuel_psu
2026-07-30,2026-07-30T06:00:00.000000,BPCL,diesel,Diesel,93.74,Indore,Available,fuel_psu
2026-07-30,2026-07-30T06:00:00.000000,HPCL,diesel,Diesel,93.74,Indore,Available,fuel_psu
2026-07-31,2026-07-31T06:00:00.000000,IOCL,petrol,Petrol (95 octane),101.06,Mumbai,Available,fuel_psu
2026-07-31,2026-07-31T06:00:00.000000,BPCL,petrol,Petrol (95 octane),101.06,Mumbai,Available,fuel_psu
2026-07-31,2026-07-31T06:00:00.000000,HPCL,petrol,Petrol (95 octane),101.06,Mumbai,Available,fuel_psu
2026-07-31,2026-07-31T06:00:00.000000,IOCL,diesel,Diesel,94.0,Mumbai,Available,fuel_psu
2026-07-31,2026-07-31T06:00:00.000000,BPCL,diesel,Diesel,94.0,Mumbai,Available,fuel_psu
2026-07-31,2026-07-31T06:00:00.000000,HPCL,diesel,Diesel,94.0,Mumbai,Available,fuel_psu
2026-07-31,2026-07-31T06:00:00.000000,IOCL,petrol,Petrol (95 octane),91.57,Delhi,Available,fuel_psu
2026-07-31,2026-07-31T06:00:00.000000,BPCL,petrol,Petrol (95 octane),91.57,Delhi,Available,fuel_psu
2026-07-31,2026-07-31T06:00:00.000000,HPCL,petrol,Petrol (95 octane),91.57,Delhi,Available,fuel_psu
2026-07-31,2026-07-31T06:00:00.000000,IOCL,diesel,Diesel,89.47,Delhi,Available,fuel_psu
2026-07-31,2026-07-31T06:00:00.000000,BPCL,diesel,Diesel,89.47,Delhi,Available,fuel_psu
2026-07-31,2026-07-31T06:00:00.000000,HPCL,diesel,Diesel,89.47,Delhi,Available,fuel_psu
2026-07-31,2026-07-31T06:00:00.000000,IOCL,petrol,Petrol (95 octane),99.71,Bengaluru,Available,fuel_psu
2026-07-31,2026-07-31T06:00:00.000000,BPCL,petrol,Petrol (95 octane),99.71,Bengaluru,Available,fuel_psu
2026-07-31,2026-07-31T06:00:00.000000,HPCL,petrol,Petrol (95 octane),99.71,Bengaluru,Available,fuel_psu
2026-07-31,2026-07-31T06:00:00.000000,IOCL,diesel,Diesel,90.79,Bengaluru,Available,fuel_psu
2026-07-31,2026-07-31T06:00:00.000000,BPCL,diesel,Diesel,90.79,Bengaluru,Available,fuel_psu
2026-07-31,2026-07-31T06:00:00.000000,HPCL,diesel,Diesel,90.79,Bengaluru,Available,fuel_psu
2026-07-31,2026-07-31T06:00:00.000000,IOCL,petrol,Petrol (95 octane),97.6,Chennai,Available,fuel_psu
2026-07-31,2026-07-31T06:00:00.000000,BPCL,petrol,Petrol (95 octane),97.6,Chennai,Available,fuel_psu
2026-07-31,2026-07-31T06:00:00.000000,HPCL,petrol,Petrol (95 octane),97.6,Chennai,Available,fuel_psu
2026-07-31,2026-07-31T06:00:00.000000,IOCL,diesel,Diesel,94.19,Chennai,Available,fuel_psu
2026-07-31,2026-07-31T06:00:00.000000,BPCL,diesel,Diesel,94.19,Chennai,Available,fuel_psu
2026-07-31,2026-07-31T06:00:00.000000,HPCL,diesel,Diesel,94.19,Chennai,Available,fuel_psu
2026-07-31,2026-07-31T06:00:00.000000,IOCL,petrol,Petrol (95 octane),100.79,Kolkata,Available,fuel_psu
2026-07-31,2026-07-31T06:00:00.000000,BPCL,petrol,Petrol (95 octane),100.79,Kolkata,Available,fuel_psu
2026-07-31,2026-07-31T06:00:00.000000,HPCL,petrol,Petrol (95 octane),100.79,Kolkata,Available,fuel_psu
2026-07-31,2026-07-31T06:00:00.000000,IOCL,diesel,Diesel,92.61,Kolkata,Available,fuel_psu
2026-07-31,2026-07-31T06:00:00.000000,BPCL,diesel,Diesel,92.61,Kolkata,Available,fuel_psu
2026-07-31,2026-07-31T06:00:00.000000,HPCL,diesel,Diesel,92.61,Kolkata,Available,fuel_psu
2026-07-31,2026-07-31T06:00:00.000000,IOCL,petrol,Petrol (95 octane),104.26,Hyderabad,Available,fuel_psu
2026-07-31,2026-07-31T06:00:00.000000,BPCL,petrol,Petrol (95 octane),104.26,Hyderabad,Available,fuel_psu
2026-07-31,2026-07-31T06:00:00.000000,HPCL,petrol,Petrol (95 octane),104.26,Hyderabad,Available,fuel_psu
2026-07-31,2026-07-31T06:00:00.000000,IOCL,diesel,Diesel,97.5,Hyderabad,Available,fuel_psu
2026-07-31,2026-07-31T06:00:00.000000,BPCL,diesel,Diesel,97.5,Hyderabad,Available,fuel_psu
2026-07-31,2026-07-31T06:00:00.000000,HPCL,diesel,Diesel,97.5,Hyderabad,Available,fuel_psu
2026-07-31,2026-07-31T06:00:00.000000,IOCL,petrol,Petrol (95 octane),100.93,Pune,Available,fuel_psu
2026-07-31,2026-07-31T06:00:00.000000,BPCL,petrol,Petrol (95 octane),100.93,Pune,Available,fuel_psu
2026-07-31,2026-07-31T06:00:00.000000,HPCL,petrol,Petrol (95 octane),100.93,Pune,Available,fuel_psu
2026-07-31,2026-07-31T06:00:00.000000,IOCL,diesel,Diesel,92.46,Pune,Available,fuel_psu
2026-07-31,2026-07-31T06:00:00.000000,BPCL,diesel,Diesel,92.46,Pune,Available,fuel_psu
2026-07-31,2026-07-31T06:00:00.000000,HPCL,diesel,Diesel,92.46,Pune,Available,fuel_psu
2026-07-31,2026-07-31T06:00:00.000000,IOCL,petrol,Petrol (95 octane),91.29,Ahmedabad,Available,fuel_psu
2026-07-31,2026-07-31T06:00:00.000000,BPCL,petrol,Petrol (95 octane),91.29,Ahmedabad,Available,fuel_psu
2026-07-31,2026-07-31T06:00:00.000000,HPCL,petrol,Petrol (95 octane),91.29,Ahmedabad,Available,fuel_psu
2026-07-31,2026-07-31T06:00:00.000000,IOCL,diesel,Diesel,91.96,Ahmedabad,Available,fuel_psu
2026-07-31,2026-07-31T06:00:00.000000,BPCL,diesel,Diesel,91.96,Ahmedabad,Available,fuel_psu
2026-07-31,2026-07-31T06:00:00.000000,HPCL,diesel,Diesel,91.96,Ahmedabad,Available,fuel_psu
2026-07-31,2026-07-31T06:00:00.000000,IOCL,petrol,Petrol (95 octane),101.73,Jaipur,Available,fuel_psu
2026-07-31,2026-07-31T06:00:00.000000,BPCL,petrol,Petrol (95 octane),101.73,Jaipur,Available,fuel_psu
2026-07-31,2026-07-31T06:00:00.000000,HPCL,petrol,Petrol (95 octane),101.73,Jaipur,Available,fuel_psu
2026-07-31,2026-07-31T06:00:00.000000,IOCL,diesel,Diesel,92.21,Jaipur,Available,fuel_psu
2026-07-31,2026-07-31T06:00:00.000000,BPCL,diesel,Diesel,92.21,Jaipur,Available,fuel_psu
2026-07-31,2026-07-31T06:00:00.000000,HPCL,diesel,Diesel,92.21,Jaipur,Available,fuel_psu
2026-07-31,2026-07-31T06:00:00.000000,IOCL,petrol,Petrol (95 octane),91.5,Lucknow,Available,fuel_psu
2026-07-31,2026-07-31T06:00:00.000000,BPCL,petrol,Petrol (95 octane),91.5,Lucknow,Available,fuel_psu
2026-07-31,2026-07-31T06:00:00.000000,HPCL,petrol,Petrol (95 octane),91.5,Lucknow,Available,fuel_psu
2026-07-31,2026-07-31T06:00:00.000000,IOCL,diesel,Diesel,89.61,Lucknow,Available,fuel_psu
2026-07-31,2026-07-31T06:00:00.000000,BPCL,diesel,Diesel,89.61,Lucknow,Available,fuel_psu
2026-07-31,2026-07-31T06:00:00.000000,HPCL,diesel,Diesel,89.61,Lucknow,Available,fuel_psu
2026-07-31,2026-07-31T06:00:00.000000,IOCL,petrol,Petrol (95 octane),91.09,Chandigarh,Available,fuel_psu
2026-07-31,2026-07-31T06:00:00.000000,BPCL,petrol,Petrol (95 octane),91.09,Chandigarh,Available,fuel_psu
2026-07-31,2026-07-31T06:00:00.000000,HPCL,petrol,Petrol (95 octane),91.09,Chandigarh,Available,fuel_psu
2026-07-31,2026-07-31T06:00:00.000000,IOCL,diesel,Diesel,84.25,Chandigarh,Available,fuel_psu
2026-07-31,2026-07-31T06:00:00.000000,BPCL,diesel,Diesel,84.25,Chandigarh,Available,fuel_psu
2026-07-31,2026-07-31T06:00:00.000000,HPCL,diesel,Diesel,84.25,Chandigarh,Available,fuel_psu
2026-07-31,2026-07-31T06:00:00.000000,IOCL,petrol,Petrol (95 octane),91.16,Surat,Available,fuel_psu
2026-07-31,2026-07-31T06:00:00.000000,BPCL,petrol,Petrol (95 octane),91.16,Surat,Available,fuel_psu
2026-07-31,2026-07-31T06:00:00.000000,HPCL,petrol,Petrol (95 octane),91.16,Surat,Available,fuel_psu
2026-07-31,2026-07-31T06:00:00.000000,IOCL,diesel,Diesel,91.83,Surat,Available,fuel_psu
2026-07-31,2026-07-31T06:00:00.000000,BPCL,diesel,Diesel,91.83,Surat,Available,fuel_psu
2026-07-31,2026-07-31T06:00:00.000000,HPCL,diesel,Diesel,91.83,Surat,Available,fuel_psu
2026-07-31,2026-07-31T06:00:00.000000,IOCL,petrol,Petrol (95 octane),102.03,Patna,Available,fuel_psu
2026-07-31,2026-07-31T06:00:00.000000,BPCL,petrol,Petrol (95 octane),102.03,Patna,Available,fuel_psu
2026-07-31,2026-07-31T06:00:00.000000,HPCL,petrol,Petrol (95 octane),102.03,Patna,Available,fuel_psu
2026-07-31,2026-07-31T06:00:00.000000,IOCL,diesel,Diesel,93.89,Patna,Available,fuel_psu
2026-07-31,2026-07-31T06:00:00.000000,BPCL,diesel,Diesel,93.89,Patna,Available,fuel_psu
2026-07-31,2026-07-31T06:00:00.000000,HPCL,diesel,Diesel,93.89,Patna,Available,fuel_psu
2026-07-31,2026-07-31T06:00:00.000000,IOCL,petrol,Petrol (95 octane),91.51,Noida,Available,fuel_psu
2026-07-31,2026-07-31T06:00:00.000000,BPCL,petrol,Petrol (95 octane),91.51,Noida,Available,fuel_psu
2026-07-31,2026-07-31T06:00:00.000000,HPCL,petrol,Petrol (95 octane),91.51,Noida,Available,fuel_psu
2026-07-31,2026-07-31T06:00:00.000000,IOCL,diesel,Diesel,89.6,Noida,Available,fuel_psu
2026-07-31,2026-07-31T06:00:00.000000,BPCL,diesel,Diesel,89.6,Noida,Available,fuel_psu
2026-07-31,2026-07-31T06:00:00.000000,HPCL,diesel,Diesel,89.6,Noida,Available,fuel_psu
2026-07-31,2026-07-31T06:00:00.000000,IOCL,petrol,Petrol (95 octane),91.83,Gurgaon,Available,fuel_psu
2026-07-31,2026-07-31T06:00:00.000000,BPCL,petrol,Petrol (95 octane),91.83,Gurgaon,Available,fuel_psu
2026-07-31,2026-07-31T06:00:00.000000,HPCL,petrol,Petrol (95 octane),91.83,Gurgaon,Available,fuel_psu
2026-07-31,2026-07-31T06:00:00.000000,IOCL,diesel,Diesel,89.7,Gurgaon,Available,fuel_psu
2026-07-31,2026-07-31T06:00:00.000000,BPCL,diesel,Diesel,89.7,Gurgaon,Available,fuel_psu
2026-07-31,2026-07-31T06:00:00.000000,HPCL,diesel,Diesel,89.7,Gurgaon,Available,fuel_psu
2026-07-31,2026-07-31T06:00:00.000000,IOCL,petrol,Petrol (95 octane),103.35,Indore,Available,fuel_psu
2026-07-31,2026-07-31T06:00:00.000000,BPCL,petrol,Petrol (95 octane),103.35,Indore,Available,fuel_psu
2026-07-31,2026-07-31T06:00:00.000000,HPCL,petrol,Petrol (95 octane),103.35,Indore,Available,fuel_psu
2026-07-31,2026-07-31T06:00:00.000000,IOCL,diesel,Diesel,93.74,Indore,Available,fuel_psu
2026-07-31,2026-07-31T06:00:00.000000,BPCL,diesel,Diesel,93.74,Indore,Available,fuel_psu
2026-07-31,2026-07-31T06:00:00.000000,HPCL,diesel,Diesel,93.74,Indore,Available,fuel_psu
2026-08-01,2026-08-01T06:00:00.000000,IOCL,petrol,Petrol (95 octane),101.06,Mumbai,Available,fuel_psu
2026-08-01,2026-08-01T06:00:00.000000,BPCL,petrol,Petrol (95 octane),101.06,Mumbai,Available,fuel_psu
2026-08-01,2026-08-01T06:00:00.000000,HPCL,petrol,Petrol (95 octane),101.06,Mumbai,Available,fuel_psu
2026-08-01,2026-08-01T06:00:00.000000,IOCL,diesel,Diesel,94.0,Mumbai,Available,fuel_psu
2026-08-01,2026-08-01T06:00:00.000000,BPCL,diesel,Diesel,94.0,Mumbai,Available,fuel_psu
2026-08-01,2026-08-01T06:00:00.000000,HPCL,diesel,Diesel,94.0,Mumbai,Available,fuel_psu
2026-08-01,2026-08-01T06:00:00.000000,IOCL,petrol,Petrol (95 octane),91.57,Delhi,Available,fuel_psu
2026-08-01,2026-08-01T06:00:00.000000,BPCL,petrol,Petrol (95 octane),91.57,Delhi,Available,fuel_psu
2026-08-01,2026-08-01T06:00:00.000000,HPCL,petrol,Petrol (95 octane),91.57,Delhi,Available,fuel_psu
2026-08-01,2026-08-01T06:00:00.000000,IOCL,diesel,Diesel,89.47,Delhi,Available,fuel_psu
2026-08-01,2026-08-01T06:00:00.000000,BPCL,diesel,Diesel,89.47,Delhi,Available,fuel_psu
2026-08-01,2026-08-01T06:00:00.000000,HPCL,diesel,Diesel,89.47,Delhi,Available,fuel_psu
2026-08-01,2026-08-01T06:00:00.000000,IOCL,petrol,Petrol (95 octane),99.71,Bengaluru,Available,fuel_psu
2026-08-01,2026-08-01T06:00:00.000000,BPCL,petrol,Petrol (95 octane),99.71,Bengaluru,Available,fuel_psu
2026-08-01,2026-08-01T06:00:00.000000,HPCL,petrol,Petrol (95 octane),99.71,Bengaluru,Available,fuel_psu
2026-08-01,2026-08-01T06:00:00.000000,IOCL,diesel,Diesel,90.79,Bengaluru,Available,fuel_psu
2026-08-01,2026-08-01T06:00:00.000000,BPCL,diesel,Diesel,90.79,Bengaluru,Available,fuel_psu
2026-08-01,2026-08-01T06:00:00.000000,HPCL,diesel,Diesel,90.79,Bengaluru,Available,fuel_psu
2026-08-01,2026-08-01T06:00:00.000000,IOCL,petrol,Petrol (95 octane),97.6,Chennai,Available,fuel_psu
2026-08-01,2026-08-01T06:00:00.000000,BPCL,petrol,Petrol (95 octane),97.6,Chennai,Available,fuel_psu
2026-08-01,2026-08-01T06:00:00.000000,HPCL,petrol,Petrol (95 octane),97.6,Chennai,Available,fuel_psu
2026-08-01,2026-08-01T06:00:00.000000,IOCL,diesel,Diesel,94.19,Chennai,Available,fuel_psu
2026-08-01,2026-08-01T06:00:00.000000,BPCL,diesel,Diesel,94.19,Chennai,Available,fuel_psu
2026-08-01,2026-08-01T06:00:00.000000,HPCL,diesel,Diesel,94.19,Chennai,Available,fuel_psu
2026-08-01,2026-08-01T06:00:00.000000,IOCL,petrol,Petrol (95 octane),100.79,Kolkata,Available,fuel_psu
2026-08-01,2026-08-01T06:00:00.000000,BPCL,petrol,Petrol (95 octane),100.79,Kolkata,Available,fuel_psu
2026-08-01,2026-08-01T06:00:00.000000,HPCL,petrol,Petrol (95 octane),100.79,Kolkata,Available,fuel_psu
2026-08-01,2026-08-01T06:00:00.000000,IOCL,diesel,Diesel,92.61,Kolkata,Available,fuel_psu
2026-08-01,2026-08-01T06:00:00.000000,BPCL,diesel,Diesel,92.61,Kolkata,Available,fuel_psu
2026-08-01,2026-08-01T06:00:00.000000,HPCL,diesel,Diesel,92.61,Kolkata,Available,fuel_psu
2026-08-01,2026-08-01T06:00:00.000000,IOCL,petrol,Petrol (95 octane),104.26,Hyderabad,Available,fuel_psu
2026-08-01,2026-08-01T06:00:00.000000,BPCL,petrol,Petrol (95 octane),104.26,Hyderabad,Available,fuel_psu
2026-08-01,2026-08-01T06:00:00.000000,HPCL,petrol,Petrol (95 octane),104.26,Hyderabad,Available,fuel_psu
2026-08-01,2026-08-01T06:00:00.000000,IOCL,diesel,Diesel,97.5,Hyderabad,Available,fuel_psu
2026-08-01,2026-08-01T06:00:00.000000,BPCL,diesel,Diesel,97.5,Hyderabad,Available,fuel_psu
2026-08-01,2026-08-01T06:00:00.000000,HPCL,diesel,Diesel,97.5,Hyderabad,Available,fuel_psu
2026-08-01,2026-08-01T06:00:00.000000,IOCL,petrol,Petrol (95 octane),100.93,Pune,Available,fuel_psu
2026-08-01,2026-08-01T06:00:00.000000,BPCL,petrol,Petrol (95 octane),100.93,Pune,Available,fuel_psu
2026-08-01,2026-08-01T06:00:00.000000,HPCL,petrol,Petrol (95 octane),100.93,Pune,Available,fuel_psu
2026-08-01,2026-08-01T06:00:00.000000,IOCL,diesel,Diesel,92.46,Pune,Available,fuel_psu
2026-08-01,2026-08-01T06:00:00.000000,BPCL,diesel,Diesel,92.46,Pune,Available,fuel_psu
2026-08-01,2026-08-01T06:00:00.000000,HPCL,diesel,Diesel,92.46,Pune,Available,fuel_psu
2026-08-01,2026-08-01T06:00:00.000000,IOCL,petrol,Petrol (95 octane),91.29,Ahmedabad,Available,fuel_psu
2026-08-01,2026-08-01T06:00:00.000000,BPCL,petrol,Petrol (95 octane),91.29,Ahmedabad,Available,fuel_psu
2026-08-01,2026-08-01T06:00:00.000000,HPCL,petrol,Petrol (95 octane),91.29,Ahmedabad,Available,fuel_psu
2026-08-01,2026-08-01T06:00:00.000000,IOCL,diesel,Diesel,91.96,Ahmedabad,Available,fuel_psu
2026-08-01,2026-08-01T06:00:00.000000,BPCL,diesel,Diesel,91.96,Ahmedabad,Available,fuel_psu
2026-08-01,2026-08-01T06:00:00.000000,HPCL,diesel,Diesel,91.96,Ahmedabad,Available,fuel_psu
2026-08-01,2026-08-01T06:00:00.000000,IOCL,petrol,Petrol (95 octane),101.73,Jaipur,Available,fuel_psu
2026-08-01,2026-08-01T06:00:00.000000,BPCL,petrol,Petrol (95 octane),101.73,Jaipur,Available,fuel_psu
2026-08-01,2026-08-01T06:00:00.000000,HPCL,petrol,Petrol (95 octane),101.73,Jaipur,Available,fuel_psu
2026-08-01,2026-08-01T06:00:00.000000,IOCL,diesel,Diesel,92.21,Jaipur,Available,fuel_psu
2026-08-01,2026-08-01T06:00:00.000000,BPCL,diesel,Diesel,92.21,Jaipur,Available,fuel_psu
2026-08-01,2026-08-01T06:00:00.000000,HPCL,diesel,Diesel,92.21,Jaipur,Available,fuel_psu
2026-08-01,2026-08-01T06:00:00.000000,IOCL,petrol,Petrol (95 octane),91.5,Lucknow,Available,fuel_psu
2026-08-01,2026-08-01T06:00:00.000000,BPCL,petrol,Petrol (95 octane),91.5,Lucknow,Available,fuel_psu
2026-08-01,2026-08-01T06:00:00.000000,HPCL,petrol,Petrol (95 octane),91.5,Lucknow,Available,fuel_psu
2026-08-01,2026-08-01T06:00:00.000000,IOCL,diesel,Diesel,89.61,Lucknow,Available,fuel_psu
2026-08-01,2026-08-01T06:00:00.000000,BPCL,diesel,Diesel,89.61,Lucknow,Available,fuel_psu
2026-08-01,2026-08-01T06:00:00.000000,HPCL,diesel,Diesel,89.61,Lucknow,Available,fuel_psu
2026-08-01,2026-08-01T06:00:00.000000,IOCL,petrol,Petrol (95 octane),91.09,Chandigarh,Available,fuel_psu
2026-08-01,2026-08-01T06:00:00.000000,BPCL,petrol,Petrol (95 octane),91.09,Chandigarh,Available,fuel_psu
2026-08-01,2026-08-01T06:00:00.000000,HPCL,petrol,Petrol (95 octane),91.09,Chandigarh,Available,fuel_psu
2026-08-01,2026-08-01T06:00:00.000000,IOCL,diesel,Diesel,84.25,Chandigarh,Available,fuel_psu
2026-08-01,2026-08-01T06:00:00.000000,BPCL,diesel,Diesel,84.25,Chandigarh,Available,fuel_psu
2026-08-01,2026-08-01T06:00:00.000000,HPCL,diesel,Diesel,84.25,Chandigarh,Available,fuel_psu
2026-08-01,2026-08-01T06:00:00.000000,IOCL,petrol,Petrol (95 octane),91.16,Surat,Available,fuel_psu
2026-08-01,2026-08-01T06:00:00.000000,BPCL,petrol,Petrol (95 octane),91.16,Surat,Available,fuel_psu
2026-08-01,2026-08-01T06:00:00.000000,HPCL,petrol,Petrol (95 octane),91.16,Surat,Available,fuel_psu
2026-08-01,2026-08-01T06:00:00.000000,IOCL,diesel,Diesel,91.83,Surat,Available,fuel_psu
2026-08-01,2026-08-01T06:00:00.000000,BPCL,diesel,Diesel,91.83,Surat,Available,fuel_psu
2026-08-01,2026-08-01T06:00:00.000000,HPCL,diesel,Diesel,91.83,Surat,Available,fuel_psu
2026-08-01,2026-08-01T06:00:00.000000,IOCL,petrol,Petrol (95 octane),102.03,Patna,Available,fuel_psu
2026-08-01,2026-08-01T06:00:00.000000,BPCL,petrol,Petrol (95 octane),102.03,Patna,Available,fuel_psu
2026-08-01,2026-08-01T06:00:00.000000,HPCL,petrol,Petrol (95 octane),102.03,Patna,Available,fuel_psu
2026-08-01,2026-08-01T06:00:00.000000,IOCL,diesel,Diesel,93.89,Patna,Available,fuel_psu
2026-08-01,2026-08-01T06:00:00.000000,BPCL,diesel,Diesel,93.89,Patna,Available,fuel_psu
2026-08-01,2026-08-01T06:00:00.000000,HPCL,diesel,Diesel,93.89,Patna,Available,fuel_psu
2026-08-01,2026-08-01T06:00:00.000000,IOCL,petrol,Petrol (95 octane),91.51,Noida,Available,fuel_psu
2026-08-01,2026-08-01T06:00:00.000000,BPCL,petrol,Petrol (95 octane),91.51,Noida,Available,fuel_psu
2026-08-01,2026-08-01T06:00:00.000000,HPCL,petrol,Petrol (95 octane),91.51,Noida,Available,fuel_psu
2026-08-01,2026-08-01T06:00:00.000000,IOCL,diesel,Diesel,89.6,Noida,Available,fuel_psu
2026-08-01,2026-08-01T06:00:00.000000,BPCL,diesel,Diesel,89.6,Noida,Available,fuel_psu
2026-08-01,2026-08-01T06:00:00.000000,HPCL,diesel,Diesel,89.6,Noida,Available,fuel_psu
2026-08-01,2026-08-01T06:00:00.000000,IOCL,petrol,Petrol (95 octane),91.83,Gurgaon,Available,fuel_psu
2026-08-01,2026-08-01T06:00:00.000000,BPCL,petrol,Petrol (95 octane),91.83,Gurgaon,Available,fuel_psu
2026-08-01,2026-08-01T06:00:00.000000,HPCL,petrol,Petrol (95 octane),91.83,Gurgaon,Available,fuel_psu
2026-08-01,2026-08-01T06:00:00.000000,IOCL,diesel,Diesel,89.7,Gurgaon,Available,fuel_psu
2026-08-01,2026-08-01T06:00:00.000000,BPCL,diesel,Diesel,89.7,Gurgaon,Available,fuel_psu
2026-08-01,2026-08-01T06:00:00.000000,HPCL,diesel,Diesel,89.7,Gurgaon,Available,fuel_psu
2026-08-01,2026-08-01T06:00:00.000000,IOCL,petrol,Petrol (95 octane),103.35,Indore,Available,fuel_psu
2026-08-01,2026-08-01T06:00:00.000000,BPCL,petrol,Petrol (95 octane),103.35,Indore,Available,fuel_psu
2026-08-01,2026-08-01T06:00:00.000000,HPCL,petrol,Petrol (95 octane),103.35,Indore,Available,fuel_psu
2026-08-01,2026-08-01T06:00:00.000000,IOCL,diesel,Diesel,93.74,Indore,Available,fuel_psu
2026-08-01,2026-08-01T06:00:00.000000,BPCL,diesel,Diesel,93.74,Indore,Available,fuel_psu
2026-08-01,2026-08-01T06:00:00.000000,HPCL,diesel,Diesel,93.74,Indore,Available,fuel_psu
2026-08-02,2026-08-02T06:00:00.000000,IOCL,petrol,Petrol (95 octane),101.06,Mumbai,Available,fuel_psu
2026-08-02,2026-08-02T06:00:00.000000,BPCL,petrol,Petrol (95 octane),101.06,Mumbai,Available,fuel_psu
2026-08-02,2026-08-02T06:00:00.000000,HPCL,petrol,Petrol (95 octane),101.06,Mumbai,Available,fuel_psu
2026-08-02,2026-08-02T06:00:00.000000,IOCL,diesel,Diesel,94.0,Mumbai,Available,fuel_psu
2026-08-02,2026-08-02T06:00:00.000000,BPCL,diesel,Diesel,94.0,Mumbai,Available,fuel_psu
2026-08-02,2026-08-02T06:00:00.000000,HPCL,diesel,Diesel,94.0,Mumbai,Available,fuel_psu
2026-08-02,2026-08-02T06:00:00.000000,IOCL,petrol,Petrol (95 octane),91.57,Delhi,Available,fuel_psu
2026-08-02,2026-08-02T06:00:00.000000,BPCL,petrol,Petrol (95 octane),91.57,Delhi,Available,fuel_psu
2026-08-02,2026-08-02T06:00:00.000000,HPCL,petrol,Petrol (95 octane),91.57,Delhi,Available,fuel_psu
2026-08-02,2026-08-02T06:00:00.000000,IOCL,diesel,Diesel,89.47,Delhi,Available,fuel_psu
2026-08-02,2026-08-02T06:00:00.000000,BPCL,diesel,Diesel,89.47,Delhi,Available,fuel_psu
2026-08-02,2026-08-02T06:00:00.000000,HPCL,diesel,Diesel,89.47,Delhi,Available,fuel_psu
2026-08-02,2026-08-02T06:00:00.000000,IOCL,petrol,Petrol (95 octane),99.71,Bengaluru,Available,fuel_psu
2026-08-02,2026-08-02T06:00:00.000000,BPCL,petrol,Petrol (95 octane),99.71,Bengaluru,Available,fuel_psu
2026-08-02,2026-08-02T06:00:00.000000,HPCL,petrol,Petrol (95 octane),99.71,Bengaluru,Available,fuel_psu
2026-08-02,2026-08-02T06:00:00.000000,IOCL,diesel,Diesel,90.79,Bengaluru,Available,fuel_psu
2026-08-02,2026-08-02T06:00:00.000000,BPCL,diesel,Diesel,90.79,Bengaluru,Available,fuel_psu
2026-08-02,2026-08-02T06:00:00.000000,HPCL,diesel,Diesel,90.79,Bengaluru,Available,fuel_psu
2026-08-02,2026-08-02T06:00:00.000000,IOCL,petrol,Petrol (95 octane),97.6,Chennai,Available,fuel_psu
2026-08-02,2026-08-02T06:00:00.000000,BPCL,petrol,Petrol (95 octane),97.6,Chennai,Available,fuel_psu
2026-08-02,2026-08-02T06:00:00.000000,HPCL,petrol,Petrol (95 octane),97.6,Chennai,Available,fuel_psu
2026-08-02,2026-08-02T06:00:00.000000,IOCL,diesel,Diesel,94.19,Chennai,Available,fuel_psu
2026-08-02,2026-08-02T06:00:00.000000,BPCL,diesel,Diesel,94.19,Chennai,Available,fuel_psu
2026-08-02,2026-08-02T06:00:00.000000,HPCL,diesel,Diesel,94.19,Chennai,Available,fuel_psu
2026-08-02,2026-08-02T06:00:00.000000,IOCL,petrol,Petrol (95 octane),100.79,Kolkata,Available,fuel_psu
2026-08-02,2026-08-02T06:00:00.000000,BPCL,petrol,Petrol (95 octane),100.79,Kolkata,Available,fuel_psu
2026-08-02,2026-08-02T06:00:00.000000,HPCL,petrol,Petrol (95 octane),100.79,Kolkata,Available,fuel_psu
2026-08-02,2026-08-02T06:00:00.000000,IOCL,diesel,Diesel,92.61,Kolkata,Available,fuel_psu
2026-08-02,2026-08-02T06:00:00.000000,BPCL,diesel,Diesel,92.61,Kolkata,Available,fuel_psu
2026-08-02,2026-08-02T06:00:00.000000,HPCL,diesel,Diesel,92.61,Kolkata,Available,fuel_psu
2026-08-02,2026-08-02T06:00:00.000000,IOCL,petrol,Petrol (95 octane),104.26,Hyderabad,Available,fuel_psu
2026-08-02,2026-08-02T06:00:00.000000,BPCL,petrol,Petrol (95 octane),104.26,Hyderabad,Available,fuel_psu
2026-08-02,2026-08-02T06:00:00.000000,HPCL,petrol,Petrol (95 octane),104.26,Hyderabad,Available,fuel_psu
2026-08-02,2026-08-02T06:00:00.000000,IOCL,diesel,Diesel,97.5,Hyderabad,Available,fuel_psu
2026-08-02,2026-08-02T06:00:00.000000,BPCL,diesel,Diesel,97.5,Hyderabad,Available,fuel_psu
2026-08-02,2026-08-02T06:00:00.000000,HPCL,diesel,Diesel,97.5,Hyderabad,Available,fuel_psu
2026-08-02,2026-08-02T06:00:00.000000,IOCL,petrol,Petrol (95 octane),100.93,Pune,Available,fuel_psu
2026-08-02,2026-08-02T06:00:00.000000,BPCL,petrol,Petrol (95 octane),100.93,Pune,Available,fuel_psu
2026-08-02,2026-08-02T06:00:00.000000,HPCL,petrol,Petrol (95 octane),100.93,Pune,Available,fuel_psu
2026-08-02,2026-08-02T06:00:00.000000,IOCL,diesel,Diesel,92.46,Pune,Available,fuel_psu
2026-08-02,2026-08-02T06:00:00.000000,BPCL,diesel,Diesel,92.46,Pune,Available,fuel_psu
2026-08-02,2026-08-02T06:00:00.000000,HPCL,diesel,Diesel,92.46,Pune,Available,fuel_psu
2026-08-02,2026-08-02T06:00:00.000000,IOCL,petrol,Petrol (95 octane),91.29,Ahmedabad,Available,fuel_psu
2026-08-02,2026-08-02T06:00:00.000000,BPCL,petrol,Petrol (95 octane),91.29,Ahmedabad,Available,fuel_psu
2026-08-02,2026-08-02T06:00:00.000000,HPCL,petrol,Petrol (95 octane),91.29,Ahmedabad,Available,fuel_psu
2026-08-02,2026-08-02T06:00:00.000000,IOCL,diesel,Diesel,91.96,Ahmedabad,Available,fuel_psu
2026-08-02,2026-08-02T06:00:00.000000,BPCL,diesel,Diesel,91.96,Ahmedabad,Available,fuel_psu
2026-08-02,2026-08-02T06:00:00.000000,HPCL,diesel,Diesel,91.96,Ahmedabad,Available,fuel_psu
2026-08-02,2026-08-02T06:00:00.000000,IOCL,petrol,Petrol (95 octane),101.73,Jaipur,Available,fuel_psu
2026-08-02,2026-08-02T06:00:00.000000,BPCL,petrol,Petrol (95 octane),101.73,Jaipur,Available,fuel_psu
2026-08-02,2026-08-02T06:00:00.000000,HPCL,petrol,Petrol (95 octane),101.73,Jaipur,Available,fuel_psu
2026-08-02,2026-08-02T06:00:00.000000,IOCL,diesel,Diesel,92.21,Jaipur,Available,fuel_psu
2026-08-02,2026-08-02T06:00:00.000000,BPCL,diesel,Diesel,92.21,Jaipur,Available,fuel_psu
2026-08-02,2026-08-02T06:00:00.000000,HPCL,diesel,Diesel,92.21,Jaipur,Available,fuel_psu
2026-08-02,2026-08-02T06:00:00.000000,IOCL,petrol,Petrol (95 octane),91.5,Lucknow,Available,fuel_psu
2026-08-02,2026-08-02T06:00:00.000000,BPCL,petrol,Petrol (95 octane),91.5,Lucknow,Available,fuel_psu
2026-08-02,2026-08-02T06:00:00.000000,HPCL,petrol,Petrol (95 octane),91.5,Lucknow,Available,fuel_psu
2026-08-02,2026-08-02T06:00:00.000000,IOCL,diesel,Diesel,89.61,Lucknow,Available,fuel_psu
2026-08-02,2026-08-02T06:00:00.000000,BPCL,diesel,Diesel,89.61,Lucknow,Available,fuel_psu
2026-08-02,2026-08-02T06:00:00.000000,HPCL,diesel,Diesel,89.61,Lucknow,Available,fuel_psu
2026-08-02,2026-08-02T06:00:00.000000,IOCL,petrol,Petrol (95 octane),91.09,Chandigarh,Available,fuel_psu
2026-08-02,2026-08-02T06:00:00.000000,BPCL,petrol,Petrol (95 octane),91.09,Chandigarh,Available,fuel_psu
2026-08-02,2026-08-02T06:00:00.000000,HPCL,petrol,Petrol (95 octane),91.09,Chandigarh,Available,fuel_psu
2026-08-02,2026-08-02T06:00:00.000000,IOCL,diesel,Diesel,84.25,Chandigarh,Available,fuel_psu
2026-08-02,2026-08-02T06:00:00.000000,BPCL,diesel,Diesel,84.25,Chandigarh,Available,fuel_psu
2026-08-02,2026-08-02T06:00:00.000000,HPCL,diesel,Diesel,84.25,Chandigarh,Available,fuel_psu
2026-08-02,2026-08-02T06:00:00.000000,IOCL,petrol,Petrol (95 octane),91.16,Surat,Available,fuel_psu
2026-08-02,2026-08-02T06:00:00.000000,BPCL,petrol,Petrol (95 octane),91.16,Surat,Available,fuel_psu
2026-08-02,2026-08-02T06:00:00.000000,HPCL,petrol,Petrol (95 octane),91.16,Surat,Available,fuel_psu
2026-08-02,2026-08-02T06:00:00.000000,IOCL,diesel,Diesel,91.83,Surat,Available,fuel_psu
2026-08-02,2026-08-02T06:00:00.000000,BPCL,diesel,Diesel,91.83,Surat,Available,fuel_psu
2026-08-02,2026-08-02T06:00:00.000000,HPCL,diesel,Diesel,91.83,Surat,Available,fuel_psu
2026-08-02,2026-08-02T06:00:00.000000,IOCL,petrol,Petrol (95 octane),102.03,Patna,Available,fuel_psu
2026-08-02,2026-08-02T06:00:00.000000,BPCL,petrol,Petrol (95 octane),102.03,Patna,Available,fuel_psu
2026-08-02,2026-08-02T06:00:00.000000,HPCL,petrol,Petrol (95 octane),102.03,Patna,Available,fuel_psu
2026-08-02,2026-08-02T06:00:00.000000,IOCL,diesel,Diesel,93.89,Patna,Available,fuel_psu
2026-08-02,2026-08-02T06:00:00.000000,BPCL,diesel,Diesel,93.89,Patna,Available,fuel_psu
2026-08-02,2026-08-02T06:00:00.000000,HPCL,diesel,Diesel,93.89,Patna,Available,fuel_psu
2026-08-02,2026-08-02T06:00:00.000000,IOCL,petrol,Petrol (95 octane),91.51,Noida,Available,fuel_psu
2026-08-02,2026-08-02T06:00:00.000000,BPCL,petrol,Petrol (95 octane),91.51,Noida,Available,fuel_psu
2026-08-02,2026-08-02T06:00:00.000000,HPCL,petrol,Petrol (95 octane),91.51,Noida,Available,fuel_psu
2026-08-02,2026-08-02T06:00:00.000000,IOCL,diesel,Diesel,89.6,Noida,Available,fuel_psu
2026-08-02,2026-08-02T06:00:00.000000,BPCL,diesel,Diesel,89.6,Noida,Available,fuel_psu
2026-08-02,2026-08-02T06:00:00.000000,HPCL,diesel,Diesel,89.6,Noida,Available,fuel_psu
2026-08-02,2026-08-02T06:00:00.000000,IOCL,petrol,Petrol (95 octane),91.83,Gurgaon,Available,fuel_psu
2026-08-02,2026-08-02T06:00:00.000000,BPCL,petrol,Petrol (95 octane),91.83,Gurgaon,Available,fuel_psu
2026-08-02,2026-08-02T06:00:00.000000,HPCL,petrol,Petrol (95 octane),91.83,Gurgaon,Available,fuel_psu
2026-08-02,2026-08-02T06:00:00.000000,IOCL,diesel,Diesel,89.7,Gurgaon,Available,fuel_psu
2026-08-02,2026-08-02T06:00:00.000000,BPCL,diesel,Diesel,89.7,Gurgaon,Available,fuel_psu
2026-08-02,2026-08-02T06:00:00.000000,HPCL,diesel,Diesel,89.7,Gurgaon,Available,fuel_psu
2026-08-02,2026-08-02T06:00:00.000000,IOCL,petrol,Petrol (95 octane),103.35,Indore,Available,fuel_psu
2026-08-02,2026-08-02T06:00:00.000000,BPCL,petrol,Petrol (95 octane),103.35,Indore,Available,fuel_psu
2026-08-02,2026-08-02T06:00:00.000000,HPCL,petrol,Petrol (95 octane),103.35,Indore,Available,fuel_psu
2026-08-02,2026-08-02T06:00:00.000000,IOCL,diesel,Diesel,93.74,Indore,Available,fuel_psu
2026-08-02,2026-08-02T06:00:00.000000,BPCL,diesel,Diesel,93.74,Indore,Available,fuel_psu
2026-08-02,2026-08-02T06:00:00.000000,HPCL,diesel,Diesel,93.74,Indore,Available,fuel_psu
2026-08-03,2026-08-03T06:00:00.000000,IOCL,petrol,Petrol (95 octane),101.06,Mumbai,Available,fuel_psu
2026-08-03,2026-08-03T06:00:00.000000,BPCL,petrol,Petrol (95 octane),101.06,Mumbai,Available,fuel_psu
2026-08-03,2026-08-03T06:00:00.000000,HPCL,petrol,Petrol (95 octane),101.06,Mumbai,Available,fuel_psu
2026-08-03,2026-08-03T06:00:00.000000,IOCL,diesel,Diesel,94.0,Mumbai,Available,fuel_psu
2026-08-03,2026-08-03T06:00:00.000000,BPCL,diesel,Diesel,94.0,Mumbai,Available,fuel_psu
2026-08-03,2026-08-03T06:00:00.000000,HPCL,diesel,Diesel,94.0,Mumbai,Available,fuel_psu
2026-08-03,2026-08-03T06:00:00.000000,IOCL,petrol,Petrol (95 octane),91.57,Delhi,Available,fuel_psu
2026-08-03,2026-08-03T06:00:00.000000,BPCL,petrol,Petrol (95 octane),91.57,Delhi,Available,fuel_psu
2026-08-03,2026-08-03T06:00:00.000000,HPCL,petrol,Petrol (95 octane),91.57,Delhi,Available,fuel_psu
2026-08-03,2026-08-03T06:00:00.000000,IOCL,diesel,Diesel,89.47,Delhi,Available,fuel_psu
2026-08-03,2026-08-03T06:00:00.000000,BPCL,diesel,Diesel,89.47,Delhi,Available,fuel_psu
2026-08-03,2026-08-03T06:00:00.000000,HPCL,diesel,Diesel,89.47,Delhi,Available,fuel_psu
2026-08-03,2026-08-03T06:00:00.000000,IOCL,petrol,Petrol (95 octane),99.71,Bengaluru,Available,fuel_psu
2026-08-03,2026-08-03T06:00:00.000000,BPCL,petrol,Petrol (95 octane),99.71,Bengaluru,Available,fuel_psu
2026-08-03,2026-08-03T06:00:00.000000,HPCL,petrol,Petrol (95 octane),99.71,Bengaluru,Available,fuel_psu
2026-08-03,2026-08-03T06:00:00.000000,IOCL,diesel,Diesel,90.79,Bengaluru,Available,fuel_psu
2026-08-03,2026-08-03T06:00:00.000000,BPCL,diesel,Diesel,90.79,Bengaluru,Available,fuel_psu
2026-08-03,2026-08-03T06:00:00.000000,HPCL,diesel,Diesel,90.79,Bengaluru,Available,fuel_psu
2026-08-03,2026-08-03T06:00:00.000000,IOCL,petrol,Petrol (95 octane),97.6,Chennai,Available,fuel_psu
2026-08-03,2026-08-03T06:00:00.000000,BPCL,petrol,Petrol (95 octane),97.6,Chennai,Available,fuel_psu
2026-08-03,2026-08-03T06:00:00.000000,HPCL,petrol,Petrol (95 octane),97.6,Chennai,Available,fuel_psu
2026-08-03,2026-08-03T06:00:00.000000,IOCL,diesel,Diesel,94.19,Chennai,Available,fuel_psu
2026-08-03,2026-08-03T06:00:00.000000,BPCL,diesel,Diesel,94.19,Chennai,Available,fuel_psu
2026-08-03,2026-08-03T06:00:00.000000,HPCL,diesel,Diesel,94.19,Chennai,Available,fuel_psu
2026-08-03,2026-08-03T06:00:00.000000,IOCL,petrol,Petrol (95 octane),100.79,Kolkata,Available,fuel_psu
2026-08-03,2026-08-03T06:00:00.000000,BPCL,petrol,Petrol (95 octane),100.79,Kolkata,Available,fuel_psu
2026-08-03,2026-08-03T06:00:00.000000,HPCL,petrol,Petrol (95 octane),100.79,Kolkata,Available,fuel_psu
2026-08-03,2026-08-03T06:00:00.000000,IOCL,diesel,Diesel,92.61,Kolkata,Available,fuel_psu
2026-08-03,2026-08-03T06:00:00.000000,BPCL,diesel,Diesel,92.61,Kolkata,Available,fuel_psu
2026-08-03,2026-08-03T06:00:00.000000,HPCL,diesel,Diesel,92.61,Kolkata,Available,fuel_psu
2026-08-03,2026-08-03T06:00:00.000000,IOCL,petrol,Petrol (95 octane),104.26,Hyderabad,Available,fuel_psu
2026-08-03,2026-08-03T06:00:00.000000,BPCL,petrol,Petrol (95 octane),104.26,Hyderabad,Available,fuel_psu
2026-08-03,2026-08-03T06:00:00.000000,HPCL,petrol,Petrol (95 octane),104.26,Hyderabad,Available,fuel_psu
2026-08-03,2026-08-03T06:00:00.000000,IOCL,diesel,Diesel,97.5,Hyderabad,Available,fuel_psu
2026-08-03,2026-08-03T06:00:00.000000,BPCL,diesel,Diesel,97.5,Hyderabad,Available,fuel_psu
2026-08-03,2026-08-03T06:00:00.000000,HPCL,diesel,Diesel,97.5,Hyderabad,Available,fuel_psu
2026-08-03,2026-08-03T06:00:00.000000,IOCL,petrol,Petrol (95 octane),100.93,Pune,Available,fuel_psu
2026-08-03,2026-08-03T06:00:00.000000,BPCL,petrol,Petrol (95 octane),100.93,Pune,Available,fuel_psu
2026-08-03,2026-08-03T06:00:00.000000,HPCL,petrol,Petrol (95 octane),100.93,Pune,Available,fuel_psu
2026-08-03,2026-08-03T06:00:00.000000,IOCL,diesel,Diesel,92.46,Pune,Available,fuel_psu
2026-08-03,2026-08-03T06:00:00.000000,BPCL,diesel,Diesel,92.46,Pune,Available,fuel_psu
2026-08-03,2026-08-03T06:00:00.000000,HPCL,diesel,Diesel,92.46,Pune,Available,fuel_psu
2026-08-03,2026-08-03T06:00:00.000000,IOCL,petrol,Petrol (95 octane),91.29,Ahmedabad,Available,fuel_psu
2026-08-03,2026-08-03T06:00:00.000000,BPCL,petrol,Petrol (95 octane),91.29,Ahmedabad,Available,fuel_psu
2026-08-03,2026-08-03T06:00:00.000000,HPCL,petrol,Petrol (95 octane),91.29,Ahmedabad,Available,fuel_psu
2026-08-03,2026-08-03T06:00:00.000000,IOCL,diesel,Diesel,91.96,Ahmedabad,Available,fuel_psu
2026-08-03,2026-08-03T06:00:00.000000,BPCL,diesel,Diesel,91.96,Ahmedabad,Available,fuel_psu
2026-08-03,2026-08-03T06:00:00.000000,HPCL,diesel,Diesel,91.96,Ahmedabad,Available,fuel_psu
2026-08-03,2026-08-03T06:00:00.000000,IOCL,petrol,Petrol (95 octane),101.73,Jaipur,Available,fuel_psu
2026-08-03,2026-08-03T06:00:00.000000,BPCL,petrol,Petrol (95 octane),101.73,Jaipur,Available,fuel_psu
2026-08-03,2026-08-03T06:00:00.000000,HPCL,petrol,Petrol (95 octane),101.73,Jaipur,Available,fuel_psu
2026-08-03,2026-08-03T06:00:00.000000,IOCL,diesel,Diesel,92.21,Jaipur,Available,fuel_psu
2026-08-03,2026-08-03T06:00:00.000000,BPCL,diesel,Diesel,92.21,Jaipur,Available,fuel_psu
2026-08-03,2026-08-03T06:00:00.000000,HPCL,diesel,Diesel,92.21,Jaipur,Available,fuel_psu
2026-08-03,2026-08-03T06:00:00.000000,IOCL,petrol,Petrol (95 octane),91.5,Lucknow,Available,fuel_psu
2026-08-03,2026-08-03T06:00:00.000000,BPCL,petrol,Petrol (95 octane),91.5,Lucknow,Available,fuel_psu
2026-08-03,2026-08-03T06:00:00.000000,HPCL,petrol,Petrol (95 octane),91.5,Lucknow,Available,fuel_psu
2026-08-03,2026-08-03T06:00:00.000000,IOCL,diesel,Diesel,89.61,Lucknow,Available,fuel_psu
2026-08-03,2026-08-03T06:00:00.000000,BPCL,diesel,Diesel,89.61,Lucknow,Available,fuel_psu
2026-08-03,2026-08-03T06:00:00.000000,HPCL,diesel,Diesel,89.61,Lucknow,Available,fuel_psu
2026-08-03,2026-08-03T06:00:00.000000,IOCL,petrol,Petrol (95 octane),91.09,Chandigarh,Available,fuel_psu
2026-08-03,2026-08-03T06:00:00.000000,BPCL,petrol,Petrol (95 octane),91.09,Chandigarh,Available,fuel_psu
2026-08-03,2026-08-03T06:00:00.000000,HPCL,petrol,Petrol (95 octane),91.09,Chandigarh,Available,fuel_psu
2026-08-03,2026-08-03T06:00:00.000000,IOCL,diesel,Diesel,84.25,Chandigarh,Available,fuel_psu
2026-08-03,2026-08-03T06:00:00.000000,BPCL,diesel,Diesel,84.25,Chandigarh,Available,fuel_psu
2026-08-03,2026-08-03T06:00:00.000000,HPCL,diesel,Diesel,84.25,Chandigarh,Available,fuel_psu
2026-08-03,2026-08-03T06:00:00.000000,IOCL,petrol,Petrol (95 octane),91.16,Surat,Available,fuel_psu
2026-08-03,2026-08-03T06:00:00.000000,BPCL,petrol,Petrol (95 octane),91.16,Surat,Available,fuel_psu
2026-08-03,2026-08-03T06:00:00.000000,HPCL,petrol,Petrol (95 octane),91.16,Surat,Available,fuel_psu
2026-08-03,2026-08-03T06:00:00.000000,IOCL,diesel,Diesel,91.83,Surat,Available,fuel_psu
2026-08-03,2026-08-03T06:00:00.000000,BPCL,diesel,Diesel,91.83,Surat,Available,fuel_psu
2026-08-03,2026-08-03T06:00:00.000000,HPCL,diesel,Diesel,91.83,Surat,Available,fuel_psu
2026-08-03,2026-08-03T06:00:00.000000,IOCL,petrol,Petrol (95 octane),102.03,Patna,Available,fuel_psu
2026-08-03,2026-08-03T06:00:00.000000,BPCL,petrol,Petrol (95 octane),102.03,Patna,Available,fuel_psu
2026-08-03,2026-08-03T06:00:00.000000,HPCL,petrol,Petrol (95 octane),102.03,Patna,Available,fuel_psu
2026-08-03,2026-08-03T06:00:00.000000,IOCL,diesel,Diesel,93.89,Patna,Available,fuel_psu
2026-08-03,2026-08-03T06:00:00.000000,BPCL,diesel,Diesel,93.89,Patna,Available,fuel_psu
2026-08-03,2026-08-03T06:00:00.000000,HPCL,diesel,Diesel,93.89,Patna,Available,fuel_psu
2026-08-03,2026-08-03T06:00:00.000000,IOCL,petrol,Petrol (95 octane),91.51,Noida,Available,fuel_psu
2026-08-03,2026-08-03T06:00:00.000000,BPCL,petrol,Petrol (95 octane),91.51,Noida,Available,fuel_psu
2026-08-03,2026-08-03T06:00:00.000000,HPCL,petrol,Petrol (95 octane),91.51,Noida,Available,fuel_psu
2026-08-03,2026-08-03T06:00:00.000000,IOCL,diesel,Diesel,89.6,Noida,Available,fuel_psu
2026-08-03,2026-08-03T06:00:00.000000,BPCL,diesel,Diesel,89.6,Noida,Available,fuel_psu
2026-08-03,2026-08-03T06:00:00.000000,HPCL,diesel,Diesel,89.6,Noida,Available,fuel_psu
2026-08-03,2026-08-03T06:00:00.000000,IOCL,petrol,Petrol (95 octane),91.83,Gurgaon,Available,fuel_psu
2026-08-03,2026-08-03T06:00:00.000000,BPCL,petrol,Petrol (95 octane),91.83,Gurgaon,Available,fuel_psu
2026-08-03,2026-08-03T06:00:00.000000,HPCL,petrol,Petrol (95 octane),91.83,Gurgaon,Available,fuel_psu
2026-08-03,2026-08-03T06:00:00.000000,IOCL,diesel,Diesel,89.7,Gurgaon,Available,fuel_psu
2026-08-03,2026-08-03T06:00:00.000000,BPCL,diesel,Diesel,89.7,Gurgaon,Available,fuel_psu
2026-08-03,2026-08-03T06:00:00.000000,HPCL,diesel,Diesel,89.7,Gurgaon,Available,fuel_psu
2026-08-03,2026-08-03T06:00:00.000000,IOCL,petrol,Petrol (95 octane),103.35,Indore,Available,fuel_psu
2026-08-03,2026-08-03T06:00:00.000000,BPCL,petrol,Petrol (95 octane),103.35,Indore,Available,fuel_psu
2026-08-03,2026-08-03T06:00:00.000000,HPCL,petrol,Petrol (95 octane),103.35,Indore,Available,fuel_psu
2026-08-03,2026-08-03T06:00:00.000000,IOCL,diesel,Diesel,93.74,Indore,Available,fuel_psu
2026-08-03,2026-08-03T06:00:00.000000,BPCL,diesel,Diesel,93.74,Indore,Available,fuel_psu
2026-08-03,2026-08-03T06:00:00.000000,HPCL,diesel,Diesel,93.74,Indore,Available,fuel_psu
2026-08-04,2026-08-04T06:00:00.000000,IOCL,petrol,Petrol (95 octane),101.06,Mumbai,Available,fuel_psu
2026-08-04,2026-08-04T06:00:00.000000,BPCL,petrol,Petrol (95 octane),101.06,Mumbai,Available,fuel_psu
2026-08-04,2026-08-04T06:00:00.000000,HPCL,petrol,Petrol (95 octane),101.06,Mumbai,Available,fuel_psu
2026-08-04,2026-08-04T06:00:00.000000,IOCL,diesel,Diesel,94.0,Mumbai,Available,fuel_psu
2026-08-04,2026-08-04T06:00:00.000000,BPCL,diesel,Diesel,94.0,Mumbai,Available,fuel_psu
2026-08-04,2026-08-04T06:00:00.000000,HPCL,diesel,Diesel,94.0,Mumbai,Available,fuel_psu
2026-08-04,2026-08-04T06:00:00.000000,IOCL,petrol,Petrol (95 octane),91.57,Delhi,Available,fuel_psu
2026-08-04,2026-08-04T06:00:00.000000,BPCL,petrol,Petrol (95 octane),91.57,Delhi,Available,fuel_psu
2026-08-04,2026-08-04T06:00:00.000000,HPCL,petrol,Petrol (95 octane),91.57,Delhi,Available,fuel_psu
2026-08-04,2026-08-04T06:00:00.000000,IOCL,diesel,Diesel,89.47,Delhi,Available,fuel_psu
2026-08-04,2026-08-04T06:00:00.000000,BPCL,diesel,Diesel,89.47,Delhi,Available,fuel_psu
2026-08-04,2026-08-04T06:00:00.000000,HPCL,diesel,Diesel,89.47,Delhi,Available,fuel_psu
2026-08-04,2026-08-04T06:00:00.000000,IOCL,petrol,Petrol (95 octane),99.71,Bengaluru,Available,fuel_psu
2026-08-04,2026-08-04T06:00:00.000000,BPCL,petrol,Petrol (95 octane),99.71,Bengaluru,Available,fuel_psu
2026-08-04,2026-08-04T06:00:00.000000,HPCL,petrol,Petrol (95 octane),99.71,Bengaluru,Available,fuel_psu
2026-08-04,2026-08-04T06:00:00.000000,IOCL,diesel,Diesel,90.79,Bengaluru,Available,fuel_psu
2026-08-04,2026-08-04T06:00:00.000000,BPCL,diesel,Diesel,90.79,Bengaluru,Available,fuel_psu
2026-08-04,2026-08-04T06:00:00.000000,HPCL,diesel,Diesel,90.79,Bengaluru,Available,fuel_psu
2026-08-04,2026-08-04T06:00:00.000000,IOCL,petrol,Petrol (95 octane),97.6,Chennai,Available,fuel_psu
2026-08-04,2026-08-04T06:00:00.000000,BPCL,petrol,Petrol (95 octane),97.6,Chennai,Available,fuel_psu
2026-08-04,2026-08-04T06:00:00.000000,HPCL,petrol,Petrol (95 octane),97.6,Chennai,Available,fuel_psu
2026-08-04,2026-08-04T06:00:00.000000,IOCL,diesel,Diesel,94.19,Chennai,Available,fuel_psu
2026-08-04,2026-08-04T06:00:00.000000,BPCL,diesel,Diesel,94.19,Chennai,Available,fuel_psu
2026-08-04,2026-08-04T06:00:00.000000,HPCL,diesel,Diesel,94.19,Chennai,Available,fuel_psu
2026-08-04,2026-08-04T06:00:00.000000,IOCL,petrol,Petrol (95 octane),100.79,Kolkata,Available,fuel_psu
2026-08-04,2026-08-04T06:00:00.000000,BPCL,petrol,Petrol (95 octane),100.79,Kolkata,Available,fuel_psu
2026-08-04,2026-08-04T06:00:00.000000,HPCL,petrol,Petrol (95 octane),100.79,Kolkata,Available,fuel_psu
2026-08-04,2026-08-04T06:00:00.000000,IOCL,diesel,Diesel,92.61,Kolkata,Available,fuel_psu
2026-08-04,2026-08-04T06:00:00.000000,BPCL,diesel,Diesel,92.61,Kolkata,Available,fuel_psu
2026-08-04,2026-08-04T06:00:00.000000,HPCL,diesel,Diesel,92.61,Kolkata,Available,fuel_psu
2026-08-04,2026-08-04T06:00:00.000000,IOCL,petrol,Petrol (95 octane),104.26,Hyderabad,Available,fuel_psu
2026-08-04,2026-08-04T06:00:00.000000,BPCL,petrol,Petrol (95 octane),104.26,Hyderabad,Available,fuel_psu
2026-08-04,2026-08-04T06:00:00.000000,HPCL,petrol,Petrol (95 octane),104.26,Hyderabad,Available,fuel_psu
2026-08-04,2026-08-04T06:00:00.000000,IOCL,diesel,Diesel,97.5,Hyderabad,Available,fuel_psu
2026-08-04,2026-08-04T06:00:00.000000,BPCL,diesel,Diesel,97.5,Hyderabad,Available,fuel_psu
2026-08-04,2026-08-04T06:00:00.000000,HPCL,diesel,Diesel,97.5,Hyderabad,Available,fuel_psu
2026-08-04,2026-08-04T06:00:00.000000,IOCL,petrol,Petrol (95 octane),100.93,Pune,Available,fuel_psu
2026-08-04,2026-08-04T06:00:00.000000,BPCL,petrol,Petrol (95 octane),100.93,Pune,Available,fuel_psu
2026-08-04,2026-08-04T06:00:00.000000,HPCL,petrol,Petrol (95 octane),100.93,Pune,Available,fuel_psu
2026-08-04,2026-08-04T06:00:00.000000,IOCL,diesel,Diesel,92.46,Pune,Available,fuel_psu
2026-08-04,2026-08-04T06:00:00.000000,BPCL,diesel,Diesel,92.46,Pune,Available,fuel_psu
2026-08-04,2026-08-04T06:00:00.000000,HPCL,diesel,Diesel,92.46,Pune,Available,fuel_psu
2026-08-04,2026-08-04T06:00:00.000000,IOCL,petrol,Petrol (95 octane),91.29,Ahmedabad,Available,fuel_psu
2026-08-04,2026-08-04T06:00:00.000000,BPCL,petrol,Petrol (95 octane),91.29,Ahmedabad,Available,fuel_psu
2026-08-04,2026-08-04T06:00:00.000000,HPCL,petrol,Petrol (95 octane),91.29,Ahmedabad,Available,fuel_psu
2026-08-04,2026-08-04T06:00:00.000000,IOCL,diesel,Diesel,91.96,Ahmedabad,Available,fuel_psu
2026-08-04,2026-08-04T06:00:00.000000,BPCL,diesel,Diesel,91.96,Ahmedabad,Available,fuel_psu
2026-08-04,2026-08-04T06:00:00.000000,HPCL,diesel,Diesel,91.96,Ahmedabad,Available,fuel_psu
2026-08-04,2026-08-04T06:00:00.000000,IOCL,petrol,Petrol (95 octane),101.73,Jaipur,Available,fuel_psu
2026-08-04,2026-08-04T06:00:00.000000,BPCL,petrol,Petrol (95 octane),101.73,Jaipur,Available,fuel_psu
2026-08-04,2026-08-04T06:00:00.000000,HPCL,petrol,Petrol (95 octane),101.73,Jaipur,Available,fuel_psu
2026-08-04,2026-08-04T06:00:00.000000,IOCL,diesel,Diesel,92.21,Jaipur,Available,fuel_psu
2026-08-04,2026-08-04T06:00:00.000000,BPCL,diesel,Diesel,92.21,Jaipur,Available,fuel_psu
2026-08-04,2026-08-04T06:00:00.000000,HPCL,diesel,Diesel,92.21,Jaipur,Available,fuel_psu
2026-08-04,2026-08-04T06:00:00.000000,IOCL,petrol,Petrol (95 octane),91.5,Lucknow,Available,fuel_psu
2026-08-04,2026-08-04T06:00:00.000000,BPCL,petrol,Petrol (95 octane),91.5,Lucknow,Available,fuel_psu
2026-08-04,2026-08-04T06:00:00.000000,HPCL,petrol,Petrol (95 octane),91.5,Lucknow,Available,fuel_psu
2026-08-04,2026-08-04T06:00:00.000000,IOCL,diesel,Diesel,89.61,Lucknow,Available,fuel_psu
2026-08-04,2026-08-04T06:00:00.000000,BPCL,diesel,Diesel,89.61,Lucknow,Available,fuel_psu
2026-08-04,2026-08-04T06:00:00.000000,HPCL,diesel,Diesel,89.61,Lucknow,Available,fuel_psu
2026-08-04,2026-08-04T06:00:00.000000,IOCL,petrol,Petrol (95 octane),91.09,Chandigarh,Available,fuel_psu
2026-08-04,2026-08-04T06:00:00.000000,BPCL,petrol,Petrol (95 octane),91.09,Chandigarh,Available,fuel_psu
2026-08-04,2026-08-04T06:00:00.000000,HPCL,petrol,Petrol (95 octane),91.09,Chandigarh,Available,fuel_psu
2026-08-04,2026-08-04T06:00:00.000000,IOCL,diesel,Diesel,84.25,Chandigarh,Available,fuel_psu
2026-08-04,2026-08-04T06:00:00.000000,BPCL,diesel,Diesel,84.25,Chandigarh,Available,fuel_psu
2026-08-04,2026-08-04T06:00:00.000000,HPCL,diesel,Diesel,84.25,Chandigarh,Available,fuel_psu
2026-08-04,2026-08-04T06:00:00.000000,IOCL,petrol,Petrol (95 octane),91.16,Surat,Available,fuel_psu
2026-08-04,2026-08-04T06:00:00.000000,BPCL,petrol,Petrol (95 octane),91.16,Surat,Available,fuel_psu
2026-08-04,2026-08-04T06:00:00.000000,HPCL,petrol,Petrol (95 octane),91.16,Surat,Available,fuel_psu
2026-08-04,2026-08-04T06:00:00.000000,IOCL,diesel,Diesel,91.83,Surat,Available,fuel_psu
2026-08-04,2026-08-04T06:00:00.000000,BPCL,diesel,Diesel,91.83,Surat,Available,fuel_psu
2026-08-04,2026-08-04T06:00:00.000000,HPCL,diesel,Diesel,91.83,Surat,Available,fuel_psu
2026-08-04,2026-08-04T06:00:00.000000,IOCL,petrol,Petrol (95 octane),102.03,Patna,Available,fuel_psu
2026-08-04,2026-08-04T06:00:00.000000,BPCL,petrol,Petrol (95 octane),102.03,Patna,Available,fuel_psu
2026-08-04,2026-08-04T06:00:00.000000,HPCL,petrol,Petrol (95 octane),102.03,Patna,Available,fuel_psu
2026-08-04,2026-08-04T06:00:00.000000,IOCL,diesel,Diesel,93.89,Patna,Available,fuel_psu
2026-08-04,2026-08-04T06:00:00.000000,BPCL,diesel,Diesel,93.89,Patna,Available,fuel_psu
2026-08-04,2026-08-04T06:00:00.000000,HPCL,diesel,Diesel,93.89,Patna,Available,fuel_psu
2026-08-04,2026-08-04T06:00:00.000000,IOCL,petrol,Petrol (95 octane),91.51,Noida,Available,fuel_psu
2026-08-04,2026-08-04T06:00:00.000000,BPCL,petrol,Petrol (95 octane),91.51,Noida,Available,fuel_psu
2026-08-04,2026-08-04T06:00:00.000000,HPCL,petrol,Petrol (95 octane),91.51,Noida,Available,fuel_psu
2026-08-04,2026-08-04T06:00:00.000000,IOCL,diesel,Diesel,89.6,Noida,Available,fuel_psu
2026-08-04,2026-08-04T06:00:00.000000,BPCL,diesel,Diesel,89.6,Noida,Available,fuel_psu
2026-08-04,2026-08-04T06:00:00.000000,HPCL,diesel,Diesel,89.6,Noida,Available,fuel_psu
2026-08-04,2026-08-04T06:00:00.000000,IOCL,petrol,Petrol (95 octane),91.83,Gurgaon,Available,fuel_psu
2026-08-04,2026-08-04T06:00:00.000000,BPCL,petrol,Petrol (95 octane),91.83,Gurgaon,Available,fuel_psu
2026-08-04,2026-08-04T06:00:00.000000,HPCL,petrol,Petrol (95 octane),91.83,Gurgaon,Available,fuel_psu
2026-08-04,2026-08-04T06:00:00.000000,IOCL,diesel,Diesel,89.7,Gurgaon,Available,fuel_psu
2026-08-04,2026-08-04T06:00:00.000000,BPCL,diesel,Diesel,89.7,Gurgaon,Available,fuel_psu
2026-08-04,2026-08-04T06:00:00.000000,HPCL,diesel,Diesel,89.7,Gurgaon,Available,fuel_psu
2026-08-04,2026-08-04T06:00:00.000000,IOCL,petrol,Petrol (95 octane),103.35,Indore,Available,fuel_psu
2026-08-04,2026-08-04T06:00:00.000000,BPCL,petrol,Petrol (95 octane),103.35,Indore,Available,fuel_psu
2026-08-04,2026-08-04T06:00:00.000000,HPCL,petrol,Petrol (95 octane),103.35,Indore,Available,fuel_psu
2026-08-04,2026-08-04T06:00:00.000000,IOCL,diesel,Diesel,93.74,Indore,Available,fuel_psu
2026-08-04,2026-08-04T06:00:00.000000,BPCL,diesel,Diesel,93.74,Indore,Available,fuel_psu
2026-08-04,2026-08-04T06:00:00.000000,HPCL,diesel,Diesel,93.74,Indore,Available,fuel_psu
2026-08-05,2026-08-05T06:00:00.000000,IOCL,petrol,Petrol (95 octane),101.06,Mumbai,Available,fuel_psu
2026-08-05,2026-08-05T06:00:00.000000,BPCL,petrol,Petrol (95 octane),101.06,Mumbai,Available,fuel_psu
2026-08-05,2026-08-05T06:00:00.000000,HPCL,petrol,Petrol (95 octane),101.06,Mumbai,Available,fuel_psu
2026-08-05,2026-08-05T06:00:00.000000,IOCL,diesel,Diesel,94.0,Mumbai,Available,fuel_psu
2026-08-05,2026-08-05T06:00:00.000000,BPCL,diesel,Diesel,94.0,Mumbai,Available,fuel_psu
2026-08-05,2026-08-05T06:00:00.000000,HPCL,diesel,Diesel,94.0,Mumbai,Available,fuel_psu
2026-08-05,2026-08-05T06:00:00.000000,IOCL,petrol,Petrol (95 octane),91.57,Delhi,Available,fuel_psu
2026-08-05,2026-08-05T06:00:00.000000,BPCL,petrol,Petrol (95 octane),91.57,Delhi,Available,fuel_psu
2026-08-05,2026-08-05T06:00:00.000000,HPCL,petrol,Petrol (95 octane),91.57,Delhi,Available,fuel_psu
2026-08-05,2026-08-05T06:00:00.000000,IOCL,diesel,Diesel,89.47,Delhi,Available,fuel_psu
2026-08-05,2026-08-05T06:00:00.000000,BPCL,diesel,Diesel,89.47,Delhi,Available,fuel_psu
2026-08-05,2026-08-05T06:00:00.000000,HPCL,diesel,Diesel,89.47,Delhi,Available,fuel_psu
2026-08-05,2026-08-05T06:00:00.000000,IOCL,petrol,Petrol (95 octane),99.71,Bengaluru,Available,fuel_psu
2026-08-05,2026-08-05T06:00:00.000000,BPCL,petrol,Petrol (95 octane),99.71,Bengaluru,Available,fuel_psu
2026-08-05,2026-08-05T06:00:00.000000,HPCL,petrol,Petrol (95 octane),99.71,Bengaluru,Available,fuel_psu
2026-08-05,2026-08-05T06:00:00.000000,IOCL,diesel,Diesel,90.79,Bengaluru,Available,fuel_psu
2026-08-05,2026-08-05T06:00:00.000000,BPCL,diesel,Diesel,90.79,Bengaluru,Available,fuel_psu
2026-08-05,2026-08-05T06:00:00.000000,HPCL,diesel,Diesel,90.79,Bengaluru,Available,fuel_psu
2026-08-05,2026-08-05T06:00:00.000000,IOCL,petrol,Petrol (95 octane),97.6,Chennai,Available,fuel_psu
2026-08-05,2026-08-05T06:00:00.000000,BPCL,petrol,Petrol (95 octane),97.6,Chennai,Available,fuel_psu
2026-08-05,2026-08-05T06:00:00.000000,HPCL,petrol,Petrol (95 octane),97.6,Chennai,Available,fuel_psu
2026-08-05,2026-08-05T06:00:00.000000,IOCL,diesel,Diesel,94.19,Chennai,Available,fuel_psu
2026-08-05,2026-08-05T06:00:00.000000,BPCL,diesel,Diesel,94.19,Chennai,Available,fuel_psu
2026-08-05,2026-08-05T06:00:00.000000,HPCL,diesel,Diesel,94.19,Chennai,Available,fuel_psu
2026-08-05,2026-08-05T06:00:00.000000,IOCL,petrol,Petrol (95 octane),100.79,Kolkata,Available,fuel_psu
2026-08-05,2026-08-05T06:00:00.000000,BPCL,petrol,Petrol (95 octane),100.79,Kolkata,Available,fuel_psu
2026-08-05,2026-08-05T06:00:00.000000,HPCL,petrol,Petrol (95 octane),100.79,Kolkata,Available,fuel_psu
2026-08-05,2026-08-05T06:00:00.000000,IOCL,diesel,Diesel,92.61,Kolkata,Available,fuel_psu
2026-08-05,2026-08-05T06:00:00.000000,BPCL,diesel,Diesel,92.61,Kolkata,Available,fuel_psu
2026-08-05,2026-08-05T06:00:00.000000,HPCL,diesel,Diesel,92.61,Kolkata,Available,fuel_psu
2026-08-05,2026-08-05T06:00:00.000000,IOCL,petrol,Petrol (95 octane),104.26,Hyderabad,Available,fuel_psu
2026-08-05,2026-08-05T06:00:00.000000,BPCL,petrol,Petrol (95 octane),104.26,Hyderabad,Available,fuel_psu
2026-08-05,2026-08-05T06:00:00.000000,HPCL,petrol,Petrol (95 octane),104.26,Hyderabad,Available,fuel_psu
2026-08-05,2026-08-05T06:00:00.000000,IOCL,diesel,Diesel,97.5,Hyderabad,Available,fuel_psu
2026-08-05,2026-08-05T06:00:00.000000,BPCL,diesel,Diesel,97.5,Hyderabad,Available,fuel_psu
2026-08-05,2026-08-05T06:00:00.000000,HPCL,diesel,Diesel,97.5,Hyderabad,Available,fuel_psu
2026-08-05,2026-08-05T06:00:00.000000,IOCL,petrol,Petrol (95 octane),100.93,Pune,Available,fuel_psu
2026-08-05,2026-08-05T06:00:00.000000,BPCL,petrol,Petrol (95 octane),100.93,Pune,Available,fuel_psu
2026-08-05,2026-08-05T06:00:00.000000,HPCL,petrol,Petrol (95 octane),100.93,Pune,Available,fuel_psu
2026-08-05,2026-08-05T06:00:00.000000,IOCL,diesel,Diesel,92.46,Pune,Available,fuel_psu
2026-08-05,2026-08-05T06:00:00.000000,BPCL,diesel,Diesel,92.46,Pune,Available,fuel_psu
2026-08-05,2026-08-05T06:00:00.000000,HPCL,diesel,Diesel,92.46,Pune,Available,fuel_psu
2026-08-05,2026-08-05T06:00:00.000000,IOCL,petrol,Petrol (95 octane),91.29,Ahmedabad,Available,fuel_psu
2026-08-05,2026-08-05T06:00:00.000000,BPCL,petrol,Petrol (95 octane),91.29,Ahmedabad,Available,fuel_psu
2026-08-05,2026-08-05T06:00:00.000000,HPCL,petrol,Petrol (95 octane),91.29,Ahmedabad,Available,fuel_psu
2026-08-05,2026-08-05T06:00:00.000000,IOCL,diesel,Diesel,91.96,Ahmedabad,Available,fuel_psu
2026-08-05,2026-08-05T06:00:00.000000,BPCL,diesel,Diesel,91.96,Ahmedabad,Available,fuel_psu
2026-08-05,2026-08-05T06:00:00.000000,HPCL,diesel,Diesel,91.96,Ahmedabad,Available,fuel_psu
2026-08-05,2026-08-05T06:00:00.000000,IOCL,petrol,Petrol (95 octane),101.73,Jaipur,Available,fuel_psu
2026-08-05,2026-08-05T06:00:00.000000,BPCL,petrol,Petrol (95 octane),101.73,Jaipur,Available,fuel_psu
2026-08-05,2026-08-05T06:00:00.000000,HPCL,petrol,Petrol (95 octane),101.73,Jaipur,Available,fuel_psu
2026-08-05,2026-08-05T06:00:00.000000,IOCL,diesel,Diesel,92.21,Jaipur,Available,fuel_psu
2026-08-05,2026-08-05T06:00:00.000000,BPCL,diesel,Diesel,92.21,Jaipur,Available,fuel_psu
2026-08-05,2026-08-05T06:00:00.000000,HPCL,diesel,Diesel,92.21,Jaipur,Available,fuel_psu
2026-08-05,2026-08-05T06:00:00.000000,IOCL,petrol,Petrol (95 octane),91.5,Lucknow,Available,fuel_psu
2026-08-05,2026-08-05T06:00:00.000000,BPCL,petrol,Petrol (95 octane),91.5,Lucknow,Available,fuel_psu
2026-08-05,2026-08-05T06:00:00.000000,HPCL,petrol,Petrol (95 octane),91.5,Lucknow,Available,fuel_psu
2026-08-05,2026-08-05T06:00:00.000000,IOCL,diesel,Diesel,89.61,Lucknow,Available,fuel_psu
2026-08-05,2026-08-05T06:00:00.000000,BPCL,diesel,Diesel,89.61,Lucknow,Available,fuel_psu
2026-08-05,2026-08-05T06:00:00.000000,HPCL,diesel,Diesel,89.61,Lucknow,Available,fuel_psu
2026-08-05,2026-08-05T06:00:00.000000,IOCL,petrol,Petrol (95 octane),91.09,Chandigarh,Available,fuel_psu
2026-08-05,2026-08-05T06:00:00.000000,BPCL,petrol,Petrol (95 octane),91.09,Chandigarh,Available,fuel_psu
2026-08-05,2026-08-05T06:00:00.000000,HPCL,petrol,Petrol (95 octane),91.09,Chandigarh,Available,fuel_psu
2026-08-05,2026-08-05T06:00:00.000000,IOCL,diesel,Diesel,84.25,Chandigarh,Available,fuel_psu
2026-08-05,2026-08-05T06:00:00.000000,BPCL,diesel,Diesel,84.25,Chandigarh,Available,fuel_psu
2026-08-05,2026-08-05T06:00:00.000000,HPCL,diesel,Diesel,84.25,Chandigarh,Available,fuel_psu
2026-08-05,2026-08-05T06:00:00.000000,IOCL,petrol,Petrol (95 octane),91.16,Surat,Available,fuel_psu
2026-08-05,2026-08-05T06:00:00.000000,BPCL,petrol,Petrol (95 octane),91.16,Surat,Available,fuel_psu
2026-08-05,2026-08-05T06:00:00.000000,HPCL,petrol,Petrol (95 octane),91.16,Surat,Available,fuel_psu
2026-08-05,2026-08-05T06:00:00.000000,IOCL,diesel,Diesel,91.83,Surat,Available,fuel_psu
2026-08-05,2026-08-05T06:00:00.000000,BPCL,diesel,Diesel,91.83,Surat,Available,fuel_psu
2026-08-05,2026-08-05T06:00:00.000000,HPCL,diesel,Diesel,91.83,Surat,Available,fuel_psu
2026-08-05,2026-08-05T06:00:00.000000,IOCL,petrol,Petrol (95 octane),102.03,Patna,Available,fuel_psu
2026-08-05,2026-08-05T06:00:00.000000,BPCL,petrol,Petrol (95 octane),102.03,Patna,Available,fuel_psu
2026-08-05,2026-08-05T06:00:00.000000,HPCL,petrol,Petrol (95 octane),102.03,Patna,Available,fuel_psu
2026-08-05,2026-08-05T06:00:00.000000,IOCL,diesel,Diesel,93.89,Patna,Available,fuel_psu
2026-08-05,2026-08-05T06:00:00.000000,BPCL,diesel,Diesel,93.89,Patna,Available,fuel_psu
2026-08-05,2026-08-05T06:00:00.000000,HPCL,diesel,Diesel,93.89,Patna,Available,fuel_psu
2026-08-05,2026-08-05T06:00:00.000000,IOCL,petrol,Petrol (95 octane),91.51,Noida,Available,fuel_psu
2026-08-05,2026-08-05T06:00:00.000000,BPCL,petrol,Petrol (95 octane),91.51,Noida,Available,fuel_psu
2026-08-05,2026-08-05T06:00:00.000000,HPCL,petrol,Petrol (95 octane),91.51,Noida,Available,fuel_psu
2026-08-05,2026-08-05T06:00:00.000000,IOCL,diesel,Diesel,89.6,Noida,Available,fuel_psu
2026-08-05,2026-08-05T06:00:00.000000,BPCL,diesel,Diesel,89.6,Noida,Available,fuel_psu
2026-08-05,2026-08-05T06:00:00.000000,HPCL,diesel,Diesel,89.6,Noida,Available,fuel_psu
2026-08-05,2026-08-05T06:00:00.000000,IOCL,petrol,Petrol (95 octane),91.83,Gurgaon,Available,fuel_psu
2026-08-05,2026-08-05T06:00:00.000000,BPCL,petrol,Petrol (95 octane),91.83,Gurgaon,Available,fuel_psu
2026-08-05,2026-08-05T06:00:00.000000,HPCL,petrol,Petrol (95 octane),91.83,Gurgaon,Available,fuel_psu
2026-08-05,2026-08-05T06:00:00.000000,IOCL,diesel,Diesel,89.7,Gurgaon,Available,fuel_psu
2026-08-05,2026-08-05T06:00:00.000000,BPCL,diesel,Diesel,89.7,Gurgaon,Available,fuel_psu
2026-08-05,2026-08-05T06:00:00.000000,HPCL,diesel,Diesel,89.7,Gurgaon,Available,fuel_psu
2026-08-05,2026-08-05T06:00:00.000000,IOCL,petrol,Petrol (95 octane),103.35,Indore,Available,fuel_psu
2026-08-05,2026-08-05T06:00:00.000000,BPCL,petrol,Petrol (95 octane),103.35,Indore,Available,fuel_psu
2026-08-05,2026-08-05T06:00:00.000000,HPCL,petrol,Petrol (95 octane),103.35,Indore,Available,fuel_psu
2026-08-05,2026-08-05T06:00:00.000000,IOCL,diesel,Diesel,93.74,Indore,Available,fuel_psu
2026-08-05,2026-08-05T06:00:00.000000,BPCL,diesel,Diesel,93.74,Indore,Available,fuel_psu
2026-08-05,2026-08-05T06:00:00.000000,HPCL,diesel,Diesel,93.74,Indore,Available,fuel_psu
2026-08-06,2026-08-06T06:00:00.000000,IOCL,petrol,Petrol (95 octane),101.06,Mumbai,Available,fuel_psu
2026-08-06,2026-08-06T06:00:00.000000,BPCL,petrol,Petrol (95 octane),101.06,Mumbai,Available,fuel_psu
2026-08-06,2026-08-06T06:00:00.000000,HPCL,petrol,Petrol (95 octane),101.06,Mumbai,Available,fuel_psu
2026-08-06,2026-08-06T06:00:00.000000,IOCL,diesel,Diesel,94.0,Mumbai,Available,fuel_psu
2026-08-06,2026-08-06T06:00:00.000000,BPCL,diesel,Diesel,94.0,Mumbai,Available,fuel_psu
2026-08-06,2026-08-06T06:00:00.000000,HPCL,diesel,Diesel,94.0,Mumbai,Available,fuel_psu
2026-08-06,2026-08-06T06:00:00.000000,IOCL,petrol,Petrol (95 octane),91.57,Delhi,Available,fuel_psu
2026-08-06,2026-08-06T06:00:00.000000,BPCL,petrol,Petrol (95 octane),91.57,Delhi,Available,fuel_psu
2026-08-06,2026-08-06T06:00:00.000000,HPCL,petrol,Petrol (95 octane),91.57,Delhi,Available,fuel_psu
2026-08-06,2026-08-06T06:00:00.000000,IOCL,diesel,Diesel,89.47,Delhi,Available,fuel_psu
2026-08-06,2026-08-06T06:00:00.000000,BPCL,diesel,Diesel,89.47,Delhi,Available,fuel_psu
2026-08-06,2026-08-06T06:00:00.000000,HPCL,diesel,Diesel,89.47,Delhi,Available,fuel_psu
2026-08-06,2026-08-06T06:00:00.000000,IOCL,petrol,Petrol (95 octane),99.71,Bengaluru,Available,fuel_psu
2026-08-06,2026-08-06T06:00:00.000000,BPCL,petrol,Petrol (95 octane),99.71,Bengaluru,Available,fuel_psu
2026-08-06,2026-08-06T06:00:00.000000,HPCL,petrol,Petrol (95 octane),99.71,Bengaluru,Available,fuel_psu
2026-08-06,2026-08-06T06:00:00.000000,IOCL,diesel,Diesel,90.79,Bengaluru,Available,fuel_psu
2026-08-06,2026-08-06T06:00:00.000000,BPCL,diesel,Diesel,90.79,Bengaluru,Available,fuel_psu
2026-08-06,2026-08-06T06:00:00.000000,HPCL,diesel,Diesel,90.79,Bengaluru,Available,fuel_psu
2026-08-06,2026-08-06T06:00:00.000000,IOCL,petrol,Petrol (95 octane),97.6,Chennai,Available,fuel_psu
2026-08-06,2026-08-06T06:00:00.000000,BPCL,petrol,Petrol (95 octane),97.6,Chennai,Available,fuel_psu
2026-08-06,2026-08-06T06:00:00.000000,HPCL,petrol,Petrol (95 octane),97.6,Chennai,Available,fuel_psu
2026-08-06,2026-08-06T06:00:00.000000,IOCL,diesel,Diesel,94.19,Chennai,Available,fuel_psu
2026-08-06,2026-08-06T06:00:00.000000,BPCL,diesel,Diesel,94.19,Chennai,Available,fuel_psu
2026-08-06,2026-08-06T06:00:00.000000,HPCL,diesel,Diesel,94.19,Chennai,Available,fuel_psu
2026-08-06,2026-08-06T06:00:00.000000,IOCL,petrol,Petrol (95 octane),100.79,Kolkata,Available,fuel_psu
2026-08-06,2026-08-06T06:00:00.000000,BPCL,petrol,Petrol (95 octane),100.79,Kolkata,Available,fuel_psu
2026-08-06,2026-08-06T06:00:00.000000,HPCL,petrol,Petrol (95 octane),100.79,Kolkata,Available,fuel_psu
2026-08-06,2026-08-06T06:00:00.000000,IOCL,diesel,Diesel,92.61,Kolkata,Available,fuel_psu
2026-08-06,2026-08-06T06:00:00.000000,BPCL,diesel,Diesel,92.61,Kolkata,Available,fuel_psu
2026-08-06,2026-08-06T06:00:00.000000,HPCL,diesel,Diesel,92.61,Kolkata,Available,fuel_psu
2026-08-06,2026-08-06T06:00:00.000000,IOCL,petrol,Petrol (95 octane),104.26,Hyderabad,Available,fuel_psu
2026-08-06,2026-08-06T06:00:00.000000,BPCL,petrol,Petrol (95 octane),104.26,Hyderabad,Available,fuel_psu
2026-08-06,2026-08-06T06:00:00.000000,HPCL,petrol,Petrol (95 octane),104.26,Hyderabad,Available,fuel_psu
2026-08-06,2026-08-06T06:00:00.000000,IOCL,diesel,Diesel,97.5,Hyderabad,Available,fuel_psu
2026-08-06,2026-08-06T06:00:00.000000,BPCL,diesel,Diesel,97.5,Hyderabad,Available,fuel_psu
2026-08-06,2026-08-06T06:00:00.000000,HPCL,diesel,Diesel,97.5,Hyderabad,Available,fuel_psu
2026-08-06,2026-08-06T06:00:00.000000,IOCL,petrol,Petrol (95 octane),100.93,Pune,Available,fuel_psu
2026-08-06,2026-08-06T06:00:00.000000,BPCL,petrol,Petrol (95 octane),100.93,Pune,Available,fuel_psu
2026-08-06,2026-08-06T06:00:00.000000,HPCL,petrol,Petrol (95 octane),100.93,Pune,Available,fuel_psu
2026-08-06,2026-08-06T06:00:00.000000,IOCL,diesel,Diesel,92.46,Pune,Available,fuel_psu
2026-08-06,2026-08-06T06:00:00.000000,BPCL,diesel,Diesel,92.46,Pune,Available,fuel_psu
2026-08-06,2026-08-06T06:00:00.000000,HPCL,diesel,Diesel,92.46,Pune,Available,fuel_psu
2026-08-06,2026-08-06T06:00:00.000000,IOCL,petrol,Petrol (95 octane),91.29,Ahmedabad,Available,fuel_psu
2026-08-06,2026-08-06T06:00:00.000000,BPCL,petrol,Petrol (95 octane),91.29,Ahmedabad,Available,fuel_psu
2026-08-06,2026-08-06T06:00:00.000000,HPCL,petrol,Petrol (95 octane),91.29,Ahmedabad,Available,fuel_psu
2026-08-06,2026-08-06T06:00:00.000000,IOCL,diesel,Diesel,91.96,Ahmedabad,Available,fuel_psu
2026-08-06,2026-08-06T06:00:00.000000,BPCL,diesel,Diesel,91.96,Ahmedabad,Available,fuel_psu
2026-08-06,2026-08-06T06:00:00.000000,HPCL,diesel,Diesel,91.96,Ahmedabad,Available,fuel_psu
2026-08-06,2026-08-06T06:00:00.000000,IOCL,petrol,Petrol (95 octane),101.73,Jaipur,Available,fuel_psu
2026-08-06,2026-08-06T06:00:00.000000,BPCL,petrol,Petrol (95 octane),101.73,Jaipur,Available,fuel_psu
2026-08-06,2026-08-06T06:00:00.000000,HPCL,petrol,Petrol (95 octane),101.73,Jaipur,Available,fuel_psu
2026-08-06,2026-08-06T06:00:00.000000,IOCL,diesel,Diesel,92.21,Jaipur,Available,fuel_psu
2026-08-06,2026-08-06T06:00:00.000000,BPCL,diesel,Diesel,92.21,Jaipur,Available,fuel_psu
2026-08-06,2026-08-06T06:00:00.000000,HPCL,diesel,Diesel,92.21,Jaipur,Available,fuel_psu
2026-08-06,2026-08-06T06:00:00.000000,IOCL,petrol,Petrol (95 octane),91.5,Lucknow,Available,fuel_psu
2026-08-06,2026-08-06T06:00:00.000000,BPCL,petrol,Petrol (95 octane),91.5,Lucknow,Available,fuel_psu
2026-08-06,2026-08-06T06:00:00.000000,HPCL,petrol,Petrol (95 octane),91.5,Lucknow,Available,fuel_psu
2026-08-06,2026-08-06T06:00:00.000000,IOCL,diesel,Diesel,89.61,Lucknow,Available,fuel_psu
2026-08-06,2026-08-06T06:00:00.000000,BPCL,diesel,Diesel,89.61,Lucknow,Available,fuel_psu
2026-08-06,2026-08-06T06:00:00.000000,HPCL,diesel,Diesel,89.61,Lucknow,Available,fuel_psu
2026-08-06,2026-08-06T06:00:00.000000,IOCL,petrol,Petrol (95 octane),91.09,Chandigarh,Available,fuel_psu
2026-08-06,2026-08-06T06:00:00.000000,BPCL,petrol,Petrol (95 octane),91.09,Chandigarh,Available,fuel_psu
2026-08-06,2026-08-06T06:00:00.000000,HPCL,petrol,Petrol (95 octane),91.09,Chandigarh,Available,fuel_psu
2026-08-06,2026-08-06T06:00:00.000000,IOCL,diesel,Diesel,84.25,Chandigarh,Available,fuel_psu
2026-08-06,2026-08-06T06:00:00.000000,BPCL,diesel,Diesel,84.25,Chandigarh,Available,fuel_psu
2026-08-06,2026-08-06T06:00:00.000000,HPCL,diesel,Diesel,84.25,Chandigarh,Available,fuel_psu
2026-08-06,2026-08-06T06:00:00.000000,IOCL,petrol,Petrol (95 octane),91.16,Surat,Available,fuel_psu
2026-08-06,2026-08-06T06:00:00.000000,BPCL,petrol,Petrol (95 octane),91.16,Surat,Available,fuel_psu
2026-08-06,2026-08-06T06:00:00.000000,HPCL,petrol,Petrol (95 octane),91.16,Surat,Available,fuel_psu
2026-08-06,2026-08-06T06:00:00.000000,IOCL,diesel,Diesel,91.83,Surat,Available,fuel_psu
2026-08-06,2026-08-06T06:00:00.000000,BPCL,diesel,Diesel,91.83,Surat,Available,fuel_psu
2026-08-06,2026-08-06T06:00:00.000000,HPCL,diesel,Diesel,91.83,Surat,Available,fuel_psu
2026-08-06,2026-08-06T06:00:00.000000,IOCL,petrol,Petrol (95 octane),102.03,Patna,Available,fuel_psu
2026-08-06,2026-08-06T06:00:00.000000,BPCL,petrol,Petrol (95 octane),102.03,Patna,Available,fuel_psu
2026-08-06,2026-08-06T06:00:00.000000,HPCL,petrol,Petrol (95 octane),102.03,Patna,Available,fuel_psu
2026-08-06,2026-08-06T06:00:00.000000,IOCL,diesel,Diesel,93.89,Patna,Available,fuel_psu
2026-08-06,2026-08-06T06:00:00.000000,BPCL,diesel,Diesel,93.89,Patna,Available,fuel_psu
2026-08-06,2026-08-06T06:00:00.000000,HPCL,diesel,Diesel,93.89,Patna,Available,fuel_psu
2026-08-06,2026-08-06T06:00:00.000000,IOCL,petrol,Petrol (95 octane),91.51,Noida,Available,fuel_psu
2026-08-06,2026-08-06T06:00:00.000000,BPCL,petrol,Petrol (95 octane),91.51,Noida,Available,fuel_psu
2026-08-06,2026-08-06T06:00:00.000000,HPCL,petrol,Petrol (95 octane),91.51,Noida,Available,fuel_psu
2026-08-06,2026-08-06T06:00:00.000000,IOCL,diesel,Diesel,89.6,Noida,Available,fuel_psu
2026-08-06,2026-08-06T06:00:00.000000,BPCL,diesel,Diesel,89.6,Noida,Available,fuel_psu
2026-08-06,2026-08-06T06:00:00.000000,HPCL,diesel,Diesel,89.6,Noida,Available,fuel_psu
2026-08-06,2026-08-06T06:00:00.000000,IOCL,petrol,Petrol (95 octane),91.83,Gurgaon,Available,fuel_psu
2026-08-06,2026-08-06T06:00:00.000000,BPCL,petrol,Petrol (95 octane),91.83,Gurgaon,Available,fuel_psu
2026-08-06,2026-08-06T06:00:00.000000,HPCL,petrol,Petrol (95 octane),91.83,Gurgaon,Available,fuel_psu
2026-08-06,2026-08-06T06:00:00.000000,IOCL,diesel,Diesel,89.7,Gurgaon,Available,fuel_psu
2026-08-06,2026-08-06T06:00:00.000000,BPCL,diesel,Diesel,89.7,Gurgaon,Available,fuel_psu
2026-08-06,2026-08-06T06:00:00.000000,HPCL,diesel,Diesel,89.7,Gurgaon,Available,fuel_psu
2026-08-06,2026-08-06T06:00:00.000000,IOCL,petrol,Petrol (95 octane),103.35,Indore,Available,fuel_psu
2026-08-06,2026-08-06T06:00:00.000000,BPCL,petrol,Petrol (95 octane),103.35,Indore,Available,fuel_psu
2026-08-06,2026-08-06T06:00:00.000000,HPCL,petrol,Petrol (95 octane),103.35,Indore,Available,fuel_psu
2026-08-06,2026-08-06T06:00:00.000000,IOCL,diesel,Diesel,93.74,Indore,Available,fuel_psu
2026-08-06,2026-08-06T06:00:00.000000,BPCL,diesel,Diesel,93.74,Indore,Available,fuel_psu
2026-08-06,2026-08-06T06:00:00.000000,HPCL,diesel,Diesel,93.74,Indore,Available,fuel_psu
2026-08-07,2026-08-07T06:00:00.000000,IOCL,petrol,Petrol (95 octane),101.06,Mumbai,Available,fuel_psu
2026-08-07,2026-08-07T06:00:00.000000,BPCL,petrol,Petrol (95 octane),101.06,Mumbai,Available,fuel_psu
2026-08-07,2026-08-07T06:00:00.000000,HPCL,petrol,Petrol (95 octane),101.06,Mumbai,Available,fuel_psu
2026-08-07,2026-08-07T06:00:00.000000,IOCL,diesel,Diesel,94.0,Mumbai,Available,fuel_psu
2026-08-07,2026-08-07T06:00:00.000000,BPCL,diesel,Diesel,94.0,Mumbai,Available,fuel_psu
2026-08-07,2026-08-07T06:00:00.000000,HPCL,diesel,Diesel,94.0,Mumbai,Available,fuel_psu
2026-08-07,2026-08-07T06:00:00.000000,IOCL,petrol,Petrol (95 octane),91.57,Delhi,Available,fuel_psu
2026-08-07,2026-08-07T06:00:00.000000,BPCL,petrol,Petrol (95 octane),91.57,Delhi,Available,fuel_psu
2026-08-07,2026-08-07T06:00:00.000000,HPCL,petrol,Petrol (95 octane),91.57,Delhi,Available,fuel_psu
2026-08-07,2026-08-07T06:00:00.000000,IOCL,diesel,Diesel,89.47,Delhi,Available,fuel_psu
2026-08-07,2026-08-07T06:00:00.000000,BPCL,diesel,Diesel,89.47,Delhi,Available,fuel_psu
2026-08-07,2026-08-07T06:00:00.000000,HPCL,diesel,Diesel,89.47,Delhi,Available,fuel_psu
2026-08-07,2026-08-07T06:00:00.000000,IOCL,petrol,Petrol (95 octane),99.71,Bengaluru,Available,fuel_psu
2026-08-07,2026-08-07T06:00:00.000000,BPCL,petrol,Petrol (95 octane),99.71,Bengaluru,Available,fuel_psu
2026-08-07,2026-08-07T06:00:00.000000,HPCL,petrol,Petrol (95 octane),99.71,Bengaluru,Available,fuel_psu
2026-08-07,2026-08-07T06:00:00.000000,IOCL,diesel,Diesel,90.79,Bengaluru,Available,fuel_psu
2026-08-07,2026-08-07T06:00:00.000000,BPCL,diesel,Diesel,90.79,Bengaluru,Available,fuel_psu
2026-08-07,2026-08-07T06:00:00.000000,HPCL,diesel,Diesel,90.79,Bengaluru,Available,fuel_psu
2026-08-07,2026-08-07T06:00:00.000000,IOCL,petrol,Petrol (95 octane),97.6,Chennai,Available,fuel_psu
2026-08-07,2026-08-07T06:00:00.000000,BPCL,petrol,Petrol (95 octane),97.6,Chennai,Available,fuel_psu
2026-08-07,2026-08-07T06:00:00.000000,HPCL,petrol,Petrol (95 octane),97.6,Chennai,Available,fuel_psu
2026-08-07,2026-08-07T06:00:00.000000,IOCL,diesel,Diesel,94.19,Chennai,Available,fuel_psu
2026-08-07,2026-08-07T06:00:00.000000,BPCL,diesel,Diesel,94.19,Chennai,Available,fuel_psu
2026-08-07,2026-08-07T06:00:00.000000,HPCL,diesel,Diesel,94.19,Chennai,Available,fuel_psu
2026-08-07,2026-08-07T06:00:00.000000,IOCL,petrol,Petrol (95 octane),100.79,Kolkata,Available,fuel_psu
2026-08-07,2026-08-07T06:00:00.000000,BPCL,petrol,Petrol (95 octane),100.79,Kolkata,Available,fuel_psu
2026-08-07,2026-08-07T06:00:00.000000,HPCL,petrol,Petrol (95 octane),100.79,Kolkata,Available,fuel_psu
2026-08-07,2026-08-07T06:00:00.000000,IOCL,diesel,Diesel,92.61,Kolkata,Available,fuel_psu
2026-08-07,2026-08-07T06:00:00.000000,BPCL,diesel,Diesel,92.61,Kolkata,Available,fuel_psu
2026-08-07,2026-08-07T06:00:00.000000,HPCL,diesel,Diesel,92.61,Kolkata,Available,fuel_psu
2026-08-07,2026-08-07T06:00:00.000000,IOCL,petrol,Petrol (95 octane),104.26,Hyderabad,Available,fuel_psu
2026-08-07,2026-08-07T06:00:00.000000,BPCL,petrol,Petrol (95 octane),104.26,Hyderabad,Available,fuel_psu
2026-08-07,2026-08-07T06:00:00.000000,HPCL,petrol,Petrol (95 octane),104.26,Hyderabad,Available,fuel_psu
2026-08-07,2026-08-07T06:00:00.000000,IOCL,diesel,Diesel,97.5,Hyderabad,Available,fuel_psu
2026-08-07,2026-08-07T06:00:00.000000,BPCL,diesel,Diesel,97.5,Hyderabad,Available,fuel_psu
2026-08-07,2026-08-07T06:00:00.000000,HPCL,diesel,Diesel,97.5,Hyderabad,Available,fuel_psu
2026-08-07,2026-08-07T06:00:00.000000,IOCL,petrol,Petrol (95 octane),100.93,Pune,Available,fuel_psu
2026-08-07,2026-08-07T06:00:00.000000,BPCL,petrol,Petrol (95 octane),100.93,Pune,Available,fuel_psu
2026-08-07,2026-08-07T06:00:00.000000,HPCL,petrol,Petrol (95 octane),100.93,Pune,Available,fuel_psu
2026-08-07,2026-08-07T06:00:00.000000,IOCL,diesel,Diesel,92.46,Pune,Available,fuel_psu
2026-08-07,2026-08-07T06:00:00.000000,BPCL,diesel,Diesel,92.46,Pune,Available,fuel_psu
2026-08-07,2026-08-07T06:00:00.000000,HPCL,diesel,Diesel,92.46,Pune,Available,fuel_psu
2026-08-07,2026-08-07T06:00:00.000000,IOCL,petrol,Petrol (95 octane),91.29,Ahmedabad,Available,fuel_psu
2026-08-07,2026-08-07T06:00:00.000000,BPCL,petrol,Petrol (95 octane),91.29,Ahmedabad,Available,fuel_psu
2026-08-07,2026-08-07T06:00:00.000000,HPCL,petrol,Petrol (95 octane),91.29,Ahmedabad,Available,fuel_psu
2026-08-07,2026-08-07T06:00:00.000000,IOCL,diesel,Diesel,91.96,Ahmedabad,Available,fuel_psu
2026-08-07,2026-08-07T06:00:00.000000,BPCL,diesel,Diesel,91.96,Ahmedabad,Available,fuel_psu
2026-08-07,2026-08-07T06:00:00.000000,HPCL,diesel,Diesel,91.96,Ahmedabad,Available,fuel_psu
2026-08-07,2026-08-07T06:00:00.000000,IOCL,petrol,Petrol (95 octane),101.73,Jaipur,Available,fuel_psu
2026-08-07,2026-08-07T06:00:00.000000,BPCL,petrol,Petrol (95 octane),101.73,Jaipur,Available,fuel_psu
2026-08-07,2026-08-07T06:00:00.000000,HPCL,petrol,Petrol (95 octane),101.73,Jaipur,Available,fuel_psu
2026-08-07,2026-08-07T06:00:00.000000,IOCL,diesel,Diesel,92.21,Jaipur,Available,fuel_psu
2026-08-07,2026-08-07T06:00:00.000000,BPCL,diesel,Diesel,92.21,Jaipur,Available,fuel_psu
2026-08-07,2026-08-07T06:00:00.000000,HPCL,diesel,Diesel,92.21,Jaipur,Available,fuel_psu
2026-08-07,2026-08-07T06:00:00.000000,IOCL,petrol,Petrol (95 octane),91.5,Lucknow,Available,fuel_psu
2026-08-07,2026-08-07T06:00:00.000000,BPCL,petrol,Petrol (95 octane),91.5,Lucknow,Available,fuel_psu
2026-08-07,2026-08-07T06:00:00.000000,HPCL,petrol,Petrol (95 octane),91.5,Lucknow,Available,fuel_psu
2026-08-07,2026-08-07T06:00:00.000000,IOCL,diesel,Diesel,89.61,Lucknow,Available,fuel_psu
2026-08-07,2026-08-07T06:00:00.000000,BPCL,diesel,Diesel,89.61,Lucknow,Available,fuel_psu
2026-08-07,2026-08-07T06:00:00.000000,HPCL,diesel,Diesel,89.61,Lucknow,Available,fuel_psu
2026-08-07,2026-08-07T06:00:00.000000,IOCL,petrol,Petrol (95 octane),91.09,Chandigarh,Available,fuel_psu
2026-08-07,2026-08-07T06:00:00.000000,BPCL,petrol,Petrol (95 octane),91.09,Chandigarh,Available,fuel_psu
2026-08-07,2026-08-07T06:00:00.000000,HPCL,petrol,Petrol (95 octane),91.09,Chandigarh,Available,fuel_psu
2026-08-07,2026-08-07T06:00:00.000000,IOCL,diesel,Diesel,84.25,Chandigarh,Available,fuel_psu
2026-08-07,2026-08-07T06:00:00.000000,BPCL,diesel,Diesel,84.25,Chandigarh,Available,fuel_psu
2026-08-07,2026-08-07T06:00:00.000000,HPCL,diesel,Diesel,84.25,Chandigarh,Available,fuel_psu
2026-08-07,2026-08-07T06:00:00.000000,IOCL,petrol,Petrol (95 octane),91.16,Surat,Available,fuel_psu
2026-08-07,2026-08-07T06:00:00.000000,BPCL,petrol,Petrol (95 octane),91.16,Surat,Available,fuel_psu
2026-08-07,2026-08-07T06:00:00.000000,HPCL,petrol,Petrol (95 octane),91.16,Surat,Available,fuel_psu
2026-08-07,2026-08-07T06:00:00.000000,IOCL,diesel,Diesel,91.83,Surat,Available,fuel_psu
2026-08-07,2026-08-07T06:00:00.000000,BPCL,diesel,Diesel,91.83,Surat,Available,fuel_psu
2026-08-07,2026-08-07T06:00:00.000000,HPCL,diesel,Diesel,91.83,Surat,Available,fuel_psu
2026-08-07,2026-08-07T06:00:00.000000,IOCL,petrol,Petrol (95 octane),102.03,Patna,Available,fuel_psu
2026-08-07,2026-08-07T06:00:00.000000,BPCL,petrol,Petrol (95 octane),102.03,Patna,Available,fuel_psu
2026-08-07,2026-08-07T06:00:00.000000,HPCL,petrol,Petrol (95 octane),102.03,Patna,Available,fuel_psu
2026-08-07,2026-08-07T06:00:00.000000,IOCL,diesel,Diesel,93.89,Patna,Available,fuel_psu
2026-08-07,2026-08-07T06:00:00.000000,BPCL,diesel,Diesel,93.89,Patna,Available,fuel_psu
2026-08-07,2026-08-07T06:00:00.000000,HPCL,diesel,Diesel,93.89,Patna,Available,fuel_psu
2026-08-07,2026-08-07T06:00:00.000000,IOCL,petrol,Petrol (95 octane),91.51,Noida,Available,fuel_psu
2026-08-07,2026-08-07T06:00:00.000000,BPCL,petrol,Petrol (95 octane),91.51,Noida,Available,fuel_psu
2026-08-07,2026-08-07T06:00:00.000000,HPCL,petrol,Petrol (95 octane),91.51,Noida,Available,fuel_psu
2026-08-07,2026-08-07T06:00:00.000000,IOCL,diesel,Diesel,89.6,Noida,Available,fuel_psu
2026-08-07,2026-08-07T06:00:00.000000,BPCL,diesel,Diesel,89.6,Noida,Available,fuel_psu
2026-08-07,2026-08-07T06:00:00.000000,HPCL,diesel,Diesel,89.6,Noida,Available,fuel_psu
2026-08-07,2026-08-07T06:00:00.000000,IOCL,petrol,Petrol (95 octane),91.83,Gurgaon,Available,fuel_psu
2026-08-07,2026-08-07T06:00:00.000000,BPCL,petrol,Petrol (95 octane),91.83,Gurgaon,Available,fuel_psu
2026-08-07,2026-08-07T06:00:00.000000,HPCL,petrol,Petrol (95 octane),91.83,Gurgaon,Available,fuel_psu
2026-08-07,2026-08-07T06:00:00.000000,IOCL,diesel,Diesel,89.7,Gurgaon,Available,fuel_psu
2026-08-07,2026-08-07T06:00:00.000000,BPCL,diesel,Diesel,89.7,Gurgaon,Available,fuel_psu
2026-08-07,2026-08-07T06:00:00.000000,HPCL,diesel,Diesel,89.7,Gurgaon,Available,fuel_psu
2026-08-07,2026-08-07T06:00:00.000000,IOCL,petrol,Petrol (95 octane),103.35,Indore,Available,fuel_psu
2026-08-07,2026-08-07T06:00:00.000000,BPCL,petrol,Petrol (95 octane),103.35,Indore,Available,fuel_psu
2026-08-07,2026-08-07T06:00:00.000000,HPCL,petrol,Petrol (95 octane),103.35,Indore,Available,fuel_psu
2026-08-07,2026-08-07T06:00:00.000000,IOCL,diesel,Diesel,93.74,Indore,Available,fuel_psu
2026-08-07,2026-08-07T06:00:00.000000,BPCL,diesel,Diesel,93.74,Indore,Available,fuel_psu
2026-08-07,2026-08-07T06:00:00.000000,HPCL,diesel,Diesel,93.74,Indore,Available,fuel_psu
2026-08-08,2026-08-08T06:00:00.000000,IOCL,petrol,Petrol (95 octane),101.06,Mumbai,Available,fuel_psu
2026-08-08,2026-08-08T06:00:00.000000,BPCL,petrol,Petrol (95 octane),101.06,Mumbai,Available,fuel_psu
2026-08-08,2026-08-08T06:00:00.000000,HPCL,petrol,Petrol (95 octane),101.06,Mumbai,Available,fuel_psu
2026-08-08,2026-08-08T06:00:00.000000,IOCL,diesel,Diesel,94.0,Mumbai,Available,fuel_psu
2026-08-08,2026-08-08T06:00:00.000000,BPCL,diesel,Diesel,94.0,Mumbai,Available,fuel_psu
2026-08-08,2026-08-08T06:00:00.000000,HPCL,diesel,Diesel,94.0,Mumbai,Available,fuel_psu
2026-08-08,2026-08-08T06:00:00.000000,IOCL,petrol,Petrol (95 octane),91.57,Delhi,Available,fuel_psu
2026-08-08,2026-08-08T06:00:00.000000,BPCL,petrol,Petrol (95 octane),91.57,Delhi,Available,fuel_psu
2026-08-08,2026-08-08T06:00:00.000000,HPCL,petrol,Petrol (95 octane),91.57,Delhi,Available,fuel_psu
2026-08-08,2026-08-08T06:00:00.000000,IOCL,diesel,Diesel,89.47,Delhi,Available,fuel_psu
2026-08-08,2026-08-08T06:00:00.000000,BPCL,diesel,Diesel,89.47,Delhi,Available,fuel_psu
2026-08-08,2026-08-08T06:00:00.000000,HPCL,diesel,Diesel,89.47,Delhi,Available,fuel_psu
2026-08-08,2026-08-08T06:00:00.000000,IOCL,petrol,Petrol (95 octane),99.71,Bengaluru,Available,fuel_psu
2026-08-08,2026-08-08T06:00:00.000000,BPCL,petrol,Petrol (95 octane),99.71,Bengaluru,Available,fuel_psu
2026-08-08,2026-08-08T06:00:00.000000,HPCL,petrol,Petrol (95 octane),99.71,Bengaluru,Available,fuel_psu
2026-08-08,2026-08-08T06:00:00.000000,IOCL,diesel,Diesel,90.79,Bengaluru,Available,fuel_psu
2026-08-08,2026-08-08T06:00:00.000000,BPCL,diesel,Diesel,90.79,Bengaluru,Available,fuel_psu
2026-08-08,2026-08-08T06:00:00.000000,HPCL,diesel,Diesel,90.79,Bengaluru,Available,fuel_psu
2026-08-08,2026-08-08T06:00:00.000000,IOCL,petrol,Petrol (95 octane),97.6,Chennai,Available,fuel_psu
2026-08-08,2026-08-08T06:00:00.000000,BPCL,petrol,Petrol (95 octane),97.6,Chennai,Available,fuel_psu
2026-08-08,2026-08-08T06:00:00.000000,HPCL,petrol,Petrol (95 octane),97.6,Chennai,Available,fuel_psu
2026-08-08,2026-08-08T06:00:00.000000,IOCL,diesel,Diesel,94.19,Chennai,Available,fuel_psu
2026-08-08,2026-08-08T06:00:00.000000,BPCL,diesel,Diesel,94.19,Chennai,Available,fuel_psu
2026-08-08,2026-08-08T06:00:00.000000,HPCL,diesel,Diesel,94.19,Chennai,Available,fuel_psu
2026-08-08,2026-08-08T06:00:00.000000,IOCL,petrol,Petrol (95 octane),100.79,Kolkata,Available,fuel_psu
2026-08-08,2026-08-08T06:00:00.000000,BPCL,petrol,Petrol (95 octane),100.79,Kolkata,Available,fuel_psu
2026-08-08,2026-08-08T06:00:00.000000,HPCL,petrol,Petrol (95 octane),100.79,Kolkata,Available,fuel_psu
2026-08-08,2026-08-08T06:00:00.000000,IOCL,diesel,Diesel,92.61,Kolkata,Available,fuel_psu
2026-08-08,2026-08-08T06:00:00.000000,BPCL,diesel,Diesel,92.61,Kolkata,Available,fuel_psu
2026-08-08,2026-08-08T06:00:00.000000,HPCL,diesel,Diesel,92.61,Kolkata,Available,fuel_psu
2026-08-08,2026-08-08T06:00:00.000000,IOCL,petrol,Petrol (95 octane),104.26,Hyderabad,Available,fuel_psu
2026-08-08,2026-08-08T06:00:00.000000,BPCL,petrol,Petrol (95 octane),104.26,Hyderabad,Available,fuel_psu
2026-08-08,2026-08-08T06:00:00.000000,HPCL,petrol,Petrol (95 octane),104.26,Hyderabad,Available,fuel_psu
2026-08-08,2026-08-08T06:00:00.000000,IOCL,diesel,Diesel,97.5,Hyderabad,Available,fuel_psu
2026-08-08,2026-08-08T06:00:00.000000,BPCL,diesel,Diesel,97.5,Hyderabad,Available,fuel_psu
2026-08-08,2026-08-08T06:00:00.000000,HPCL,diesel,Diesel,97.5,Hyderabad,Available,fuel_psu
2026-08-08,2026-08-08T06:00:00.000000,IOCL,petrol,Petrol (95 octane),100.93,Pune,Available,fuel_psu
2026-08-08,2026-08-08T06:00:00.000000,BPCL,petrol,Petrol (95 octane),100.93,Pune,Available,fuel_psu
2026-08-08,2026-08-08T06:00:00.000000,HPCL,petrol,Petrol (95 octane),100.93,Pune,Available,fuel_psu
2026-08-08,2026-08-08T06:00:00.000000,IOCL,diesel,Diesel,92.46,Pune,Available,fuel_psu
2026-08-08,2026-08-08T06:00:00.000000,BPCL,diesel,Diesel,92.46,Pune,Available,fuel_psu
2026-08-08,2026-08-08T06:00:00.000000,HPCL,diesel,Diesel,92.46,Pune,Available,fuel_psu
2026-08-08,2026-08-08T06:00:00.000000,IOCL,petrol,Petrol (95 octane),91.29,Ahmedabad,Available,fuel_psu
2026-08-08,2026-08-08T06:00:00.000000,BPCL,petrol,Petrol (95 octane),91.29,Ahmedabad,Available,fuel_psu
2026-08-08,2026-08-08T06:00:00.000000,HPCL,petrol,Petrol (95 octane),91.29,Ahmedabad,Available,fuel_psu
2026-08-08,2026-08-08T06:00:00.000000,IOCL,diesel,Diesel,91.96,Ahmedabad,Available,fuel_psu
2026-08-08,2026-08-08T06:00:00.000000,BPCL,diesel,Diesel,91.96,Ahmedabad,Available,fuel_psu
2026-08-08,2026-08-08T06:00:00.000000,HPCL,diesel,Diesel,91.96,Ahmedabad,Available,fuel_psu
2026-08-08,2026-08-08T06:00:00.000000,IOCL,petrol,Petrol (95 octane),101.73,Jaipur,Available,fuel_psu
2026-08-08,2026-08-08T06:00:00.000000,BPCL,petrol,Petrol (95 octane),101.73,Jaipur,Available,fuel_psu
2026-08-08,2026-08-08T06:00:00.000000,HPCL,petrol,Petrol (95 octane),101.73,Jaipur,Available,fuel_psu
2026-08-08,2026-08-08T06:00:00.000000,IOCL,diesel,Diesel,92.21,Jaipur,Available,fuel_psu
2026-08-08,2026-08-08T06:00:00.000000,BPCL,diesel,Diesel,92.21,Jaipur,Available,fuel_psu
2026-08-08,2026-08-08T06:00:00.000000,HPCL,diesel,Diesel,92.21,Jaipur,Available,fuel_psu
2026-08-08,2026-08-08T06:00:00.000000,IOCL,petrol,Petrol (95 octane),91.5,Lucknow,Available,fuel_psu
2026-08-08,2026-08-08T06:00:00.000000,BPCL,petrol,Petrol (95 octane),91.5,Lucknow,Available,fuel_psu
2026-08-08,2026-08-08T06:00:00.000000,HPCL,petrol,Petrol (95 octane),91.5,Lucknow,Available,fuel_psu
2026-08-08,2026-08-08T06:00:00.000000,IOCL,diesel,Diesel,89.61,Lucknow,Available,fuel_psu
2026-08-08,2026-08-08T06:00:00.000000,BPCL,diesel,Diesel,89.61,Lucknow,Available,fuel_psu
2026-08-08,2026-08-08T06:00:00.000000,HPCL,diesel,Diesel,89.61,Lucknow,Available,fuel_psu
2026-08-08,2026-08-08T06:00:00.000000,IOCL,petrol,Petrol (95 octane),91.09,Chandigarh,Available,fuel_psu
2026-08-08,2026-08-08T06:00:00.000000,BPCL,petrol,Petrol (95 octane),91.09,Chandigarh,Available,fuel_psu
2026-08-08,2026-08-08T06:00:00.000000,HPCL,petrol,Petrol (95 octane),91.09,Chandigarh,Available,fuel_psu
2026-08-08,2026-08-08T06:00:00.000000,IOCL,diesel,Diesel,84.25,Chandigarh,Available,fuel_psu
2026-08-08,2026-08-08T06:00:00.000000,BPCL,diesel,Diesel,84.25,Chandigarh,Available,fuel_psu
2026-08-08,2026-08-08T06:00:00.000000,HPCL,diesel,Diesel,84.25,Chandigarh,Available,fuel_psu
2026-08-08,2026-08-08T06:00:00.000000,IOCL,petrol,Petrol (95 octane),91.16,Surat,Available,fuel_psu
2026-08-08,2026-08-08T06:00:00.000000,BPCL,petrol,Petrol (95 octane),91.16,Surat,Available,fuel_psu
2026-08-08,2026-08-08T06:00:00.000000,HPCL,petrol,Petrol (95 octane),91.16,Surat,Available,fuel_psu
2026-08-08,2026-08-08T06:00:00.000000,IOCL,diesel,Diesel,91.83,Surat,Available,fuel_psu
2026-08-08,2026-08-08T06:00:00.000000,BPCL,diesel,Diesel,91.83,Surat,Available,fuel_psu
2026-08-08,2026-08-08T06:00:00.000000,HPCL,diesel,Diesel,91.83,Surat,Available,fuel_psu
2026-08-08,2026-08-08T06:00:00.000000,IOCL,petrol,Petrol (95 octane),102.03,Patna,Available,fuel_psu
2026-08-08,2026-08-08T06:00:00.000000,BPCL,petrol,Petrol (95 octane),102.03,Patna,Available,fuel_psu
2026-08-08,2026-08-08T06:00:00.000000,HPCL,petrol,Petrol (95 octane),102.03,Patna,Available,fuel_psu
2026-08-08,2026-08-08T06:00:00.000000,IOCL,diesel,Diesel,93.89,Patna,Available,fuel_psu
2026-08-08,2026-08-08T06:00:00.000000,BPCL,diesel,Diesel,93.89,Patna,Available,fuel_psu
2026-08-08,2026-08-08T06:00:00.000000,HPCL,diesel,Diesel,93.89,Patna,Available,fuel_psu
2026-08-08,2026-08-08T06:00:00.000000,IOCL,petrol,Petrol (95 octane),91.51,Noida,Available,fuel_psu
2026-08-08,2026-08-08T06:00:00.000000,BPCL,petrol,Petrol (95 octane),91.51,Noida,Available,fuel_psu
2026-08-08,2026-08-08T06:00:00.000000,HPCL,petrol,Petrol (95 octane),91.51,Noida,Available,fuel_psu
2026-08-08,2026-08-08T06:00:00.000000,IOCL,diesel,Diesel,89.6,Noida,Available,fuel_psu
2026-08-08,2026-08-08T06:00:00.000000,BPCL,diesel,Diesel,89.6,Noida,Available,fuel_psu
2026-08-08,2026-08-08T06:00:00.000000,HPCL,diesel,Diesel,89.6,Noida,Available,fuel_psu
2026-08-08,2026-08-08T06:00:00.000000,IOCL,petrol,Petrol (95 octane),91.83,Gurgaon,Available,fuel_psu
2026-08-08,2026-08-08T06:00:00.000000,BPCL,petrol,Petrol (95 octane),91.83,Gurgaon,Available,fuel_psu
2026-08-08,2026-08-08T06:00:00.000000,HPCL,petrol,Petrol (95 octane),91.83,Gurgaon,Available,fuel_psu
2026-08-08,2026-08-08T06:00:00.000000,IOCL,diesel,Diesel,89.7,Gurgaon,Available,fuel_psu
2026-08-08,2026-08-08T06:00:00.000000,BPCL,diesel,Diesel,89.7,Gurgaon,Available,fuel_psu
2026-08-08,2026-08-08T06:00:00.000000,HPCL,diesel,Diesel,89.7,Gurgaon,Available,fuel_psu
2026-08-08,2026-08-08T06:00:00.000000,IOCL,petrol,Petrol (95 octane),103.35,Indore,Available,fuel_psu
2026-08-08,2026-08-08T06:00:00.000000,BPCL,petrol,Petrol (95 octane),103.35,Indore,Available,fuel_psu
2026-08-08,2026-08-08T06:00:00.000000,HPCL,petrol,Petrol (95 octane),103.35,Indore,Available,fuel_psu
2026-08-08,2026-08-08T06:00:00.000000,IOCL,diesel,Diesel,93.74,Indore,Available,fuel_psu
2026-08-08,2026-08-08T06:00:00.000000,BPCL,diesel,Diesel,93.74,Indore,Available,fuel_psu
2026-08-08,2026-08-08T06:00:00.000000,HPCL,diesel,Diesel,93.74,Indore,Available,fuel_psu
2026-08-09,2026-08-09T06:00:00.000000,IOCL,petrol,Petrol (95 octane),101.06,Mumbai,Available,fuel_psu
2026-08-09,2026-08-09T06:00:00.000000,BPCL,petrol,Petrol (95 octane),101.06,Mumbai,Available,fuel_psu
2026-08-09,2026-08-09T06:00:00.000000,HPCL,petrol,Petrol (95 octane),101.06,Mumbai,Available,fuel_psu
2026-08-09,2026-08-09T06:00:00.000000,IOCL,diesel,Diesel,94.0,Mumbai,Available,fuel_psu
2026-08-09,2026-08-09T06:00:00.000000,BPCL,diesel,Diesel,94.0,Mumbai,Available,fuel_psu
2026-08-09,2026-08-09T06:00:00.000000,HPCL,diesel,Diesel,94.0,Mumbai,Available,fuel_psu
2026-08-09,2026-08-09T06:00:00.000000,IOCL,petrol,Petrol (95 octane),91.57,Delhi,Available,fuel_psu
2026-08-09,2026-08-09T06:00:00.000000,BPCL,petrol,Petrol (95 octane),91.57,Delhi,Available,fuel_psu
2026-08-09,2026-08-09T06:00:00.000000,HPCL,petrol,Petrol (95 octane),91.57,Delhi,Available,fuel_psu
2026-08-09,2026-08-09T06:00:00.000000,IOCL,diesel,Diesel,89.47,Delhi,Available,fuel_psu
2026-08-09,2026-08-09T06:00:00.000000,BPCL,diesel,Diesel,89.47,Delhi,Available,fuel_psu
2026-08-09,2026-08-09T06:00:00.000000,HPCL,diesel,Diesel,89.47,Delhi,Available,fuel_psu
2026-08-09,2026-08-09T06:00:00.000000,IOCL,petrol,Petrol (95 octane),99.71,Bengaluru,Available,fuel_psu
2026-08-09,2026-08-09T06:00:00.000000,BPCL,petrol,Petrol (95 octane),99.71,Bengaluru,Available,fuel_psu
2026-08-09,2026-08-09T06:00:00.000000,HPCL,petrol,Petrol (95 octane),99.71,Bengaluru,Available,fuel_psu
2026-08-09,2026-08-09T06:00:00.000000,IOCL,diesel,Diesel,90.79,Bengaluru,Available,fuel_psu
2026-08-09,2026-08-09T06:00:00.000000,BPCL,diesel,Diesel,90.79,Bengaluru,Available,fuel_psu
2026-08-09,2026-08-09T06:00:00.000000,HPCL,diesel,Diesel,90.79,Bengaluru,Available,fuel_psu
2026-08-09,2026-08-09T06:00:00.000000,IOCL,petrol,Petrol (95 octane),97.6,Chennai,Available,fuel_psu
2026-08-09,2026-08-09T06:00:00.000000,BPCL,petrol,Petrol (95 octane),97.6,Chennai,Available,fuel_psu
2026-08-09,2026-08-09T06:00:00.000000,HPCL,petrol,Petrol (95 octane),97.6,Chennai,Available,fuel_psu
2026-08-09,2026-08-09T06:00:00.000000,IOCL,diesel,Diesel,94.19,Chennai,Available,fuel_psu
2026-08-09,2026-08-09T06:00:00.000000,BPCL,diesel,Diesel,94.19,Chennai,Available,fuel_psu
2026-08-09,2026-08-09T06:00:00.000000,HPCL,diesel,Diesel,94.19,Chennai,Available,fuel_psu
2026-08-09,2026-08-09T06:00:00.000000,IOCL,petrol,Petrol (95 octane),100.79,Kolkata,Available,fuel_psu
2026-08-09,2026-08-09T06:00:00.000000,BPCL,petrol,Petrol (95 octane),100.79,Kolkata,Available,fuel_psu
2026-08-09,2026-08-09T06:00:00.000000,HPCL,petrol,Petrol (95 octane),100.79,Kolkata,Available,fuel_psu
2026-08-09,2026-08-09T06:00:00.000000,IOCL,diesel,Diesel,92.61,Kolkata,Available,fuel_psu
2026-08-09,2026-08-09T06:00:00.000000,BPCL,diesel,Diesel,92.61,Kolkata,Available,fuel_psu
2026-08-09,2026-08-09T06:00:00.000000,HPCL,diesel,Diesel,92.61,Kolkata,Available,fuel_psu
2026-08-09,2026-08-09T06:00:00.000000,IOCL,petrol,Petrol (95 octane),104.26,Hyderabad,Available,fuel_psu
2026-08-09,2026-08-09T06:00:00.000000,BPCL,petrol,Petrol (95 octane),104.26,Hyderabad,Available,fuel_psu
2026-08-09,2026-08-09T06:00:00.000000,HPCL,petrol,Petrol (95 octane),104.26,Hyderabad,Available,fuel_psu
2026-08-09,2026-08-09T06:00:00.000000,IOCL,diesel,Diesel,97.5,Hyderabad,Available,fuel_psu
2026-08-09,2026-08-09T06:00:00.000000,BPCL,diesel,Diesel,97.5,Hyderabad,Available,fuel_psu
2026-08-09,2026-08-09T06:00:00.000000,HPCL,diesel,Diesel,97.5,Hyderabad,Available,fuel_psu
2026-08-09,2026-08-09T06:00:00.000000,IOCL,petrol,Petrol (95 octane),100.93,Pune,Available,fuel_psu
2026-08-09,2026-08-09T06:00:00.000000,BPCL,petrol,Petrol (95 octane),100.93,Pune,Available,fuel_psu
2026-08-09,2026-08-09T06:00:00.000000,HPCL,petrol,Petrol (95 octane),100.93,Pune,Available,fuel_psu
2026-08-09,2026-08-09T06:00:00.000000,IOCL,diesel,Diesel,92.46,Pune,Available,fuel_psu
2026-08-09,2026-08-09T06:00:00.000000,BPCL,diesel,Diesel,92.46,Pune,Available,fuel_psu
2026-08-09,2026-08-09T06:00:00.000000,HPCL,diesel,Diesel,92.46,Pune,Available,fuel_psu
2026-08-09,2026-08-09T06:00:00.000000,IOCL,petrol,Petrol (95 octane),91.29,Ahmedabad,Available,fuel_psu
2026-08-09,2026-08-09T06:00:00.000000,BPCL,petrol,Petrol (95 octane),91.29,Ahmedabad,Available,fuel_psu
2026-08-09,2026-08-09T06:00:00.000000,HPCL,petrol,Petrol (95 octane),91.29,Ahmedabad,Available,fuel_psu
2026-08-09,2026-08-09T06:00:00.000000,IOCL,diesel,Diesel,91.96,Ahmedabad,Available,fuel_psu
2026-08-09,2026-08-09T06:00:00.000000,BPCL,diesel,Diesel,91.96,Ahmedabad,Available,fuel_psu
2026-08-09,2026-08-09T06:00:00.000000,HPCL,diesel,Diesel,91.96,Ahmedabad,Available,fuel_psu
2026-08-09,2026-08-09T06:00:00.000000,IOCL,petrol,Petrol (95 octane),101.73,Jaipur,Available,fuel_psu
2026-08-09,2026-08-09T06:00:00.000000,BPCL,petrol,Petrol (95 octane),101.73,Jaipur,Available,fuel_psu
2026-08-09,2026-08-09T06:00:00.000000,HPCL,petrol,Petrol (95 octane),101.73,Jaipur,Available,fuel_psu
2026-08-09,2026-08-09T06:00:00.000000,IOCL,diesel,Diesel,92.21,Jaipur,Available,fuel_psu
2026-08-09,2026-08-09T06:00:00.000000,BPCL,diesel,Diesel,92.21,Jaipur,Available,fuel_psu
2026-08-09,2026-08-09T06:00:00.000000,HPCL,diesel,Diesel,92.21,Jaipur,Available,fuel_psu
2026-08-09,2026-08-09T06:00:00.000000,IOCL,petrol,Petrol (95 octane),91.5,Lucknow,Available,fuel_psu
2026-08-09,2026-08-09T06:00:00.000000,BPCL,petrol,Petrol (95 octane),91.5,Lucknow,Available,fuel_psu
2026-08-09,2026-08-09T06:00:00.000000,HPCL,petrol,Petrol (95 octane),91.5,Lucknow,Available,fuel_psu
2026-08-09,2026-08-09T06:00:00.000000,IOCL,diesel,Diesel,89.61,Lucknow,Available,fuel_psu
2026-08-09,2026-08-09T06:00:00.000000,BPCL,diesel,Diesel,89.61,Lucknow,Available,fuel_psu
2026-08-09,2026-08-09T06:00:00.000000,HPCL,diesel,Diesel,89.61,Lucknow,Available,fuel_psu
2026-08-09,2026-08-09T06:00:00.000000,IOCL,petrol,Petrol (95 octane),91.09,Chandigarh,Available,fuel_psu
2026-08-09,2026-08-09T06:00:00.000000,BPCL,petrol,Petrol (95 octane),91.09,Chandigarh,Available,fuel_psu
2026-08-09,2026-08-09T06:00:00.000000,HPCL,petrol,Petrol (95 octane),91.09,Chandigarh,Available,fuel_psu
2026-08-09,2026-08-09T06:00:00.000000,IOCL,diesel,Diesel,84.25,Chandigarh,Available,fuel_psu
2026-08-09,2026-08-09T06:00:00.000000,BPCL,diesel,Diesel,84.25,Chandigarh,Available,fuel_psu
2026-08-09,2026-08-09T06:00:00.000000,HPCL,diesel,Diesel,84.25,Chandigarh,Available,fuel_psu
2026-08-09,2026-08-09T06:00:00.000000,IOCL,petrol,Petrol (95 octane),91.16,Surat,Available,fuel_psu
2026-08-09,2026-08-09T06:00:00.000000,BPCL,petrol,Petrol (95 octane),91.16,Surat,Available,fuel_psu
2026-08-09,2026-08-09T06:00:00.000000,HPCL,petrol,Petrol (95 octane),91.16,Surat,Available,fuel_psu
2026-08-09,2026-08-09T06:00:00.000000,IOCL,diesel,Diesel,91.83,Surat,Available,fuel_psu
2026-08-09,2026-08-09T06:00:00.000000,BPCL,diesel,Diesel,91.83,Surat,Available,fuel_psu
2026-08-09,2026-08-09T06:00:00.000000,HPCL,diesel,Diesel,91.83,Surat,Available,fuel_psu
2026-08-09,2026-08-09T06:00:00.000000,IOCL,petrol,Petrol (95 octane),102.03,Patna,Available,fuel_psu
2026-08-09,2026-08-09T06:00:00.000000,BPCL,petrol,Petrol (95 octane),102.03,Patna,Available,fuel_psu
2026-08-09,2026-08-09T06:00:00.000000,HPCL,petrol,Petrol (95 octane),102.03,Patna,Available,fuel_psu
2026-08-09,2026-08-09T06:00:00.000000,IOCL,diesel,Diesel,93.89,Patna,Available,fuel_psu
2026-08-09,2026-08-09T06:00:00.000000,BPCL,diesel,Diesel,93.89,Patna,Available,fuel_psu
2026-08-09,2026-08-09T06:00:00.000000,HPCL,diesel,Diesel,93.89,Patna,Available,fuel_psu
2026-08-09,2026-08-09T06:00:00.000000,IOCL,petrol,Petrol (95 octane),91.51,Noida,Available,fuel_psu
2026-08-09,2026-08-09T06:00:00.000000,BPCL,petrol,Petrol (95 octane),91.51,Noida,Available,fuel_psu
2026-08-09,2026-08-09T06:00:00.000000,HPCL,petrol,Petrol (95 octane),91.51,Noida,Available,fuel_psu
2026-08-09,2026-08-09T06:00:00.000000,IOCL,diesel,Diesel,89.6,Noida,Available,fuel_psu
2026-08-09,2026-08-09T06:00:00.000000,BPCL,diesel,Diesel,89.6,Noida,Available,fuel_psu
2026-08-09,2026-08-09T06:00:00.000000,HPCL,diesel,Diesel,89.6,Noida,Available,fuel_psu
2026-08-09,2026-08-09T06:00:00.000000,IOCL,petrol,Petrol (95 octane),91.83,Gurgaon,Available,fuel_psu
2026-08-09,2026-08-09T06:00:00.000000,BPCL,petrol,Petrol (95 octane),91.83,Gurgaon,Available,fuel_psu
2026-08-09,2026-08-09T06:00:00.000000,HPCL,petrol,Petrol (95 octane),91.83,Gurgaon,Available,fuel_psu
2026-08-09,2026-08-09T06:00:00.000000,IOCL,diesel,Diesel,89.7,Gurgaon,Available,fuel_psu
2026-08-09,2026-08-09T06:00:00.000000,BPCL,diesel,Diesel,89.7,Gurgaon,Available,fuel_psu
2026-08-09,2026-08-09T06:00:00.000000,HPCL,diesel,Diesel,89.7,Gurgaon,Available,fuel_psu
2026-08-09,2026-08-09T06:00:00.000000,IOCL,petrol,Petrol (95 octane),103.35,Indore,Available,fuel_psu
2026-08-09,2026-08-09T06:00:00.000000,BPCL,petrol,Petrol (95 octane),103.35,Indore,Available,fuel_psu
2026-08-09,2026-08-09T06:00:00.000000,HPCL,petrol,Petrol (95 octane),103.35,Indore,Available,fuel_psu
2026-08-09,2026-08-09T06:00:00.000000,IOCL,diesel,Diesel,93.74,Indore,Available,fuel_psu
2026-08-09,2026-08-09T06:00:00.000000,BPCL,diesel,Diesel,93.74,Indore,Available,fuel_psu
2026-08-09,2026-08-09T06:00:00.000000,HPCL,diesel,Diesel,93.74,Indore,Available,fuel_psu
2026-08-10,2026-08-10T06:00:00.000000,IOCL,petrol,Petrol (95 octane),101.06,Mumbai,Available,fuel_psu
2026-08-10,2026-08-10T06:00:00.000000,BPCL,petrol,Petrol (95 octane),101.06,Mumbai,Available,fuel_psu
2026-08-10,2026-08-10T06:00:00.000000,HPCL,petrol,Petrol (95 octane),101.06,Mumbai,Available,fuel_psu
2026-08-10,2026-08-10T06:00:00.000000,IOCL,diesel,Diesel,94.0,Mumbai,Available,fuel_psu
2026-08-10,2026-08-10T06:00:00.000000,BPCL,diesel,Diesel,94.0,Mumbai,Available,fuel_psu
2026-08-10,2026-08-10T06:00:00.000000,HPCL,diesel,Diesel,94.0,Mumbai,Available,fuel_psu
2026-08-10,2026-08-10T06:00:00.000000,IOCL,petrol,Petrol (95 octane),91.57,Delhi,Available,fuel_psu
2026-08-10,2026-08-10T06:00:00.000000,BPCL,petrol,Petrol (95 octane),91.57,Delhi,Available,fuel_psu
2026-08-10,2026-08-10T06:00:00.000000,HPCL,petrol,Petrol (95 octane),91.57,Delhi,Available,fuel_psu
2026-08-10,2026-08-10T06:00:00.000000,IOCL,diesel,Diesel,89.47,Delhi,Available,fuel_psu
2026-08-10,2026-08-10T06:00:00.000000,BPCL,diesel,Diesel,89.47,Delhi,Available,fuel_psu
2026-08-10,2026-08-10T06:00:00.000000,HPCL,diesel,Diesel,89.47,Delhi,Available,fuel_psu
2026-08-10,2026-08-10T06:00:00.000000,IOCL,petrol,Petrol (95 octane),99.71,Bengaluru,Available,fuel_psu
2026-08-10,2026-08-10T06:00:00.000000,BPCL,petrol,Petrol (95 octane),99.71,Bengaluru,Available,fuel_psu
2026-08-10,2026-08-10T06:00:00.000000,HPCL,petrol,Petrol (95 octane),99.71,Bengaluru,Available,fuel_psu
2026-08-10,2026-08-10T06:00:00.000000,IOCL,diesel,Diesel,90.79,Bengaluru,Available,fuel_psu
2026-08-10,2026-08-10T06:00:00.000000,BPCL,diesel,Diesel,90.79,Bengaluru,Available,fuel_psu
2026-08-10,2026-08-10T06:00:00.000000,HPCL,diesel,Diesel,90.79,Bengaluru,Available,fuel_psu
2026-08-10,2026-08-10T06:00:00.000000,IOCL,petrol,Petrol (95 octane),97.6,Chennai,Available,fuel_psu
2026-08-10,2026-08-10T06:00:00.000000,BPCL,petrol,Petrol (95 octane),97.6,Chennai,Available,fuel_psu
2026-08-10,2026-08-10T06:00:00.000000,HPCL,petrol,Petrol (95 octane),97.6,Chennai,Available,fuel_psu
2026-08-10,2026-08-10T06:00:00.000000,IOCL,diesel,Diesel,94.19,Chennai,Available,fuel_psu
2026-08-10,2026-08-10T06:00:00.000000,BPCL,diesel,Diesel,94.19,Chennai,Available,fuel_psu
2026-08-10,2026-08-10T06:00:00.000000,HPCL,diesel,Diesel,94.19,Chennai,Available,fuel_psu
2026-08-10,2026-08-10T06:00:00.000000,IOCL,petrol,Petrol (95 octane),100.79,Kolkata,Available,fuel_psu
2026-08-10,2026-08-10T06:00:00.000000,BPCL,petrol,Petrol (95 octane),100.79,Kolkata,Available,fuel_psu
2026-08-10,2026-08-10T06:00:00.000000,HPCL,petrol,Petrol (95 octane),100.79,Kolkata,Available,fuel_psu
2026-08-10,2026-08-10T06:00:00.000000,IOCL,diesel,Diesel,92.61,Kolkata,Available,fuel_psu
2026-08-10,2026-08-10T06:00:00.000000,BPCL,diesel,Diesel,92.61,Kolkata,Available,fuel_psu
2026-08-10,2026-08-10T06:00:00.000000,HPCL,diesel,Diesel,92.61,Kolkata,Available,fuel_psu
2026-08-10,2026-08-10T06:00:00.000000,IOCL,petrol,Petrol (95 octane),104.26,Hyderabad,Available,fuel_psu
2026-08-10,2026-08-10T06:00:00.000000,BPCL,petrol,Petrol (95 octane),104.26,Hyderabad,Available,fuel_psu
2026-08-10,2026-08-10T06:00:00.000000,HPCL,petrol,Petrol (95 octane),104.26,Hyderabad,Available,fuel_psu
2026-08-10,2026-08-10T06:00:00.000000,IOCL,diesel,Diesel,97.5,Hyderabad,Available,fuel_psu
2026-08-10,2026-08-10T06:00:00.000000,BPCL,diesel,Diesel,97.5,Hyderabad,Available,fuel_psu
2026-08-10,2026-08-10T06:00:00.000000,HPCL,diesel,Diesel,97.5,Hyderabad,Available,fuel_psu
2026-08-10,2026-08-10T06:00:00.000000,IOCL,petrol,Petrol (95 octane),100.93,Pune,Available,fuel_psu
2026-08-10,2026-08-10T06:00:00.000000,BPCL,petrol,Petrol (95 octane),100.93,Pune,Available,fuel_psu
2026-08-10,2026-08-10T06:00:00.000000,HPCL,petrol,Petrol (95 octane),100.93,Pune,Available,fuel_psu
2026-08-10,2026-08-10T06:00:00.000000,IOCL,diesel,Diesel,92.46,Pune,Available,fuel_psu
2026-08-10,2026-08-10T06:00:00.000000,BPCL,diesel,Diesel,92.46,Pune,Available,fuel_psu
2026-08-10,2026-08-10T06:00:00.000000,HPCL,diesel,Diesel,92.46,Pune,Available,fuel_psu
2026-08-10,2026-08-10T06:00:00.000000,IOCL,petrol,Petrol (95 octane),91.29,Ahmedabad,Available,fuel_psu
2026-08-10,2026-08-10T06:00:00.000000,BPCL,petrol,Petrol (95 octane),91.29,Ahmedabad,Available,fuel_psu
2026-08-10,2026-08-10T06:00:00.000000,HPCL,petrol,Petrol (95 octane),91.29,Ahmedabad,Available,fuel_psu
2026-08-10,2026-08-10T06:00:00.000000,IOCL,diesel,Diesel,91.96,Ahmedabad,Available,fuel_psu
2026-08-10,2026-08-10T06:00:00.000000,BPCL,diesel,Diesel,91.96,Ahmedabad,Available,fuel_psu
2026-08-10,2026-08-10T06:00:00.000000,HPCL,diesel,Diesel,91.96,Ahmedabad,Available,fuel_psu
2026-08-10,2026-08-10T06:00:00.000000,IOCL,petrol,Petrol (95 octane),101.73,Jaipur,Available,fuel_psu
2026-08-10,2026-08-10T06:00:00.000000,BPCL,petrol,Petrol (95 octane),101.73,Jaipur,Available,fuel_psu
2026-08-10,2026-08-10T06:00:00.000000,HPCL,petrol,Petrol (95 octane),101.73,Jaipur,Available,fuel_psu
2026-08-10,2026-08-10T06:00:00.000000,IOCL,diesel,Diesel,92.21,Jaipur,Available,fuel_psu
2026-08-10,2026-08-10T06:00:00.000000,BPCL,diesel,Diesel,92.21,Jaipur,Available,fuel_psu
2026-08-10,2026-08-10T06:00:00.000000,HPCL,diesel,Diesel,92.21,Jaipur,Available,fuel_psu
2026-08-10,2026-08-10T06:00:00.000000,IOCL,petrol,Petrol (95 octane),91.5,Lucknow,Available,fuel_psu
2026-08-10,2026-08-10T06:00:00.000000,BPCL,petrol,Petrol (95 octane),91.5,Lucknow,Available,fuel_psu
2026-08-10,2026-08-10T06:00:00.000000,HPCL,petrol,Petrol (95 octane),91.5,Lucknow,Available,fuel_psu
2026-08-10,2026-08-10T06:00:00.000000,IOCL,diesel,Diesel,89.61,Lucknow,Available,fuel_psu
2026-08-10,2026-08-10T06:00:00.000000,BPCL,diesel,Diesel,89.61,Lucknow,Available,fuel_psu
2026-08-10,2026-08-10T06:00:00.000000,HPCL,diesel,Diesel,89.61,Lucknow,Available,fuel_psu
2026-08-10,2026-08-10T06:00:00.000000,IOCL,petrol,Petrol (95 octane),91.09,Chandigarh,Available,fuel_psu
2026-08-10,2026-08-10T06:00:00.000000,BPCL,petrol,Petrol (95 octane),91.09,Chandigarh,Available,fuel_psu
2026-08-10,2026-08-10T06:00:00.000000,HPCL,petrol,Petrol (95 octane),91.09,Chandigarh,Available,fuel_psu
2026-08-10,2026-08-10T06:00:00.000000,IOCL,diesel,Diesel,84.25,Chandigarh,Available,fuel_psu
2026-08-10,2026-08-10T06:00:00.000000,BPCL,diesel,Diesel,84.25,Chandigarh,Available,fuel_psu
2026-08-10,2026-08-10T06:00:00.000000,HPCL,diesel,Diesel,84.25,Chandigarh,Available,fuel_psu
2026-08-10,2026-08-10T06:00:00.000000,IOCL,petrol,Petrol (95 octane),91.16,Surat,Available,fuel_psu
2026-08-10,2026-08-10T06:00:00.000000,BPCL,petrol,Petrol (95 octane),91.16,Surat,Available,fuel_psu
2026-08-10,2026-08-10T06:00:00.000000,HPCL,petrol,Petrol (95 octane),91.16,Surat,Available,fuel_psu
2026-08-10,2026-08-10T06:00:00.000000,IOCL,diesel,Diesel,91.83,Surat,Available,fuel_psu
2026-08-10,2026-08-10T06:00:00.000000,BPCL,diesel,Diesel,91.83,Surat,Available,fuel_psu
2026-08-10,2026-08-10T06:00:00.000000,HPCL,diesel,Diesel,91.83,Surat,Available,fuel_psu
2026-08-10,2026-08-10T06:00:00.000000,IOCL,petrol,Petrol (95 octane),102.03,Patna,Available,fuel_psu
2026-08-10,2026-08-10T06:00:00.000000,BPCL,petrol,Petrol (95 octane),102.03,Patna,Available,fuel_psu
2026-08-10,2026-08-10T06:00:00.000000,HPCL,petrol,Petrol (95 octane),102.03,Patna,Available,fuel_psu
2026-08-10,2026-08-10T06:00:00.000000,IOCL,diesel,Diesel,93.89,Patna,Available,fuel_psu
2026-08-10,2026-08-10T06:00:00.000000,BPCL,diesel,Diesel,93.89,Patna,Available,fuel_psu
2026-08-10,2026-08-10T06:00:00.000000,HPCL,diesel,Diesel,93.89,Patna,Available,fuel_psu
2026-08-10,2026-08-10T06:00:00.000000,IOCL,petrol,Petrol (95 octane),91.51,Noida,Available,fuel_psu
2026-08-10,2026-08-10T06:00:00.000000,BPCL,petrol,Petrol (95 octane),91.51,Noida,Available,fuel_psu
2026-08-10,2026-08-10T06:00:00.000000,HPCL,petrol,Petrol (95 octane),91.51,Noida,Available,fuel_psu
2026-08-10,2026-08-10T06:00:00.000000,IOCL,diesel,Diesel,89.6,Noida,Available,fuel_psu
2026-08-10,2026-08-10T06:00:00.000000,BPCL,diesel,Diesel,89.6,Noida,Available,fuel_psu
2026-08-10,2026-08-10T06:00:00.000000,HPCL,diesel,Diesel,89.6,Noida,Available,fuel_psu
2026-08-10,2026-08-10T06:00:00.000000,IOCL,petrol,Petrol (95 octane),91.83,Gurgaon,Available,fuel_psu
2026-08-10,2026-08-10T06:00:00.000000,BPCL,petrol,Petrol (95 octane),91.83,Gurgaon,Available,fuel_psu
2026-08-10,2026-08-10T06:00:00.000000,HPCL,petrol,Petrol (95 octane),91.83,Gurgaon,Available,fuel_psu
2026-08-10,2026-08-10T06:00:00.000000,IOCL,diesel,Diesel,89.7,Gurgaon,Available,fuel_psu
2026-08-10,2026-08-10T06:00:00.000000,BPCL,diesel,Diesel,89.7,Gurgaon,Available,fuel_psu
2026-08-10,2026-08-10T06:00:00.000000,HPCL,diesel,Diesel,89.7,Gurgaon,Available,fuel_psu
2026-08-10,2026-08-10T06:00:00.000000,IOCL,petrol,Petrol (95 octane),103.35,Indore,Available,fuel_psu
2026-08-10,2026-08-10T06:00:00.000000,BPCL,petrol,Petrol (95 octane),103.35,Indore,Available,fuel_psu
2026-08-10,2026-08-10T06:00:00.000000,HPCL,petrol,Petrol (95 octane),103.35,Indore,Available,fuel_psu
2026-08-10,2026-08-10T06:00:00.000000,IOCL,diesel,Diesel,93.74,Indore,Available,fuel_psu
2026-08-10,2026-08-10T06:00:00.000000,BPCL,diesel,Diesel,93.74,Indore,Available,fuel_psu
2026-08-10,2026-08-10T06:00:00.000000,HPCL,diesel,Diesel,93.74,Indore,Available,fuel_psu
2026-08-11,2026-08-11T06:00:00.000000,IOCL,petrol,Petrol (95 octane),101.06,Mumbai,Available,fuel_psu
2026-08-11,2026-08-11T06:00:00.000000,BPCL,petrol,Petrol (95 octane),101.06,Mumbai,Available,fuel_psu
2026-08-11,2026-08-11T06:00:00.000000,HPCL,petrol,Petrol (95 octane),101.06,Mumbai,Available,fuel_psu
2026-08-11,2026-08-11T06:00:00.000000,IOCL,diesel,Diesel,94.0,Mumbai,Available,fuel_psu
2026-08-11,2026-08-11T06:00:00.000000,BPCL,diesel,Diesel,94.0,Mumbai,Available,fuel_psu
2026-08-11,2026-08-11T06:00:00.000000,HPCL,diesel,Diesel,94.0,Mumbai,Available,fuel_psu
2026-08-11,2026-08-11T06:00:00.000000,IOCL,petrol,Petrol (95 octane),91.57,Delhi,Available,fuel_psu
2026-08-11,2026-08-11T06:00:00.000000,BPCL,petrol,Petrol (95 octane),91.57,Delhi,Available,fuel_psu
2026-08-11,2026-08-11T06:00:00.000000,HPCL,petrol,Petrol (95 octane),91.57,Delhi,Available,fuel_psu
2026-08-11,2026-08-11T06:00:00.000000,IOCL,diesel,Diesel,89.47,Delhi,Available,fuel_psu
2026-08-11,2026-08-11T06:00:00.000000,BPCL,diesel,Diesel,89.47,Delhi,Available,fuel_psu
2026-08-11,2026-08-11T06:00:00.000000,HPCL,diesel,Diesel,89.47,Delhi,Available,fuel_psu
2026-08-11,2026-08-11T06:00:00.000000,IOCL,petrol,Petrol (95 octane),99.71,Bengaluru,Available,fuel_psu
2026-08-11,2026-08-11T06:00:00.000000,BPCL,petrol,Petrol (95 octane),99.71,Bengaluru,Available,fuel_psu
2026-08-11,2026-08-11T06:00:00.000000,HPCL,petrol,Petrol (95 octane),99.71,Bengaluru,Available,fuel_psu
2026-08-11,2026-08-11T06:00:00.000000,IOCL,diesel,Diesel,90.79,Bengaluru,Available,fuel_psu
2026-08-11,2026-08-11T06:00:00.000000,BPCL,diesel,Diesel,90.79,Bengaluru,Available,fuel_psu
2026-08-11,2026-08-11T06:00:00.000000,HPCL,diesel,Diesel,90.79,Bengaluru,Available,fuel_psu
2026-08-11,2026-08-11T06:00:00.000000,IOCL,petrol,Petrol (95 octane),97.6,Chennai,Available,fuel_psu
2026-08-11,2026-08-11T06:00:00.000000,BPCL,petrol,Petrol (95 octane),97.6,Chennai,Available,fuel_psu
2026-08-11,2026-08-11T06:00:00.000000,HPCL,petrol,Petrol (95 octane),97.6,Chennai,Available,fuel_psu
2026-08-11,2026-08-11T06:00:00.000000,IOCL,diesel,Diesel,94.19,Chennai,Available,fuel_psu
2026-08-11,2026-08-11T06:00:00.000000,BPCL,diesel,Diesel,94.19,Chennai,Available,fuel_psu
2026-08-11,2026-08-11T06:00:00.000000,HPCL,diesel,Diesel,94.19,Chennai,Available,fuel_psu
2026-08-11,2026-08-11T06:00:00.000000,IOCL,petrol,Petrol (95 octane),100.79,Kolkata,Available,fuel_psu
2026-08-11,2026-08-11T06:00:00.000000,BPCL,petrol,Petrol (95 octane),100.79,Kolkata,Available,fuel_psu
2026-08-11,2026-08-11T06:00:00.000000,HPCL,petrol,Petrol (95 octane),100.79,Kolkata,Available,fuel_psu
2026-08-11,2026-08-11T06:00:00.000000,IOCL,diesel,Diesel,92.61,Kolkata,Available,fuel_psu
2026-08-11,2026-08-11T06:00:00.000000,BPCL,diesel,Diesel,92.61,Kolkata,Available,fuel_psu
2026-08-11,2026-08-11T06:00:00.000000,HPCL,diesel,Diesel,92.61,Kolkata,Available,fuel_psu
2026-08-11,2026-08-11T06:00:00.000000,IOCL,petrol,Petrol (95 octane),104.26,Hyderabad,Available,fuel_psu
2026-08-11,2026-08-11T06:00:00.000000,BPCL,petrol,Petrol (95 octane),104.26,Hyderabad,Available,fuel_psu
2026-08-11,2026-08-11T06:00:00.000000,HPCL,petrol,Petrol (95 octane),104.26,Hyderabad,Available,fuel_psu
2026-08-11,2026-08-11T06:00:00.000000,IOCL,diesel,Diesel,97.5,Hyderabad,Available,fuel_psu
2026-08-11,2026-08-11T06:00:00.000000,BPCL,diesel,Diesel,97.5,Hyderabad,Available,fuel_psu
2026-08-11,2026-08-11T06:00:00.000000,HPCL,diesel,Diesel,97.5,Hyderabad,Available,fuel_psu
2026-08-11,2026-08-11T06:00:00.000000,IOCL,petrol,Petrol (95 octane),100.93,Pune,Available,fuel_psu
2026-08-11,2026-08-11T06:00:00.000000,BPCL,petrol,Petrol (95 octane),100.93,Pune,Available,fuel_psu
2026-08-11,2026-08-11T06:00:00.000000,HPCL,petrol,Petrol (95 octane),100.93,Pune,Available,fuel_psu
2026-08-11,2026-08-11T06:00:00.000000,IOCL,diesel,Diesel,92.46,Pune,Available,fuel_psu
2026-08-11,2026-08-11T06:00:00.000000,BPCL,diesel,Diesel,92.46,Pune,Available,fuel_psu
2026-08-11,2026-08-11T06:00:00.000000,HPCL,diesel,Diesel,92.46,Pune,Available,fuel_psu
2026-08-11,2026-08-11T06:00:00.000000,IOCL,petrol,Petrol (95 octane),91.29,Ahmedabad,Available,fuel_psu
2026-08-11,2026-08-11T06:00:00.000000,BPCL,petrol,Petrol (95 octane),91.29,Ahmedabad,Available,fuel_psu
2026-08-11,2026-08-11T06:00:00.000000,HPCL,petrol,Petrol (95 octane),91.29,Ahmedabad,Available,fuel_psu
2026-08-11,2026-08-11T06:00:00.000000,IOCL,diesel,Diesel,91.96,Ahmedabad,Available,fuel_psu
2026-08-11,2026-08-11T06:00:00.000000,BPCL,diesel,Diesel,91.96,Ahmedabad,Available,fuel_psu
2026-08-11,2026-08-11T06:00:00.000000,HPCL,diesel,Diesel,91.96,Ahmedabad,Available,fuel_psu
2026-08-11,2026-08-11T06:00:00.000000,IOCL,petrol,Petrol (95 octane),101.73,Jaipur,Available,fuel_psu
2026-08-11,2026-08-11T06:00:00.000000,BPCL,petrol,Petrol (95 octane),101.73,Jaipur,Available,fuel_psu
2026-08-11,2026-08-11T06:00:00.000000,HPCL,petrol,Petrol (95 octane),101.73,Jaipur,Available,fuel_psu
2026-08-11,2026-08-11T06:00:00.000000,IOCL,diesel,Diesel,92.21,Jaipur,Available,fuel_psu
2026-08-11,2026-08-11T06:00:00.000000,BPCL,diesel,Diesel,92.21,Jaipur,Available,fuel_psu
2026-08-11,2026-08-11T06:00:00.000000,HPCL,diesel,Diesel,92.21,Jaipur,Available,fuel_psu
2026-08-11,2026-08-11T06:00:00.000000,IOCL,petrol,Petrol (95 octane),91.5,Lucknow,Available,fuel_psu
2026-08-11,2026-08-11T06:00:00.000000,BPCL,petrol,Petrol (95 octane),91.5,Lucknow,Available,fuel_psu
2026-08-11,2026-08-11T06:00:00.000000,HPCL,petrol,Petrol (95 octane),91.5,Lucknow,Available,fuel_psu
2026-08-11,2026-08-11T06:00:00.000000,IOCL,diesel,Diesel,89.61,Lucknow,Available,fuel_psu
2026-08-11,2026-08-11T06:00:00.000000,BPCL,diesel,Diesel,89.61,Lucknow,Available,fuel_psu
2026-08-11,2026-08-11T06:00:00.000000,HPCL,diesel,Diesel,89.61,Lucknow,Available,fuel_psu
2026-08-11,2026-08-11T06:00:00.000000,IOCL,petrol,Petrol (95 octane),91.09,Chandigarh,Available,fuel_psu
2026-08-11,2026-08-11T06:00:00.000000,BPCL,petrol,Petrol (95 octane),91.09,Chandigarh,Available,fuel_psu
2026-08-11,2026-08-11T06:00:00.000000,HPCL,petrol,Petrol (95 octane),91.09,Chandigarh,Available,fuel_psu
2026-08-11,2026-08-11T06:00:00.000000,IOCL,diesel,Diesel,84.25,Chandigarh,Available,fuel_psu
2026-08-11,2026-08-11T06:00:00.000000,BPCL,diesel,Diesel,84.25,Chandigarh,Available,fuel_psu
2026-08-11,2026-08-11T06:00:00.000000,HPCL,diesel,Diesel,84.25,Chandigarh,Available,fuel_psu
2026-08-11,2026-08-11T06:00:00.000000,IOCL,petrol,Petrol (95 octane),91.16,Surat,Available,fuel_psu
2026-08-11,2026-08-11T06:00:00.000000,BPCL,petrol,Petrol (95 octane),91.16,Surat,Available,fuel_psu
2026-08-11,2026-08-11T06:00:00.000000,HPCL,petrol,Petrol (95 octane),91.16,Surat,Available,fuel_psu
2026-08-11,2026-08-11T06:00:00.000000,IOCL,diesel,Diesel,91.83,Surat,Available,fuel_psu
2026-08-11,2026-08-11T06:00:00.000000,BPCL,diesel,Diesel,91.83,Surat,Available,fuel_psu
2026-08-11,2026-08-11T06:00:00.000000,HPCL,diesel,Diesel,91.83,Surat,Available,fuel_psu
2026-08-11,2026-08-11T06:00:00.000000,IOCL,petrol,Petrol (95 octane),102.03,Patna,Available,fuel_psu
2026-08-11,2026-08-11T06:00:00.000000,BPCL,petrol,Petrol (95 octane),102.03,Patna,Available,fuel_psu
2026-08-11,2026-08-11T06:00:00.000000,HPCL,petrol,Petrol (95 octane),102.03,Patna,Available,fuel_psu
2026-08-11,2026-08-11T06:00:00.000000,IOCL,diesel,Diesel,93.89,Patna,Available,fuel_psu
2026-08-11,2026-08-11T06:00:00.000000,BPCL,diesel,Diesel,93.89,Patna,Available,fuel_psu
2026-08-11,2026-08-11T06:00:00.000000,HPCL,diesel,Diesel,93.89,Patna,Available,fuel_psu
2026-08-11,2026-08-11T06:00:00.000000,IOCL,petrol,Petrol (95 octane),91.51,Noida,Available,fuel_psu
2026-08-11,2026-08-11T06:00:00.000000,BPCL,petrol,Petrol (95 octane),91.51,Noida,Available,fuel_psu
2026-08-11,2026-08-11T06:00:00.000000,HPCL,petrol,Petrol (95 octane),91.51,Noida,Available,fuel_psu
2026-08-11,2026-08-11T06:00:00.000000,IOCL,diesel,Diesel,89.6,Noida,Available,fuel_psu
2026-08-11,2026-08-11T06:00:00.000000,BPCL,diesel,Diesel,89.6,Noida,Available,fuel_psu
2026-08-11,2026-08-11T06:00:00.000000,HPCL,diesel,Diesel,89.6,Noida,Available,fuel_psu
2026-08-11,2026-08-11T06:00:00.000000,IOCL,petrol,Petrol (95 octane),91.83,Gurgaon,Available,fuel_psu
2026-08-11,2026-08-11T06:00:00.000000,BPCL,petrol,Petrol (95 octane),91.83,Gurgaon,Available,fuel_psu
2026-08-11,2026-08-11T06:00:00.000000,HPCL,petrol,Petrol (95 octane),91.83,Gurgaon,Available,fuel_psu
2026-08-11,2026-08-11T06:00:00.000000,IOCL,diesel,Diesel,89.7,Gurgaon,Available,fuel_psu
2026-08-11,2026-08-11T06:00:00.000000,BPCL,diesel,Diesel,89.7,Gurgaon,Available,fuel_psu
2026-08-11,2026-08-11T06:00:00.000000,HPCL,diesel,Diesel,89.7,Gurgaon,Available,fuel_psu
2026-08-11,2026-08-11T06:00:00.000000,IOCL,petrol,Petrol (95 octane),103.35,Indore,Available,fuel_psu
2026-08-11,2026-08-11T06:00:00.000000,BPCL,petrol,Petrol (95 octane),103.35,Indore,Available,fuel_psu
2026-08-11,2026-08-11T06:00:00.000000,HPCL,petrol,Petrol (95 octane),103.35,Indore,Available,fuel_psu
2026-08-11,2026-08-11T06:00:00.000000,IOCL,diesel,Diesel,93.74,Indore,Available,fuel_psu
2026-08-11,2026-08-11T06:00:00.000000,BPCL,diesel,Diesel,93.74,Indore,Available,fuel_psu
2026-08-11,2026-08-11T06:00:00.000000,HPCL,diesel,Diesel,93.74,Indore,Available,fuel_psu
2026-08-12,2026-08-12T06:00:00.000000,IOCL,petrol,Petrol (95 octane),101.06,Mumbai,Available,fuel_psu
2026-08-12,2026-08-12T06:00:00.000000,BPCL,petrol,Petrol (95 octane),101.06,Mumbai,Available,fuel_psu
2026-08-12,2026-08-12T06:00:00.000000,HPCL,petrol,Petrol (95 octane),101.06,Mumbai,Available,fuel_psu
2026-08-12,2026-08-12T06:00:00.000000,IOCL,diesel,Diesel,94.0,Mumbai,Available,fuel_psu
2026-08-12,2026-08-12T06:00:00.000000,BPCL,diesel,Diesel,94.0,Mumbai,Available,fuel_psu
2026-08-12,2026-08-12T06:00:00.000000,HPCL,diesel,Diesel,94.0,Mumbai,Available,fuel_psu
2026-08-12,2026-08-12T06:00:00.000000,IOCL,petrol,Petrol (95 octane),91.57,Delhi,Available,fuel_psu
2026-08-12,2026-08-12T06:00:00.000000,BPCL,petrol,Petrol (95 octane),91.57,Delhi,Available,fuel_psu
2026-08-12,2026-08-12T06:00:00.000000,HPCL,petrol,Petrol (95 octane),91.57,Delhi,Available,fuel_psu
2026-08-12,2026-08-12T06:00:00.000000,IOCL,diesel,Diesel,89.47,Delhi,Available,fuel_psu
2026-08-12,2026-08-12T06:00:00.000000,BPCL,diesel,Diesel,89.47,Delhi,Available,fuel_psu
2026-08-12,2026-08-12T06:00:00.000000,HPCL,diesel,Diesel,89.47,Delhi,Available,fuel_psu
2026-08-12,2026-08-12T06:00:00.000000,IOCL,petrol,Petrol (95 octane),99.71,Bengaluru,Available,fuel_psu
2026-08-12,2026-08-12T06:00:00.000000,BPCL,petrol,Petrol (95 octane),99.71,Bengaluru,Available,fuel_psu
2026-08-12,2026-08-12T06:00:00.000000,HPCL,petrol,Petrol (95 octane),99.71,Bengaluru,Available,fuel_psu
2026-08-12,2026-08-12T06:00:00.000000,IOCL,diesel,Diesel,90.79,Bengaluru,Available,fuel_psu
2026-08-12,2026-08-12T06:00:00.000000,BPCL,diesel,Diesel,90.79,Bengaluru,Available,fuel_psu
2026-08-12,2026-08-12T06:00:00.000000,HPCL,diesel,Diesel,90.79,Bengaluru,Available,fuel_psu
2026-08-12,2026-08-12T06:00:00.000000,IOCL,petrol,Petrol (95 octane),97.6,Chennai,Available,fuel_psu
2026-08-12,2026-08-12T06:00:00.000000,BPCL,petrol,Petrol (95 octane),97.6,Chennai,Available,fuel_psu
2026-08-12,2026-08-12T06:00:00.000000,HPCL,petrol,Petrol (95 octane),97.6,Chennai,Available,fuel_psu
2026-08-12,2026-08-12T06:00:00.000000,IOCL,diesel,Diesel,94.19,Chennai,Available,fuel_psu
2026-08-12,2026-08-12T06:00:00.000000,BPCL,diesel,Diesel,94.19,Chennai,Available,fuel_psu
2026-08-12,2026-08-12T06:00:00.000000,HPCL,diesel,Diesel,94.19,Chennai,Available,fuel_psu
2026-08-12,2026-08-12T06:00:00.000000,IOCL,petrol,Petrol (95 octane),100.79,Kolkata,Available,fuel_psu
2026-08-12,2026-08-12T06:00:00.000000,BPCL,petrol,Petrol (95 octane),100.79,Kolkata,Available,fuel_psu
2026-08-12,2026-08-12T06:00:00.000000,HPCL,petrol,Petrol (95 octane),100.79,Kolkata,Available,fuel_psu
2026-08-12,2026-08-12T06:00:00.000000,IOCL,diesel,Diesel,92.61,Kolkata,Available,fuel_psu
2026-08-12,2026-08-12T06:00:00.000000,BPCL,diesel,Diesel,92.61,Kolkata,Available,fuel_psu
2026-08-12,2026-08-12T06:00:00.000000,HPCL,diesel,Diesel,92.61,Kolkata,Available,fuel_psu
2026-08-12,2026-08-12T06:00:00.000000,IOCL,petrol,Petrol (95 octane),104.26,Hyderabad,Available,fuel_psu
2026-08-12,2026-08-12T06:00:00.000000,BPCL,petrol,Petrol (95 octane),104.26,Hyderabad,Available,fuel_psu
2026-08-12,2026-08-12T06:00:00.000000,HPCL,petrol,Petrol (95 octane),104.26,Hyderabad,Available,fuel_psu
2026-08-12,2026-08-12T06:00:00.000000,IOCL,diesel,Diesel,97.5,Hyderabad,Available,fuel_psu
2026-08-12,2026-08-12T06:00:00.000000,BPCL,diesel,Diesel,97.5,Hyderabad,Available,fuel_psu
2026-08-12,2026-08-12T06:00:00.000000,HPCL,diesel,Diesel,97.5,Hyderabad,Available,fuel_psu
2026-08-12,2026-08-12T06:00:00.000000,IOCL,petrol,Petrol (95 octane),100.93,Pune,Available,fuel_psu
2026-08-12,2026-08-12T06:00:00.000000,BPCL,petrol,Petrol (95 octane),100.93,Pune,Available,fuel_psu
2026-08-12,2026-08-12T06:00:00.000000,HPCL,petrol,Petrol (95 octane),100.93,Pune,Available,fuel_psu
2026-08-12,2026-08-12T06:00:00.000000,IOCL,diesel,Diesel,92.46,Pune,Available,fuel_psu
2026-08-12,2026-08-12T06:00:00.000000,BPCL,diesel,Diesel,92.46,Pune,Available,fuel_psu
2026-08-12,2026-08-12T06:00:00.000000,HPCL,diesel,Diesel,92.46,Pune,Available,fuel_psu
2026-08-12,2026-08-12T06:00:00.000000,IOCL,petrol,Petrol (95 octane),91.29,Ahmedabad,Available,fuel_psu
2026-08-12,2026-08-12T06:00:00.000000,BPCL,petrol,Petrol (95 octane),91.29,Ahmedabad,Available,fuel_psu
2026-08-12,2026-08-12T06:00:00.000000,HPCL,petrol,Petrol (95 octane),91.29,Ahmedabad,Available,fuel_psu
2026-08-12,2026-08-12T06:00:00.000000,IOCL,diesel,Diesel,91.96,Ahmedabad,Available,fuel_psu
2026-08-12,2026-08-12T06:00:00.000000,BPCL,diesel,Diesel,91.96,Ahmedabad,Available,fuel_psu
2026-08-12,2026-08-12T06:00:00.000000,HPCL,diesel,Diesel,91.96,Ahmedabad,Available,fuel_psu
2026-08-12,2026-08-12T06:00:00.000000,IOCL,petrol,Petrol (95 octane),101.73,Jaipur,Available,fuel_psu
2026-08-12,2026-08-12T06:00:00.000000,BPCL,petrol,Petrol (95 octane),101.73,Jaipur,Available,fuel_psu
2026-08-12,2026-08-12T06:00:00.000000,HPCL,petrol,Petrol (95 octane),101.73,Jaipur,Available,fuel_psu
2026-08-12,2026-08-12T06:00:00.000000,IOCL,diesel,Diesel,92.21,Jaipur,Available,fuel_psu
2026-08-12,2026-08-12T06:00:00.000000,BPCL,diesel,Diesel,92.21,Jaipur,Available,fuel_psu
2026-08-12,2026-08-12T06:00:00.000000,HPCL,diesel,Diesel,92.21,Jaipur,Available,fuel_psu
2026-08-12,2026-08-12T06:00:00.000000,IOCL,petrol,Petrol (95 octane),91.5,Lucknow,Available,fuel_psu
2026-08-12,2026-08-12T06:00:00.000000,BPCL,petrol,Petrol (95 octane),91.5,Lucknow,Available,fuel_psu
2026-08-12,2026-08-12T06:00:00.000000,HPCL,petrol,Petrol (95 octane),91.5,Lucknow,Available,fuel_psu
2026-08-12,2026-08-12T06:00:00.000000,IOCL,diesel,Diesel,89.61,Lucknow,Available,fuel_psu
2026-08-12,2026-08-12T06:00:00.000000,BPCL,diesel,Diesel,89.61,Lucknow,Available,fuel_psu
2026-08-12,2026-08-12T06:00:00.000000,HPCL,diesel,Diesel,89.61,Lucknow,Available,fuel_psu
2026-08-12,2026-08-12T06:00:00.000000,IOCL,petrol,Petrol (95 octane),91.09,Chandigarh,Available,fuel_psu
2026-08-12,2026-08-12T06:00:00.000000,BPCL,petrol,Petrol (95 octane),91.09,Chandigarh,Available,fuel_psu
2026-08-12,2026-08-12T06:00:00.000000,HPCL,petrol,Petrol (95 octane),91.09,Chandigarh,Available,fuel_psu
2026-08-12,2026-08-12T06:00:00.000000,IOCL,diesel,Diesel,84.25,Chandigarh,Available,fuel_psu
2026-08-12,2026-08-12T06:00:00.000000,BPCL,diesel,Diesel,84.25,Chandigarh,Available,fuel_psu
2026-08-12,2026-08-12T06:00:00.000000,HPCL,diesel,Diesel,84.25,Chandigarh,Available,fuel_psu
2026-08-12,2026-08-12T06:00:00.000000,IOCL,petrol,Petrol (95 octane),91.16,Surat,Available,fuel_psu
2026-08-12,2026-08-12T06:00:00.000000,BPCL,petrol,Petrol (95 octane),91.16,Surat,Available,fuel_psu
2026-08-12,2026-08-12T06:00:00.000000,HPCL,petrol,Petrol (95 octane),91.16,Surat,Available,fuel_psu
2026-08-12,2026-08-12T06:00:00.000000,IOCL,diesel,Diesel,91.83,Surat,Available,fuel_psu
2026-08-12,2026-08-12T06:00:00.000000,BPCL,diesel,Diesel,91.83,Surat,Available,fuel_psu
2026-08-12,2026-08-12T06:00:00.000000,HPCL,diesel,Diesel,91.83,Surat,Available,fuel_psu
2026-08-12,2026-08-12T06:00:00.000000,IOCL,petrol,Petrol (95 octane),102.03,Patna,Available,fuel_psu
2026-08-12,2026-08-12T06:00:00.000000,BPCL,petrol,Petrol (95 octane),102.03,Patna,Available,fuel_psu
2026-08-12,2026-08-12T06:00:00.000000,HPCL,petrol,Petrol (95 octane),102.03,Patna,Available,fuel_psu
2026-08-12,2026-08-12T06:00:00.000000,IOCL,diesel,Diesel,93.89,Patna,Available,fuel_psu
2026-08-12,2026-08-12T06:00:00.000000,BPCL,diesel,Diesel,93.89,Patna,Available,fuel_psu
2026-08-12,2026-08-12T06:00:00.000000,HPCL,diesel,Diesel,93.89,Patna,Available,fuel_psu
2026-08-12,2026-08-12T06:00:00.000000,IOCL,petrol,Petrol (95 octane),91.51,Noida,Available,fuel_psu
2026-08-12,2026-08-12T06:00:00.000000,BPCL,petrol,Petrol (95 octane),91.51,Noida,Available,fuel_psu
2026-08-12,2026-08-12T06:00:00.000000,HPCL,petrol,Petrol (95 octane),91.51,Noida,Available,fuel_psu
2026-08-12,2026-08-12T06:00:00.000000,IOCL,diesel,Diesel,89.6,Noida,Available,fuel_psu
2026-08-12,2026-08-12T06:00:00.000000,BPCL,diesel,Diesel,89.6,Noida,Available,fuel_psu
2026-08-12,2026-08-12T06:00:00.000000,HPCL,diesel,Diesel,89.6,Noida,Available,fuel_psu
2026-08-12,2026-08-12T06:00:00.000000,IOCL,petrol,Petrol (95 octane),91.83,Gurgaon,Available,fuel_psu
2026-08-12,2026-08-12T06:00:00.000000,BPCL,petrol,Petrol (95 octane),91.83,Gurgaon,Available,fuel_psu
2026-08-12,2026-08-12T06:00:00.000000,HPCL,petrol,Petrol (95 octane),91.83,Gurgaon,Available,fuel_psu
2026-08-12,2026-08-12T06:00:00.000000,IOCL,diesel,Diesel,89.7,Gurgaon,Available,fuel_psu
2026-08-12,2026-08-12T06:00:00.000000,BPCL,diesel,Diesel,89.7,Gurgaon,Available,fuel_psu
2026-08-12,2026-08-12T06:00:00.000000,HPCL,diesel,Diesel,89.7,Gurgaon,Available,fuel_psu
2026-08-12,2026-08-12T06:00:00.000000,IOCL,petrol,Petrol (95 octane),103.35,Indore,Available,fuel_psu
2026-08-12,2026-08-12T06:00:00.000000,BPCL,petrol,Petrol (95 octane),103.35,Indore,Available,fuel_psu
2026-08-12,2026-08-12T06:00:00.000000,HPCL,petrol,Petrol (95 octane),103.35,Indore,Available,fuel_psu
2026-08-12,2026-08-12T06:00:00.000000,IOCL,diesel,Diesel,93.74,Indore,Available,fuel_psu
2026-08-12,2026-08-12T06:00:00.000000,BPCL,diesel,Diesel,93.74,Indore,Available,fuel_psu
2026-08-12,2026-08-12T06:00:00.000000,HPCL,diesel,Diesel,93.74,Indore,Available,fuel_psu
2026-08-13,2026-08-13T06:00:00.000000,IOCL,petrol,Petrol (95 octane),101.06,Mumbai,Available,fuel_psu
2026-08-13,2026-08-13T06:00:00.000000,BPCL,petrol,Petrol (95 octane),101.06,Mumbai,Available,fuel_psu
2026-08-13,2026-08-13T06:00:00.000000,HPCL,petrol,Petrol (95 octane),101.06,Mumbai,Available,fuel_psu
2026-08-13,2026-08-13T06:00:00.000000,IOCL,diesel,Diesel,94.0,Mumbai,Available,fuel_psu
2026-08-13,2026-08-13T06:00:00.000000,BPCL,diesel,Diesel,94.0,Mumbai,Available,fuel_psu
2026-08-13,2026-08-13T06:00:00.000000,HPCL,diesel,Diesel,94.0,Mumbai,Available,fuel_psu
2026-08-13,2026-08-13T06:00:00.000000,IOCL,petrol,Petrol (95 octane),91.57,Delhi,Available,fuel_psu
2026-08-13,2026-08-13T06:00:00.000000,BPCL,petrol,Petrol (95 octane),91.57,Delhi,Available,fuel_psu
2026-08-13,2026-08-13T06:00:00.000000,HPCL,petrol,Petrol (95 octane),91.57,Delhi,Available,fuel_psu
2026-08-13,2026-08-13T06:00:00.000000,IOCL,diesel,Diesel,89.47,Delhi,Available,fuel_psu
2026-08-13,2026-08-13T06:00:00.000000,BPCL,diesel,Diesel,89.47,Delhi,Available,fuel_psu
2026-08-13,2026-08-13T06:00:00.000000,HPCL,diesel,Diesel,89.47,Delhi,Available,fuel_psu
2026-08-13,2026-08-13T06:00:00.000000,IOCL,petrol,Petrol (95 octane),99.71,Bengaluru,Available,fuel_psu
2026-08-13,2026-08-13T06:00:00.000000,BPCL,petrol,Petrol (95 octane),99.71,Bengaluru,Available,fuel_psu
2026-08-13,2026-08-13T06:00:00.000000,HPCL,petrol,Petrol (95 octane),99.71,Bengaluru,Available,fuel_psu
2026-08-13,2026-08-13T06:00:00.000000,IOCL,diesel,Diesel,90.79,Bengaluru,Available,fuel_psu
2026-08-13,2026-08-13T06:00:00.000000,BPCL,diesel,Diesel,90.79,Bengaluru,Available,fuel_psu
2026-08-13,2026-08-13T06:00:00.000000,HPCL,diesel,Diesel,90.79,Bengaluru,Available,fuel_psu
2026-08-13,2026-08-13T06:00:00.000000,IOCL,petrol,Petrol (95 octane),97.6,Chennai,Available,fuel_psu
2026-08-13,2026-08-13T06:00:00.000000,BPCL,petrol,Petrol (95 octane),97.6,Chennai,Available,fuel_psu
2026-08-13,2026-08-13T06:00:00.000000,HPCL,petrol,Petrol (95 octane),97.6,Chennai,Available,fuel_psu
2026-08-13,2026-08-13T06:00:00.000000,IOCL,diesel,Diesel,94.19,Chennai,Available,fuel_psu
2026-08-13,2026-08-13T06:00:00.000000,BPCL,diesel,Diesel,94.19,Chennai,Available,fuel_psu
2026-08-13,2026-08-13T06:00:00.000000,HPCL,diesel,Diesel,94.19,Chennai,Available,fuel_psu
2026-08-13,2026-08-13T06:00:00.000000,IOCL,petrol,Petrol (95 octane),100.79,Kolkata,Available,fuel_psu
2026-08-13,2026-08-13T06:00:00.000000,BPCL,petrol,Petrol (95 octane),100.79,Kolkata,Available,fuel_psu
2026-08-13,2026-08-13T06:00:00.000000,HPCL,petrol,Petrol (95 octane),100.79,Kolkata,Available,fuel_psu
2026-08-13,2026-08-13T06:00:00.000000,IOCL,diesel,Diesel,92.61,Kolkata,Available,fuel_psu
2026-08-13,2026-08-13T06:00:00.000000,BPCL,diesel,Diesel,92.61,Kolkata,Available,fuel_psu
2026-08-13,2026-08-13T06:00:00.000000,HPCL,diesel,Diesel,92.61,Kolkata,Available,fuel_psu
2026-08-13,2026-08-13T06:00:00.000000,IOCL,petrol,Petrol (95 octane),104.26,Hyderabad,Available,fuel_psu
2026-08-13,2026-08-13T06:00:00.000000,BPCL,petrol,Petrol (95 octane),104.26,Hyderabad,Available,fuel_psu
2026-08-13,2026-08-13T06:00:00.000000,HPCL,petrol,Petrol (95 octane),104.26,Hyderabad,Available,fuel_psu
2026-08-13,2026-08-13T06:00:00.000000,IOCL,diesel,Diesel,97.5,Hyderabad,Available,fuel_psu
2026-08-13,2026-08-13T06:00:00.000000,BPCL,diesel,Diesel,97.5,Hyderabad,Available,fuel_psu
2026-08-13,2026-08-13T06:00:00.000000,HPCL,diesel,Diesel,97.5,Hyderabad,Available,fuel_psu
2026-08-13,2026-08-13T06:00:00.000000,IOCL,petrol,Petrol (95 octane),100.93,Pune,Available,fuel_psu
2026-08-13,2026-08-13T06:00:00.000000,BPCL,petrol,Petrol (95 octane),100.93,Pune,Available,fuel_psu
2026-08-13,2026-08-13T06:00:00.000000,HPCL,petrol,Petrol (95 octane),100.93,Pune,Available,fuel_psu
2026-08-13,2026-08-13T06:00:00.000000,IOCL,diesel,Diesel,92.46,Pune,Available,fuel_psu
2026-08-13,2026-08-13T06:00:00.000000,BPCL,diesel,Diesel,92.46,Pune,Available,fuel_psu
2026-08-13,2026-08-13T06:00:00.000000,HPCL,diesel,Diesel,92.46,Pune,Available,fuel_psu
2026-08-13,2026-08-13T06:00:00.000000,IOCL,petrol,Petrol (95 octane),91.29,Ahmedabad,Available,fuel_psu
2026-08-13,2026-08-13T06:00:00.000000,BPCL,petrol,Petrol (95 octane),91.29,Ahmedabad,Available,fuel_psu
2026-08-13,2026-08-13T06:00:00.000000,HPCL,petrol,Petrol (95 octane),91.29,Ahmedabad,Available,fuel_psu
2026-08-13,2026-08-13T06:00:00.000000,IOCL,diesel,Diesel,91.96,Ahmedabad,Available,fuel_psu
2026-08-13,2026-08-13T06:00:00.000000,BPCL,diesel,Diesel,91.96,Ahmedabad,Available,fuel_psu
2026-08-13,2026-08-13T06:00:00.000000,HPCL,diesel,Diesel,91.96,Ahmedabad,Available,fuel_psu
2026-08-13,2026-08-13T06:00:00.000000,IOCL,petrol,Petrol (95 octane),101.73,Jaipur,Available,fuel_psu
2026-08-13,2026-08-13T06:00:00.000000,BPCL,petrol,Petrol (95 octane),101.73,Jaipur,Available,fuel_psu
2026-08-13,2026-08-13T06:00:00.000000,HPCL,petrol,Petrol (95 octane),101.73,Jaipur,Available,fuel_psu
2026-08-13,2026-08-13T06:00:00.000000,IOCL,diesel,Diesel,92.21,Jaipur,Available,fuel_psu
2026-08-13,2026-08-13T06:00:00.000000,BPCL,diesel,Diesel,92.21,Jaipur,Available,fuel_psu
2026-08-13,2026-08-13T06:00:00.000000,HPCL,diesel,Diesel,92.21,Jaipur,Available,fuel_psu
2026-08-13,2026-08-13T06:00:00.000000,IOCL,petrol,Petrol (95 octane),91.5,Lucknow,Available,fuel_psu
2026-08-13,2026-08-13T06:00:00.000000,BPCL,petrol,Petrol (95 octane),91.5,Lucknow,Available,fuel_psu
2026-08-13,2026-08-13T06:00:00.000000,HPCL,petrol,Petrol (95 octane),91.5,Lucknow,Available,fuel_psu
2026-08-13,2026-08-13T06:00:00.000000,IOCL,diesel,Diesel,89.61,Lucknow,Available,fuel_psu
2026-08-13,2026-08-13T06:00:00.000000,BPCL,diesel,Diesel,89.61,Lucknow,Available,fuel_psu
2026-08-13,2026-08-13T06:00:00.000000,HPCL,diesel,Diesel,89.61,Lucknow,Available,fuel_psu
2026-08-13,2026-08-13T06:00:00.000000,IOCL,petrol,Petrol (95 octane),91.09,Chandigarh,Available,fuel_psu
2026-08-13,2026-08-13T06:00:00.000000,BPCL,petrol,Petrol (95 octane),91.09,Chandigarh,Available,fuel_psu
2026-08-13,2026-08-13T06:00:00.000000,HPCL,petrol,Petrol (95 octane),91.09,Chandigarh,Available,fuel_psu
2026-08-13,2026-08-13T06:00:00.000000,IOCL,diesel,Diesel,84.25,Chandigarh,Available,fuel_psu
2026-08-13,2026-08-13T06:00:00.000000,BPCL,diesel,Diesel,84.25,Chandigarh,Available,fuel_psu
2026-08-13,2026-08-13T06:00:00.000000,HPCL,diesel,Diesel,84.25,Chandigarh,Available,fuel_psu
2026-08-13,2026-08-13T06:00:00.000000,IOCL,petrol,Petrol (95 octane),91.16,Surat,Available,fuel_psu
2026-08-13,2026-08-13T06:00:00.000000,BPCL,petrol,Petrol (95 octane),91.16,Surat,Available,fuel_psu
2026-08-13,2026-08-13T06:00:00.000000,HPCL,petrol,Petrol (95 octane),91.16,Surat,Available,fuel_psu
2026-08-13,2026-08-13T06:00:00.000000,IOCL,diesel,Diesel,91.83,Surat,Available,fuel_psu
2026-08-13,2026-08-13T06:00:00.000000,BPCL,diesel,Diesel,91.83,Surat,Available,fuel_psu
2026-08-13,2026-08-13T06:00:00.000000,HPCL,diesel,Diesel,91.83,Surat,Available,fuel_psu
2026-08-13,2026-08-13T06:00:00.000000,IOCL,petrol,Petrol (95 octane),102.03,Patna,Available,fuel_psu
2026-08-13,2026-08-13T06:00:00.000000,BPCL,petrol,Petrol (95 octane),102.03,Patna,Available,fuel_psu
2026-08-13,2026-08-13T06:00:00.000000,HPCL,petrol,Petrol (95 octane),102.03,Patna,Available,fuel_psu
2026-08-13,2026-08-13T06:00:00.000000,IOCL,diesel,Diesel,93.89,Patna,Available,fuel_psu
2026-08-13,2026-08-13T06:00:00.000000,BPCL,diesel,Diesel,93.89,Patna,Available,fuel_psu
2026-08-13,2026-08-13T06:00:00.000000,HPCL,diesel,Diesel,93.89,Patna,Available,fuel_psu
2026-08-13,2026-08-13T06:00:00.000000,IOCL,petrol,Petrol (95 octane),91.51,Noida,Available,fuel_psu
2026-08-13,2026-08-13T06:00:00.000000,BPCL,petrol,Petrol (95 octane),91.51,Noida,Available,fuel_psu
2026-08-13,2026-08-13T06:00:00.000000,HPCL,petrol,Petrol (95 octane),91.51,Noida,Available,fuel_psu
2026-08-13,2026-08-13T06:00:00.000000,IOCL,diesel,Diesel,89.6,Noida,Available,fuel_psu
2026-08-13,2026-08-13T06:00:00.000000,BPCL,diesel,Diesel,89.6,Noida,Available,fuel_psu
2026-08-13,2026-08-13T06:00:00.000000,HPCL,diesel,Diesel,89.6,Noida,Available,fuel_psu
2026-08-13,2026-08-13T06:00:00.000000,IOCL,petrol,Petrol (95 octane),91.83,Gurgaon,Available,fuel_psu
2026-08-13,2026-08-13T06:00:00.000000,BPCL,petrol,Petrol (95 octane),91.83,Gurgaon,Available,fuel_psu
2026-08-13,2026-08-13T06:00:00.000000,HPCL,petrol,Petrol (95 octane),91.83,Gurgaon,Available,fuel_psu
2026-08-13,2026-08-13T06:00:00.000000,IOCL,diesel,Diesel,89.7,Gurgaon,Available,fuel_psu
2026-08-13,2026-08-13T06:00:00.000000,BPCL,diesel,Diesel,89.7,Gurgaon,Available,fuel_psu
2026-08-13,2026-08-13T06:00:00.000000,HPCL,diesel,Diesel,89.7,Gurgaon,Available,fuel_psu
2026-08-13,2026-08-13T06:00:00.000000,IOCL,petrol,Petrol (95 octane),103.35,Indore,Available,fuel_psu
2026-08-13,2026-08-13T06:00:00.000000,BPCL,petrol,Petrol (95 octane),103.35,Indore,Available,fuel_psu
2026-08-13,2026-08-13T06:00:00.000000,HPCL,petrol,Petrol (95 octane),103.35,Indore,Available,fuel_psu
2026-08-13,2026-08-13T06:00:00.000000,IOCL,diesel,Diesel,93.74,Indore,Available,fuel_psu
2026-08-13,2026-08-13T06:00:00.000000,BPCL,diesel,Diesel,93.74,Indore,Available,fuel_psu
2026-08-13,2026-08-13T06:00:00.000000,HPCL,diesel,Diesel,93.74,Indore,Available,fuel_psu
2026-08-14,2026-08-14T06:00:00.000000,IOCL,petrol,Petrol (95 octane),101.06,Mumbai,Available,fuel_psu
2026-08-14,2026-08-14T06:00:00.000000,BPCL,petrol,Petrol (95 octane),101.06,Mumbai,Available,fuel_psu
2026-08-14,2026-08-14T06:00:00.000000,HPCL,petrol,Petrol (95 octane),101.06,Mumbai,Available,fuel_psu
2026-08-14,2026-08-14T06:00:00.000000,IOCL,diesel,Diesel,94.0,Mumbai,Available,fuel_psu
2026-08-14,2026-08-14T06:00:00.000000,BPCL,diesel,Diesel,94.0,Mumbai,Available,fuel_psu
2026-08-14,2026-08-14T06:00:00.000000,HPCL,diesel,Diesel,94.0,Mumbai,Available,fuel_psu
2026-08-14,2026-08-14T06:00:00.000000,IOCL,petrol,Petrol (95 octane),91.57,Delhi,Available,fuel_psu
2026-08-14,2026-08-14T06:00:00.000000,BPCL,petrol,Petrol (95 octane),91.57,Delhi,Available,fuel_psu
2026-08-14,2026-08-14T06:00:00.000000,HPCL,petrol,Petrol (95 octane),91.57,Delhi,Available,fuel_psu
2026-08-14,2026-08-14T06:00:00.000000,IOCL,diesel,Diesel,89.47,Delhi,Available,fuel_psu
2026-08-14,2026-08-14T06:00:00.000000,BPCL,diesel,Diesel,89.47,Delhi,Available,fuel_psu
2026-08-14,2026-08-14T06:00:00.000000,HPCL,diesel,Diesel,89.47,Delhi,Available,fuel_psu
2026-08-14,2026-08-14T06:00:00.000000,IOCL,petrol,Petrol (95 octane),99.71,Bengaluru,Available,fuel_psu
2026-08-14,2026-08-14T06:00:00.000000,BPCL,petrol,Petrol (95 octane),99.71,Bengaluru,Available,fuel_psu
2026-08-14,2026-08-14T06:00:00.000000,HPCL,petrol,Petrol (95 octane),99.71,Bengaluru,Available,fuel_psu
2026-08-14,2026-08-14T06:00:00.000000,IOCL,diesel,Diesel,90.79,Bengaluru,Available,fuel_psu
2026-08-14,2026-08-14T06:00:00.000000,BPCL,diesel,Diesel,90.79,Bengaluru,Available,fuel_psu
2026-08-14,2026-08-14T06:00:00.000000,HPCL,diesel,Diesel,90.79,Bengaluru,Available,fuel_psu
2026-08-14,2026-08-14T06:00:00.000000,IOCL,petrol,Petrol (95 octane),97.6,Chennai,Available,fuel_psu
2026-08-14,2026-08-14T06:00:00.000000,BPCL,petrol,Petrol (95 octane),97.6,Chennai,Available,fuel_psu
2026-08-14,2026-08-14T06:00:00.000000,HPCL,petrol,Petrol (95 octane),97.6,Chennai,Available,fuel_psu
2026-08-14,2026-08-14T06:00:00.000000,IOCL,diesel,Diesel,94.19,Chennai,Available,fuel_psu
2026-08-14,2026-08-14T06:00:00.000000,BPCL,diesel,Diesel,94.19,Chennai,Available,fuel_psu
2026-08-14,2026-08-14T06:00:00.000000,HPCL,diesel,Diesel,94.19,Chennai,Available,fuel_psu
2026-08-14,2026-08-14T06:00:00.000000,IOCL,petrol,Petrol (95 octane),100.79,Kolkata,Available,fuel_psu
2026-08-14,2026-08-14T06:00:00.000000,BPCL,petrol,Petrol (95 octane),100.79,Kolkata,Available,fuel_psu
2026-08-14,2026-08-14T06:00:00.000000,HPCL,petrol,Petrol (95 octane),100.79,Kolkata,Available,fuel_psu
2026-08-14,2026-08-14T06:00:00.000000,IOCL,diesel,Diesel,92.61,Kolkata,Available,fuel_psu
2026-08-14,2026-08-14T06:00:00.000000,BPCL,diesel,Diesel,92.61,Kolkata,Available,fuel_psu
2026-08-14,2026-08-14T06:00:00.000000,HPCL,diesel,Diesel,92.61,Kolkata,Available,fuel_psu
2026-08-14,2026-08-14T06:00:00.000000,IOCL,petrol,Petrol (95 octane),104.26,Hyderabad,Available,fuel_psu
2026-08-14,2026-08-14T06:00:00.000000,BPCL,petrol,Petrol (95 octane),104.26,Hyderabad,Available,fuel_psu
2026-08-14,2026-08-14T06:00:00.000000,HPCL,petrol,Petrol (95 octane),104.26,Hyderabad,Available,fuel_psu
2026-08-14,2026-08-14T06:00:00.000000,IOCL,diesel,Diesel,97.5,Hyderabad,Available,fuel_psu
2026-08-14,2026-08-14T06:00:00.000000,BPCL,diesel,Diesel,97.5,Hyderabad,Available,fuel_psu
2026-08-14,2026-08-14T06:00:00.000000,HPCL,diesel,Diesel,97.5,Hyderabad,Available,fuel_psu
2026-08-14,2026-08-14T06:00:00.000000,IOCL,petrol,Petrol (95 octane),100.93,Pune,Available,fuel_psu
2026-08-14,2026-08-14T06:00:00.000000,BPCL,petrol,Petrol (95 octane),100.93,Pune,Available,fuel_psu
2026-08-14,2026-08-14T06:00:00.000000,HPCL,petrol,Petrol (95 octane),100.93,Pune,Available,fuel_psu
2026-08-14,2026-08-14T06:00:00.000000,IOCL,diesel,Diesel,92.46,Pune,Available,fuel_psu
2026-08-14,2026-08-14T06:00:00.000000,BPCL,diesel,Diesel,92.46,Pune,Available,fuel_psu
2026-08-14,2026-08-14T06:00:00.000000,HPCL,diesel,Diesel,92.46,Pune,Available,fuel_psu
2026-08-14,2026-08-14T06:00:00.000000,IOCL,petrol,Petrol (95 octane),91.29,Ahmedabad,Available,fuel_psu
2026-08-14,2026-08-14T06:00:00.000000,BPCL,petrol,Petrol (95 octane),91.29,Ahmedabad,Available,fuel_psu
2026-08-14,2026-08-14T06:00:00.000000,HPCL,petrol,Petrol (95 octane),91.29,Ahmedabad,Available,fuel_psu
2026-08-14,2026-08-14T06:00:00.000000,IOCL,diesel,Diesel,91.96,Ahmedabad,Available,fuel_psu
2026-08-14,2026-08-14T06:00:00.000000,BPCL,diesel,Diesel,91.96,Ahmedabad,Available,fuel_psu
2026-08-14,2026-08-14T06:00:00.000000,HPCL,diesel,Diesel,91.96,Ahmedabad,Available,fuel_psu
2026-08-14,2026-08-14T06:00:00.000000,IOCL,petrol,Petrol (95 octane),101.73,Jaipur,Available,fuel_psu
2026-08-14,2026-08-14T06:00:00.000000,BPCL,petrol,Petrol (95 octane),101.73,Jaipur,Available,fuel_psu
2026-08-14,2026-08-14T06:00:00.000000,HPCL,petrol,Petrol (95 octane),101.73,Jaipur,Available,fuel_psu
2026-08-14,2026-08-14T06:00:00.000000,IOCL,diesel,Diesel,92.21,Jaipur,Available,fuel_psu
2026-08-14,2026-08-14T06:00:00.000000,BPCL,diesel,Diesel,92.21,Jaipur,Available,fuel_psu
2026-08-14,2026-08-14T06:00:00.000000,HPCL,diesel,Diesel,92.21,Jaipur,Available,fuel_psu
2026-08-14,2026-08-14T06:00:00.000000,IOCL,petrol,Petrol (95 octane),91.5,Lucknow,Available,fuel_psu
2026-08-14,2026-08-14T06:00:00.000000,BPCL,petrol,Petrol (95 octane),91.5,Lucknow,Available,fuel_psu
2026-08-14,2026-08-14T06:00:00.000000,HPCL,petrol,Petrol (95 octane),91.5,Lucknow,Available,fuel_psu
2026-08-14,2026-08-14T06:00:00.000000,IOCL,diesel,Diesel,89.61,Lucknow,Available,fuel_psu
2026-08-14,2026-08-14T06:00:00.000000,BPCL,diesel,Diesel,89.61,Lucknow,Available,fuel_psu
2026-08-14,2026-08-14T06:00:00.000000,HPCL,diesel,Diesel,89.61,Lucknow,Available,fuel_psu
2026-08-14,2026-08-14T06:00:00.000000,IOCL,petrol,Petrol (95 octane),91.09,Chandigarh,Available,fuel_psu
2026-08-14,2026-08-14T06:00:00.000000,BPCL,petrol,Petrol (95 octane),91.09,Chandigarh,Available,fuel_psu
2026-08-14,2026-08-14T06:00:00.000000,HPCL,petrol,Petrol (95 octane),91.09,Chandigarh,Available,fuel_psu
2026-08-14,2026-08-14T06:00:00.000000,IOCL,diesel,Diesel,84.25,Chandigarh,Available,fuel_psu
2026-08-14,2026-08-14T06:00:00.000000,BPCL,diesel,Diesel,84.25,Chandigarh,Available,fuel_psu
2026-08-14,2026-08-14T06:00:00.000000,HPCL,diesel,Diesel,84.25,Chandigarh,Available,fuel_psu
2026-08-14,2026-08-14T06:00:00.000000,IOCL,petrol,Petrol (95 octane),91.16,Surat,Available,fuel_psu
2026-08-14,2026-08-14T06:00:00.000000,BPCL,petrol,Petrol (95 octane),91.16,Surat,Available,fuel_psu
2026-08-14,2026-08-14T06:00:00.000000,HPCL,petrol,Petrol (95 octane),91.16,Surat,Available,fuel_psu
2026-08-14,2026-08-14T06:00:00.000000,IOCL,diesel,Diesel,91.83,Surat,Available,fuel_psu
2026-08-14,2026-08-14T06:00:00.000000,BPCL,diesel,Diesel,91.83,Surat,Available,fuel_psu
2026-08-14,2026-08-14T06:00:00.000000,HPCL,diesel,Diesel,91.83,Surat,Available,fuel_psu
2026-08-14,2026-08-14T06:00:00.000000,IOCL,petrol,Petrol (95 octane),102.03,Patna,Available,fuel_psu
2026-08-14,2026-08-14T06:00:00.000000,BPCL,petrol,Petrol (95 octane),102.03,Patna,Available,fuel_psu
2026-08-14,2026-08-14T06:00:00.000000,HPCL,petrol,Petrol (95 octane),102.03,Patna,Available,fuel_psu
2026-08-14,2026-08-14T06:00:00.000000,IOCL,diesel,Diesel,93.89,Patna,Available,fuel_psu
2026-08-14,2026-08-14T06:00:00.000000,BPCL,diesel,Diesel,93.89,Patna,Available,fuel_psu
2026-08-14,2026-08-14T06:00:00.000000,HPCL,diesel,Diesel,93.89,Patna,Available,fuel_psu
2026-08-14,2026-08-14T06:00:00.000000,IOCL,petrol,Petrol (95 octane),91.51,Noida,Available,fuel_psu
2026-08-14,2026-08-14T06:00:00.000000,BPCL,petrol,Petrol (95 octane),91.51,Noida,Available,fuel_psu
2026-08-14,2026-08-14T06:00:00.000000,HPCL,petrol,Petrol (95 octane),91.51,Noida,Available,fuel_psu
2026-08-14,2026-08-14T06:00:00.000000,IOCL,diesel,Diesel,89.6,Noida,Available,fuel_psu
2026-08-14,2026-08-14T06:00:00.000000,BPCL,diesel,Diesel,89.6,Noida,Available,fuel_psu
2026-08-14,2026-08-14T06:00:00.000000,HPCL,diesel,Diesel,89.6,Noida,Available,fuel_psu
2026-08-14,2026-08-14T06:00:00.000000,IOCL,petrol,Petrol (95 octane),91.83,Gurgaon,Available,fuel_psu
2026-08-14,2026-08-14T06:00:00.000000,BPCL,petrol,Petrol (95 octane),91.83,Gurgaon,Available,fuel_psu
2026-08-14,2026-08-14T06:00:00.000000,HPCL,petrol,Petrol (95 octane),91.83,Gurgaon,Available,fuel_psu
2026-08-14,2026-08-14T06:00:00.000000,IOCL,diesel,Diesel,89.7,Gurgaon,Available,fuel_psu
2026-08-14,2026-08-14T06:00:00.000000,BPCL,diesel,Diesel,89.7,Gurgaon,Available,fuel_psu
2026-08-14,2026-08-14T06:00:00.000000,HPCL,diesel,Diesel,89.7,Gurgaon,Available,fuel_psu
2026-08-14,2026-08-14T06:00:00.000000,IOCL,petrol,Petrol (95 octane),103.35,Indore,Available,fuel_psu
2026-08-14,2026-08-14T06:00:00.000000,BPCL,petrol,Petrol (95 octane),103.35,Indore,Available,fuel_psu
2026-08-14,2026-08-14T06:00:00.000000,HPCL,petrol,Petrol (95 octane),103.35,Indore,Available,fuel_psu
2026-08-14,2026-08-14T06:00:00.000000,IOCL,diesel,Diesel,93.74,Indore,Available,fuel_psu
2026-08-14,2026-08-14T06:00:00.000000,BPCL,diesel,Diesel,93.74,Indore,Available,fuel_psu
2026-08-14,2026-08-14T06:00:00.000000,HPCL,diesel,Diesel,93.74,Indore,Available,fuel_psu
2026-08-15,2026-08-15T06:00:00.000000,IOCL,petrol,Petrol (95 octane),101.06,Mumbai,Available,fuel_psu
2026-08-15,2026-08-15T06:00:00.000000,BPCL,petrol,Petrol (95 octane),101.06,Mumbai,Available,fuel_psu
2026-08-15,2026-08-15T06:00:00.000000,HPCL,petrol,Petrol (95 octane),101.06,Mumbai,Available,fuel_psu
2026-08-15,2026-08-15T06:00:00.000000,IOCL,diesel,Diesel,94.0,Mumbai,Available,fuel_psu
2026-08-15,2026-08-15T06:00:00.000000,BPCL,diesel,Diesel,94.0,Mumbai,Available,fuel_psu
2026-08-15,2026-08-15T06:00:00.000000,HPCL,diesel,Diesel,94.0,Mumbai,Available,fuel_psu
2026-08-15,2026-08-15T06:00:00.000000,IOCL,petrol,Petrol (95 octane),91.57,Delhi,Available,fuel_psu
2026-08-15,2026-08-15T06:00:00.000000,BPCL,petrol,Petrol (95 octane),91.57,Delhi,Available,fuel_psu
2026-08-15,2026-08-15T06:00:00.000000,HPCL,petrol,Petrol (95 octane),91.57,Delhi,Available,fuel_psu
2026-08-15,2026-08-15T06:00:00.000000,IOCL,diesel,Diesel,89.47,Delhi,Available,fuel_psu
2026-08-15,2026-08-15T06:00:00.000000,BPCL,diesel,Diesel,89.47,Delhi,Available,fuel_psu
2026-08-15,2026-08-15T06:00:00.000000,HPCL,diesel,Diesel,89.47,Delhi,Available,fuel_psu
2026-08-15,2026-08-15T06:00:00.000000,IOCL,petrol,Petrol (95 octane),99.71,Bengaluru,Available,fuel_psu
2026-08-15,2026-08-15T06:00:00.000000,BPCL,petrol,Petrol (95 octane),99.71,Bengaluru,Available,fuel_psu
2026-08-15,2026-08-15T06:00:00.000000,HPCL,petrol,Petrol (95 octane),99.71,Bengaluru,Available,fuel_psu
2026-08-15,2026-08-15T06:00:00.000000,IOCL,diesel,Diesel,90.79,Bengaluru,Available,fuel_psu
2026-08-15,2026-08-15T06:00:00.000000,BPCL,diesel,Diesel,90.79,Bengaluru,Available,fuel_psu
2026-08-15,2026-08-15T06:00:00.000000,HPCL,diesel,Diesel,90.79,Bengaluru,Available,fuel_psu
2026-08-15,2026-08-15T06:00:00.000000,IOCL,petrol,Petrol (95 octane),97.6,Chennai,Available,fuel_psu
2026-08-15,2026-08-15T06:00:00.000000,BPCL,petrol,Petrol (95 octane),97.6,Chennai,Available,fuel_psu
2026-08-15,2026-08-15T06:00:00.000000,HPCL,petrol,Petrol (95 octane),97.6,Chennai,Available,fuel_psu
2026-08-15,2026-08-15T06:00:00.000000,IOCL,diesel,Diesel,94.19,Chennai,Available,fuel_psu
2026-08-15,2026-08-15T06:00:00.000000,BPCL,diesel,Diesel,94.19,Chennai,Available,fuel_psu
2026-08-15,2026-08-15T06:00:00.000000,HPCL,diesel,Diesel,94.19,Chennai,Available,fuel_psu
2026-08-15,2026-08-15T06:00:00.000000,IOCL,petrol,Petrol (95 octane),100.79,Kolkata,Available,fuel_psu
2026-08-15,2026-08-15T06:00:00.000000,BPCL,petrol,Petrol (95 octane),100.79,Kolkata,Available,fuel_psu
2026-08-15,2026-08-15T06:00:00.000000,HPCL,petrol,Petrol (95 octane),100.79,Kolkata,Available,fuel_psu
2026-08-15,2026-08-15T06:00:00.000000,IOCL,diesel,Diesel,92.61,Kolkata,Available,fuel_psu
2026-08-15,2026-08-15T06:00:00.000000,BPCL,diesel,Diesel,92.61,Kolkata,Available,fuel_psu
2026-08-15,2026-08-15T06:00:00.000000,HPCL,diesel,Diesel,92.61,Kolkata,Available,fuel_psu
2026-08-15,2026-08-15T06:00:00.000000,IOCL,petrol,Petrol (95 octane),104.26,Hyderabad,Available,fuel_psu
2026-08-15,2026-08-15T06:00:00.000000,BPCL,petrol,Petrol (95 octane),104.26,Hyderabad,Available,fuel_psu
2026-08-15,2026-08-15T06:00:00.000000,HPCL,petrol,Petrol (95 octane),104.26,Hyderabad,Available,fuel_psu
2026-08-15,2026-08-15T06:00:00.000000,IOCL,diesel,Diesel,97.5,Hyderabad,Available,fuel_psu
2026-08-15,2026-08-15T06:00:00.000000,BPCL,diesel,Diesel,97.5,Hyderabad,Available,fuel_psu
2026-08-15,2026-08-15T06:00:00.000000,HPCL,diesel,Diesel,97.5,Hyderabad,Available,fuel_psu
2026-08-15,2026-08-15T06:00:00.000000,IOCL,petrol,Petrol (95 octane),100.93,Pune,Available,fuel_psu
2026-08-15,2026-08-15T06:00:00.000000,BPCL,petrol,Petrol (95 octane),100.93,Pune,Available,fuel_psu
2026-08-15,2026-08-15T06:00:00.000000,HPCL,petrol,Petrol (95 octane),100.93,Pune,Available,fuel_psu
2026-08-15,2026-08-15T06:00:00.000000,IOCL,diesel,Diesel,92.46,Pune,Available,fuel_psu
2026-08-15,2026-08-15T06:00:00.000000,BPCL,diesel,Diesel,92.46,Pune,Available,fuel_psu
2026-08-15,2026-08-15T06:00:00.000000,HPCL,diesel,Diesel,92.46,Pune,Available,fuel_psu
2026-08-15,2026-08-15T06:00:00.000000,IOCL,petrol,Petrol (95 octane),91.29,Ahmedabad,Available,fuel_psu
2026-08-15,2026-08-15T06:00:00.000000,BPCL,petrol,Petrol (95 octane),91.29,Ahmedabad,Available,fuel_psu
2026-08-15,2026-08-15T06:00:00.000000,HPCL,petrol,Petrol (95 octane),91.29,Ahmedabad,Available,fuel_psu
2026-08-15,2026-08-15T06:00:00.000000,IOCL,diesel,Diesel,91.96,Ahmedabad,Available,fuel_psu
2026-08-15,2026-08-15T06:00:00.000000,BPCL,diesel,Diesel,91.96,Ahmedabad,Available,fuel_psu
2026-08-15,2026-08-15T06:00:00.000000,HPCL,diesel,Diesel,91.96,Ahmedabad,Available,fuel_psu
2026-08-15,2026-08-15T06:00:00.000000,IOCL,petrol,Petrol (95 octane),101.73,Jaipur,Available,fuel_psu
2026-08-15,2026-08-15T06:00:00.000000,BPCL,petrol,Petrol (95 octane),101.73,Jaipur,Available,fuel_psu
2026-08-15,2026-08-15T06:00:00.000000,HPCL,petrol,Petrol (95 octane),101.73,Jaipur,Available,fuel_psu
2026-08-15,2026-08-15T06:00:00.000000,IOCL,diesel,Diesel,92.21,Jaipur,Available,fuel_psu
2026-08-15,2026-08-15T06:00:00.000000,BPCL,diesel,Diesel,92.21,Jaipur,Available,fuel_psu
2026-08-15,2026-08-15T06:00:00.000000,HPCL,diesel,Diesel,92.21,Jaipur,Available,fuel_psu
2026-08-15,2026-08-15T06:00:00.000000,IOCL,petrol,Petrol (95 octane),91.5,Lucknow,Available,fuel_psu
2026-08-15,2026-08-15T06:00:00.000000,BPCL,petrol,Petrol (95 octane),91.5,Lucknow,Available,fuel_psu
2026-08-15,2026-08-15T06:00:00.000000,HPCL,petrol,Petrol (95 octane),91.5,Lucknow,Available,fuel_psu
2026-08-15,2026-08-15T06:00:00.000000,IOCL,diesel,Diesel,89.61,Lucknow,Available,fuel_psu
2026-08-15,2026-08-15T06:00:00.000000,BPCL,diesel,Diesel,89.61,Lucknow,Available,fuel_psu
2026-08-15,2026-08-15T06:00:00.000000,HPCL,diesel,Diesel,89.61,Lucknow,Available,fuel_psu
2026-08-15,2026-08-15T06:00:00.000000,IOCL,petrol,Petrol (95 octane),91.09,Chandigarh,Available,fuel_psu
2026-08-15,2026-08-15T06:00:00.000000,BPCL,petrol,Petrol (95 octane),91.09,Chandigarh,Available,fuel_psu
2026-08-15,2026-08-15T06:00:00.000000,HPCL,petrol,Petrol (95 octane),91.09,Chandigarh,Available,fuel_psu
2026-08-15,2026-08-15T06:00:00.000000,IOCL,diesel,Diesel,84.25,Chandigarh,Available,fuel_psu
2026-08-15,2026-08-15T06:00:00.000000,BPCL,diesel,Diesel,84.25,Chandigarh,Available,fuel_psu
2026-08-15,2026-08-15T06:00:00.000000,HPCL,diesel,Diesel,84.25,Chandigarh,Available,fuel_psu
2026-08-15,2026-08-15T06:00:00.000000,IOCL,petrol,Petrol (95 octane),91.16,Surat,Available,fuel_psu
2026-08-15,2026-08-15T06:00:00.000000,BPCL,petrol,Petrol (95 octane),91.16,Surat,Available,fuel_psu
2026-08-15,2026-08-15T06:00:00.000000,HPCL,petrol,Petrol (95 octane),91.16,Surat,Available,fuel_psu
2026-08-15,2026-08-15T06:00:00.000000,IOCL,diesel,Diesel,91.83,Surat,Available,fuel_psu
2026-08-15,2026-08-15T06:00:00.000000,BPCL,diesel,Diesel,91.83,Surat,Available,fuel_psu
2026-08-15,2026-08-15T06:00:00.000000,HPCL,diesel,Diesel,91.83,Surat,Available,fuel_psu
2026-08-15,2026-08-15T06:00:00.000000,IOCL,petrol,Petrol (95 octane),102.03,Patna,Available,fuel_psu
2026-08-15,2026-08-15T06:00:00.000000,BPCL,petrol,Petrol (95 octane),102.03,Patna,Available,fuel_psu
2026-08-15,2026-08-15T06:00:00.000000,HPCL,petrol,Petrol (95 octane),102.03,Patna,Available,fuel_psu
2026-08-15,2026-08-15T06:00:00.000000,IOCL,diesel,Diesel,93.89,Patna,Available,fuel_psu
2026-08-15,2026-08-15T06:00:00.000000,BPCL,diesel,Diesel,93.89,Patna,Available,fuel_psu
2026-08-15,2026-08-15T06:00:00.000000,HPCL,diesel,Diesel,93.89,Patna,Available,fuel_psu
2026-08-15,2026-08-15T06:00:00.000000,IOCL,petrol,Petrol (95 octane),91.51,Noida,Available,fuel_psu
2026-08-15,2026-08-15T06:00:00.000000,BPCL,petrol,Petrol (95 octane),91.51,Noida,Available,fuel_psu
2026-08-15,2026-08-15T06:00:00.000000,HPCL,petrol,Petrol (95 octane),91.51,Noida,Available,fuel_psu
2026-08-15,2026-08-15T06:00:00.000000,IOCL,diesel,Diesel,89.6,Noida,Available,fuel_psu
2026-08-15,2026-08-15T06:00:00.000000,BPCL,diesel,Diesel,89.6,Noida,Available,fuel_psu
2026-08-15,2026-08-15T06:00:00.000000,HPCL,diesel,Diesel,89.6,Noida,Available,fuel_psu
2026-08-15,2026-08-15T06:00:00.000000,IOCL,petrol,Petrol (95 octane),91.83,Gurgaon,Available,fuel_psu
2026-08-15,2026-08-15T06:00:00.000000,BPCL,petrol,Petrol (95 octane),91.83,Gurgaon,Available,fuel_psu
2026-08-15,2026-08-15T06:00:00.000000,HPCL,petrol,Petrol (95 octane),91.83,Gurgaon,Available,fuel_psu
2026-08-15,2026-08-15T06:00:00.000000,IOCL,diesel,Diesel,89.7,Gurgaon,Available,fuel_psu
2026-08-15,2026-08-15T06:00:00.000000,BPCL,diesel,Diesel,89.7,Gurgaon,Available,fuel_psu
2026-08-15,2026-08-15T06:00:00.000000,HPCL,diesel,Diesel,89.7,Gurgaon,Available,fuel_psu
2026-08-15,2026-08-15T06:00:00.000000,IOCL,petrol,Petrol (95 octane),103.35,Indore,Available,fuel_psu
2026-08-15,2026-08-15T06:00:00.000000,BPCL,petrol,Petrol (95 octane),103.35,Indore,Available,fuel_psu
2026-08-15,2026-08-15T06:00:00.000000,HPCL,petrol,Petrol (95 octane),103.35,Indore,Available,fuel_psu
2026-08-15,2026-08-15T06:00:00.000000,IOCL,diesel,Diesel,93.74,Indore,Available,fuel_psu
2026-08-15,2026-08-15T06:00:00.000000,BPCL,diesel,Diesel,93.74,Indore,Available,fuel_psu
2026-08-15,2026-08-15T06:00:00.000000,HPCL,diesel,Diesel,93.74,Indore,Available,fuel_psu
2026-08-16,2026-08-16T06:00:00.000000,IOCL,petrol,Petrol (95 octane),99.86,Mumbai,Available,fuel_psu
2026-08-16,2026-08-16T06:00:00.000000,BPCL,petrol,Petrol (95 octane),99.86,Mumbai,Available,fuel_psu
2026-08-16,2026-08-16T06:00:00.000000,HPCL,petrol,Petrol (95 octane),99.86,Mumbai,Available,fuel_psu
2026-08-16,2026-08-16T06:00:00.000000,IOCL,diesel,Diesel,93.4,Mumbai,Available,fuel_psu
2026-08-16,2026-08-16T06:00:00.000000,BPCL,diesel,Diesel,93.4,Mumbai,Available,fuel_psu
2026-08-16,2026-08-16T06:00:00.000000,HPCL,diesel,Diesel,93.4,Mumbai,Available,fuel_psu
2026-08-16,2026-08-16T06:00:00.000000,IOCL,petrol,Petrol (95 octane),90.37,Delhi,Available,fuel_psu
2026-08-16,2026-08-16T06:00:00.000000,BPCL,petrol,Petrol (95 octane),90.37,Delhi,Available,fuel_psu
2026-08-16,2026-08-16T06:00:00.000000,HPCL,petrol,Petrol (95 octane),90.37,Delhi,Available,fuel_psu
2026-08-16,2026-08-16T06:00:00.000000,IOCL,diesel,Diesel,88.87,Delhi,Available,fuel_psu
2026-08-16,2026-08-16T06:00:00.000000,BPCL,diesel,Diesel,88.87,Delhi,Available,fuel_psu
2026-08-16,2026-08-16T06:00:00.000000,HPCL,diesel,Diesel,88.87,Delhi,Available,fuel_psu
2026-08-16,2026-08-16T06:00:00.000000,IOCL,petrol,Petrol (95 octane),98.51,Bengaluru,Available,fuel_psu
2026-08-16,2026-08-16T06:00:00.000000,BPCL,petrol,Petrol (95 octane),98.51,Bengaluru,Available,fuel_psu
2026-08-16,2026-08-16T06:00:00.000000,HPCL,petrol,Petrol (95 octane),98.51,Bengaluru,Available,fuel_psu
2026-08-16,2026-08-16T06:00:00.000000,IOCL,diesel,Diesel,90.19,Bengaluru,Available,fuel_psu
2026-08-16,2026-08-16T06:00:00.000000,BPCL,diesel,Diesel,90.19,Bengaluru,Available,fuel_psu
2026-08-16,2026-08-16T06:00:00.000000,HPCL,diesel,Diesel,90.19,Bengaluru,Available,fuel_psu
2026-08-16,2026-08-16T06:00:00.000000,IOCL,petrol,Petrol (95 octane),96.4,Chennai,Available,fuel_psu
2026-08-16,2026-08-16T06:00:00.000000,BPCL,petrol,Petrol (95 octane),96.4,Chennai,Available,fuel_psu
2026-08-16,2026-08-16T06:00:00.000000,HPCL,petrol,Petrol (95 octane),96.4,Chennai,Available,fuel_psu
2026-08-16,2026-08-16T06:00:00.000000,IOCL,diesel,Diesel,93.59,Chennai,Available,fuel_psu
2026-08-16,2026-08-16T06:00:00.000000,BPCL,diesel,Diesel,93.59,Chennai,Available,fuel_psu
2026-08-16,2026-08-16T06:00:00.000000,HPCL,diesel,Diesel,93.59,Chennai,Available,fuel_psu
2026-08-16,2026-08-16T06:00:00.000000,IOCL,petrol,Petrol (95 octane),99.59,Kolkata,Available,fuel_psu
2026-08-16,2026-08-16T06:00:00.000000,BPCL,petrol,Petrol (95 octane),99.59,Kolkata,Available,fuel_psu
2026-08-16,2026-08-16T06:00:00.000000,HPCL,petrol,Petrol (95 octane),99.59,Kolkata,Available,fuel_psu
2026-08-16,2026-08-16T06:00:00.000000,IOCL,diesel,Diesel,92.01,Kolkata,Available,fuel_psu
2026-08-16,2026-08-16T06:00:00.000000,BPCL,diesel,Diesel,92.01,Kolkata,Available,fuel_psu
2026-08-16,2026-08-16T06:00:00.000000,HPCL,diesel,Diesel,92.01,Kolkata,Available,fuel_psu
2026-08-16,2026-08-16T06:00:00.000000,IOCL,petrol,Petrol (95 octane),103.06,Hyderabad,Available,fuel_psu
2026-08-16,2026-08-16T06:00:00.000000,BPCL,petrol,Petrol (95 octane),103.06,Hyderabad,Available,fuel_psu
2026-08-16,2026-08-16T06:00:00.000000,HPCL,petrol,Petrol (95 octane),103.06,Hyderabad,Available,fuel_psu
2026-08-16,2026-08-16T06:00:00.000000,IOCL,diesel,Diesel,96.9,Hyderabad,Available,fuel_psu
2026-08-16,2026-08-16T06:00:00.000000,BPCL,diesel,Diesel,96.9,Hyderabad,Available,fuel_psu
2026-08-16,2026-08-16T06:00:00.000000,HPCL,diesel,Diesel,96.9,Hyderabad,Available,fuel_psu
2026-08-16,2026-08-16T06:00:00.000000,IOCL,petrol,Petrol (95 octane),99.73,Pune,Available,fuel_psu
2026-08-16,2026-08-16T06:00:00.000000,BPCL,petrol,Petrol (95 octane),99.73,Pune,Available,fuel_psu
2026-08-16,2026-08-16T06:00:00.000000,HPCL,petrol,Petrol (95 octane),99.73,Pune,Available,fuel_psu
2026-08-16,2026-08-16T06:00:00.000000,IOCL,diesel,Diesel,91.86,Pune,Available,fuel_psu
2026-08-16,2026-08-16T06:00:00.000000,BPCL,diesel,Diesel,91.86,Pune,Available,fuel_psu
2026-08-16,2026-08-16T06:00:00.000000,HPCL,diesel,Diesel,91.86,Pune,Available,fuel_psu
2026-08-16,2026-08-16T06:00:00.000000,IOCL,petrol,Petrol (95 octane),90.09,Ahmedabad,Available,fuel_psu
2026-08-16,2026-08-16T06:00:00.000000,BPCL,petrol,Petrol (95 octane),90.09,Ahmedabad,Available,fuel_psu
2026-08-16,2026-08-16T06:00:00.000000,HPCL,petrol,Petrol (95 octane),90.09,Ahmedabad,Available,fuel_psu
2026-08-16,2026-08-16T06:00:00.000000,IOCL,diesel,Diesel,91.36,Ahmedabad,Available,fuel_psu
2026-08-16,2026-08-16T06:00:00.000000,BPCL,diesel,Diesel,91.36,Ahmedabad,Available,fuel_psu
2026-08-16,2026-08-16T06:00:00.000000,HPCL,diesel,Diesel,91.36,Ahmedabad,Available,fuel_psu
2026-08-16,2026-08-16T06:00:00.000000,IOCL,petrol,Petrol (95 octane),100.53,Jaipur,Available,fuel_psu
2026-08-16,2026-08-16T06:00:00.000000,BPCL,petrol,Petrol (95 octane),100.53,Jaipur,Available,fuel_psu
2026-08-16,2026-08-16T06:00:00.000000,HPCL,petrol,Petrol (95 octane),100.53,Jaipur,Available,fuel_psu
2026-08-16,2026-08-16T06:00:00.000000,IOCL,diesel,Diesel,91.61,Jaipur,Available,fuel_psu
2026-08-16,2026-08-16T06:00:00.000000,BPCL,diesel,Diesel,91.61,Jaipur,Available,fuel_psu
2026-08-16,2026-08-16T06:00:00.000000,HPCL,diesel,Diesel,91.61,Jaipur,Available,fuel_psu
2026-08-16,2026-08-16T06:00:00.000000,IOCL,petrol,Petrol (95 octane),90.3,Lucknow,Available,fuel_psu
2026-08-16,2026-08-16T06:00:00.000000,BPCL,petrol,Petrol (95 octane),90.3,Lucknow,Available,fuel_psu
2026-08-16,2026-08-16T06:00:00.000000,HPCL,petrol,Petrol (95 octane),90.3,Lucknow,Available,fuel_psu
2026-08-16,2026-08-16T06:00:00.000000,IOCL,diesel,Diesel,89.01,Lucknow,Available,fuel_psu
2026-08-16,2026-08-16T06:00:00.000000,BPCL,diesel,Diesel,89.01,Lucknow,Available,fuel_psu
2026-08-16,2026-08-16T06:00:00.000000,HPCL,diesel,Diesel,89.01,Lucknow,Available,fuel_psu
2026-08-16,2026-08-16T06:00:00.000000,IOCL,petrol,Petrol (95 octane),89.89,Chandigarh,Available,fuel_psu
2026-08-16,2026-08-16T06:00:00.000000,BPCL,petrol,Petrol (95 octane),89.89,Chandigarh,Available,fuel_psu
2026-08-16,2026-08-16T06:00:00.000000,HPCL,petrol,Petrol (95 octane),89.89,Chandigarh,Available,fuel_psu
2026-08-16,2026-08-16T06:00:00.000000,IOCL,diesel,Diesel,83.65,Chandigarh,Available,fuel_psu
2026-08-16,2026-08-16T06:00:00.000000,BPCL,diesel,Diesel,83.65,Chandigarh,Available,fuel_psu
2026-08-16,2026-08-16T06:00:00.000000,HPCL,diesel,Diesel,83.65,Chandigarh,Available,fuel_psu
2026-08-16,2026-08-16T06:00:00.000000,IOCL,petrol,Petrol (95 octane),89.96,Surat,Available,fuel_psu
2026-08-16,2026-08-16T06:00:00.000000,BPCL,petrol,Petrol (95 octane),89.96,Surat,Available,fuel_psu
2026-08-16,2026-08-16T06:00:00.000000,HPCL,petrol,Petrol (95 octane),89.96,Surat,Available,fuel_psu
2026-08-16,2026-08-16T06:00:00.000000,IOCL,diesel,Diesel,91.23,Surat,Available,fuel_psu
2026-08-16,2026-08-16T06:00:00.000000,BPCL,diesel,Diesel,91.23,Surat,Available,fuel_psu
2026-08-16,2026-08-16T06:00:00.000000,HPCL,diesel,Diesel,91.23,Surat,Available,fuel_psu
2026-08-16,2026-08-16T06:00:00.000000,IOCL,petrol,Petrol (95 octane),100.83,Patna,Available,fuel_psu
2026-08-16,2026-08-16T06:00:00.000000,BPCL,petrol,Petrol (95 octane),100.83,Patna,Available,fuel_psu
2026-08-16,2026-08-16T06:00:00.000000,HPCL,petrol,Petrol (95 octane),100.83,Patna,Available,fuel_psu
2026-08-16,2026-08-16T06:00:00.000000,IOCL,diesel,Diesel,93.29,Patna,Available,fuel_psu
2026-08-16,2026-08-16T06:00:00.000000,BPCL,diesel,Diesel,93.29,Patna,Available,fuel_psu
2026-08-16,2026-08-16T06:00:00.000000,HPCL,diesel,Diesel,93.29,Patna,Available,fuel_psu
2026-08-16,2026-08-16T06:00:00.000000,IOCL,petrol,Petrol (95 octane),90.31,Noida,Available,fuel_psu
2026-08-16,2026-08-16T06:00:00.000000,BPCL,petrol,Petrol (95 octane),90.31,Noida,Available,fuel_psu
2026-08-16,2026-08-16T06:00:00.000000,HPCL,petrol,Petrol (95 octane),90.31,Noida,Available,fuel_psu
2026-08-16,2026-08-16T06:00:00.000000,IOCL,diesel,Diesel,89.0,Noida,Available,fuel_psu
2026-08-16,2026-08-16T06:00:00.000000,BPCL,diesel,Diesel,89.0,Noida,Available,fuel_psu
2026-08-16,2026-08-16T06:00:00.000000,HPCL,diesel,Diesel,89.0,Noida,Available,fuel_psu
2026-08-16,2026-08-16T06:00:00.000000,IOCL,petrol,Petrol (95 octane),90.63,Gurgaon,Available,fuel_psu
2026-08-16,2026-08-16T06:00:00.000000,BPCL,petrol,Petrol (95 octane),90.63,Gurgaon,Available,fuel_psu
2026-08-16,2026-08-16T06:00:00.000000,HPCL,petrol,Petrol (95 octane),90.63,Gurgaon,Available,fuel_psu
2026-08-16,2026-08-16T06:00:00.000000,IOCL,diesel,Diesel,89.1,Gurgaon,Available,fuel_psu
2026-08-16,2026-08-16T06:00:00.000000,BPCL,diesel,Diesel,89.1,Gurgaon,Available,fuel_psu
2026-08-16,2026-08-16T06:00:00.000000,HPCL,diesel,Diesel,89.1,Gurgaon,Available,fuel_psu
2026-08-16,2026-08-16T06:00:00.000000,IOCL,petrol,Petrol (95 octane),102.15,Indore,Available,fuel_psu
2026-08-16,2026-08-16T06:00:00.000000,BPCL,petrol,Petrol (95 octane),102.15,Indore,Available,fuel_psu
2026-08-16,2026-08-16T06:00:00.000000,HPCL,petrol,Petrol (95 octane),102.15,Indore,Available,fuel_psu
2026-08-16,2026-08-16T06:00:00.000000,IOCL,diesel,Diesel,93.14,Indore,Available,fuel_psu
2026-08-16,2026-08-16T06:00:00.000000,BPCL,diesel,Diesel,93.14,Indore,Available,fuel_psu
2026-08-16,2026-08-16T06:00:00.000000,HPCL,diesel,Diesel,93.14,Indore,Available,fuel_psu
2026-08-17,2026-08-17T06:00:00.000000,IOCL,petrol,Petrol (95 octane),99.86,Mumbai,Available,fuel_psu
2026-08-17,2026-08-17T06:00:00.000000,BPCL,petrol,Petrol (95 octane),99.86,Mumbai,Available,fuel_psu
2026-08-17,2026-08-17T06:00:00.000000,HPCL,petrol,Petrol (95 octane),99.86,Mumbai,Available,fuel_psu
2026-08-17,2026-08-17T06:00:00.000000,IOCL,diesel,Diesel,93.4,Mumbai,Available,fuel_psu
2026-08-17,2026-08-17T06:00:00.000000,BPCL,diesel,Diesel,93.4,Mumbai,Available,fuel_psu
2026-08-17,2026-08-17T06:00:00.000000,HPCL,diesel,Diesel,93.4,Mumbai,Available,fuel_psu
2026-08-17,2026-08-17T06:00:00.000000,IOCL,petrol,Petrol (95 octane),90.37,Delhi,Available,fuel_psu
2026-08-17,2026-08-17T06:00:00.000000,BPCL,petrol,Petrol (95 octane),90.37,Delhi,Available,fuel_psu
2026-08-17,2026-08-17T06:00:00.000000,HPCL,petrol,Petrol (95 octane),90.37,Delhi,Available,fuel_psu
2026-08-17,2026-08-17T06:00:00.000000,IOCL,diesel,Diesel,88.87,Delhi,Available,fuel_psu
2026-08-17,2026-08-17T06:00:00.000000,BPCL,diesel,Diesel,88.87,Delhi,Available,fuel_psu
2026-08-17,2026-08-17T06:00:00.000000,HPCL,diesel,Diesel,88.87,Delhi,Available,fuel_psu
2026-08-17,2026-08-17T06:00:00.000000,IOCL,petrol,Petrol (95 octane),98.51,Bengaluru,Available,fuel_psu
2026-08-17,2026-08-17T06:00:00.000000,BPCL,petrol,Petrol (95 octane),98.51,Bengaluru,Available,fuel_psu
2026-08-17,2026-08-17T06:00:00.000000,HPCL,petrol,Petrol (95 octane),98.51,Bengaluru,Available,fuel_psu
2026-08-17,2026-08-17T06:00:00.000000,IOCL,diesel,Diesel,90.19,Bengaluru,Available,fuel_psu
2026-08-17,2026-08-17T06:00:00.000000,BPCL,diesel,Diesel,90.19,Bengaluru,Available,fuel_psu
2026-08-17,2026-08-17T06:00:00.000000,HPCL,diesel,Diesel,90.19,Bengaluru,Available,fuel_psu
2026-08-17,2026-08-17T06:00:00.000000,IOCL,petrol,Petrol (95 octane),96.4,Chennai,Available,fuel_psu
2026-08-17,2026-08-17T06:00:00.000000,BPCL,petrol,Petrol (95 octane),96.4,Chennai,Available,fuel_psu
2026-08-17,2026-08-17T06:00:00.000000,HPCL,petrol,Petrol (95 octane),96.4,Chennai,Available,fuel_psu
2026-08-17,2026-08-17T06:00:00.000000,IOCL,diesel,Diesel,93.59,Chennai,Available,fuel_psu
2026-08-17,2026-08-17T06:00:00.000000,BPCL,diesel,Diesel,93.59,Chennai,Available,fuel_psu
2026-08-17,2026-08-17T06:00:00.000000,HPCL,diesel,Diesel,93.59,Chennai,Available,fuel_psu
2026-08-17,2026-08-17T06:00:00.000000,IOCL,petrol,Petrol (95 octane),99.59,Kolkata,Available,fuel_psu
2026-08-17,2026-08-17T06:00:00.000000,BPCL,petrol,Petrol (95 octane),99.59,Kolkata,Available,fuel_psu
2026-08-17,2026-08-17T06:00:00.000000,HPCL,petrol,Petrol (95 octane),99.59,Kolkata,Available,fuel_psu
2026-08-17,2026-08-17T06:00:00.000000,IOCL,diesel,Diesel,92.01,Kolkata,Available,fuel_psu
2026-08-17,2026-08-17T06:00:00.000000,BPCL,diesel,Diesel,92.01,Kolkata,Available,fuel_psu
2026-08-17,2026-08-17T06:00:00.000000,HPCL,diesel,Diesel,92.01,Kolkata,Available,fuel_psu
2026-08-17,2026-08-17T06:00:00.000000,IOCL,petrol,Petrol (95 octane),103.06,Hyderabad,Available,fuel_psu
2026-08-17,2026-08-17T06:00:00.000000,BPCL,petrol,Petrol (95 octane),103.06,Hyderabad,Available,fuel_psu
2026-08-17,2026-08-17T06:00:00.000000,HPCL,petrol,Petrol (95 octane),103.06,Hyderabad,Available,fuel_psu
2026-08-17,2026-08-17T06:00:00.000000,IOCL,diesel,Diesel,96.9,Hyderabad,Available,fuel_psu
2026-08-17,2026-08-17T06:00:00.000000,BPCL,diesel,Diesel,96.9,Hyderabad,Available,fuel_psu
2026-08-17,2026-08-17T06:00:00.000000,HPCL,diesel,Diesel,96.9,Hyderabad,Available,fuel_psu
2026-08-17,2026-08-17T06:00:00.000000,IOCL,petrol,Petrol (95 octane),99.73,Pune,Available,fuel_psu
2026-08-17,2026-08-17T06:00:00.000000,BPCL,petrol,Petrol (95 octane),99.73,Pune,Available,fuel_psu
2026-08-17,2026-08-17T06:00:00.000000,HPCL,petrol,Petrol (95 octane),99.73,Pune,Available,fuel_psu
2026-08-17,2026-08-17T06:00:00.000000,IOCL,diesel,Diesel,91.86,Pune,Available,fuel_psu
2026-08-17,2026-08-17T06:00:00.000000,BPCL,diesel,Diesel,91.86,Pune,Available,fuel_psu
2026-08-17,2026-08-17T06:00:00.000000,HPCL,diesel,Diesel,91.86,Pune,Available,fuel_psu
2026-08-17,2026-08-17T06:00:00.000000,IOCL,petrol,Petrol (95 octane),90.09,Ahmedabad,Available,fuel_psu
2026-08-17,2026-08-17T06:00:00.000000,BPCL,petrol,Petrol (95 octane),90.09,Ahmedabad,Available,fuel_psu
2026-08-17,2026-08-17T06:00:00.000000,HPCL,petrol,Petrol (95 octane),90.09,Ahmedabad,Available,fuel_psu
2026-08-17,2026-08-17T06:00:00.000000,IOCL,diesel,Diesel,91.36,Ahmedabad,Available,fuel_psu
2026-08-17,2026-08-17T06:00:00.000000,BPCL,diesel,Diesel,91.36,Ahmedabad,Available,fuel_psu
2026-08-17,2026-08-17T06:00:00.000000,HPCL,diesel,Diesel,91.36,Ahmedabad,Available,fuel_psu
2026-08-17,2026-08-17T06:00:00.000000,IOCL,petrol,Petrol (95 octane),100.53,Jaipur,Available,fuel_psu
2026-08-17,2026-08-17T06:00:00.000000,BPCL,petrol,Petrol (95 octane),100.53,Jaipur,Available,fuel_psu
2026-08-17,2026-08-17T06:00:00.000000,HPCL,petrol,Petrol (95 octane),100.53,Jaipur,Available,fuel_psu
2026-08-17,2026-08-17T06:00:00.000000,IOCL,diesel,Diesel,91.61,Jaipur,Available,fuel_psu
2026-08-17,2026-08-17T06:00:00.000000,BPCL,diesel,Diesel,91.61,Jaipur,Available,fuel_psu
2026-08-17,2026-08-17T06:00:00.000000,HPCL,diesel,Diesel,91.61,Jaipur,Available,fuel_psu
2026-08-17,2026-08-17T06:00:00.000000,IOCL,petrol,Petrol (95 octane),90.3,Lucknow,Available,fuel_psu
2026-08-17,2026-08-17T06:00:00.000000,BPCL,petrol,Petrol (95 octane),90.3,Lucknow,Available,fuel_psu
2026-08-17,2026-08-17T06:00:00.000000,HPCL,petrol,Petrol (95 octane),90.3,Lucknow,Available,fuel_psu
2026-08-17,2026-08-17T06:00:00.000000,IOCL,diesel,Diesel,89.01,Lucknow,Available,fuel_psu
2026-08-17,2026-08-17T06:00:00.000000,BPCL,diesel,Diesel,89.01,Lucknow,Available,fuel_psu
2026-08-17,2026-08-17T06:00:00.000000,HPCL,diesel,Diesel,89.01,Lucknow,Available,fuel_psu
2026-08-17,2026-08-17T06:00:00.000000,IOCL,petrol,Petrol (95 octane),89.89,Chandigarh,Available,fuel_psu
2026-08-17,2026-08-17T06:00:00.000000,BPCL,petrol,Petrol (95 octane),89.89,Chandigarh,Available,fuel_psu
2026-08-17,2026-08-17T06:00:00.000000,HPCL,petrol,Petrol (95 octane),89.89,Chandigarh,Available,fuel_psu
2026-08-17,2026-08-17T06:00:00.000000,IOCL,diesel,Diesel,83.65,Chandigarh,Available,fuel_psu
2026-08-17,2026-08-17T06:00:00.000000,BPCL,diesel,Diesel,83.65,Chandigarh,Available,fuel_psu
2026-08-17,2026-08-17T06:00:00.000000,HPCL,diesel,Diesel,83.65,Chandigarh,Available,fuel_psu
2026-08-17,2026-08-17T06:00:00.000000,IOCL,petrol,Petrol (95 octane),89.96,Surat,Available,fuel_psu
2026-08-17,2026-08-17T06:00:00.000000,BPCL,petrol,Petrol (95 octane),89.96,Surat,Available,fuel_psu
2026-08-17,2026-08-17T06:00:00.000000,HPCL,petrol,Petrol (95 octane),89.96,Surat,Available,fuel_psu
2026-08-17,2026-08-17T06:00:00.000000,IOCL,diesel,Diesel,91.23,Surat,Available,fuel_psu
2026-08-17,2026-08-17T06:00:00.000000,BPCL,diesel,Diesel,91.23,Surat,Available,fuel_psu
2026-08-17,2026-08-17T06:00:00.000000,HPCL,diesel,Diesel,91.23,Surat,Available,fuel_psu
2026-08-17,2026-08-17T06:00:00.000000,IOCL,petrol,Petrol (95 octane),100.83,Patna,Available,fuel_psu
2026-08-17,2026-08-17T06:00:00.000000,BPCL,petrol,Petrol (95 octane),100.83,Patna,Available,fuel_psu
2026-08-17,2026-08-17T06:00:00.000000,HPCL,petrol,Petrol (95 octane),100.83,Patna,Available,fuel_psu
2026-08-17,2026-08-17T06:00:00.000000,IOCL,diesel,Diesel,93.29,Patna,Available,fuel_psu
2026-08-17,2026-08-17T06:00:00.000000,BPCL,diesel,Diesel,93.29,Patna,Available,fuel_psu
2026-08-17,2026-08-17T06:00:00.000000,HPCL,diesel,Diesel,93.29,Patna,Available,fuel_psu
2026-08-17,2026-08-17T06:00:00.000000,IOCL,petrol,Petrol (95 octane),90.31,Noida,Available,fuel_psu
2026-08-17,2026-08-17T06:00:00.000000,BPCL,petrol,Petrol (95 octane),90.31,Noida,Available,fuel_psu
2026-08-17,2026-08-17T06:00:00.000000,HPCL,petrol,Petrol (95 octane),90.31,Noida,Available,fuel_psu
2026-08-17,2026-08-17T06:00:00.000000,IOCL,diesel,Diesel,89.0,Noida,Available,fuel_psu
2026-08-17,2026-08-17T06:00:00.000000,BPCL,diesel,Diesel,89.0,Noida,Available,fuel_psu
2026-08-17,2026-08-17T06:00:00.000000,HPCL,diesel,Diesel,89.0,Noida,Available,fuel_psu
2026-08-17,2026-08-17T06:00:00.000000,IOCL,petrol,Petrol (95 octane),90.63,Gurgaon,Available,fuel_psu
2026-08-17,2026-08-17T06:00:00.000000,BPCL,petrol,Petrol (95 octane),90.63,Gurgaon,Available,fuel_psu
2026-08-17,2026-08-17T06:00:00.000000,HPCL,petrol,Petrol (95 octane),90.63,Gurgaon,Available,fuel_psu
2026-08-17,2026-08-17T06:00:00.000000,IOCL,diesel,Diesel,89.1,Gurgaon,Available,fuel_psu
2026-08-17,2026-08-17T06:00:00.000000,BPCL,diesel,Diesel,89.1,Gurgaon,Available,fuel_psu
2026-08-17,2026-08-17T06:00:00.000000,HPCL,diesel,Diesel,89.1,Gurgaon,Available,fuel_psu
2026-08-17,2026-08-17T06:00:00.000000,IOCL,petrol,Petrol (95 octane),102.15,Indore,Available,fuel_psu
2026-08-17,2026-08-17T06:00:00.000000,BPCL,petrol,Petrol (95 octane),102.15,Indore,Available,fuel_psu
2026-08-17,2026-08-17T06:00:00.000000,HPCL,petrol,Petrol (95 octane),102.15,Indore,Available,fuel_psu
2026-08-17,2026-08-17T06:00:00.000000,IOCL,diesel,Diesel,93.14,Indore,Available,fuel_psu
2026-08-17,2026-08-17T06:00:00.000000,BPCL,diesel,Diesel,93.14,Indore,Available,fuel_psu
2026-08-17,2026-08-17T06:00:00.000000,HPCL,diesel,Diesel,93.14,Indore,Available,fuel_psu
2026-08-18,2026-08-18T06:00:00.000000,IOCL,petrol,Petrol (95 octane),99.86,Mumbai,Available,fuel_psu
2026-08-18,2026-08-18T06:00:00.000000,BPCL,petrol,Petrol (95 octane),99.86,Mumbai,Available,fuel_psu
2026-08-18,2026-08-18T06:00:00.000000,HPCL,petrol,Petrol (95 octane),99.86,Mumbai,Available,fuel_psu
2026-08-18,2026-08-18T06:00:00.000000,IOCL,diesel,Diesel,93.4,Mumbai,Available,fuel_psu
2026-08-18,2026-08-18T06:00:00.000000,BPCL,diesel,Diesel,93.4,Mumbai,Available,fuel_psu
2026-08-18,2026-08-18T06:00:00.000000,HPCL,diesel,Diesel,93.4,Mumbai,Available,fuel_psu
2026-08-18,2026-08-18T06:00:00.000000,IOCL,petrol,Petrol (95 octane),90.37,Delhi,Available,fuel_psu
2026-08-18,2026-08-18T06:00:00.000000,BPCL,petrol,Petrol (95 octane),90.37,Delhi,Available,fuel_psu
2026-08-18,2026-08-18T06:00:00.000000,HPCL,petrol,Petrol (95 octane),90.37,Delhi,Available,fuel_psu
2026-08-18,2026-08-18T06:00:00.000000,IOCL,diesel,Diesel,88.87,Delhi,Available,fuel_psu
2026-08-18,2026-08-18T06:00:00.000000,BPCL,diesel,Diesel,88.87,Delhi,Available,fuel_psu
2026-08-18,2026-08-18T06:00:00.000000,HPCL,diesel,Diesel,88.87,Delhi,Available,fuel_psu
2026-08-18,2026-08-18T06:00:00.000000,IOCL,petrol,Petrol (95 octane),98.51,Bengaluru,Available,fuel_psu
2026-08-18,2026-08-18T06:00:00.000000,BPCL,petrol,Petrol (95 octane),98.51,Bengaluru,Available,fuel_psu
2026-08-18,2026-08-18T06:00:00.000000,HPCL,petrol,Petrol (95 octane),98.51,Bengaluru,Available,fuel_psu
2026-08-18,2026-08-18T06:00:00.000000,IOCL,diesel,Diesel,90.19,Bengaluru,Available,fuel_psu
2026-08-18,2026-08-18T06:00:00.000000,BPCL,diesel,Diesel,90.19,Bengaluru,Available,fuel_psu
2026-08-18,2026-08-18T06:00:00.000000,HPCL,diesel,Diesel,90.19,Bengaluru,Available,fuel_psu
2026-08-18,2026-08-18T06:00:00.000000,IOCL,petrol,Petrol (95 octane),96.4,Chennai,Available,fuel_psu
2026-08-18,2026-08-18T06:00:00.000000,BPCL,petrol,Petrol (95 octane),96.4,Chennai,Available,fuel_psu
2026-08-18,2026-08-18T06:00:00.000000,HPCL,petrol,Petrol (95 octane),96.4,Chennai,Available,fuel_psu
2026-08-18,2026-08-18T06:00:00.000000,IOCL,diesel,Diesel,93.59,Chennai,Available,fuel_psu
2026-08-18,2026-08-18T06:00:00.000000,BPCL,diesel,Diesel,93.59,Chennai,Available,fuel_psu
2026-08-18,2026-08-18T06:00:00.000000,HPCL,diesel,Diesel,93.59,Chennai,Available,fuel_psu
2026-08-18,2026-08-18T06:00:00.000000,IOCL,petrol,Petrol (95 octane),99.59,Kolkata,Available,fuel_psu
2026-08-18,2026-08-18T06:00:00.000000,BPCL,petrol,Petrol (95 octane),99.59,Kolkata,Available,fuel_psu
2026-08-18,2026-08-18T06:00:00.000000,HPCL,petrol,Petrol (95 octane),99.59,Kolkata,Available,fuel_psu
2026-08-18,2026-08-18T06:00:00.000000,IOCL,diesel,Diesel,92.01,Kolkata,Available,fuel_psu
2026-08-18,2026-08-18T06:00:00.000000,BPCL,diesel,Diesel,92.01,Kolkata,Available,fuel_psu
2026-08-18,2026-08-18T06:00:00.000000,HPCL,diesel,Diesel,92.01,Kolkata,Available,fuel_psu
2026-08-18,2026-08-18T06:00:00.000000,IOCL,petrol,Petrol (95 octane),103.06,Hyderabad,Available,fuel_psu
2026-08-18,2026-08-18T06:00:00.000000,BPCL,petrol,Petrol (95 octane),103.06,Hyderabad,Available,fuel_psu
2026-08-18,2026-08-18T06:00:00.000000,HPCL,petrol,Petrol (95 octane),103.06,Hyderabad,Available,fuel_psu
2026-08-18,2026-08-18T06:00:00.000000,IOCL,diesel,Diesel,96.9,Hyderabad,Available,fuel_psu
2026-08-18,2026-08-18T06:00:00.000000,BPCL,diesel,Diesel,96.9,Hyderabad,Available,fuel_psu
2026-08-18,2026-08-18T06:00:00.000000,HPCL,diesel,Diesel,96.9,Hyderabad,Available,fuel_psu
2026-08-18,2026-08-18T06:00:00.000000,IOCL,petrol,Petrol (95 octane),99.73,Pune,Available,fuel_psu
2026-08-18,2026-08-18T06:00:00.000000,BPCL,petrol,Petrol (95 octane),99.73,Pune,Available,fuel_psu
2026-08-18,2026-08-18T06:00:00.000000,HPCL,petrol,Petrol (95 octane),99.73,Pune,Available,fuel_psu
2026-08-18,2026-08-18T06:00:00.000000,IOCL,diesel,Diesel,91.86,Pune,Available,fuel_psu
2026-08-18,2026-08-18T06:00:00.000000,BPCL,diesel,Diesel,91.86,Pune,Available,fuel_psu
2026-08-18,2026-08-18T06:00:00.000000,HPCL,diesel,Diesel,91.86,Pune,Available,fuel_psu
2026-08-18,2026-08-18T06:00:00.000000,IOCL,petrol,Petrol (95 octane),90.09,Ahmedabad,Available,fuel_psu
2026-08-18,2026-08-18T06:00:00.000000,BPCL,petrol,Petrol (95 octane),90.09,Ahmedabad,Available,fuel_psu
2026-08-18,2026-08-18T06:00:00.000000,HPCL,petrol,Petrol (95 octane),90.09,Ahmedabad,Available,fuel_psu
2026-08-18,2026-08-18T06:00:00.000000,IOCL,diesel,Diesel,91.36,Ahmedabad,Available,fuel_psu
2026-08-18,2026-08-18T06:00:00.000000,BPCL,diesel,Diesel,91.36,Ahmedabad,Available,fuel_psu
2026-08-18,2026-08-18T06:00:00.000000,HPCL,diesel,Diesel,91.36,Ahmedabad,Available,fuel_psu
2026-08-18,2026-08-18T06:00:00.000000,IOCL,petrol,Petrol (95 octane),100.53,Jaipur,Available,fuel_psu
2026-08-18,2026-08-18T06:00:00.000000,BPCL,petrol,Petrol (95 octane),100.53,Jaipur,Available,fuel_psu
2026-08-18,2026-08-18T06:00:00.000000,HPCL,petrol,Petrol (95 octane),100.53,Jaipur,Available,fuel_psu
2026-08-18,2026-08-18T06:00:00.000000,IOCL,diesel,Diesel,91.61,Jaipur,Available,fuel_psu
2026-08-18,2026-08-18T06:00:00.000000,BPCL,diesel,Diesel,91.61,Jaipur,Available,fuel_psu
2026-08-18,2026-08-18T06:00:00.000000,HPCL,diesel,Diesel,91.61,Jaipur,Available,fuel_psu
2026-08-18,2026-08-18T06:00:00.000000,IOCL,petrol,Petrol (95 octane),90.3,Lucknow,Available,fuel_psu
2026-08-18,2026-08-18T06:00:00.000000,BPCL,petrol,Petrol (95 octane),90.3,Lucknow,Available,fuel_psu
2026-08-18,2026-08-18T06:00:00.000000,HPCL,petrol,Petrol (95 octane),90.3,Lucknow,Available,fuel_psu
2026-08-18,2026-08-18T06:00:00.000000,IOCL,diesel,Diesel,89.01,Lucknow,Available,fuel_psu
2026-08-18,2026-08-18T06:00:00.000000,BPCL,diesel,Diesel,89.01,Lucknow,Available,fuel_psu
2026-08-18,2026-08-18T06:00:00.000000,HPCL,diesel,Diesel,89.01,Lucknow,Available,fuel_psu
2026-08-18,2026-08-18T06:00:00.000000,IOCL,petrol,Petrol (95 octane),89.89,Chandigarh,Available,fuel_psu
2026-08-18,2026-08-18T06:00:00.000000,BPCL,petrol,Petrol (95 octane),89.89,Chandigarh,Available,fuel_psu
2026-08-18,2026-08-18T06:00:00.000000,HPCL,petrol,Petrol (95 octane),89.89,Chandigarh,Available,fuel_psu
2026-08-18,2026-08-18T06:00:00.000000,IOCL,diesel,Diesel,83.65,Chandigarh,Available,fuel_psu
2026-08-18,2026-08-18T06:00:00.000000,BPCL,diesel,Diesel,83.65,Chandigarh,Available,fuel_psu
2026-08-18,2026-08-18T06:00:00.000000,HPCL,diesel,Diesel,83.65,Chandigarh,Available,fuel_psu
2026-08-18,2026-08-18T06:00:00.000000,IOCL,petrol,Petrol (95 octane),89.96,Surat,Available,fuel_psu
2026-08-18,2026-08-18T06:00:00.000000,BPCL,petrol,Petrol (95 octane),89.96,Surat,Available,fuel_psu
2026-08-18,2026-08-18T06:00:00.000000,HPCL,petrol,Petrol (95 octane),89.96,Surat,Available,fuel_psu
2026-08-18,2026-08-18T06:00:00.000000,IOCL,diesel,Diesel,91.23,Surat,Available,fuel_psu
2026-08-18,2026-08-18T06:00:00.000000,BPCL,diesel,Diesel,91.23,Surat,Available,fuel_psu
2026-08-18,2026-08-18T06:00:00.000000,HPCL,diesel,Diesel,91.23,Surat,Available,fuel_psu
2026-08-18,2026-08-18T06:00:00.000000,IOCL,petrol,Petrol (95 octane),100.83,Patna,Available,fuel_psu
2026-08-18,2026-08-18T06:00:00.000000,BPCL,petrol,Petrol (95 octane),100.83,Patna,Available,fuel_psu
2026-08-18,2026-08-18T06:00:00.000000,HPCL,petrol,Petrol (95 octane),100.83,Patna,Available,fuel_psu
2026-08-18,2026-08-18T06:00:00.000000,IOCL,diesel,Diesel,93.29,Patna,Available,fuel_psu
2026-08-18,2026-08-18T06:00:00.000000,BPCL,diesel,Diesel,93.29,Patna,Available,fuel_psu
2026-08-18,2026-08-18T06:00:00.000000,HPCL,diesel,Diesel,93.29,Patna,Available,fuel_psu
2026-08-18,2026-08-18T06:00:00.000000,IOCL,petrol,Petrol (95 octane),90.31,Noida,Available,fuel_psu
2026-08-18,2026-08-18T06:00:00.000000,BPCL,petrol,Petrol (95 octane),90.31,Noida,Available,fuel_psu
2026-08-18,2026-08-18T06:00:00.000000,HPCL,petrol,Petrol (95 octane),90.31,Noida,Available,fuel_psu
2026-08-18,2026-08-18T06:00:00.000000,IOCL,diesel,Diesel,89.0,Noida,Available,fuel_psu
2026-08-18,2026-08-18T06:00:00.000000,BPCL,diesel,Diesel,89.0,Noida,Available,fuel_psu
2026-08-18,2026-08-18T06:00:00.000000,HPCL,diesel,Diesel,89.0,Noida,Available,fuel_psu
2026-08-18,2026-08-18T06:00:00.000000,IOCL,petrol,Petrol (95 octane),90.63,Gurgaon,Available,fuel_psu
2026-08-18,2026-08-18T06:00:00.000000,BPCL,petrol,Petrol (95 octane),90.63,Gurgaon,Available,fuel_psu
2026-08-18,2026-08-18T06:00:00.000000,HPCL,petrol,Petrol (95 octane),90.63,Gurgaon,Available,fuel_psu
2026-08-18,2026-08-18T06:00:00.000000,IOCL,diesel,Diesel,89.1,Gurgaon,Available,fuel_psu
2026-08-18,2026-08-18T06:00:00.000000,BPCL,diesel,Diesel,89.1,Gurgaon,Available,fuel_psu
2026-08-18,2026-08-18T06:00:00.000000,HPCL,diesel,Diesel,89.1,Gurgaon,Available,fuel_psu
2026-08-18,2026-08-18T06:00:00.000000,IOCL,petrol,Petrol (95 octane),102.15,Indore,Available,fuel_psu
2026-08-18,2026-08-18T06:00:00.000000,BPCL,petrol,Petrol (95 octane),102.15,Indore,Available,fuel_psu
2026-08-18,2026-08-18T06:00:00.000000,HPCL,petrol,Petrol (95 octane),102.15,Indore,Available,fuel_psu
2026-08-18,2026-08-18T06:00:00.000000,IOCL,diesel,Diesel,93.14,Indore,Available,fuel_psu
2026-08-18,2026-08-18T06:00:00.000000,BPCL,diesel,Diesel,93.14,Indore,Available,fuel_psu
2026-08-18,2026-08-18T06:00:00.000000,HPCL,diesel,Diesel,93.14,Indore,Available,fuel_psu
2026-08-19,2026-08-19T06:00:00.000000,IOCL,petrol,Petrol (95 octane),99.86,Mumbai,Available,fuel_psu
2026-08-19,2026-08-19T06:00:00.000000,BPCL,petrol,Petrol (95 octane),99.86,Mumbai,Available,fuel_psu
2026-08-19,2026-08-19T06:00:00.000000,HPCL,petrol,Petrol (95 octane),99.86,Mumbai,Available,fuel_psu
2026-08-19,2026-08-19T06:00:00.000000,IOCL,diesel,Diesel,93.4,Mumbai,Available,fuel_psu
2026-08-19,2026-08-19T06:00:00.000000,BPCL,diesel,Diesel,93.4,Mumbai,Available,fuel_psu
2026-08-19,2026-08-19T06:00:00.000000,HPCL,diesel,Diesel,93.4,Mumbai,Available,fuel_psu
2026-08-19,2026-08-19T06:00:00.000000,IOCL,petrol,Petrol (95 octane),90.37,Delhi,Available,fuel_psu
2026-08-19,2026-08-19T06:00:00.000000,BPCL,petrol,Petrol (95 octane),90.37,Delhi,Available,fuel_psu
2026-08-19,2026-08-19T06:00:00.000000,HPCL,petrol,Petrol (95 octane),90.37,Delhi,Available,fuel_psu
2026-08-19,2026-08-19T06:00:00.000000,IOCL,diesel,Diesel,88.87,Delhi,Available,fuel_psu
2026-08-19,2026-08-19T06:00:00.000000,BPCL,diesel,Diesel,88.87,Delhi,Available,fuel_psu
2026-08-19,2026-08-19T06:00:00.000000,HPCL,diesel,Diesel,88.87,Delhi,Available,fuel_psu
2026-08-19,2026-08-19T06:00:00.000000,IOCL,petrol,Petrol (95 octane),98.51,Bengaluru,Available,fuel_psu
2026-08-19,2026-08-19T06:00:00.000000,BPCL,petrol,Petrol (95 octane),98.51,Bengaluru,Available,fuel_psu
2026-08-19,2026-08-19T06:00:00.000000,HPCL,petrol,Petrol (95 octane),98.51,Bengaluru,Available,fuel_psu
2026-08-19,2026-08-19T06:00:00.000000,IOCL,diesel,Diesel,90.19,Bengaluru,Available,fuel_psu
2026-08-19,2026-08-19T06:00:00.000000,BPCL,diesel,Diesel,90.19,Bengaluru,Available,fuel_psu
2026-08-19,2026-08-19T06:00:00.000000,HPCL,diesel,Diesel,90.19,Bengaluru,Available,fuel_psu
2026-08-19,2026-08-19T06:00:00.000000,IOCL,petrol,Petrol (95 octane),96.4,Chennai,Available,fuel_psu
2026-08-19,2026-08-19T06:00:00.000000,BPCL,petrol,Petrol (95 octane),96.4,Chennai,Available,fuel_psu
2026-08-19,2026-08-19T06:00:00.000000,HPCL,petrol,Petrol (95 octane),96.4,Chennai,Available,fuel_psu
2026-08-19,2026-08-19T06:00:00.000000,IOCL,diesel,Diesel,93.59,Chennai,Available,fuel_psu
2026-08-19,2026-08-19T06:00:00.000000,BPCL,diesel,Diesel,93.59,Chennai,Available,fuel_psu
2026-08-19,2026-08-19T06:00:00.000000,HPCL,diesel,Diesel,93.59,Chennai,Available,fuel_psu
2026-08-19,2026-08-19T06:00:00.000000,IOCL,petrol,Petrol (95 octane),99.59,Kolkata,Available,fuel_psu
2026-08-19,2026-08-19T06:00:00.000000,BPCL,petrol,Petrol (95 octane),99.59,Kolkata,Available,fuel_psu
2026-08-19,2026-08-19T06:00:00.000000,HPCL,petrol,Petrol (95 octane),99.59,Kolkata,Available,fuel_psu
2026-08-19,2026-08-19T06:00:00.000000,IOCL,diesel,Diesel,92.01,Kolkata,Available,fuel_psu
2026-08-19,2026-08-19T06:00:00.000000,BPCL,diesel,Diesel,92.01,Kolkata,Available,fuel_psu
2026-08-19,2026-08-19T06:00:00.000000,HPCL,diesel,Diesel,92.01,Kolkata,Available,fuel_psu
2026-08-19,2026-08-19T06:00:00.000000,IOCL,petrol,Petrol (95 octane),103.06,Hyderabad,Available,fuel_psu
2026-08-19,2026-08-19T06:00:00.000000,BPCL,petrol,Petrol (95 octane),103.06,Hyderabad,Available,fuel_psu
2026-08-19,2026-08-19T06:00:00.000000,HPCL,petrol,Petrol (95 octane),103.06,Hyderabad,Available,fuel_psu
2026-08-19,2026-08-19T06:00:00.000000,IOCL,diesel,Diesel,96.9,Hyderabad,Available,fuel_psu
2026-08-19,2026-08-19T06:00:00.000000,BPCL,diesel,Diesel,96.9,Hyderabad,Available,fuel_psu
2026-08-19,2026-08-19T06:00:00.000000,HPCL,diesel,Diesel,96.9,Hyderabad,Available,fuel_psu
2026-08-19,2026-08-19T06:00:00.000000,IOCL,petrol,Petrol (95 octane),99.73,Pune,Available,fuel_psu
2026-08-19,2026-08-19T06:00:00.000000,BPCL,petrol,Petrol (95 octane),99.73,Pune,Available,fuel_psu
2026-08-19,2026-08-19T06:00:00.000000,HPCL,petrol,Petrol (95 octane),99.73,Pune,Available,fuel_psu
2026-08-19,2026-08-19T06:00:00.000000,IOCL,diesel,Diesel,91.86,Pune,Available,fuel_psu
2026-08-19,2026-08-19T06:00:00.000000,BPCL,diesel,Diesel,91.86,Pune,Available,fuel_psu
2026-08-19,2026-08-19T06:00:00.000000,HPCL,diesel,Diesel,91.86,Pune,Available,fuel_psu
2026-08-19,2026-08-19T06:00:00.000000,IOCL,petrol,Petrol (95 octane),90.09,Ahmedabad,Available,fuel_psu
2026-08-19,2026-08-19T06:00:00.000000,BPCL,petrol,Petrol (95 octane),90.09,Ahmedabad,Available,fuel_psu
2026-08-19,2026-08-19T06:00:00.000000,HPCL,petrol,Petrol (95 octane),90.09,Ahmedabad,Available,fuel_psu
2026-08-19,2026-08-19T06:00:00.000000,IOCL,diesel,Diesel,91.36,Ahmedabad,Available,fuel_psu
2026-08-19,2026-08-19T06:00:00.000000,BPCL,diesel,Diesel,91.36,Ahmedabad,Available,fuel_psu
2026-08-19,2026-08-19T06:00:00.000000,HPCL,diesel,Diesel,91.36,Ahmedabad,Available,fuel_psu
2026-08-19,2026-08-19T06:00:00.000000,IOCL,petrol,Petrol (95 octane),100.53,Jaipur,Available,fuel_psu
2026-08-19,2026-08-19T06:00:00.000000,BPCL,petrol,Petrol (95 octane),100.53,Jaipur,Available,fuel_psu
2026-08-19,2026-08-19T06:00:00.000000,HPCL,petrol,Petrol (95 octane),100.53,Jaipur,Available,fuel_psu
2026-08-19,2026-08-19T06:00:00.000000,IOCL,diesel,Diesel,91.61,Jaipur,Available,fuel_psu
2026-08-19,2026-08-19T06:00:00.000000,BPCL,diesel,Diesel,91.61,Jaipur,Available,fuel_psu
2026-08-19,2026-08-19T06:00:00.000000,HPCL,diesel,Diesel,91.61,Jaipur,Available,fuel_psu
2026-08-19,2026-08-19T06:00:00.000000,IOCL,petrol,Petrol (95 octane),90.3,Lucknow,Available,fuel_psu
2026-08-19,2026-08-19T06:00:00.000000,BPCL,petrol,Petrol (95 octane),90.3,Lucknow,Available,fuel_psu
2026-08-19,2026-08-19T06:00:00.000000,HPCL,petrol,Petrol (95 octane),90.3,Lucknow,Available,fuel_psu
2026-08-19,2026-08-19T06:00:00.000000,IOCL,diesel,Diesel,89.01,Lucknow,Available,fuel_psu
2026-08-19,2026-08-19T06:00:00.000000,BPCL,diesel,Diesel,89.01,Lucknow,Available,fuel_psu
2026-08-19,2026-08-19T06:00:00.000000,HPCL,diesel,Diesel,89.01,Lucknow,Available,fuel_psu
2026-08-19,2026-08-19T06:00:00.000000,IOCL,petrol,Petrol (95 octane),89.89,Chandigarh,Available,fuel_psu
2026-08-19,2026-08-19T06:00:00.000000,BPCL,petrol,Petrol (95 octane),89.89,Chandigarh,Available,fuel_psu
2026-08-19,2026-08-19T06:00:00.000000,HPCL,petrol,Petrol (95 octane),89.89,Chandigarh,Available,fuel_psu
2026-08-19,2026-08-19T06:00:00.000000,IOCL,diesel,Diesel,83.65,Chandigarh,Available,fuel_psu
2026-08-19,2026-08-19T06:00:00.000000,BPCL,diesel,Diesel,83.65,Chandigarh,Available,fuel_psu
2026-08-19,2026-08-19T06:00:00.000000,HPCL,diesel,Diesel,83.65,Chandigarh,Available,fuel_psu
2026-08-19,2026-08-19T06:00:00.000000,IOCL,petrol,Petrol (95 octane),89.96,Surat,Available,fuel_psu
2026-08-19,2026-08-19T06:00:00.000000,BPCL,petrol,Petrol (95 octane),89.96,Surat,Available,fuel_psu
2026-08-19,2026-08-19T06:00:00.000000,HPCL,petrol,Petrol (95 octane),89.96,Surat,Available,fuel_psu
2026-08-19,2026-08-19T06:00:00.000000,IOCL,diesel,Diesel,91.23,Surat,Available,fuel_psu
2026-08-19,2026-08-19T06:00:00.000000,BPCL,diesel,Diesel,91.23,Surat,Available,fuel_psu
2026-08-19,2026-08-19T06:00:00.000000,HPCL,diesel,Diesel,91.23,Surat,Available,fuel_psu
2026-08-19,2026-08-19T06:00:00.000000,IOCL,petrol,Petrol (95 octane),100.83,Patna,Available,fuel_psu
2026-08-19,2026-08-19T06:00:00.000000,BPCL,petrol,Petrol (95 octane),100.83,Patna,Available,fuel_psu
2026-08-19,2026-08-19T06:00:00.000000,HPCL,petrol,Petrol (95 octane),100.83,Patna,Available,fuel_psu
2026-08-19,2026-08-19T06:00:00.000000,IOCL,diesel,Diesel,93.29,Patna,Available,fuel_psu
2026-08-19,2026-08-19T06:00:00.000000,BPCL,diesel,Diesel,93.29,Patna,Available,fuel_psu
2026-08-19,2026-08-19T06:00:00.000000,HPCL,diesel,Diesel,93.29,Patna,Available,fuel_psu
2026-08-19,2026-08-19T06:00:00.000000,IOCL,petrol,Petrol (95 octane),90.31,Noida,Available,fuel_psu
2026-08-19,2026-08-19T06:00:00.000000,BPCL,petrol,Petrol (95 octane),90.31,Noida,Available,fuel_psu
2026-08-19,2026-08-19T06:00:00.000000,HPCL,petrol,Petrol (95 octane),90.31,Noida,Available,fuel_psu
2026-08-19,2026-08-19T06:00:00.000000,IOCL,diesel,Diesel,89.0,Noida,Available,fuel_psu
2026-08-19,2026-08-19T06:00:00.000000,BPCL,diesel,Diesel,89.0,Noida,Available,fuel_psu
2026-08-19,2026-08-19T06:00:00.000000,HPCL,diesel,Diesel,89.0,Noida,Available,fuel_psu
2026-08-19,2026-08-19T06:00:00.000000,IOCL,petrol,Petrol (95 octane),90.63,Gurgaon,Available,fuel_psu
2026-08-19,2026-08-19T06:00:00.000000,BPCL,petrol,Petrol (95 octane),90.63,Gurgaon,Available,fuel_psu
2026-08-19,2026-08-19T06:00:00.000000,HPCL,petrol,Petrol (95 octane),90.63,Gurgaon,Available,fuel_psu
2026-08-19,2026-08-19T06:00:00.000000,IOCL,diesel,Diesel,89.1,Gurgaon,Available,fuel_psu
2026-08-19,2026-08-19T06:00:00.000000,BPCL,diesel,Diesel,89.1,Gurgaon,Available,fuel_psu
2026-08-19,2026-08-19T06:00:00.000000,HPCL,diesel,Diesel,89.1,Gurgaon,Available,fuel_psu
2026-08-19,2026-08-19T06:00:00.000000,IOCL,petrol,Petrol (95 octane),102.15,Indore,Available,fuel_psu
2026-08-19,2026-08-19T06:00:00.000000,BPCL,petrol,Petrol (95 octane),102.15,Indore,Available,fuel_psu
2026-08-19,2026-08-19T06:00:00.000000,HPCL,petrol,Petrol (95 octane),102.15,Indore,Available,fuel_psu
2026-08-19,2026-08-19T06:00:00.000000,IOCL,diesel,Diesel,93.14,Indore,Available,fuel_psu
2026-08-19,2026-08-19T06:00:00.000000,BPCL,diesel,Diesel,93.14,Indore,Available,fuel_psu
2026-08-19,2026-08-19T06:00:00.000000,HPCL,diesel,Diesel,93.14,Indore,Available,fuel_psu
2026-08-20,2026-08-20T06:00:00.000000,IOCL,petrol,Petrol (95 octane),100.26,Mumbai,Available,fuel_psu
2026-08-20,2026-08-20T06:00:00.000000,BPCL,petrol,Petrol (95 octane),100.26,Mumbai,Available,fuel_psu
2026-08-20,2026-08-20T06:00:00.000000,HPCL,petrol,Petrol (95 octane),100.26,Mumbai,Available,fuel_psu
2026-08-20,2026-08-20T06:00:00.000000,IOCL,diesel,Diesel,94.05,Mumbai,Available,fuel_psu
2026-08-20,2026-08-20T06:00:00.000000,BPCL,diesel,Diesel,94.05,Mumbai,Available,fuel_psu
2026-08-20,2026-08-20T06:00:00.000000,HPCL,diesel,Diesel,94.05,Mumbai,Available,fuel_psu
2026-08-20,2026-08-20T06:00:00.000000,IOCL,petrol,Petrol (95 octane),90.77,Delhi,Available,fuel_psu
2026-08-20,2026-08-20T06:00:00.000000,BPCL,petrol,Petrol (95 octane),90.77,Delhi,Available,fuel_psu
2026-08-20,2026-08-20T06:00:00.000000,HPCL,petrol,Petrol (95 octane),90.77,Delhi,Available,fuel_psu
2026-08-20,2026-08-20T06:00:00.000000,IOCL,diesel,Diesel,89.52,Delhi,Available,fuel_psu
2026-08-20,2026-08-20T06:00:00.000000,BPCL,diesel,Diesel,89.52,Delhi,Available,fuel_psu
2026-08-20,2026-08-20T06:00:00.000000,HPCL,diesel,Diesel,89.52,Delhi,Available,fuel_psu
2026-08-20,2026-08-20T06:00:00.000000,IOCL,petrol,Petrol (95 octane),98.91,Bengaluru,Available,fuel_psu
2026-08-20,2026-08-20T06:00:00.000000,BPCL,petrol,Petrol (95 octane),98.91,Bengaluru,Available,fuel_psu
2026-08-20,2026-08-20T06:00:00.000000,HPCL,petrol,Petrol (95 octane),98.91,Bengaluru,Available,fuel_psu
2026-08-20,2026-08-20T06:00:00.000000,IOCL,diesel,Diesel,90.84,Bengaluru,Available,fuel_psu
2026-08-20,2026-08-20T06:00:00.000000,BPCL,diesel,Diesel,90.84,Bengaluru,Available,fuel_psu
2026-08-20,2026-08-20T06:00:00.000000,HPCL,diesel,Diesel,90.84,Bengaluru,Available,fuel_psu
2026-08-20,2026-08-20T06:00:00.000000,IOCL,petrol,Petrol (95 octane),96.8,Chennai,Available,fuel_psu
2026-08-20,2026-08-20T06:00:00.000000,BPCL,petrol,Petrol (95 octane),96.8,Chennai,Available,fuel_psu
2026-08-20,2026-08-20T06:00:00.000000,HPCL,petrol,Petrol (95 octane),96.8,Chennai,Available,fuel_psu
2026-08-20,2026-08-20T06:00:00.000000,IOCL,diesel,Diesel,94.24,Chennai,Available,fuel_psu
2026-08-20,2026-08-20T06:00:00.000000,BPCL,diesel,Diesel,94.24,Chennai,Available,fuel_psu
2026-08-20,2026-08-20T06:00:00.000000,HPCL,diesel,Diesel,94.24,Chennai,Available,fuel_psu
2026-08-20,2026-08-20T06:00:00.000000,IOCL,petrol,Petrol (95 octane),99.99,Kolkata,Available,fuel_psu
2026-08-20,2026-08-20T06:00:00.000000,BPCL,petrol,Petrol (95 octane),99.99,Kolkata,Available,fuel_psu
2026-08-20,2026-08-20T06:00:00.000000,HPCL,petrol,Petrol (95 octane),99.99,Kolkata,Available,fuel_psu
2026-08-20,2026-08-20T06:00:00.000000,IOCL,diesel,Diesel,92.66,Kolkata,Available,fuel_psu
2026-08-20,2026-08-20T06:00:00.000000,BPCL,diesel,Diesel,92.66,Kolkata,Available,fuel_psu
2026-08-20,2026-08-20T06:00:00.000000,HPCL,diesel,Diesel,92.66,Kolkata,Available,fuel_psu
2026-08-20,2026-08-20T06:00:00.000000,IOCL,petrol,Petrol (95 octane),103.46,Hyderabad,Available,fuel_psu
2026-08-20,2026-08-20T06:00:00.000000,BPCL,petrol,Petrol (95 octane),103.46,Hyderabad,Available,fuel_psu
2026-08-20,2026-08-20T06:00:00.000000,HPCL,petrol,Petrol (95 octane),103.46,Hyderabad,Available,fuel_psu
2026-08-20,2026-08-20T06:00:00.000000,IOCL,diesel,Diesel,97.55,Hyderabad,Available,fuel_psu
2026-08-20,2026-08-20T06:00:00.000000,BPCL,diesel,Diesel,97.55,Hyderabad,Available,fuel_psu
2026-08-20,2026-08-20T06:00:00.000000,HPCL,diesel,Diesel,97.55,Hyderabad,Available,fuel_psu
2026-08-20,2026-08-20T06:00:00.000000,IOCL,petrol,Petrol (95 octane),100.13,Pune,Available,fuel_psu
2026-08-20,2026-08-20T06:00:00.000000,BPCL,petrol,Petrol (95 octane),100.13,Pune,Available,fuel_psu
2026-08-20,2026-08-20T06:00:00.000000,HPCL,petrol,Petrol (95 octane),100.13,Pune,Available,fuel_psu
2026-08-20,2026-08-20T06:00:00.000000,IOCL,diesel,Diesel,92.51,Pune,Available,fuel_psu
2026-08-20,2026-08-20T06:00:00.000000,BPCL,diesel,Diesel,92.51,Pune,Available,fuel_psu
2026-08-20,2026-08-20T06:00:00.000000,HPCL,diesel,Diesel,92.51,Pune,Available,fuel_psu
2026-08-20,2026-08-20T06:00:00.000000,IOCL,petrol,Petrol (95 octane),90.49,Ahmedabad,Available,fuel_psu
2026-08-20,2026-08-20T06:00:00.000000,BPCL,petrol,Petrol (95 octane),90.49,Ahmedabad,Available,fuel_psu
2026-08-20,2026-08-20T06:00:00.000000,HPCL,petrol,Petrol (95 octane),90.49,Ahmedabad,Available,fuel_psu
2026-08-20,2026-08-20T06:00:00.000000,IOCL,diesel,Diesel,92.01,Ahmedabad,Available,fuel_psu
2026-08-20,2026-08-20T06:00:00.000000,BPCL,diesel,Diesel,92.01,Ahmedabad,Available,fuel_psu
2026-08-20,2026-08-20T06:00:00.000000,HPCL,diesel,Diesel,92.01,Ahmedabad,Available,fuel_psu
2026-08-20,2026-08-20T06:00:00.000000,IOCL,petrol,Petrol (95 octane),100.93,Jaipur,Available,fuel_psu
2026-08-20,2026-08-20T06:00:00.000000,BPCL,petrol,Petrol (95 octane),100.93,Jaipur,Available,fuel_psu
2026-08-20,2026-08-20T06:00:00.000000,HPCL,petrol,Petrol (95 octane),100.93,Jaipur,Available,fuel_psu
2026-08-20,2026-08-20T06:00:00.000000,IOCL,diesel,Diesel,92.26,Jaipur,Available,fuel_psu
2026-08-20,2026-08-20T06:00:00.000000,BPCL,diesel,Diesel,92.26,Jaipur,Available,fuel_psu
2026-08-20,2026-08-20T06:00:00.000000,HPCL,diesel,Diesel,92.26,Jaipur,Available,fuel_psu
2026-08-20,2026-08-20T06:00:00.000000,IOCL,petrol,Petrol (95 octane),90.7,Lucknow,Available,fuel_psu
2026-08-20,2026-08-20T06:00:00.000000,BPCL,petrol,Petrol (95 octane),90.7,Lucknow,Available,fuel_psu
2026-08-20,2026-08-20T06:00:00.000000,HPCL,petrol,Petrol (95 octane),90.7,Lucknow,Available,fuel_psu
2026-08-20,2026-08-20T06:00:00.000000,IOCL,diesel,Diesel,89.66,Lucknow,Available,fuel_psu
2026-08-20,2026-08-20T06:00:00.000000,BPCL,diesel,Diesel,89.66,Lucknow,Available,fuel_psu
2026-08-20,2026-08-20T06:00:00.000000,HPCL,diesel,Diesel,89.66,Lucknow,Available,fuel_psu
2026-08-20,2026-08-20T06:00:00.000000,IOCL,petrol,Petrol (95 octane),90.29,Chandigarh,Available,fuel_psu
2026-08-20,2026-08-20T06:00:00.000000,BPCL,petrol,Petrol (95 octane),90.29,Chandigarh,Available,fuel_psu
2026-08-20,2026-08-20T06:00:00.000000,HPCL,petrol,Petrol (95 octane),90.29,Chandigarh,Available,fuel_psu
2026-08-20,2026-08-20T06:00:00.000000,IOCL,diesel,Diesel,84.3,Chandigarh,Available,fuel_psu
2026-08-20,2026-08-20T06:00:00.000000,BPCL,diesel,Diesel,84.3,Chandigarh,Available,fuel_psu
2026-08-20,2026-08-20T06:00:00.000000,HPCL,diesel,Diesel,84.3,Chandigarh,Available,fuel_psu
2026-08-20,2026-08-20T06:00:00.000000,IOCL,petrol,Petrol (95 octane),90.36,Surat,Available,fuel_psu
2026-08-20,2026-08-20T06:00:00.000000,BPCL,petrol,Petrol (95 octane),90.36,Surat,Available,fuel_psu
2026-08-20,2026-08-20T06:00:00.000000,HPCL,petrol,Petrol (95 octane),90.36,Surat,Available,fuel_psu
2026-08-20,2026-08-20T06:00:00.000000,IOCL,diesel,Diesel,91.88,Surat,Available,fuel_psu
2026-08-20,2026-08-20T06:00:00.000000,BPCL,diesel,Diesel,91.88,Surat,Available,fuel_psu
2026-08-20,2026-08-20T06:00:00.000000,HPCL,diesel,Diesel,91.88,Surat,Available,fuel_psu
2026-08-20,2026-08-20T06:00:00.000000,IOCL,petrol,Petrol (95 octane),101.23,Patna,Available,fuel_psu
2026-08-20,2026-08-20T06:00:00.000000,BPCL,petrol,Petrol (95 octane),101.23,Patna,Available,fuel_psu
2026-08-20,2026-08-20T06:00:00.000000,HPCL,petrol,Petrol (95 octane),101.23,Patna,Available,fuel_psu
2026-08-20,2026-08-20T06:00:00.000000,IOCL,diesel,Diesel,93.94,Patna,Available,fuel_psu
2026-08-20,2026-08-20T06:00:00.000000,BPCL,diesel,Diesel,93.94,Patna,Available,fuel_psu
2026-08-20,2026-08-20T06:00:00.000000,HPCL,diesel,Diesel,93.94,Patna,Available,fuel_psu
2026-08-20,2026-08-20T06:00:00.000000,IOCL,petrol,Petrol (95 octane),90.71,Noida,Available,fuel_psu
2026-08-20,2026-08-20T06:00:00.000000,BPCL,petrol,Petrol (95 octane),90.71,Noida,Available,fuel_psu
2026-08-20,2026-08-20T06:00:00.000000,HPCL,petrol,Petrol (95 octane),90.71,Noida,Available,fuel_psu
2026-08-20,2026-08-20T06:00:00.000000,IOCL,diesel,Diesel,89.65,Noida,Available,fuel_psu
2026-08-20,2026-08-20T06:00:00.000000,BPCL,diesel,Diesel,89.65,Noida,Available,fuel_psu
2026-08-20,2026-08-20T06:00:00.000000,HPCL,diesel,Diesel,89.65,Noida,Available,fuel_psu
2026-08-20,2026-08-20T06:00:00.000000,IOCL,petrol,Petrol (95 octane),91.03,Gurgaon,Available,fuel_psu
2026-08-20,2026-08-20T06:00:00.000000,BPCL,petrol,Petrol (95 octane),91.03,Gurgaon,Available,fuel_psu
2026-08-20,2026-08-20T06:00:00.000000,HPCL,petrol,Petrol (95 octane),91.03,Gurgaon,Available,fuel_psu
2026-08-20,2026-08-20T06:00:00.000000,IOCL,diesel,Diesel,89.75,Gurgaon,Available,fuel_psu
2026-08-20,2026-08-20T06:00:00.000000,BPCL,diesel,Diesel,89.75,Gurgaon,Available,fuel_psu
2026-08-20,2026-08-20T06:00:00.000000,HPCL,diesel,Diesel,89.75,Gurgaon,Available,fuel_psu
2026-08-20,2026-08-20T06:00:00.000000,IOCL,petrol,Petrol (95 octane),102.55,Indore,Available,fuel_psu
2026-08-20,2026-08-20T06:00:00.000000,BPCL,petrol,Petrol (95 octane),102.55,Indore,Available,fuel_psu
2026-08-20,2026-08-20T06:00:00.000000,HPCL,petrol,Petrol (95 octane),102.55,Indore,Available,fuel_psu
2026-08-20,2026-08-20T06:00:00.000000,IOCL,diesel,Diesel,93.79,Indore,Available,fuel_psu
2026-08-20,2026-08-20T06:00:00.000000,BPCL,diesel,Diesel,93.79,Indore,Available,fuel_psu
2026-08-20,2026-08-20T06:00:00.000000,HPCL,diesel,Diesel,93.79,Indore,Available,fuel_psu
2026-08-21,2026-08-21T06:00:00.000000,IOCL,petrol,Petrol (95 octane),100.26,Mumbai,Available,fuel_psu
2026-08-21,2026-08-21T06:00:00.000000,BPCL,petrol,Petrol (95 octane),100.26,Mumbai,Available,fuel_psu
2026-08-21,2026-08-21T06:00:00.000000,HPCL,petrol,Petrol (95 octane),100.26,Mumbai,Available,fuel_psu
2026-08-21,2026-08-21T06:00:00.000000,IOCL,diesel,Diesel,94.05,Mumbai,Available,fuel_psu
2026-08-21,2026-08-21T06:00:00.000000,BPCL,diesel,Diesel,94.05,Mumbai,Available,fuel_psu
2026-08-21,2026-08-21T06:00:00.000000,HPCL,diesel,Diesel,94.05,Mumbai,Available,fuel_psu
2026-08-21,2026-08-21T06:00:00.000000,IOCL,petrol,Petrol (95 octane),90.77,Delhi,Available,fuel_psu
2026-08-21,2026-08-21T06:00:00.000000,BPCL,petrol,Petrol (95 octane),90.77,Delhi,Available,fuel_psu
2026-08-21,2026-08-21T06:00:00.000000,HPCL,petrol,Petrol (95 octane),90.77,Delhi,Available,fuel_psu
2026-08-21,2026-08-21T06:00:00.000000,IOCL,diesel,Diesel,89.52,Delhi,Available,fuel_psu
2026-08-21,2026-08-21T06:00:00.000000,BPCL,diesel,Diesel,89.52,Delhi,Available,fuel_psu
2026-08-21,2026-08-21T06:00:00.000000,HPCL,diesel,Diesel,89.52,Delhi,Available,fuel_psu
2026-08-21,2026-08-21T06:00:00.000000,IOCL,petrol,Petrol (95 octane),98.91,Bengaluru,Available,fuel_psu
2026-08-21,2026-08-21T06:00:00.000000,BPCL,petrol,Petrol (95 octane),98.91,Bengaluru,Available,fuel_psu
2026-08-21,2026-08-21T06:00:00.000000,HPCL,petrol,Petrol (95 octane),98.91,Bengaluru,Available,fuel_psu
2026-08-21,2026-08-21T06:00:00.000000,IOCL,diesel,Diesel,90.84,Bengaluru,Available,fuel_psu
2026-08-21,2026-08-21T06:00:00.000000,BPCL,diesel,Diesel,90.84,Bengaluru,Available,fuel_psu
2026-08-21,2026-08-21T06:00:00.000000,HPCL,diesel,Diesel,90.84,Bengaluru,Available,fuel_psu
2026-08-21,2026-08-21T06:00:00.000000,IOCL,petrol,Petrol (95 octane),96.8,Chennai,Available,fuel_psu
2026-08-21,2026-08-21T06:00:00.000000,BPCL,petrol,Petrol (95 octane),96.8,Chennai,Available,fuel_psu
2026-08-21,2026-08-21T06:00:00.000000,HPCL,petrol,Petrol (95 octane),96.8,Chennai,Available,fuel_psu
2026-08-21,2026-08-21T06:00:00.000000,IOCL,diesel,Diesel,94.24,Chennai,Available,fuel_psu
2026-08-21,2026-08-21T06:00:00.000000,BPCL,diesel,Diesel,94.24,Chennai,Available,fuel_psu
2026-08-21,2026-08-21T06:00:00.000000,HPCL,diesel,Diesel,94.24,Chennai,Available,fuel_psu
2026-08-21,2026-08-21T06:00:00.000000,IOCL,petrol,Petrol (95 octane),99.99,Kolkata,Available,fuel_psu
2026-08-21,2026-08-21T06:00:00.000000,BPCL,petrol,Petrol (95 octane),99.99,Kolkata,Available,fuel_psu
2026-08-21,2026-08-21T06:00:00.000000,HPCL,petrol,Petrol (95 octane),99.99,Kolkata,Available,fuel_psu
2026-08-21,2026-08-21T06:00:00.000000,IOCL,diesel,Diesel,92.66,Kolkata,Available,fuel_psu
2026-08-21,2026-08-21T06:00:00.000000,BPCL,diesel,Diesel,92.66,Kolkata,Available,fuel_psu
2026-08-21,2026-08-21T06:00:00.000000,HPCL,diesel,Diesel,92.66,Kolkata,Available,fuel_psu
2026-08-21,2026-08-21T06:00:00.000000,IOCL,petrol,Petrol (95 octane),103.46,Hyderabad,Available,fuel_psu
2026-08-21,2026-08-21T06:00:00.000000,BPCL,petrol,Petrol (95 octane),103.46,Hyderabad,Available,fuel_psu
2026-08-21,2026-08-21T06:00:00.000000,HPCL,petrol,Petrol (95 octane),103.46,Hyderabad,Available,fuel_psu
2026-08-21,2026-08-21T06:00:00.000000,IOCL,diesel,Diesel,97.55,Hyderabad,Available,fuel_psu
2026-08-21,2026-08-21T06:00:00.000000,BPCL,diesel,Diesel,97.55,Hyderabad,Available,fuel_psu
2026-08-21,2026-08-21T06:00:00.000000,HPCL,diesel,Diesel,97.55,Hyderabad,Available,fuel_psu
2026-08-21,2026-08-21T06:00:00.000000,IOCL,petrol,Petrol (95 octane),100.13,Pune,Available,fuel_psu
2026-08-21,2026-08-21T06:00:00.000000,BPCL,petrol,Petrol (95 octane),100.13,Pune,Available,fuel_psu
2026-08-21,2026-08-21T06:00:00.000000,HPCL,petrol,Petrol (95 octane),100.13,Pune,Available,fuel_psu
2026-08-21,2026-08-21T06:00:00.000000,IOCL,diesel,Diesel,92.51,Pune,Available,fuel_psu
2026-08-21,2026-08-21T06:00:00.000000,BPCL,diesel,Diesel,92.51,Pune,Available,fuel_psu
2026-08-21,2026-08-21T06:00:00.000000,HPCL,diesel,Diesel,92.51,Pune,Available,fuel_psu
2026-08-21,2026-08-21T06:00:00.000000,IOCL,petrol,Petrol (95 octane),90.49,Ahmedabad,Available,fuel_psu
2026-08-21,2026-08-21T06:00:00.000000,BPCL,petrol,Petrol (95 octane),90.49,Ahmedabad,Available,fuel_psu
2026-08-21,2026-08-21T06:00:00.000000,HPCL,petrol,Petrol (95 octane),90.49,Ahmedabad,Available,fuel_psu
2026-08-21,2026-08-21T06:00:00.000000,IOCL,diesel,Diesel,92.01,Ahmedabad,Available,fuel_psu
2026-08-21,2026-08-21T06:00:00.000000,BPCL,diesel,Diesel,92.01,Ahmedabad,Available,fuel_psu
2026-08-21,2026-08-21T06:00:00.000000,HPCL,diesel,Diesel,92.01,Ahmedabad,Available,fuel_psu
2026-08-21,2026-08-21T06:00:00.000000,IOCL,petrol,Petrol (95 octane),100.93,Jaipur,Available,fuel_psu
2026-08-21,2026-08-21T06:00:00.000000,BPCL,petrol,Petrol (95 octane),100.93,Jaipur,Available,fuel_psu
2026-08-21,2026-08-21T06:00:00.000000,HPCL,petrol,Petrol (95 octane),100.93,Jaipur,Available,fuel_psu
2026-08-21,2026-08-21T06:00:00.000000,IOCL,diesel,Diesel,92.26,Jaipur,Available,fuel_psu
2026-08-21,2026-08-21T06:00:00.000000,BPCL,diesel,Diesel,92.26,Jaipur,Available,fuel_psu
2026-08-21,2026-08-21T06:00:00.000000,HPCL,diesel,Diesel,92.26,Jaipur,Available,fuel_psu
2026-08-21,2026-08-21T06:00:00.000000,IOCL,petrol,Petrol (95 octane),90.7,Lucknow,Available,fuel_psu
2026-08-21,2026-08-21T06:00:00.000000,BPCL,petrol,Petrol (95 octane),90.7,Lucknow,Available,fuel_psu
2026-08-21,2026-08-21T06:00:00.000000,HPCL,petrol,Petrol (95 octane),90.7,Lucknow,Available,fuel_psu
2026-08-21,2026-08-21T06:00:00.000000,IOCL,diesel,Diesel,89.66,Lucknow,Available,fuel_psu
2026-08-21,2026-08-21T06:00:00.000000,BPCL,diesel,Diesel,89.66,Lucknow,Available,fuel_psu
2026-08-21,2026-08-21T06:00:00.000000,HPCL,diesel,Diesel,89.66,Lucknow,Available,fuel_psu
2026-08-21,2026-08-21T06:00:00.000000,IOCL,petrol,Petrol (95 octane),90.29,Chandigarh,Available,fuel_psu
2026-08-21,2026-08-21T06:00:00.000000,BPCL,petrol,Petrol (95 octane),90.29,Chandigarh,Available,fuel_psu
2026-08-21,2026-08-21T06:00:00.000000,HPCL,petrol,Petrol (95 octane),90.29,Chandigarh,Available,fuel_psu
2026-08-21,2026-08-21T06:00:00.000000,IOCL,diesel,Diesel,84.3,Chandigarh,Available,fuel_psu
2026-08-21,2026-08-21T06:00:00.000000,BPCL,diesel,Diesel,84.3,Chandigarh,Available,fuel_psu
2026-08-21,2026-08-21T06:00:00.000000,HPCL,diesel,Diesel,84.3,Chandigarh,Available,fuel_psu
2026-08-21,2026-08-21T06:00:00.000000,IOCL,petrol,Petrol (95 octane),90.36,Surat,Available,fuel_psu
2026-08-21,2026-08-21T06:00:00.000000,BPCL,petrol,Petrol (95 octane),90.36,Surat,Available,fuel_psu
2026-08-21,2026-08-21T06:00:00.000000,HPCL,petrol,Petrol (95 octane),90.36,Surat,Available,fuel_psu
2026-08-21,2026-08-21T06:00:00.000000,IOCL,diesel,Diesel,91.88,Surat,Available,fuel_psu
2026-08-21,2026-08-21T06:00:00.000000,BPCL,diesel,Diesel,91.88,Surat,Available,fuel_psu
2026-08-21,2026-08-21T06:00:00.000000,HPCL,diesel,Diesel,91.88,Surat,Available,fuel_psu
2026-08-21,2026-08-21T06:00:00.000000,IOCL,petrol,Petrol (95 octane),101.23,Patna,Available,fuel_psu
2026-08-21,2026-08-21T06:00:00.000000,BPCL,petrol,Petrol (95 octane),101.23,Patna,Available,fuel_psu
2026-08-21,2026-08-21T06:00:00.000000,HPCL,petrol,Petrol (95 octane),101.23,Patna,Available,fuel_psu
2026-08-21,2026-08-21T06:00:00.000000,IOCL,diesel,Diesel,93.94,Patna,Available,fuel_psu
2026-08-21,2026-08-21T06:00:00.000000,BPCL,diesel,Diesel,93.94,Patna,Available,fuel_psu
2026-08-21,2026-08-21T06:00:00.000000,HPCL,diesel,Diesel,93.94,Patna,Available,fuel_psu
2026-08-21,2026-08-21T06:00:00.000000,IOCL,petrol,Petrol (95 octane),90.71,Noida,Available,fuel_psu
2026-08-21,2026-08-21T06:00:00.000000,BPCL,petrol,Petrol (95 octane),90.71,Noida,Available,fuel_psu
2026-08-21,2026-08-21T06:00:00.000000,HPCL,petrol,Petrol (95 octane),90.71,Noida,Available,fuel_psu
2026-08-21,2026-08-21T06:00:00.000000,IOCL,diesel,Diesel,89.65,Noida,Available,fuel_psu
2026-08-21,2026-08-21T06:00:00.000000,BPCL,diesel,Diesel,89.65,Noida,Available,fuel_psu
2026-08-21,2026-08-21T06:00:00.000000,HPCL,diesel,Diesel,89.65,Noida,Available,fuel_psu
2026-08-21,2026-08-21T06:00:00.000000,IOCL,petrol,Petrol (95 octane),91.03,Gurgaon,Available,fuel_psu
2026-08-21,2026-08-21T06:00:00.000000,BPCL,petrol,Petrol (95 octane),91.03,Gurgaon,Available,fuel_psu
2026-08-21,2026-08-21T06:00:00.000000,HPCL,petrol,Petrol (95 octane),91.03,Gurgaon,Available,fuel_psu
2026-08-21,2026-08-21T06:00:00.000000,IOCL,diesel,Diesel,89.75,Gurgaon,Available,fuel_psu
2026-08-21,2026-08-21T06:00:00.000000,BPCL,diesel,Diesel,89.75,Gurgaon,Available,fuel_psu
2026-08-21,2026-08-21T06:00:00.000000,HPCL,diesel,Diesel,89.75,Gurgaon,Available,fuel_psu
2026-08-21,2026-08-21T06:00:00.000000,IOCL,petrol,Petrol (95 octane),102.55,Indore,Available,fuel_psu
2026-08-21,2026-08-21T06:00:00.000000,BPCL,petrol,Petrol (95 octane),102.55,Indore,Available,fuel_psu
2026-08-21,2026-08-21T06:00:00.000000,HPCL,petrol,Petrol (95 octane),102.55,Indore,Available,fuel_psu
2026-08-21,2026-08-21T06:00:00.000000,IOCL,diesel,Diesel,93.79,Indore,Available,fuel_psu
2026-08-21,2026-08-21T06:00:00.000000,BPCL,diesel,Diesel,93.79,Indore,Available,fuel_psu
2026-08-21,2026-08-21T06:00:00.000000,HPCL,diesel,Diesel,93.79,Indore,Available,fuel_psu
2026-08-22,2026-08-22T06:00:00.000000,IOCL,petrol,Petrol (95 octane),100.26,Mumbai,Available,fuel_psu
2026-08-22,2026-08-22T06:00:00.000000,BPCL,petrol,Petrol (95 octane),100.26,Mumbai,Available,fuel_psu
2026-08-22,2026-08-22T06:00:00.000000,HPCL,petrol,Petrol (95 octane),100.26,Mumbai,Available,fuel_psu
2026-08-22,2026-08-22T06:00:00.000000,IOCL,diesel,Diesel,94.05,Mumbai,Available,fuel_psu
2026-08-22,2026-08-22T06:00:00.000000,BPCL,diesel,Diesel,94.05,Mumbai,Available,fuel_psu
2026-08-22,2026-08-22T06:00:00.000000,HPCL,diesel,Diesel,94.05,Mumbai,Available,fuel_psu
2026-08-22,2026-08-22T06:00:00.000000,IOCL,petrol,Petrol (95 octane),90.77,Delhi,Available,fuel_psu
2026-08-22,2026-08-22T06:00:00.000000,BPCL,petrol,Petrol (95 octane),90.77,Delhi,Available,fuel_psu
2026-08-22,2026-08-22T06:00:00.000000,HPCL,petrol,Petrol (95 octane),90.77,Delhi,Available,fuel_psu
2026-08-22,2026-08-22T06:00:00.000000,IOCL,diesel,Diesel,89.52,Delhi,Available,fuel_psu
2026-08-22,2026-08-22T06:00:00.000000,BPCL,diesel,Diesel,89.52,Delhi,Available,fuel_psu
2026-08-22,2026-08-22T06:00:00.000000,HPCL,diesel,Diesel,89.52,Delhi,Available,fuel_psu
2026-08-22,2026-08-22T06:00:00.000000,IOCL,petrol,Petrol (95 octane),98.91,Bengaluru,Available,fuel_psu
2026-08-22,2026-08-22T06:00:00.000000,BPCL,petrol,Petrol (95 octane),98.91,Bengaluru,Available,fuel_psu
2026-08-22,2026-08-22T06:00:00.000000,HPCL,petrol,Petrol (95 octane),98.91,Bengaluru,Available,fuel_psu
2026-08-22,2026-08-22T06:00:00.000000,IOCL,diesel,Diesel,90.84,Bengaluru,Available,fuel_psu
2026-08-22,2026-08-22T06:00:00.000000,BPCL,diesel,Diesel,90.84,Bengaluru,Available,fuel_psu
2026-08-22,2026-08-22T06:00:00.000000,HPCL,diesel,Diesel,90.84,Bengaluru,Available,fuel_psu
2026-08-22,2026-08-22T06:00:00.000000,IOCL,petrol,Petrol (95 octane),96.8,Chennai,Available,fuel_psu
2026-08-22,2026-08-22T06:00:00.000000,BPCL,petrol,Petrol (95 octane),96.8,Chennai,Available,fuel_psu
2026-08-22,2026-08-22T06:00:00.000000,HPCL,petrol,Petrol (95 octane),96.8,Chennai,Available,fuel_psu
2026-08-22,2026-08-22T06:00:00.000000,IOCL,diesel,Diesel,94.24,Chennai,Available,fuel_psu
2026-08-22,2026-08-22T06:00:00.000000,BPCL,diesel,Diesel,94.24,Chennai,Available,fuel_psu
2026-08-22,2026-08-22T06:00:00.000000,HPCL,diesel,Diesel,94.24,Chennai,Available,fuel_psu
2026-08-22,2026-08-22T06:00:00.000000,IOCL,petrol,Petrol (95 octane),99.99,Kolkata,Available,fuel_psu
2026-08-22,2026-08-22T06:00:00.000000,BPCL,petrol,Petrol (95 octane),99.99,Kolkata,Available,fuel_psu
2026-08-22,2026-08-22T06:00:00.000000,HPCL,petrol,Petrol (95 octane),99.99,Kolkata,Available,fuel_psu
2026-08-22,2026-08-22T06:00:00.000000,IOCL,diesel,Diesel,92.66,Kolkata,Available,fuel_psu
2026-08-22,2026-08-22T06:00:00.000000,BPCL,diesel,Diesel,92.66,Kolkata,Available,fuel_psu
2026-08-22,2026-08-22T06:00:00.000000,HPCL,diesel,Diesel,92.66,Kolkata,Available,fuel_psu
2026-08-22,2026-08-22T06:00:00.000000,IOCL,petrol,Petrol (95 octane),103.46,Hyderabad,Available,fuel_psu
2026-08-22,2026-08-22T06:00:00.000000,BPCL,petrol,Petrol (95 octane),103.46,Hyderabad,Available,fuel_psu
2026-08-22,2026-08-22T06:00:00.000000,HPCL,petrol,Petrol (95 octane),103.46,Hyderabad,Available,fuel_psu
2026-08-22,2026-08-22T06:00:00.000000,IOCL,diesel,Diesel,97.55,Hyderabad,Available,fuel_psu
2026-08-22,2026-08-22T06:00:00.000000,BPCL,diesel,Diesel,97.55,Hyderabad,Available,fuel_psu
2026-08-22,2026-08-22T06:00:00.000000,HPCL,diesel,Diesel,97.55,Hyderabad,Available,fuel_psu
2026-08-22,2026-08-22T06:00:00.000000,IOCL,petrol,Petrol (95 octane),100.13,Pune,Available,fuel_psu
2026-08-22,2026-08-22T06:00:00.000000,BPCL,petrol,Petrol (95 octane),100.13,Pune,Available,fuel_psu
2026-08-22,2026-08-22T06:00:00.000000,HPCL,petrol,Petrol (95 octane),100.13,Pune,Available,fuel_psu
2026-08-22,2026-08-22T06:00:00.000000,IOCL,diesel,Diesel,92.51,Pune,Available,fuel_psu
2026-08-22,2026-08-22T06:00:00.000000,BPCL,diesel,Diesel,92.51,Pune,Available,fuel_psu
2026-08-22,2026-08-22T06:00:00.000000,HPCL,diesel,Diesel,92.51,Pune,Available,fuel_psu
2026-08-22,2026-08-22T06:00:00.000000,IOCL,petrol,Petrol (95 octane),90.49,Ahmedabad,Available,fuel_psu
2026-08-22,2026-08-22T06:00:00.000000,BPCL,petrol,Petrol (95 octane),90.49,Ahmedabad,Available,fuel_psu
2026-08-22,2026-08-22T06:00:00.000000,HPCL,petrol,Petrol (95 octane),90.49,Ahmedabad,Available,fuel_psu
2026-08-22,2026-08-22T06:00:00.000000,IOCL,diesel,Diesel,92.01,Ahmedabad,Available,fuel_psu
2026-08-22,2026-08-22T06:00:00.000000,BPCL,diesel,Diesel,92.01,Ahmedabad,Available,fuel_psu
2026-08-22,2026-08-22T06:00:00.000000,HPCL,diesel,Diesel,92.01,Ahmedabad,Available,fuel_psu
2026-08-22,2026-08-22T06:00:00.000000,IOCL,petrol,Petrol (95 octane),100.93,Jaipur,Available,fuel_psu
2026-08-22,2026-08-22T06:00:00.000000,BPCL,petrol,Petrol (95 octane),100.93,Jaipur,Available,fuel_psu
2026-08-22,2026-08-22T06:00:00.000000,HPCL,petrol,Petrol (95 octane),100.93,Jaipur,Available,fuel_psu
2026-08-22,2026-08-22T06:00:00.000000,IOCL,diesel,Diesel,92.26,Jaipur,Available,fuel_psu
2026-08-22,2026-08-22T06:00:00.000000,BPCL,diesel,Diesel,92.26,Jaipur,Available,fuel_psu
2026-08-22,2026-08-22T06:00:00.000000,HPCL,diesel,Diesel,92.26,Jaipur,Available,fuel_psu
2026-08-22,2026-08-22T06:00:00.000000,IOCL,petrol,Petrol (95 octane),90.7,Lucknow,Available,fuel_psu
2026-08-22,2026-08-22T06:00:00.000000,BPCL,petrol,Petrol (95 octane),90.7,Lucknow,Available,fuel_psu
2026-08-22,2026-08-22T06:00:00.000000,HPCL,petrol,Petrol (95 octane),90.7,Lucknow,Available,fuel_psu
2026-08-22,2026-08-22T06:00:00.000000,IOCL,diesel,Diesel,89.66,Lucknow,Available,fuel_psu
2026-08-22,2026-08-22T06:00:00.000000,BPCL,diesel,Diesel,89.66,Lucknow,Available,fuel_psu
2026-08-22,2026-08-22T06:00:00.000000,HPCL,diesel,Diesel,89.66,Lucknow,Available,fuel_psu
2026-08-22,2026-08-22T06:00:00.000000,IOCL,petrol,Petrol (95 octane),90.29,Chandigarh,Available,fuel_psu
2026-08-22,2026-08-22T06:00:00.000000,BPCL,petrol,Petrol (95 octane),90.29,Chandigarh,Available,fuel_psu
2026-08-22,2026-08-22T06:00:00.000000,HPCL,petrol,Petrol (95 octane),90.29,Chandigarh,Available,fuel_psu
2026-08-22,2026-08-22T06:00:00.000000,IOCL,diesel,Diesel,84.3,Chandigarh,Available,fuel_psu
2026-08-22,2026-08-22T06:00:00.000000,BPCL,diesel,Diesel,84.3,Chandigarh,Available,fuel_psu
2026-08-22,2026-08-22T06:00:00.000000,HPCL,diesel,Diesel,84.3,Chandigarh,Available,fuel_psu
2026-08-22,2026-08-22T06:00:00.000000,IOCL,petrol,Petrol (95 octane),90.36,Surat,Available,fuel_psu
2026-08-22,2026-08-22T06:00:00.000000,BPCL,petrol,Petrol (95 octane),90.36,Surat,Available,fuel_psu
2026-08-22,2026-08-22T06:00:00.000000,HPCL,petrol,Petrol (95 octane),90.36,Surat,Available,fuel_psu
2026-08-22,2026-08-22T06:00:00.000000,IOCL,diesel,Diesel,91.88,Surat,Available,fuel_psu
2026-08-22,2026-08-22T06:00:00.000000,BPCL,diesel,Diesel,91.88,Surat,Available,fuel_psu
2026-08-22,2026-08-22T06:00:00.000000,HPCL,diesel,Diesel,91.88,Surat,Available,fuel_psu
2026-08-22,2026-08-22T06:00:00.000000,IOCL,petrol,Petrol (95 octane),101.23,Patna,Available,fuel_psu
2026-08-22,2026-08-22T06:00:00.000000,BPCL,petrol,Petrol (95 octane),101.23,Patna,Available,fuel_psu
2026-08-22,2026-08-22T06:00:00.000000,HPCL,petrol,Petrol (95 octane),101.23,Patna,Available,fuel_psu
2026-08-22,2026-08-22T06:00:00.000000,IOCL,diesel,Diesel,93.94,Patna,Available,fuel_psu
2026-08-22,2026-08-22T06:00:00.000000,BPCL,diesel,Diesel,93.94,Patna,Available,fuel_psu
2026-08-22,2026-08-22T06:00:00.000000,HPCL,diesel,Diesel,93.94,Patna,Available,fuel_psu
2026-08-22,2026-08-22T06:00:00.000000,IOCL,petrol,Petrol (95 octane),90.71,Noida,Available,fuel_psu
2026-08-22,2026-08-22T06:00:00.000000,BPCL,petrol,Petrol (95 octane),90.71,Noida,Available,fuel_psu
2026-08-22,2026-08-22T06:00:00.000000,HPCL,petrol,Petrol (95 octane),90.71,Noida,Available,fuel_psu
2026-08-22,2026-08-22T06:00:00.000000,IOCL,diesel,Diesel,89.65,Noida,Available,fuel_psu
2026-08-22,2026-08-22T06:00:00.000000,BPCL,diesel,Diesel,89.65,Noida,Available,fuel_psu
2026-08-22,2026-08-22T06:00:00.000000,HPCL,diesel,Diesel,89.65,Noida,Available,fuel_psu
2026-08-22,2026-08-22T06:00:00.000000,IOCL,petrol,Petrol (95 octane),91.03,Gurgaon,Available,fuel_psu
2026-08-22,2026-08-22T06:00:00.000000,BPCL,petrol,Petrol (95 octane),91.03,Gurgaon,Available,fuel_psu
2026-08-22,2026-08-22T06:00:00.000000,HPCL,petrol,Petrol (95 octane),91.03,Gurgaon,Available,fuel_psu
2026-08-22,2026-08-22T06:00:00.000000,IOCL,diesel,Diesel,89.75,Gurgaon,Available,fuel_psu
2026-08-22,2026-08-22T06:00:00.000000,BPCL,diesel,Diesel,89.75,Gurgaon,Available,fuel_psu
2026-08-22,2026-08-22T06:00:00.000000,HPCL,diesel,Diesel,89.75,Gurgaon,Available,fuel_psu
2026-08-22,2026-08-22T06:00:00.000000,IOCL,petrol,Petrol (95 octane),102.55,Indore,Available,fuel_psu
2026-08-22,2026-08-22T06:00:00.000000,BPCL,petrol,Petrol (95 octane),102.55,Indore,Available,fuel_psu
2026-08-22,2026-08-22T06:00:00.000000,HPCL,petrol,Petrol (95 octane),102.55,Indore,Available,fuel_psu
2026-08-22,2026-08-22T06:00:00.000000,IOCL,diesel,Diesel,93.79,Indore,Available,fuel_psu
2026-08-22,2026-08-22T06:00:00.000000,BPCL,diesel,Diesel,93.79,Indore,Available,fuel_psu
2026-08-22,2026-08-22T06:00:00.000000,HPCL,diesel,Diesel,93.79,Indore,Available,fuel_psu
2026-08-23,2026-08-23T06:00:00.000000,IOCL,petrol,Petrol (95 octane),100.26,Mumbai,Available,fuel_psu
2026-08-23,2026-08-23T06:00:00.000000,BPCL,petrol,Petrol (95 octane),100.26,Mumbai,Available,fuel_psu
2026-08-23,2026-08-23T06:00:00.000000,HPCL,petrol,Petrol (95 octane),100.26,Mumbai,Available,fuel_psu
2026-08-23,2026-08-23T06:00:00.000000,IOCL,diesel,Diesel,94.05,Mumbai,Available,fuel_psu
2026-08-23,2026-08-23T06:00:00.000000,BPCL,diesel,Diesel,94.05,Mumbai,Available,fuel_psu
2026-08-23,2026-08-23T06:00:00.000000,HPCL,diesel,Diesel,94.05,Mumbai,Available,fuel_psu
2026-08-23,2026-08-23T06:00:00.000000,IOCL,petrol,Petrol (95 octane),90.77,Delhi,Available,fuel_psu
2026-08-23,2026-08-23T06:00:00.000000,BPCL,petrol,Petrol (95 octane),90.77,Delhi,Available,fuel_psu
2026-08-23,2026-08-23T06:00:00.000000,HPCL,petrol,Petrol (95 octane),90.77,Delhi,Available,fuel_psu
2026-08-23,2026-08-23T06:00:00.000000,IOCL,diesel,Diesel,89.52,Delhi,Available,fuel_psu
2026-08-23,2026-08-23T06:00:00.000000,BPCL,diesel,Diesel,89.52,Delhi,Available,fuel_psu
2026-08-23,2026-08-23T06:00:00.000000,HPCL,diesel,Diesel,89.52,Delhi,Available,fuel_psu
2026-08-23,2026-08-23T06:00:00.000000,IOCL,petrol,Petrol (95 octane),98.91,Bengaluru,Available,fuel_psu
2026-08-23,2026-08-23T06:00:00.000000,BPCL,petrol,Petrol (95 octane),98.91,Bengaluru,Available,fuel_psu
2026-08-23,2026-08-23T06:00:00.000000,HPCL,petrol,Petrol (95 octane),98.91,Bengaluru,Available,fuel_psu
2026-08-23,2026-08-23T06:00:00.000000,IOCL,diesel,Diesel,90.84,Bengaluru,Available,fuel_psu
2026-08-23,2026-08-23T06:00:00.000000,BPCL,diesel,Diesel,90.84,Bengaluru,Available,fuel_psu
2026-08-23,2026-08-23T06:00:00.000000,HPCL,diesel,Diesel,90.84,Bengaluru,Available,fuel_psu
2026-08-23,2026-08-23T06:00:00.000000,IOCL,petrol,Petrol (95 octane),96.8,Chennai,Available,fuel_psu
2026-08-23,2026-08-23T06:00:00.000000,BPCL,petrol,Petrol (95 octane),96.8,Chennai,Available,fuel_psu
2026-08-23,2026-08-23T06:00:00.000000,HPCL,petrol,Petrol (95 octane),96.8,Chennai,Available,fuel_psu
2026-08-23,2026-08-23T06:00:00.000000,IOCL,diesel,Diesel,94.24,Chennai,Available,fuel_psu
2026-08-23,2026-08-23T06:00:00.000000,BPCL,diesel,Diesel,94.24,Chennai,Available,fuel_psu
2026-08-23,2026-08-23T06:00:00.000000,HPCL,diesel,Diesel,94.24,Chennai,Available,fuel_psu
2026-08-23,2026-08-23T06:00:00.000000,IOCL,petrol,Petrol (95 octane),99.99,Kolkata,Available,fuel_psu
2026-08-23,2026-08-23T06:00:00.000000,BPCL,petrol,Petrol (95 octane),99.99,Kolkata,Available,fuel_psu
2026-08-23,2026-08-23T06:00:00.000000,HPCL,petrol,Petrol (95 octane),99.99,Kolkata,Available,fuel_psu
2026-08-23,2026-08-23T06:00:00.000000,IOCL,diesel,Diesel,92.66,Kolkata,Available,fuel_psu
2026-08-23,2026-08-23T06:00:00.000000,BPCL,diesel,Diesel,92.66,Kolkata,Available,fuel_psu
2026-08-23,2026-08-23T06:00:00.000000,HPCL,diesel,Diesel,92.66,Kolkata,Available,fuel_psu
2026-08-23,2026-08-23T06:00:00.000000,IOCL,petrol,Petrol (95 octane),103.46,Hyderabad,Available,fuel_psu
2026-08-23,2026-08-23T06:00:00.000000,BPCL,petrol,Petrol (95 octane),103.46,Hyderabad,Available,fuel_psu
2026-08-23,2026-08-23T06:00:00.000000,HPCL,petrol,Petrol (95 octane),103.46,Hyderabad,Available,fuel_psu
2026-08-23,2026-08-23T06:00:00.000000,IOCL,diesel,Diesel,97.55,Hyderabad,Available,fuel_psu
2026-08-23,2026-08-23T06:00:00.000000,BPCL,diesel,Diesel,97.55,Hyderabad,Available,fuel_psu
2026-08-23,2026-08-23T06:00:00.000000,HPCL,diesel,Diesel,97.55,Hyderabad,Available,fuel_psu
2026-08-23,2026-08-23T06:00:00.000000,IOCL,petrol,Petrol (95 octane),100.13,Pune,Available,fuel_psu
2026-08-23,2026-08-23T06:00:00.000000,BPCL,petrol,Petrol (95 octane),100.13,Pune,Available,fuel_psu
2026-08-23,2026-08-23T06:00:00.000000,HPCL,petrol,Petrol (95 octane),100.13,Pune,Available,fuel_psu
2026-08-23,2026-08-23T06:00:00.000000,IOCL,diesel,Diesel,92.51,Pune,Available,fuel_psu
2026-08-23,2026-08-23T06:00:00.000000,BPCL,diesel,Diesel,92.51,Pune,Available,fuel_psu
2026-08-23,2026-08-23T06:00:00.000000,HPCL,diesel,Diesel,92.51,Pune,Available,fuel_psu
2026-08-23,2026-08-23T06:00:00.000000,IOCL,petrol,Petrol (95 octane),90.49,Ahmedabad,Available,fuel_psu
2026-08-23,2026-08-23T06:00:00.000000,BPCL,petrol,Petrol (95 octane),90.49,Ahmedabad,Available,fuel_psu
2026-08-23,2026-08-23T06:00:00.000000,HPCL,petrol,Petrol (95 octane),90.49,Ahmedabad,Available,fuel_psu
2026-08-23,2026-08-23T06:00:00.000000,IOCL,diesel,Diesel,92.01,Ahmedabad,Available,fuel_psu
2026-08-23,2026-08-23T06:00:00.000000,BPCL,diesel,Diesel,92.01,Ahmedabad,Available,fuel_psu
2026-08-23,2026-08-23T06:00:00.000000,HPCL,diesel,Diesel,92.01,Ahmedabad,Available,fuel_psu
2026-08-23,2026-08-23T06:00:00.000000,IOCL,petrol,Petrol (95 octane),100.93,Jaipur,Available,fuel_psu
2026-08-23,2026-08-23T06:00:00.000000,BPCL,petrol,Petrol (95 octane),100.93,Jaipur,Available,fuel_psu
2026-08-23,2026-08-23T06:00:00.000000,HPCL,petrol,Petrol (95 octane),100.93,Jaipur,Available,fuel_psu
2026-08-23,2026-08-23T06:00:00.000000,IOCL,diesel,Diesel,92.26,Jaipur,Available,fuel_psu
2026-08-23,2026-08-23T06:00:00.000000,BPCL,diesel,Diesel,92.26,Jaipur,Available,fuel_psu
2026-08-23,2026-08-23T06:00:00.000000,HPCL,diesel,Diesel,92.26,Jaipur,Available,fuel_psu
2026-08-23,2026-08-23T06:00:00.000000,IOCL,petrol,Petrol (95 octane),90.7,Lucknow,Available,fuel_psu
2026-08-23,2026-08-23T06:00:00.000000,BPCL,petrol,Petrol (95 octane),90.7,Lucknow,Available,fuel_psu
2026-08-23,2026-08-23T06:00:00.000000,HPCL,petrol,Petrol (95 octane),90.7,Lucknow,Available,fuel_psu
2026-08-23,2026-08-23T06:00:00.000000,IOCL,diesel,Diesel,89.66,Lucknow,Available,fuel_psu
2026-08-23,2026-08-23T06:00:00.000000,BPCL,diesel,Diesel,89.66,Lucknow,Available,fuel_psu
2026-08-23,2026-08-23T06:00:00.000000,HPCL,diesel,Diesel,89.66,Lucknow,Available,fuel_psu
2026-08-23,2026-08-23T06:00:00.000000,IOCL,petrol,Petrol (95 octane),90.29,Chandigarh,Available,fuel_psu
2026-08-23,2026-08-23T06:00:00.000000,BPCL,petrol,Petrol (95 octane),90.29,Chandigarh,Available,fuel_psu
2026-08-23,2026-08-23T06:00:00.000000,HPCL,petrol,Petrol (95 octane),90.29,Chandigarh,Available,fuel_psu
2026-08-23,2026-08-23T06:00:00.000000,IOCL,diesel,Diesel,84.3,Chandigarh,Available,fuel_psu
2026-08-23,2026-08-23T06:00:00.000000,BPCL,diesel,Diesel,84.3,Chandigarh,Available,fuel_psu
2026-08-23,2026-08-23T06:00:00.000000,HPCL,diesel,Diesel,84.3,Chandigarh,Available,fuel_psu
2026-08-23,2026-08-23T06:00:00.000000,IOCL,petrol,Petrol (95 octane),90.36,Surat,Available,fuel_psu
2026-08-23,2026-08-23T06:00:00.000000,BPCL,petrol,Petrol (95 octane),90.36,Surat,Available,fuel_psu
2026-08-23,2026-08-23T06:00:00.000000,HPCL,petrol,Petrol (95 octane),90.36,Surat,Available,fuel_psu
2026-08-23,2026-08-23T06:00:00.000000,IOCL,diesel,Diesel,91.88,Surat,Available,fuel_psu
2026-08-23,2026-08-23T06:00:00.000000,BPCL,diesel,Diesel,91.88,Surat,Available,fuel_psu
2026-08-23,2026-08-23T06:00:00.000000,HPCL,diesel,Diesel,91.88,Surat,Available,fuel_psu
2026-08-23,2026-08-23T06:00:00.000000,IOCL,petrol,Petrol (95 octane),101.23,Patna,Available,fuel_psu
2026-08-23,2026-08-23T06:00:00.000000,BPCL,petrol,Petrol (95 octane),101.23,Patna,Available,fuel_psu
2026-08-23,2026-08-23T06:00:00.000000,HPCL,petrol,Petrol (95 octane),101.23,Patna,Available,fuel_psu
2026-08-23,2026-08-23T06:00:00.000000,IOCL,diesel,Diesel,93.94,Patna,Available,fuel_psu
2026-08-23,2026-08-23T06:00:00.000000,BPCL,diesel,Diesel,93.94,Patna,Available,fuel_psu
2026-08-23,2026-08-23T06:00:00.000000,HPCL,diesel,Diesel,93.94,Patna,Available,fuel_psu
2026-08-23,2026-08-23T06:00:00.000000,IOCL,petrol,Petrol (95 octane),90.71,Noida,Available,fuel_psu
2026-08-23,2026-08-23T06:00:00.000000,BPCL,petrol,Petrol (95 octane),90.71,Noida,Available,fuel_psu
2026-08-23,2026-08-23T06:00:00.000000,HPCL,petrol,Petrol (95 octane),90.71,Noida,Available,fuel_psu
2026-08-23,2026-08-23T06:00:00.000000,IOCL,diesel,Diesel,89.65,Noida,Available,fuel_psu
2026-08-23,2026-08-23T06:00:00.000000,BPCL,diesel,Diesel,89.65,Noida,Available,fuel_psu
2026-08-23,2026-08-23T06:00:00.000000,HPCL,diesel,Diesel,89.65,Noida,Available,fuel_psu
2026-08-23,2026-08-23T06:00:00.000000,IOCL,petrol,Petrol (95 octane),91.03,Gurgaon,Available,fuel_psu
2026-08-23,2026-08-23T06:00:00.000000,BPCL,petrol,Petrol (95 octane),91.03,Gurgaon,Available,fuel_psu
2026-08-23,2026-08-23T06:00:00.000000,HPCL,petrol,Petrol (95 octane),91.03,Gurgaon,Available,fuel_psu
2026-08-23,2026-08-23T06:00:00.000000,IOCL,diesel,Diesel,89.75,Gurgaon,Available,fuel_psu
2026-08-23,2026-08-23T06:00:00.000000,BPCL,diesel,Diesel,89.75,Gurgaon,Available,fuel_psu
2026-08-23,2026-08-23T06:00:00.000000,HPCL,diesel,Diesel,89.75,Gurgaon,Available,fuel_psu
2026-08-23,2026-08-23T06:00:00.000000,IOCL,petrol,Petrol (95 octane),102.55,Indore,Available,fuel_psu
2026-08-23,2026-08-23T06:00:00.000000,BPCL,petrol,Petrol (95 octane),102.55,Indore,Available,fuel_psu
2026-08-23,2026-08-23T06:00:00.000000,HPCL,petrol,Petrol (95 octane),102.55,Indore,Available,fuel_psu
2026-08-23,2026-08-23T06:00:00.000000,IOCL,diesel,Diesel,93.79,Indore,Available,fuel_psu
2026-08-23,2026-08-23T06:00:00.000000,BPCL,diesel,Diesel,93.79,Indore,Available,fuel_psu
2026-08-23,2026-08-23T06:00:00.000000,HPCL,diesel,Diesel,93.79,Indore,Available,fuel_psu
2026-08-24,2026-08-24T06:00:00.000000,IOCL,petrol,Petrol (95 octane),100.26,Mumbai,Available,fuel_psu
2026-08-24,2026-08-24T06:00:00.000000,BPCL,petrol,Petrol (95 octane),100.26,Mumbai,Available,fuel_psu
2026-08-24,2026-08-24T06:00:00.000000,HPCL,petrol,Petrol (95 octane),100.26,Mumbai,Available,fuel_psu
2026-08-24,2026-08-24T06:00:00.000000,IOCL,diesel,Diesel,94.05,Mumbai,Available,fuel_psu
2026-08-24,2026-08-24T06:00:00.000000,BPCL,diesel,Diesel,94.05,Mumbai,Available,fuel_psu
2026-08-24,2026-08-24T06:00:00.000000,HPCL,diesel,Diesel,94.05,Mumbai,Available,fuel_psu
2026-08-24,2026-08-24T06:00:00.000000,IOCL,petrol,Petrol (95 octane),90.77,Delhi,Available,fuel_psu
2026-08-24,2026-08-24T06:00:00.000000,BPCL,petrol,Petrol (95 octane),90.77,Delhi,Available,fuel_psu
2026-08-24,2026-08-24T06:00:00.000000,HPCL,petrol,Petrol (95 octane),90.77,Delhi,Available,fuel_psu
2026-08-24,2026-08-24T06:00:00.000000,IOCL,diesel,Diesel,89.52,Delhi,Available,fuel_psu
2026-08-24,2026-08-24T06:00:00.000000,BPCL,diesel,Diesel,89.52,Delhi,Available,fuel_psu
2026-08-24,2026-08-24T06:00:00.000000,HPCL,diesel,Diesel,89.52,Delhi,Available,fuel_psu
2026-08-24,2026-08-24T06:00:00.000000,IOCL,petrol,Petrol (95 octane),98.91,Bengaluru,Available,fuel_psu
2026-08-24,2026-08-24T06:00:00.000000,BPCL,petrol,Petrol (95 octane),98.91,Bengaluru,Available,fuel_psu
2026-08-24,2026-08-24T06:00:00.000000,HPCL,petrol,Petrol (95 octane),98.91,Bengaluru,Available,fuel_psu
2026-08-24,2026-08-24T06:00:00.000000,IOCL,diesel,Diesel,90.84,Bengaluru,Available,fuel_psu
2026-08-24,2026-08-24T06:00:00.000000,BPCL,diesel,Diesel,90.84,Bengaluru,Available,fuel_psu
2026-08-24,2026-08-24T06:00:00.000000,HPCL,diesel,Diesel,90.84,Bengaluru,Available,fuel_psu
2026-08-24,2026-08-24T06:00:00.000000,IOCL,petrol,Petrol (95 octane),96.8,Chennai,Available,fuel_psu
2026-08-24,2026-08-24T06:00:00.000000,BPCL,petrol,Petrol (95 octane),96.8,Chennai,Available,fuel_psu
2026-08-24,2026-08-24T06:00:00.000000,HPCL,petrol,Petrol (95 octane),96.8,Chennai,Available,fuel_psu
2026-08-24,2026-08-24T06:00:00.000000,IOCL,diesel,Diesel,94.24,Chennai,Available,fuel_psu
2026-08-24,2026-08-24T06:00:00.000000,BPCL,diesel,Diesel,94.24,Chennai,Available,fuel_psu
2026-08-24,2026-08-24T06:00:00.000000,HPCL,diesel,Diesel,94.24,Chennai,Available,fuel_psu
2026-08-24,2026-08-24T06:00:00.000000,IOCL,petrol,Petrol (95 octane),99.99,Kolkata,Available,fuel_psu
2026-08-24,2026-08-24T06:00:00.000000,BPCL,petrol,Petrol (95 octane),99.99,Kolkata,Available,fuel_psu
2026-08-24,2026-08-24T06:00:00.000000,HPCL,petrol,Petrol (95 octane),99.99,Kolkata,Available,fuel_psu
2026-08-24,2026-08-24T06:00:00.000000,IOCL,diesel,Diesel,92.66,Kolkata,Available,fuel_psu
2026-08-24,2026-08-24T06:00:00.000000,BPCL,diesel,Diesel,92.66,Kolkata,Available,fuel_psu
2026-08-24,2026-08-24T06:00:00.000000,HPCL,diesel,Diesel,92.66,Kolkata,Available,fuel_psu
2026-08-24,2026-08-24T06:00:00.000000,IOCL,petrol,Petrol (95 octane),103.46,Hyderabad,Available,fuel_psu
2026-08-24,2026-08-24T06:00:00.000000,BPCL,petrol,Petrol (95 octane),103.46,Hyderabad,Available,fuel_psu
2026-08-24,2026-08-24T06:00:00.000000,HPCL,petrol,Petrol (95 octane),103.46,Hyderabad,Available,fuel_psu
2026-08-24,2026-08-24T06:00:00.000000,IOCL,diesel,Diesel,97.55,Hyderabad,Available,fuel_psu
2026-08-24,2026-08-24T06:00:00.000000,BPCL,diesel,Diesel,97.55,Hyderabad,Available,fuel_psu
2026-08-24,2026-08-24T06:00:00.000000,HPCL,diesel,Diesel,97.55,Hyderabad,Available,fuel_psu
2026-08-24,2026-08-24T06:00:00.000000,IOCL,petrol,Petrol (95 octane),100.13,Pune,Available,fuel_psu
2026-08-24,2026-08-24T06:00:00.000000,BPCL,petrol,Petrol (95 octane),100.13,Pune,Available,fuel_psu
2026-08-24,2026-08-24T06:00:00.000000,HPCL,petrol,Petrol (95 octane),100.13,Pune,Available,fuel_psu
2026-08-24,2026-08-24T06:00:00.000000,IOCL,diesel,Diesel,92.51,Pune,Available,fuel_psu
2026-08-24,2026-08-24T06:00:00.000000,BPCL,diesel,Diesel,92.51,Pune,Available,fuel_psu
2026-08-24,2026-08-24T06:00:00.000000,HPCL,diesel,Diesel,92.51,Pune,Available,fuel_psu
2026-08-24,2026-08-24T06:00:00.000000,IOCL,petrol,Petrol (95 octane),90.49,Ahmedabad,Available,fuel_psu
2026-08-24,2026-08-24T06:00:00.000000,BPCL,petrol,Petrol (95 octane),90.49,Ahmedabad,Available,fuel_psu
2026-08-24,2026-08-24T06:00:00.000000,HPCL,petrol,Petrol (95 octane),90.49,Ahmedabad,Available,fuel_psu
2026-08-24,2026-08-24T06:00:00.000000,IOCL,diesel,Diesel,92.01,Ahmedabad,Available,fuel_psu
2026-08-24,2026-08-24T06:00:00.000000,BPCL,diesel,Diesel,92.01,Ahmedabad,Available,fuel_psu
2026-08-24,2026-08-24T06:00:00.000000,HPCL,diesel,Diesel,92.01,Ahmedabad,Available,fuel_psu
2026-08-24,2026-08-24T06:00:00.000000,IOCL,petrol,Petrol (95 octane),100.93,Jaipur,Available,fuel_psu
2026-08-24,2026-08-24T06:00:00.000000,BPCL,petrol,Petrol (95 octane),100.93,Jaipur,Available,fuel_psu
2026-08-24,2026-08-24T06:00:00.000000,HPCL,petrol,Petrol (95 octane),100.93,Jaipur,Available,fuel_psu
2026-08-24,2026-08-24T06:00:00.000000,IOCL,diesel,Diesel,92.26,Jaipur,Available,fuel_psu
2026-08-24,2026-08-24T06:00:00.000000,BPCL,diesel,Diesel,92.26,Jaipur,Available,fuel_psu
2026-08-24,2026-08-24T06:00:00.000000,HPCL,diesel,Diesel,92.26,Jaipur,Available,fuel_psu
2026-08-24,2026-08-24T06:00:00.000000,IOCL,petrol,Petrol (95 octane),90.7,Lucknow,Available,fuel_psu
2026-08-24,2026-08-24T06:00:00.000000,BPCL,petrol,Petrol (95 octane),90.7,Lucknow,Available,fuel_psu
2026-08-24,2026-08-24T06:00:00.000000,HPCL,petrol,Petrol (95 octane),90.7,Lucknow,Available,fuel_psu
2026-08-24,2026-08-24T06:00:00.000000,IOCL,diesel,Diesel,89.66,Lucknow,Available,fuel_psu
2026-08-24,2026-08-24T06:00:00.000000,BPCL,diesel,Diesel,89.66,Lucknow,Available,fuel_psu
2026-08-24,2026-08-24T06:00:00.000000,HPCL,diesel,Diesel,89.66,Lucknow,Available,fuel_psu
2026-08-24,2026-08-24T06:00:00.000000,IOCL,petrol,Petrol (95 octane),90.29,Chandigarh,Available,fuel_psu
2026-08-24,2026-08-24T06:00:00.000000,BPCL,petrol,Petrol (95 octane),90.29,Chandigarh,Available,fuel_psu
2026-08-24,2026-08-24T06:00:00.000000,HPCL,petrol,Petrol (95 octane),90.29,Chandigarh,Available,fuel_psu
2026-08-24,2026-08-24T06:00:00.000000,IOCL,diesel,Diesel,84.3,Chandigarh,Available,fuel_psu
2026-08-24,2026-08-24T06:00:00.000000,BPCL,diesel,Diesel,84.3,Chandigarh,Available,fuel_psu
2026-08-24,2026-08-24T06:00:00.000000,HPCL,diesel,Diesel,84.3,Chandigarh,Available,fuel_psu
2026-08-24,2026-08-24T06:00:00.000000,IOCL,petrol,Petrol (95 octane),90.36,Surat,Available,fuel_psu
2026-08-24,2026-08-24T06:00:00.000000,BPCL,petrol,Petrol (95 octane),90.36,Surat,Available,fuel_psu
2026-08-24,2026-08-24T06:00:00.000000,HPCL,petrol,Petrol (95 octane),90.36,Surat,Available,fuel_psu
2026-08-24,2026-08-24T06:00:00.000000,IOCL,diesel,Diesel,91.88,Surat,Available,fuel_psu
2026-08-24,2026-08-24T06:00:00.000000,BPCL,diesel,Diesel,91.88,Surat,Available,fuel_psu
2026-08-24,2026-08-24T06:00:00.000000,HPCL,diesel,Diesel,91.88,Surat,Available,fuel_psu
2026-08-24,2026-08-24T06:00:00.000000,IOCL,petrol,Petrol (95 octane),101.23,Patna,Available,fuel_psu
2026-08-24,2026-08-24T06:00:00.000000,BPCL,petrol,Petrol (95 octane),101.23,Patna,Available,fuel_psu
2026-08-24,2026-08-24T06:00:00.000000,HPCL,petrol,Petrol (95 octane),101.23,Patna,Available,fuel_psu
2026-08-24,2026-08-24T06:00:00.000000,IOCL,diesel,Diesel,93.94,Patna,Available,fuel_psu
2026-08-24,2026-08-24T06:00:00.000000,BPCL,diesel,Diesel,93.94,Patna,Available,fuel_psu
2026-08-24,2026-08-24T06:00:00.000000,HPCL,diesel,Diesel,93.94,Patna,Available,fuel_psu
2026-08-24,2026-08-24T06:00:00.000000,IOCL,petrol,Petrol (95 octane),90.71,Noida,Available,fuel_psu
2026-08-24,2026-08-24T06:00:00.000000,BPCL,petrol,Petrol (95 octane),90.71,Noida,Available,fuel_psu
2026-08-24,2026-08-24T06:00:00.000000,HPCL,petrol,Petrol (95 octane),90.71,Noida,Available,fuel_psu
2026-08-24,2026-08-24T06:00:00.000000,IOCL,diesel,Diesel,89.65,Noida,Available,fuel_psu
2026-08-24,2026-08-24T06:00:00.000000,BPCL,diesel,Diesel,89.65,Noida,Available,fuel_psu
2026-08-24,2026-08-24T06:00:00.000000,HPCL,diesel,Diesel,89.65,Noida,Available,fuel_psu
2026-08-24,2026-08-24T06:00:00.000000,IOCL,petrol,Petrol (95 octane),91.03,Gurgaon,Available,fuel_psu
2026-08-24,2026-08-24T06:00:00.000000,BPCL,petrol,Petrol (95 octane),91.03,Gurgaon,Available,fuel_psu
2026-08-24,2026-08-24T06:00:00.000000,HPCL,petrol,Petrol (95 octane),91.03,Gurgaon,Available,fuel_psu
2026-08-24,2026-08-24T06:00:00.000000,IOCL,diesel,Diesel,89.75,Gurgaon,Available,fuel_psu
2026-08-24,2026-08-24T06:00:00.000000,BPCL,diesel,Diesel,89.75,Gurgaon,Available,fuel_psu
2026-08-24,2026-08-24T06:00:00.000000,HPCL,diesel,Diesel,89.75,Gurgaon,Available,fuel_psu
2026-08-24,2026-08-24T06:00:00.000000,IOCL,petrol,Petrol (95 octane),102.55,Indore,Available,fuel_psu
2026-08-24,2026-08-24T06:00:00.000000,BPCL,petrol,Petrol (95 octane),102.55,Indore,Available,fuel_psu
2026-08-24,2026-08-24T06:00:00.000000,HPCL,petrol,Petrol (95 octane),102.55,Indore,Available,fuel_psu
2026-08-24,2026-08-24T06:00:00.000000,IOCL,diesel,Diesel,93.79,Indore,Available,fuel_psu
2026-08-24,2026-08-24T06:00:00.000000,BPCL,diesel,Diesel,93.79,Indore,Available,fuel_psu
2026-08-24,2026-08-24T06:00:00.000000,HPCL,diesel,Diesel,93.79,Indore,Available,fuel_psu
2026-08-25,2026-08-25T06:00:00.000000,IOCL,petrol,Petrol (95 octane),101.36,Mumbai,Available,fuel_psu
2026-08-25,2026-08-25T06:00:00.000000,BPCL,petrol,Petrol (95 octane),101.36,Mumbai,Available,fuel_psu
2026-08-25,2026-08-25T06:00:00.000000,HPCL,petrol,Petrol (95 octane),101.36,Mumbai,Available,fuel_psu
2026-08-25,2026-08-25T06:00:00.000000,IOCL,diesel,Diesel,93.05,Mumbai,Available,fuel_psu
2026-08-25,2026-08-25T06:00:00.000000,BPCL,diesel,Diesel,93.05,Mumbai,Available,fuel_psu
2026-08-25,2026-08-25T06:00:00.000000,HPCL,diesel,Diesel,93.05,Mumbai,Available,fuel_psu
2026-08-25,2026-08-25T06:00:00.000000,IOCL,petrol,Petrol (95 octane),91.87,Delhi,Available,fuel_psu
2026-08-25,2026-08-25T06:00:00.000000,BPCL,petrol,Petrol (95 octane),91.87,Delhi,Available,fuel_psu
2026-08-25,2026-08-25T06:00:00.000000,HPCL,petrol,Petrol (95 octane),91.87,Delhi,Available,fuel_psu
2026-08-25,2026-08-25T06:00:00.000000,IOCL,diesel,Diesel,88.52,Delhi,Available,fuel_psu
2026-08-25,2026-08-25T06:00:00.000000,BPCL,diesel,Diesel,88.52,Delhi,Available,fuel_psu
2026-08-25,2026-08-25T06:00:00.000000,HPCL,diesel,Diesel,88.52,Delhi,Available,fuel_psu
2026-08-25,2026-08-25T06:00:00.000000,IOCL,petrol,Petrol (95 octane),100.01,Bengaluru,Available,fuel_psu
2026-08-25,2026-08-25T06:00:00.000000,BPCL,petrol,Petrol (95 octane),100.01,Bengaluru,Available,fuel_psu
2026-08-25,2026-08-25T06:00:00.000000,HPCL,petrol,Petrol (95 octane),100.01,Bengaluru,Available,fuel_psu
2026-08-25,2026-08-25T06:00:00.000000,IOCL,diesel,Diesel,89.84,Bengaluru,Available,fuel_psu
2026-08-25,2026-08-25T06:00:00.000000,BPCL,diesel,Diesel,89.84,Bengaluru,Available,fuel_psu
2026-08-25,2026-08-25T06:00:00.000000,HPCL,diesel,Diesel,89.84,Bengaluru,Available,fuel_psu
2026-08-25,2026-08-25T06:00:00.000000,IOCL,petrol,Petrol (95 octane),97.9,Chennai,Available,fuel_psu
2026-08-25,2026-08-25T06:00:00.000000,BPCL,petrol,Petrol (95 octane),97.9,Chennai,Available,fuel_psu
2026-08-25,2026-08-25T06:00:00.000000,HPCL,petrol,Petrol (95 octane),97.9,Chennai,Available,fuel_psu
2026-08-25,2026-08-25T06:00:00.000000,IOCL,diesel,Diesel,93.24,Chennai,Available,fuel_psu
2026-08-25,2026-08-25T06:00:00.000000,BPCL,diesel,Diesel,93.24,Chennai,Available,fuel_psu
2026-08-25,2026-08-25T06:00:00.000000,HPCL,diesel,Diesel,93.24,Chennai,Available,fuel_psu
2026-08-25,2026-08-25T06:00:00.000000,IOCL,petrol,Petrol (95 octane),101.09,Kolkata,Available,fuel_psu
2026-08-25,2026-08-25T06:00:00.000000,BPCL,petrol,Petrol (95 octane),101.09,Kolkata,Available,fuel_psu
2026-08-25,2026-08-25T06:00:00.000000,HPCL,petrol,Petrol (95 octane),101.09,Kolkata,Available,fuel_psu
2026-08-25,2026-08-25T06:00:00.000000,IOCL,diesel,Diesel,91.66,Kolkata,Available,fuel_psu
2026-08-25,2026-08-25T06:00:00.000000,BPCL,diesel,Diesel,91.66,Kolkata,Available,fuel_psu
2026-08-25,2026-08-25T06:00:00.000000,HPCL,diesel,Diesel,91.66,Kolkata,Available,fuel_psu
2026-08-25,2026-08-25T06:00:00.000000,IOCL,petrol,Petrol (95 octane),104.56,Hyderabad,Available,fuel_psu
2026-08-25,2026-08-25T06:00:00.000000,BPCL,petrol,Petrol (95 octane),104.56,Hyderabad,Available,fuel_psu
2026-08-25,2026-08-25T06:00:00.000000,HPCL,petrol,Petrol (95 octane),104.56,Hyderabad,Available,fuel_psu
2026-08-25,2026-08-25T06:00:00.000000,IOCL,diesel,Diesel,96.55,Hyderabad,Available,fuel_psu
2026-08-25,2026-08-25T06:00:00.000000,BPCL,diesel,Diesel,96.55,Hyderabad,Available,fuel_psu
2026-08-25,2026-08-25T06:00:00.000000,HPCL,diesel,Diesel,96.55,Hyderabad,Available,fuel_psu
2026-08-25,2026-08-25T06:00:00.000000,IOCL,petrol,Petrol (95 octane),101.23,Pune,Available,fuel_psu
2026-08-25,2026-08-25T06:00:00.000000,BPCL,petrol,Petrol (95 octane),101.23,Pune,Available,fuel_psu
2026-08-25,2026-08-25T06:00:00.000000,HPCL,petrol,Petrol (95 octane),101.23,Pune,Available,fuel_psu
2026-08-25,2026-08-25T06:00:00.000000,IOCL,diesel,Diesel,91.51,Pune,Available,fuel_psu
2026-08-25,2026-08-25T06:00:00.000000,BPCL,diesel,Diesel,91.51,Pune,Available,fuel_psu
2026-08-25,2026-08-25T06:00:00.000000,HPCL,diesel,Diesel,91.51,Pune,Available,fuel_psu
2026-08-25,2026-08-25T06:00:00.000000,IOCL,petrol,Petrol (95 octane),91.59,Ahmedabad,Available,fuel_psu
2026-08-25,2026-08-25T06:00:00.000000,BPCL,petrol,Petrol (95 octane),91.59,Ahmedabad,Available,fuel_psu
2026-08-25,2026-08-25T06:00:00.000000,HPCL,petrol,Petrol (95 octane),91.59,Ahmedabad,Available,fuel_psu
2026-08-25,2026-08-25T06:00:00.000000,IOCL,diesel,Diesel,91.01,Ahmedabad,Available,fuel_psu
2026-08-25,2026-08-25T06:00:00.000000,BPCL,diesel,Diesel,91.01,Ahmedabad,Available,fuel_psu
2026-08-25,2026-08-25T06:00:00.000000,HPCL,diesel,Diesel,91.01,Ahmedabad,Available,fuel_psu
2026-08-25,2026-08-25T06:00:00.000000,IOCL,petrol,Petrol (95 octane),102.03,Jaipur,Available,fuel_psu
2026-08-25,2026-08-25T06:00:00.000000,BPCL,petrol,Petrol (95 octane),102.03,Jaipur,Available,fuel_psu
2026-08-25,2026-08-25T06:00:00.000000,HPCL,petrol,Petrol (95 octane),102.03,Jaipur,Available,fuel_psu
2026-08-25,2026-08-25T06:00:00.000000,IOCL,diesel,Diesel,91.26,Jaipur,Available,fuel_psu
2026-08-25,2026-08-25T06:00:00.000000,BPCL,diesel,Diesel,91.26,Jaipur,Available,fuel_psu
2026-08-25,2026-08-25T06:00:00.000000,HPCL,diesel,Diesel,91.26,Jaipur,Available,fuel_psu
2026-08-25,2026-08-25T06:00:00.000000,IOCL,petrol,Petrol (95 octane),91.8,Lucknow,Available,fuel_psu
2026-08-25,2026-08-25T06:00:00.000000,BPCL,petrol,Petrol (95 octane),91.8,Lucknow,Available,fuel_psu
2026-08-25,2026-08-25T06:00:00.000000,HPCL,petrol,Petrol (95 octane),91.8,Lucknow,Available,fuel_psu
2026-08-25,2026-08-25T06:00:00.000000,IOCL,diesel,Diesel,88.66,Lucknow,Available,fuel_psu
2026-08-25,2026-08-25T06:00:00.000000,BPCL,diesel,Diesel,88.66,Lucknow,Available,fuel_psu
2026-08-25,2026-08-25T06:00:00.000000,HPCL,diesel,Diesel,88.66,Lucknow,Available,fuel_psu
2026-08-25,2026-08-25T06:00:00.000000,IOCL,petrol,Petrol (95 octane),91.39,Chandigarh,Available,fuel_psu
2026-08-25,2026-08-25T06:00:00.000000,BPCL,petrol,Petrol (95 octane),91.39,Chandigarh,Available,fuel_psu
2026-08-25,2026-08-25T06:00:00.000000,HPCL,petrol,Petrol (95 octane),91.39,Chandigarh,Available,fuel_psu
2026-08-25,2026-08-25T06:00:00.000000,IOCL,diesel,Diesel,83.3,Chandigarh,Available,fuel_psu
2026-08-25,2026-08-25T06:00:00.000000,BPCL,diesel,Diesel,83.3,Chandigarh,Available,fuel_psu
2026-08-25,2026-08-25T06:00:00.000000,HPCL,diesel,Diesel,83.3,Chandigarh,Available,fuel_psu
2026-08-25,2026-08-25T06:00:00.000000,IOCL,petrol,Petrol (95 octane),91.46,Surat,Available,fuel_psu
2026-08-25,2026-08-25T06:00:00.000000,BPCL,petrol,Petrol (95 octane),91.46,Surat,Available,fuel_psu
2026-08-25,2026-08-25T06:00:00.000000,HPCL,petrol,Petrol (95 octane),91.46,Surat,Available,fuel_psu
2026-08-25,2026-08-25T06:00:00.000000,IOCL,diesel,Diesel,90.88,Surat,Available,fuel_psu
2026-08-25,2026-08-25T06:00:00.000000,BPCL,diesel,Diesel,90.88,Surat,Available,fuel_psu
2026-08-25,2026-08-25T06:00:00.000000,HPCL,diesel,Diesel,90.88,Surat,Available,fuel_psu
2026-08-25,2026-08-25T06:00:00.000000,IOCL,petrol,Petrol (95 octane),102.33,Patna,Available,fuel_psu
2026-08-25,2026-08-25T06:00:00.000000,BPCL,petrol,Petrol (95 octane),102.33,Patna,Available,fuel_psu
2026-08-25,2026-08-25T06:00:00.000000,HPCL,petrol,Petrol (95 octane),102.33,Patna,Available,fuel_psu
2026-08-25,2026-08-25T06:00:00.000000,IOCL,diesel,Diesel,92.94,Patna,Available,fuel_psu
2026-08-25,2026-08-25T06:00:00.000000,BPCL,diesel,Diesel,92.94,Patna,Available,fuel_psu
2026-08-25,2026-08-25T06:00:00.000000,HPCL,diesel,Diesel,92.94,Patna,Available,fuel_psu
2026-08-25,2026-08-25T06:00:00.000000,IOCL,petrol,Petrol (95 octane),91.81,Noida,Available,fuel_psu
2026-08-25,2026-08-25T06:00:00.000000,BPCL,petrol,Petrol (95 octane),91.81,Noida,Available,fuel_psu
2026-08-25,2026-08-25T06:00:00.000000,HPCL,petrol,Petrol (95 octane),91.81,Noida,Available,fuel_psu
2026-08-25,2026-08-25T06:00:00.000000,IOCL,diesel,Diesel,88.65,Noida,Available,fuel_psu
2026-08-25,2026-08-25T06:00:00.000000,BPCL,diesel,Diesel,88.65,Noida,Available,fuel_psu
2026-08-25,2026-08-25T06:00:00.000000,HPCL,diesel,Diesel,88.65,Noida,Available,fuel_psu
2026-08-25,2026-08-25T06:00:00.000000,IOCL,petrol,Petrol (95 octane),92.13,Gurgaon,Available,fuel_psu
2026-08-25,2026-08-25T06:00:00.000000,BPCL,petrol,Petrol (95 octane),92.13,Gurgaon,Available,fuel_psu
2026-08-25,2026-08-25T06:00:00.000000,HPCL,petrol,Petrol (95 octane),92.13,Gurgaon,Available,fuel_psu
2026-08-25,2026-08-25T06:00:00.000000,IOCL,diesel,Diesel,88.75,Gurgaon,Available,fuel_psu
2026-08-25,2026-08-25T06:00:00.000000,BPCL,diesel,Diesel,88.75,Gurgaon,Available,fuel_psu
2026-08-25,2026-08-25T06:00:00.000000,HPCL,diesel,Diesel,88.75,Gurgaon,Available,fuel_psu
2026-08-25,2026-08-25T06:00:00.000000,IOCL,petrol,Petrol (95 octane),103.65,Indore,Available,fuel_psu
2026-08-25,2026-08-25T06:00:00.000000,BPCL,petrol,Petrol (95 octane),103.65,Indore,Available,fuel_psu
2026-08-25,2026-08-25T06:00:00.000000,HPCL,petrol,Petrol (95 octane),103.65,Indore,Available,fuel_psu
2026-08-25,2026-08-25T06:00:00.000000,IOCL,diesel,Diesel,92.79,Indore,Available,fuel_psu
2026-08-25,2026-08-25T06:00:00.000000,BPCL,diesel,Diesel,92.79,Indore,Available,fuel_psu
2026-08-25,2026-08-25T06:00:00.000000,HPCL,diesel,Diesel,92.79,Indore,Available,fuel_psu
2026-08-26,2026-08-26T06:00:00.000000,IOCL,petrol,Petrol (95 octane),101.36,Mumbai,Available,fuel_psu
2026-08-26,2026-08-26T06:00:00.000000,BPCL,petrol,Petrol (95 octane),101.36,Mumbai,Available,fuel_psu
2026-08-26,2026-08-26T06:00:00.000000,HPCL,petrol,Petrol (95 octane),101.36,Mumbai,Available,fuel_psu
2026-08-26,2026-08-26T06:00:00.000000,IOCL,diesel,Diesel,93.05,Mumbai,Available,fuel_psu
2026-08-26,2026-08-26T06:00:00.000000,BPCL,diesel,Diesel,93.05,Mumbai,Available,fuel_psu
2026-08-26,2026-08-26T06:00:00.000000,HPCL,diesel,Diesel,93.05,Mumbai,Available,fuel_psu
2026-08-26,2026-08-26T06:00:00.000000,IOCL,petrol,Petrol (95 octane),91.87,Delhi,Available,fuel_psu
2026-08-26,2026-08-26T06:00:00.000000,BPCL,petrol,Petrol (95 octane),91.87,Delhi,Available,fuel_psu
2026-08-26,2026-08-26T06:00:00.000000,HPCL,petrol,Petrol (95 octane),91.87,Delhi,Available,fuel_psu
2026-08-26,2026-08-26T06:00:00.000000,IOCL,diesel,Diesel,88.52,Delhi,Available,fuel_psu
2026-08-26,2026-08-26T06:00:00.000000,BPCL,diesel,Diesel,88.52,Delhi,Available,fuel_psu
2026-08-26,2026-08-26T06:00:00.000000,HPCL,diesel,Diesel,88.52,Delhi,Available,fuel_psu
2026-08-26,2026-08-26T06:00:00.000000,IOCL,petrol,Petrol (95 octane),100.01,Bengaluru,Available,fuel_psu
2026-08-26,2026-08-26T06:00:00.000000,BPCL,petrol,Petrol (95 octane),100.01,Bengaluru,Available,fuel_psu
2026-08-26,2026-08-26T06:00:00.000000,HPCL,petrol,Petrol (95 octane),100.01,Bengaluru,Available,fuel_psu
2026-08-26,2026-08-26T06:00:00.000000,IOCL,diesel,Diesel,89.84,Bengaluru,Available,fuel_psu
2026-08-26,2026-08-26T06:00:00.000000,BPCL,diesel,Diesel,89.84,Bengaluru,Available,fuel_psu
2026-08-26,2026-08-26T06:00:00.000000,HPCL,diesel,Diesel,89.84,Bengaluru,Available,fuel_psu
2026-08-26,2026-08-26T06:00:00.000000,IOCL,petrol,Petrol (95 octane),97.9,Chennai,Available,fuel_psu
2026-08-26,2026-08-26T06:00:00.000000,BPCL,petrol,Petrol (95 octane),97.9,Chennai,Available,fuel_psu
2026-08-26,2026-08-26T06:00:00.000000,HPCL,petrol,Petrol (95 octane),97.9,Chennai,Available,fuel_psu
2026-08-26,2026-08-26T06:00:00.000000,IOCL,diesel,Diesel,93.24,Chennai,Available,fuel_psu
2026-08-26,2026-08-26T06:00:00.000000,BPCL,diesel,Diesel,93.24,Chennai,Available,fuel_psu
2026-08-26,2026-08-26T06:00:00.000000,HPCL,diesel,Diesel,93.24,Chennai,Available,fuel_psu
2026-08-26,2026-08-26T06:00:00.000000,IOCL,petrol,Petrol (95 octane),101.09,Kolkata,Available,fuel_psu
2026-08-26,2026-08-26T06:00:00.000000,BPCL,petrol,Petrol (95 octane),101.09,Kolkata,Available,fuel_psu
2026-08-26,2026-08-26T06:00:00.000000,HPCL,petrol,Petrol (95 octane),101.09,Kolkata,Available,fuel_psu
2026-08-26,2026-08-26T06:00:00.000000,IOCL,diesel,Diesel,91.66,Kolkata,Available,fuel_psu
2026-08-26,2026-08-26T06:00:00.000000,BPCL,diesel,Diesel,91.66,Kolkata,Available,fuel_psu
2026-08-26,2026-08-26T06:00:00.000000,HPCL,diesel,Diesel,91.66,Kolkata,Available,fuel_psu
2026-08-26,2026-08-26T06:00:00.000000,IOCL,petrol,Petrol (95 octane),104.56,Hyderabad,Available,fuel_psu
2026-08-26,2026-08-26T06:00:00.000000,BPCL,petrol,Petrol (95 octane),104.56,Hyderabad,Available,fuel_psu
2026-08-26,2026-08-26T06:00:00.000000,HPCL,petrol,Petrol (95 octane),104.56,Hyderabad,Available,fuel_psu
2026-08-26,2026-08-26T06:00:00.000000,IOCL,diesel,Diesel,96.55,Hyderabad,Available,fuel_psu
2026-08-26,2026-08-26T06:00:00.000000,BPCL,diesel,Diesel,96.55,Hyderabad,Available,fuel_psu
2026-08-26,2026-08-26T06:00:00.000000,HPCL,diesel,Diesel,96.55,Hyderabad,Available,fuel_psu
2026-08-26,2026-08-26T06:00:00.000000,IOCL,petrol,Petrol (95 octane),101.23,Pune,Available,fuel_psu
2026-08-26,2026-08-26T06:00:00.000000,BPCL,petrol,Petrol (95 octane),101.23,Pune,Available,fuel_psu
2026-08-26,2026-08-26T06:00:00.000000,HPCL,petrol,Petrol (95 octane),101.23,Pune,Available,fuel_psu
2026-08-26,2026-08-26T06:00:00.000000,IOCL,diesel,Diesel,91.51,Pune,Available,fuel_psu
2026-08-26,2026-08-26T06:00:00.000000,BPCL,diesel,Diesel,91.51,Pune,Available,fuel_psu
2026-08-26,2026-08-26T06:00:00.000000,HPCL,diesel,Diesel,91.51,Pune,Available,fuel_psu
2026-08-26,2026-08-26T06:00:00.000000,IOCL,petrol,Petrol (95 octane),91.59,Ahmedabad,Available,fuel_psu
2026-08-26,2026-08-26T06:00:00.000000,BPCL,petrol,Petrol (95 octane),91.59,Ahmedabad,Available,fuel_psu
2026-08-26,2026-08-26T06:00:00.000000,HPCL,petrol,Petrol (95 octane),91.59,Ahmedabad,Available,fuel_psu
2026-08-26,2026-08-26T06:00:00.000000,IOCL,diesel,Diesel,91.01,Ahmedabad,Available,fuel_psu
2026-08-26,2026-08-26T06:00:00.000000,BPCL,diesel,Diesel,91.01,Ahmedabad,Available,fuel_psu
2026-08-26,2026-08-26T06:00:00.000000,HPCL,diesel,Diesel,91.01,Ahmedabad,Available,fuel_psu
2026-08-26,2026-08-26T06:00:00.000000,IOCL,petrol,Petrol (95 octane),102.03,Jaipur,Available,fuel_psu
2026-08-26,2026-08-26T06:00:00.000000,BPCL,petrol,Petrol (95 octane),102.03,Jaipur,Available,fuel_psu
2026-08-26,2026-08-26T06:00:00.000000,HPCL,petrol,Petrol (95 octane),102.03,Jaipur,Available,fuel_psu
2026-08-26,2026-08-26T06:00:00.000000,IOCL,diesel,Diesel,91.26,Jaipur,Available,fuel_psu
2026-08-26,2026-08-26T06:00:00.000000,BPCL,diesel,Diesel,91.26,Jaipur,Available,fuel_psu
2026-08-26,2026-08-26T06:00:00.000000,HPCL,diesel,Diesel,91.26,Jaipur,Available,fuel_psu
2026-08-26,2026-08-26T06:00:00.000000,IOCL,petrol,Petrol (95 octane),91.8,Lucknow,Available,fuel_psu
2026-08-26,2026-08-26T06:00:00.000000,BPCL,petrol,Petrol (95 octane),91.8,Lucknow,Available,fuel_psu
2026-08-26,2026-08-26T06:00:00.000000,HPCL,petrol,Petrol (95 octane),91.8,Lucknow,Available,fuel_psu
2026-08-26,2026-08-26T06:00:00.000000,IOCL,diesel,Diesel,88.66,Lucknow,Available,fuel_psu
2026-08-26,2026-08-26T06:00:00.000000,BPCL,diesel,Diesel,88.66,Lucknow,Available,fuel_psu
2026-08-26,2026-08-26T06:00:00.000000,HPCL,diesel,Diesel,88.66,Lucknow,Available,fuel_psu
2026-08-26,2026-08-26T06:00:00.000000,IOCL,petrol,Petrol (95 octane),91.39,Chandigarh,Available,fuel_psu
2026-08-26,2026-08-26T06:00:00.000000,BPCL,petrol,Petrol (95 octane),91.39,Chandigarh,Available,fuel_psu
2026-08-26,2026-08-26T06:00:00.000000,HPCL,petrol,Petrol (95 octane),91.39,Chandigarh,Available,fuel_psu
2026-08-26,2026-08-26T06:00:00.000000,IOCL,diesel,Diesel,83.3,Chandigarh,Available,fuel_psu
2026-08-26,2026-08-26T06:00:00.000000,BPCL,diesel,Diesel,83.3,Chandigarh,Available,fuel_psu
2026-08-26,2026-08-26T06:00:00.000000,HPCL,diesel,Diesel,83.3,Chandigarh,Available,fuel_psu
2026-08-26,2026-08-26T06:00:00.000000,IOCL,petrol,Petrol (95 octane),91.46,Surat,Available,fuel_psu
2026-08-26,2026-08-26T06:00:00.000000,BPCL,petrol,Petrol (95 octane),91.46,Surat,Available,fuel_psu
2026-08-26,2026-08-26T06:00:00.000000,HPCL,petrol,Petrol (95 octane),91.46,Surat,Available,fuel_psu
2026-08-26,2026-08-26T06:00:00.000000,IOCL,diesel,Diesel,90.88,Surat,Available,fuel_psu
2026-08-26,2026-08-26T06:00:00.000000,BPCL,diesel,Diesel,90.88,Surat,Available,fuel_psu
2026-08-26,2026-08-26T06:00:00.000000,HPCL,diesel,Diesel,90.88,Surat,Available,fuel_psu
2026-08-26,2026-08-26T06:00:00.000000,IOCL,petrol,Petrol (95 octane),102.33,Patna,Available,fuel_psu
2026-08-26,2026-08-26T06:00:00.000000,BPCL,petrol,Petrol (95 octane),102.33,Patna,Available,fuel_psu
2026-08-26,2026-08-26T06:00:00.000000,HPCL,petrol,Petrol (95 octane),102.33,Patna,Available,fuel_psu
2026-08-26,2026-08-26T06:00:00.000000,IOCL,diesel,Diesel,92.94,Patna,Available,fuel_psu
2026-08-26,2026-08-26T06:00:00.000000,BPCL,diesel,Diesel,92.94,Patna,Available,fuel_psu
2026-08-26,2026-08-26T06:00:00.000000,HPCL,diesel,Diesel,92.94,Patna,Available,fuel_psu
2026-08-26,2026-08-26T06:00:00.000000,IOCL,petrol,Petrol (95 octane),91.81,Noida,Available,fuel_psu
2026-08-26,2026-08-26T06:00:00.000000,BPCL,petrol,Petrol (95 octane),91.81,Noida,Available,fuel_psu
2026-08-26,2026-08-26T06:00:00.000000,HPCL,petrol,Petrol (95 octane),91.81,Noida,Available,fuel_psu
2026-08-26,2026-08-26T06:00:00.000000,IOCL,diesel,Diesel,88.65,Noida,Available,fuel_psu
2026-08-26,2026-08-26T06:00:00.000000,BPCL,diesel,Diesel,88.65,Noida,Available,fuel_psu
2026-08-26,2026-08-26T06:00:00.000000,HPCL,diesel,Diesel,88.65,Noida,Available,fuel_psu
2026-08-26,2026-08-26T06:00:00.000000,IOCL,petrol,Petrol (95 octane),92.13,Gurgaon,Available,fuel_psu
2026-08-26,2026-08-26T06:00:00.000000,BPCL,petrol,Petrol (95 octane),92.13,Gurgaon,Available,fuel_psu
2026-08-26,2026-08-26T06:00:00.000000,HPCL,petrol,Petrol (95 octane),92.13,Gurgaon,Available,fuel_psu
2026-08-26,2026-08-26T06:00:00.000000,IOCL,diesel,Diesel,88.75,Gurgaon,Available,fuel_psu
2026-08-26,2026-08-26T06:00:00.000000,BPCL,diesel,Diesel,88.75,Gurgaon,Available,fuel_psu
2026-08-26,2026-08-26T06:00:00.000000,HPCL,diesel,Diesel,88.75,Gurgaon,Available,fuel_psu
2026-08-26,2026-08-26T06:00:00.000000,IOCL,petrol,Petrol (95 octane),103.65,Indore,Available,fuel_psu
2026-08-26,2026-08-26T06:00:00.000000,BPCL,petrol,Petrol (95 octane),103.65,Indore,Available,fuel_psu
2026-08-26,2026-08-26T06:00:00.000000,HPCL,petrol,Petrol (95 octane),103.65,Indore,Available,fuel_psu
2026-08-26,2026-08-26T06:00:00.000000,IOCL,diesel,Diesel,92.79,Indore,Available,fuel_psu
2026-08-26,2026-08-26T06:00:00.000000,BPCL,diesel,Diesel,92.79,Indore,Available,fuel_psu
2026-08-26,2026-08-26T06:00:00.000000,HPCL,diesel,Diesel,92.79,Indore,Available,fuel_psu
2026-08-27,2026-08-27T06:00:00.000000,IOCL,petrol,Petrol (95 octane),101.36,Mumbai,Available,fuel_psu
2026-08-27,2026-08-27T06:00:00.000000,BPCL,petrol,Petrol (95 octane),101.36,Mumbai,Available,fuel_psu
2026-08-27,2026-08-27T06:00:00.000000,HPCL,petrol,Petrol (95 octane),101.36,Mumbai,Available,fuel_psu
2026-08-27,2026-08-27T06:00:00.000000,IOCL,diesel,Diesel,93.05,Mumbai,Available,fuel_psu
2026-08-27,2026-08-27T06:00:00.000000,BPCL,diesel,Diesel,93.05,Mumbai,Available,fuel_psu
2026-08-27,2026-08-27T06:00:00.000000,HPCL,diesel,Diesel,93.05,Mumbai,Available,fuel_psu
2026-08-27,2026-08-27T06:00:00.000000,IOCL,petrol,Petrol (95 octane),91.87,Delhi,Available,fuel_psu
2026-08-27,2026-08-27T06:00:00.000000,BPCL,petrol,Petrol (95 octane),91.87,Delhi,Available,fuel_psu
2026-08-27,2026-08-27T06:00:00.000000,HPCL,petrol,Petrol (95 octane),91.87,Delhi,Available,fuel_psu
2026-08-27,2026-08-27T06:00:00.000000,IOCL,diesel,Diesel,88.52,Delhi,Available,fuel_psu
2026-08-27,2026-08-27T06:00:00.000000,BPCL,diesel,Diesel,88.52,Delhi,Available,fuel_psu
2026-08-27,2026-08-27T06:00:00.000000,HPCL,diesel,Diesel,88.52,Delhi,Available,fuel_psu
2026-08-27,2026-08-27T06:00:00.000000,IOCL,petrol,Petrol (95 octane),100.01,Bengaluru,Available,fuel_psu
2026-08-27,2026-08-27T06:00:00.000000,BPCL,petrol,Petrol (95 octane),100.01,Bengaluru,Available,fuel_psu
2026-08-27,2026-08-27T06:00:00.000000,HPCL,petrol,Petrol (95 octane),100.01,Bengaluru,Available,fuel_psu
2026-08-27,2026-08-27T06:00:00.000000,IOCL,diesel,Diesel,89.84,Bengaluru,Available,fuel_psu
2026-08-27,2026-08-27T06:00:00.000000,BPCL,diesel,Diesel,89.84,Bengaluru,Available,fuel_psu
2026-08-27,2026-08-27T06:00:00.000000,HPCL,diesel,Diesel,89.84,Bengaluru,Available,fuel_psu
2026-08-27,2026-08-27T06:00:00.000000,IOCL,petrol,Petrol (95 octane),97.9,Chennai,Available,fuel_psu
2026-08-27,2026-08-27T06:00:00.000000,BPCL,petrol,Petrol (95 octane),97.9,Chennai,Available,fuel_psu
2026-08-27,2026-08-27T06:00:00.000000,HPCL,petrol,Petrol (95 octane),97.9,Chennai,Available,fuel_psu
2026-08-27,2026-08-27T06:00:00.000000,IOCL,diesel,Diesel,93.24,Chennai,Available,fuel_psu
2026-08-27,2026-08-27T06:00:00.000000,BPCL,diesel,Diesel,93.24,Chennai,Available,fuel_psu
2026-08-27,2026-08-27T06:00:00.000000,HPCL,diesel,Diesel,93.24,Chennai,Available,fuel_psu
2026-08-27,2026-08-27T06:00:00.000000,IOCL,petrol,Petrol (95 octane),101.09,Kolkata,Available,fuel_psu
2026-08-27,2026-08-27T06:00:00.000000,BPCL,petrol,Petrol (95 octane),101.09,Kolkata,Available,fuel_psu
2026-08-27,2026-08-27T06:00:00.000000,HPCL,petrol,Petrol (95 octane),101.09,Kolkata,Available,fuel_psu
2026-08-27,2026-08-27T06:00:00.000000,IOCL,diesel,Diesel,91.66,Kolkata,Available,fuel_psu
2026-08-27,2026-08-27T06:00:00.000000,BPCL,diesel,Diesel,91.66,Kolkata,Available,fuel_psu
2026-08-27,2026-08-27T06:00:00.000000,HPCL,diesel,Diesel,91.66,Kolkata,Available,fuel_psu
2026-08-27,2026-08-27T06:00:00.000000,IOCL,petrol,Petrol (95 octane),104.56,Hyderabad,Available,fuel_psu
2026-08-27,2026-08-27T06:00:00.000000,BPCL,petrol,Petrol (95 octane),104.56,Hyderabad,Available,fuel_psu
2026-08-27,2026-08-27T06:00:00.000000,HPCL,petrol,Petrol (95 octane),104.56,Hyderabad,Available,fuel_psu
2026-08-27,2026-08-27T06:00:00.000000,IOCL,diesel,Diesel,96.55,Hyderabad,Available,fuel_psu
2026-08-27,2026-08-27T06:00:00.000000,BPCL,diesel,Diesel,96.55,Hyderabad,Available,fuel_psu
2026-08-27,2026-08-27T06:00:00.000000,HPCL,diesel,Diesel,96.55,Hyderabad,Available,fuel_psu
2026-08-27,2026-08-27T06:00:00.000000,IOCL,petrol,Petrol (95 octane),101.23,Pune,Available,fuel_psu
2026-08-27,2026-08-27T06:00:00.000000,BPCL,petrol,Petrol (95 octane),101.23,Pune,Available,fuel_psu
2026-08-27,2026-08-27T06:00:00.000000,HPCL,petrol,Petrol (95 octane),101.23,Pune,Available,fuel_psu
2026-08-27,2026-08-27T06:00:00.000000,IOCL,diesel,Diesel,91.51,Pune,Available,fuel_psu
2026-08-27,2026-08-27T06:00:00.000000,BPCL,diesel,Diesel,91.51,Pune,Available,fuel_psu
2026-08-27,2026-08-27T06:00:00.000000,HPCL,diesel,Diesel,91.51,Pune,Available,fuel_psu
2026-08-27,2026-08-27T06:00:00.000000,IOCL,petrol,Petrol (95 octane),91.59,Ahmedabad,Available,fuel_psu
2026-08-27,2026-08-27T06:00:00.000000,BPCL,petrol,Petrol (95 octane),91.59,Ahmedabad,Available,fuel_psu
2026-08-27,2026-08-27T06:00:00.000000,HPCL,petrol,Petrol (95 octane),91.59,Ahmedabad,Available,fuel_psu
2026-08-27,2026-08-27T06:00:00.000000,IOCL,diesel,Diesel,91.01,Ahmedabad,Available,fuel_psu
2026-08-27,2026-08-27T06:00:00.000000,BPCL,diesel,Diesel,91.01,Ahmedabad,Available,fuel_psu
2026-08-27,2026-08-27T06:00:00.000000,HPCL,diesel,Diesel,91.01,Ahmedabad,Available,fuel_psu
2026-08-27,2026-08-27T06:00:00.000000,IOCL,petrol,Petrol (95 octane),102.03,Jaipur,Available,fuel_psu
2026-08-27,2026-08-27T06:00:00.000000,BPCL,petrol,Petrol (95 octane),102.03,Jaipur,Available,fuel_psu
2026-08-27,2026-08-27T06:00:00.000000,HPCL,petrol,Petrol (95 octane),102.03,Jaipur,Available,fuel_psu
2026-08-27,2026-08-27T06:00:00.000000,IOCL,diesel,Diesel,91.26,Jaipur,Available,fuel_psu
2026-08-27,2026-08-27T06:00:00.000000,BPCL,diesel,Diesel,91.26,Jaipur,Available,fuel_psu
2026-08-27,2026-08-27T06:00:00.000000,HPCL,diesel,Diesel,91.26,Jaipur,Available,fuel_psu
2026-08-27,2026-08-27T06:00:00.000000,IOCL,petrol,Petrol (95 octane),91.8,Lucknow,Available,fuel_psu
2026-08-27,2026-08-27T06:00:00.000000,BPCL,petrol,Petrol (95 octane),91.8,Lucknow,Available,fuel_psu
2026-08-27,2026-08-27T06:00:00.000000,HPCL,petrol,Petrol (95 octane),91.8,Lucknow,Available,fuel_psu
2026-08-27,2026-08-27T06:00:00.000000,IOCL,diesel,Diesel,88.66,Lucknow,Available,fuel_psu
2026-08-27,2026-08-27T06:00:00.000000,BPCL,diesel,Diesel,88.66,Lucknow,Available,fuel_psu
2026-08-27,2026-08-27T06:00:00.000000,HPCL,diesel,Diesel,88.66,Lucknow,Available,fuel_psu
2026-08-27,2026-08-27T06:00:00.000000,IOCL,petrol,Petrol (95 octane),91.39,Chandigarh,Available,fuel_psu
2026-08-27,2026-08-27T06:00:00.000000,BPCL,petrol,Petrol (95 octane),91.39,Chandigarh,Available,fuel_psu
2026-08-27,2026-08-27T06:00:00.000000,HPCL,petrol,Petrol (95 octane),91.39,Chandigarh,Available,fuel_psu
2026-08-27,2026-08-27T06:00:00.000000,IOCL,diesel,Diesel,83.3,Chandigarh,Available,fuel_psu
2026-08-27,2026-08-27T06:00:00.000000,BPCL,diesel,Diesel,83.3,Chandigarh,Available,fuel_psu
2026-08-27,2026-08-27T06:00:00.000000,HPCL,diesel,Diesel,83.3,Chandigarh,Available,fuel_psu
2026-08-27,2026-08-27T06:00:00.000000,IOCL,petrol,Petrol (95 octane),91.46,Surat,Available,fuel_psu
2026-08-27,2026-08-27T06:00:00.000000,BPCL,petrol,Petrol (95 octane),91.46,Surat,Available,fuel_psu
2026-08-27,2026-08-27T06:00:00.000000,HPCL,petrol,Petrol (95 octane),91.46,Surat,Available,fuel_psu
2026-08-27,2026-08-27T06:00:00.000000,IOCL,diesel,Diesel,90.88,Surat,Available,fuel_psu
2026-08-27,2026-08-27T06:00:00.000000,BPCL,diesel,Diesel,90.88,Surat,Available,fuel_psu
2026-08-27,2026-08-27T06:00:00.000000,HPCL,diesel,Diesel,90.88,Surat,Available,fuel_psu
2026-08-27,2026-08-27T06:00:00.000000,IOCL,petrol,Petrol (95 octane),102.33,Patna,Available,fuel_psu
2026-08-27,2026-08-27T06:00:00.000000,BPCL,petrol,Petrol (95 octane),102.33,Patna,Available,fuel_psu
2026-08-27,2026-08-27T06:00:00.000000,HPCL,petrol,Petrol (95 octane),102.33,Patna,Available,fuel_psu
2026-08-27,2026-08-27T06:00:00.000000,IOCL,diesel,Diesel,92.94,Patna,Available,fuel_psu
2026-08-27,2026-08-27T06:00:00.000000,BPCL,diesel,Diesel,92.94,Patna,Available,fuel_psu
2026-08-27,2026-08-27T06:00:00.000000,HPCL,diesel,Diesel,92.94,Patna,Available,fuel_psu
2026-08-27,2026-08-27T06:00:00.000000,IOCL,petrol,Petrol (95 octane),91.81,Noida,Available,fuel_psu
2026-08-27,2026-08-27T06:00:00.000000,BPCL,petrol,Petrol (95 octane),91.81,Noida,Available,fuel_psu
2026-08-27,2026-08-27T06:00:00.000000,HPCL,petrol,Petrol (95 octane),91.81,Noida,Available,fuel_psu
2026-08-27,2026-08-27T06:00:00.000000,IOCL,diesel,Diesel,88.65,Noida,Available,fuel_psu
2026-08-27,2026-08-27T06:00:00.000000,BPCL,diesel,Diesel,88.65,Noida,Available,fuel_psu
2026-08-27,2026-08-27T06:00:00.000000,HPCL,diesel,Diesel,88.65,Noida,Available,fuel_psu
2026-08-27,2026-08-27T06:00:00.000000,IOCL,petrol,Petrol (95 octane),92.13,Gurgaon,Available,fuel_psu
2026-08-27,2026-08-27T06:00:00.000000,BPCL,petrol,Petrol (95 octane),92.13,Gurgaon,Available,fuel_psu
2026-08-27,2026-08-27T06:00:00.000000,HPCL,petrol,Petrol (95 octane),92.13,Gurgaon,Available,fuel_psu
2026-08-27,2026-08-27T06:00:00.000000,IOCL,diesel,Diesel,88.75,Gurgaon,Available,fuel_psu
2026-08-27,2026-08-27T06:00:00.000000,BPCL,diesel,Diesel,88.75,Gurgaon,Available,fuel_psu
2026-08-27,2026-08-27T06:00:00.000000,HPCL,diesel,Diesel,88.75,Gurgaon,Available,fuel_psu
2026-08-27,2026-08-27T06:00:00.000000,IOCL,petrol,Petrol (95 octane),103.65,Indore,Available,fuel_psu
2026-08-27,2026-08-27T06:00:00.000000,BPCL,petrol,Petrol (95 octane),103.65,Indore,Available,fuel_psu
2026-08-27,2026-08-27T06:00:00.000000,HPCL,petrol,Petrol (95 octane),103.65,Indore,Available,fuel_psu
2026-08-27,2026-08-27T06:00:00.000000,IOCL,diesel,Diesel,92.79,Indore,Available,fuel_psu
2026-08-27,2026-08-27T06:00:00.000000,BPCL,diesel,Diesel,92.79,Indore,Available,fuel_psu
2026-08-27,2026-08-27T06:00:00.000000,HPCL,diesel,Diesel,92.79,Indore,Available,fuel_psu
2026-08-28,2026-08-28T06:00:00.000000,IOCL,petrol,Petrol (95 octane),101.36,Mumbai,Available,fuel_psu
2026-08-28,2026-08-28T06:00:00.000000,BPCL,petrol,Petrol (95 octane),101.36,Mumbai,Available,fuel_psu
2026-08-28,2026-08-28T06:00:00.000000,HPCL,petrol,Petrol (95 octane),101.36,Mumbai,Available,fuel_psu
2026-08-28,2026-08-28T06:00:00.000000,IOCL,diesel,Diesel,93.05,Mumbai,Available,fuel_psu
2026-08-28,2026-08-28T06:00:00.000000,BPCL,diesel,Diesel,93.05,Mumbai,Available,fuel_psu
2026-08-28,2026-08-28T06:00:00.000000,HPCL,diesel,Diesel,93.05,Mumbai,Available,fuel_psu
2026-08-28,2026-08-28T06:00:00.000000,IOCL,petrol,Petrol (95 octane),91.87,Delhi,Available,fuel_psu
2026-08-28,2026-08-28T06:00:00.000000,BPCL,petrol,Petrol (95 octane),91.87,Delhi,Available,fuel_psu
2026-08-28,2026-08-28T06:00:00.000000,HPCL,petrol,Petrol (95 octane),91.87,Delhi,Available,fuel_psu
2026-08-28,2026-08-28T06:00:00.000000,IOCL,diesel,Diesel,88.52,Delhi,Available,fuel_psu
2026-08-28,2026-08-28T06:00:00.000000,BPCL,diesel,Diesel,88.52,Delhi,Available,fuel_psu
2026-08-28,2026-08-28T06:00:00.000000,HPCL,diesel,Diesel,88.52,Delhi,Available,fuel_psu
2026-08-28,2026-08-28T06:00:00.000000,IOCL,petrol,Petrol (95 octane),100.01,Bengaluru,Available,fuel_psu
2026-08-28,2026-08-28T06:00:00.000000,BPCL,petrol,Petrol (95 octane),100.01,Bengaluru,Available,fuel_psu
2026-08-28,2026-08-28T06:00:00.000000,HPCL,petrol,Petrol (95 octane),100.01,Bengaluru,Available,fuel_psu
2026-08-28,2026-08-28T06:00:00.000000,IOCL,diesel,Diesel,89.84,Bengaluru,Available,fuel_psu
2026-08-28,2026-08-28T06:00:00.000000,BPCL,diesel,Diesel,89.84,Bengaluru,Available,fuel_psu
2026-08-28,2026-08-28T06:00:00.000000,HPCL,diesel,Diesel,89.84,Bengaluru,Available,fuel_psu
2026-08-28,2026-08-28T06:00:00.000000,IOCL,petrol,Petrol (95 octane),97.9,Chennai,Available,fuel_psu
2026-08-28,2026-08-28T06:00:00.000000,BPCL,petrol,Petrol (95 octane),97.9,Chennai,Available,fuel_psu
2026-08-28,2026-08-28T06:00:00.000000,HPCL,petrol,Petrol (95 octane),97.9,Chennai,Available,fuel_psu
2026-08-28,2026-08-28T06:00:00.000000,IOCL,diesel,Diesel,93.24,Chennai,Available,fuel_psu
2026-08-28,2026-08-28T06:00:00.000000,BPCL,diesel,Diesel,93.24,Chennai,Available,fuel_psu
2026-08-28,2026-08-28T06:00:00.000000,HPCL,diesel,Diesel,93.24,Chennai,Available,fuel_psu
2026-08-28,2026-08-28T06:00:00.000000,IOCL,petrol,Petrol (95 octane),101.09,Kolkata,Available,fuel_psu
2026-08-28,2026-08-28T06:00:00.000000,BPCL,petrol,Petrol (95 octane),101.09,Kolkata,Available,fuel_psu
2026-08-28,2026-08-28T06:00:00.000000,HPCL,petrol,Petrol (95 octane),101.09,Kolkata,Available,fuel_psu
2026-08-28,2026-08-28T06:00:00.000000,IOCL,diesel,Diesel,91.66,Kolkata,Available,fuel_psu
2026-08-28,2026-08-28T06:00:00.000000,BPCL,diesel,Diesel,91.66,Kolkata,Available,fuel_psu
2026-08-28,2026-08-28T06:00:00.000000,HPCL,diesel,Diesel,91.66,Kolkata,Available,fuel_psu
2026-08-28,2026-08-28T06:00:00.000000,IOCL,petrol,Petrol (95 octane),104.56,Hyderabad,Available,fuel_psu
2026-08-28,2026-08-28T06:00:00.000000,BPCL,petrol,Petrol (95 octane),104.56,Hyderabad,Available,fuel_psu
2026-08-28,2026-08-28T06:00:00.000000,HPCL,petrol,Petrol (95 octane),104.56,Hyderabad,Available,fuel_psu
2026-08-28,2026-08-28T06:00:00.000000,IOCL,diesel,Diesel,96.55,Hyderabad,Available,fuel_psu
2026-08-28,2026-08-28T06:00:00.000000,BPCL,diesel,Diesel,96.55,Hyderabad,Available,fuel_psu
2026-08-28,2026-08-28T06:00:00.000000,HPCL,diesel,Diesel,96.55,Hyderabad,Available,fuel_psu
2026-08-28,2026-08-28T06:00:00.000000,IOCL,petrol,Petrol (95 octane),101.23,Pune,Available,fuel_psu
2026-08-28,2026-08-28T06:00:00.000000,BPCL,petrol,Petrol (95 octane),101.23,Pune,Available,fuel_psu
2026-08-28,2026-08-28T06:00:00.000000,HPCL,petrol,Petrol (95 octane),101.23,Pune,Available,fuel_psu
2026-08-28,2026-08-28T06:00:00.000000,IOCL,diesel,Diesel,91.51,Pune,Available,fuel_psu
2026-08-28,2026-08-28T06:00:00.000000,BPCL,diesel,Diesel,91.51,Pune,Available,fuel_psu
2026-08-28,2026-08-28T06:00:00.000000,HPCL,diesel,Diesel,91.51,Pune,Available,fuel_psu
2026-08-28,2026-08-28T06:00:00.000000,IOCL,petrol,Petrol (95 octane),91.59,Ahmedabad,Available,fuel_psu
2026-08-28,2026-08-28T06:00:00.000000,BPCL,petrol,Petrol (95 octane),91.59,Ahmedabad,Available,fuel_psu
2026-08-28,2026-08-28T06:00:00.000000,HPCL,petrol,Petrol (95 octane),91.59,Ahmedabad,Available,fuel_psu
2026-08-28,2026-08-28T06:00:00.000000,IOCL,diesel,Diesel,91.01,Ahmedabad,Available,fuel_psu
2026-08-28,2026-08-28T06:00:00.000000,BPCL,diesel,Diesel,91.01,Ahmedabad,Available,fuel_psu
2026-08-28,2026-08-28T06:00:00.000000,HPCL,diesel,Diesel,91.01,Ahmedabad,Available,fuel_psu
2026-08-28,2026-08-28T06:00:00.000000,IOCL,petrol,Petrol (95 octane),102.03,Jaipur,Available,fuel_psu
2026-08-28,2026-08-28T06:00:00.000000,BPCL,petrol,Petrol (95 octane),102.03,Jaipur,Available,fuel_psu
2026-08-28,2026-08-28T06:00:00.000000,HPCL,petrol,Petrol (95 octane),102.03,Jaipur,Available,fuel_psu
2026-08-28,2026-08-28T06:00:00.000000,IOCL,diesel,Diesel,91.26,Jaipur,Available,fuel_psu
2026-08-28,2026-08-28T06:00:00.000000,BPCL,diesel,Diesel,91.26,Jaipur,Available,fuel_psu
2026-08-28,2026-08-28T06:00:00.000000,HPCL,diesel,Diesel,91.26,Jaipur,Available,fuel_psu
2026-08-28,2026-08-28T06:00:00.000000,IOCL,petrol,Petrol (95 octane),91.8,Lucknow,Available,fuel_psu
2026-08-28,2026-08-28T06:00:00.000000,BPCL,petrol,Petrol (95 octane),91.8,Lucknow,Available,fuel_psu
2026-08-28,2026-08-28T06:00:00.000000,HPCL,petrol,Petrol (95 octane),91.8,Lucknow,Available,fuel_psu
2026-08-28,2026-08-28T06:00:00.000000,IOCL,diesel,Diesel,88.66,Lucknow,Available,fuel_psu
2026-08-28,2026-08-28T06:00:00.000000,BPCL,diesel,Diesel,88.66,Lucknow,Available,fuel_psu
2026-08-28,2026-08-28T06:00:00.000000,HPCL,diesel,Diesel,88.66,Lucknow,Available,fuel_psu
2026-08-28,2026-08-28T06:00:00.000000,IOCL,petrol,Petrol (95 octane),91.39,Chandigarh,Available,fuel_psu
2026-08-28,2026-08-28T06:00:00.000000,BPCL,petrol,Petrol (95 octane),91.39,Chandigarh,Available,fuel_psu
2026-08-28,2026-08-28T06:00:00.000000,HPCL,petrol,Petrol (95 octane),91.39,Chandigarh,Available,fuel_psu
2026-08-28,2026-08-28T06:00:00.000000,IOCL,diesel,Diesel,83.3,Chandigarh,Available,fuel_psu
2026-08-28,2026-08-28T06:00:00.000000,BPCL,diesel,Diesel,83.3,Chandigarh,Available,fuel_psu
2026-08-28,2026-08-28T06:00:00.000000,HPCL,diesel,Diesel,83.3,Chandigarh,Available,fuel_psu
2026-08-28,2026-08-28T06:00:00.000000,IOCL,petrol,Petrol (95 octane),91.46,Surat,Available,fuel_psu
2026-08-28,2026-08-28T06:00:00.000000,BPCL,petrol,Petrol (95 octane),91.46,Surat,Available,fuel_psu
2026-08-28,2026-08-28T06:00:00.000000,HPCL,petrol,Petrol (95 octane),91.46,Surat,Available,fuel_psu
2026-08-28,2026-08-28T06:00:00.000000,IOCL,diesel,Diesel,90.88,Surat,Available,fuel_psu
2026-08-28,2026-08-28T06:00:00.000000,BPCL,diesel,Diesel,90.88,Surat,Available,fuel_psu
2026-08-28,2026-08-28T06:00:00.000000,HPCL,diesel,Diesel,90.88,Surat,Available,fuel_psu
2026-08-28,2026-08-28T06:00:00.000000,IOCL,petrol,Petrol (95 octane),102.33,Patna,Available,fuel_psu
2026-08-28,2026-08-28T06:00:00.000000,BPCL,petrol,Petrol (95 octane),102.33,Patna,Available,fuel_psu
2026-08-28,2026-08-28T06:00:00.000000,HPCL,petrol,Petrol (95 octane),102.33,Patna,Available,fuel_psu
2026-08-28,2026-08-28T06:00:00.000000,IOCL,diesel,Diesel,92.94,Patna,Available,fuel_psu
2026-08-28,2026-08-28T06:00:00.000000,BPCL,diesel,Diesel,92.94,Patna,Available,fuel_psu
2026-08-28,2026-08-28T06:00:00.000000,HPCL,diesel,Diesel,92.94,Patna,Available,fuel_psu
2026-08-28,2026-08-28T06:00:00.000000,IOCL,petrol,Petrol (95 octane),91.81,Noida,Available,fuel_psu
2026-08-28,2026-08-28T06:00:00.000000,BPCL,petrol,Petrol (95 octane),91.81,Noida,Available,fuel_psu
2026-08-28,2026-08-28T06:00:00.000000,HPCL,petrol,Petrol (95 octane),91.81,Noida,Available,fuel_psu
2026-08-28,2026-08-28T06:00:00.000000,IOCL,diesel,Diesel,88.65,Noida,Available,fuel_psu
2026-08-28,2026-08-28T06:00:00.000000,BPCL,diesel,Diesel,88.65,Noida,Available,fuel_psu
2026-08-28,2026-08-28T06:00:00.000000,HPCL,diesel,Diesel,88.65,Noida,Available,fuel_psu
2026-08-28,2026-08-28T06:00:00.000000,IOCL,petrol,Petrol (95 octane),92.13,Gurgaon,Available,fuel_psu
2026-08-28,2026-08-28T06:00:00.000000,BPCL,petrol,Petrol (95 octane),92.13,Gurgaon,Available,fuel_psu
2026-08-28,2026-08-28T06:00:00.000000,HPCL,petrol,Petrol (95 octane),92.13,Gurgaon,Available,fuel_psu
2026-08-28,2026-08-28T06:00:00.000000,IOCL,diesel,Diesel,88.75,Gurgaon,Available,fuel_psu
2026-08-28,2026-08-28T06:00:00.000000,BPCL,diesel,Diesel,88.75,Gurgaon,Available,fuel_psu
2026-08-28,2026-08-28T06:00:00.000000,HPCL,diesel,Diesel,88.75,Gurgaon,Available,fuel_psu
2026-08-28,2026-08-28T06:00:00.000000,IOCL,petrol,Petrol (95 octane),103.65,Indore,Available,fuel_psu
2026-08-28,2026-08-28T06:00:00.000000,BPCL,petrol,Petrol (95 octane),103.65,Indore,Available,fuel_psu
2026-08-28,2026-08-28T06:00:00.000000,HPCL,petrol,Petrol (95 octane),103.65,Indore,Available,fuel_psu
2026-08-28,2026-08-28T06:00:00.000000,IOCL,diesel,Diesel,92.79,Indore,Available,fuel_psu
2026-08-28,2026-08-28T06:00:00.000000,BPCL,diesel,Diesel,92.79,Indore,Available,fuel_psu
2026-08-28,2026-08-28T06:00:00.000000,HPCL,diesel,Diesel,92.79,Indore,Available,fuel_psu
2026-08-29,2026-08-29T06:00:00.000000,IOCL,petrol,Petrol (95 octane),101.36,Mumbai,Available,fuel_psu
2026-08-29,2026-08-29T06:00:00.000000,BPCL,petrol,Petrol (95 octane),101.36,Mumbai,Available,fuel_psu
2026-08-29,2026-08-29T06:00:00.000000,HPCL,petrol,Petrol (95 octane),101.36,Mumbai,Available,fuel_psu
2026-08-29,2026-08-29T06:00:00.000000,IOCL,diesel,Diesel,93.05,Mumbai,Available,fuel_psu
2026-08-29,2026-08-29T06:00:00.000000,BPCL,diesel,Diesel,93.05,Mumbai,Available,fuel_psu
2026-08-29,2026-08-29T06:00:00.000000,HPCL,diesel,Diesel,93.05,Mumbai,Available,fuel_psu
2026-08-29,2026-08-29T06:00:00.000000,IOCL,petrol,Petrol (95 octane),91.87,Delhi,Available,fuel_psu
2026-08-29,2026-08-29T06:00:00.000000,BPCL,petrol,Petrol (95 octane),91.87,Delhi,Available,fuel_psu
2026-08-29,2026-08-29T06:00:00.000000,HPCL,petrol,Petrol (95 octane),91.87,Delhi,Available,fuel_psu
2026-08-29,2026-08-29T06:00:00.000000,IOCL,diesel,Diesel,88.52,Delhi,Available,fuel_psu
2026-08-29,2026-08-29T06:00:00.000000,BPCL,diesel,Diesel,88.52,Delhi,Available,fuel_psu
2026-08-29,2026-08-29T06:00:00.000000,HPCL,diesel,Diesel,88.52,Delhi,Available,fuel_psu
2026-08-29,2026-08-29T06:00:00.000000,IOCL,petrol,Petrol (95 octane),100.01,Bengaluru,Available,fuel_psu
2026-08-29,2026-08-29T06:00:00.000000,BPCL,petrol,Petrol (95 octane),100.01,Bengaluru,Available,fuel_psu
2026-08-29,2026-08-29T06:00:00.000000,HPCL,petrol,Petrol (95 octane),100.01,Bengaluru,Available,fuel_psu
2026-08-29,2026-08-29T06:00:00.000000,IOCL,diesel,Diesel,89.84,Bengaluru,Available,fuel_psu
2026-08-29,2026-08-29T06:00:00.000000,BPCL,diesel,Diesel,89.84,Bengaluru,Available,fuel_psu
2026-08-29,2026-08-29T06:00:00.000000,HPCL,diesel,Diesel,89.84,Bengaluru,Available,fuel_psu
2026-08-29,2026-08-29T06:00:00.000000,IOCL,petrol,Petrol (95 octane),97.9,Chennai,Available,fuel_psu
2026-08-29,2026-08-29T06:00:00.000000,BPCL,petrol,Petrol (95 octane),97.9,Chennai,Available,fuel_psu
2026-08-29,2026-08-29T06:00:00.000000,HPCL,petrol,Petrol (95 octane),97.9,Chennai,Available,fuel_psu
2026-08-29,2026-08-29T06:00:00.000000,IOCL,diesel,Diesel,93.24,Chennai,Available,fuel_psu
2026-08-29,2026-08-29T06:00:00.000000,BPCL,diesel,Diesel,93.24,Chennai,Available,fuel_psu
2026-08-29,2026-08-29T06:00:00.000000,HPCL,diesel,Diesel,93.24,Chennai,Available,fuel_psu
2026-08-29,2026-08-29T06:00:00.000000,IOCL,petrol,Petrol (95 octane),101.09,Kolkata,Available,fuel_psu
2026-08-29,2026-08-29T06:00:00.000000,BPCL,petrol,Petrol (95 octane),101.09,Kolkata,Available,fuel_psu
2026-08-29,2026-08-29T06:00:00.000000,HPCL,petrol,Petrol (95 octane),101.09,Kolkata,Available,fuel_psu
2026-08-29,2026-08-29T06:00:00.000000,IOCL,diesel,Diesel,91.66,Kolkata,Available,fuel_psu
2026-08-29,2026-08-29T06:00:00.000000,BPCL,diesel,Diesel,91.66,Kolkata,Available,fuel_psu
2026-08-29,2026-08-29T06:00:00.000000,HPCL,diesel,Diesel,91.66,Kolkata,Available,fuel_psu
2026-08-29,2026-08-29T06:00:00.000000,IOCL,petrol,Petrol (95 octane),104.56,Hyderabad,Available,fuel_psu
2026-08-29,2026-08-29T06:00:00.000000,BPCL,petrol,Petrol (95 octane),104.56,Hyderabad,Available,fuel_psu
2026-08-29,2026-08-29T06:00:00.000000,HPCL,petrol,Petrol (95 octane),104.56,Hyderabad,Available,fuel_psu
2026-08-29,2026-08-29T06:00:00.000000,IOCL,diesel,Diesel,96.55,Hyderabad,Available,fuel_psu
2026-08-29,2026-08-29T06:00:00.000000,BPCL,diesel,Diesel,96.55,Hyderabad,Available,fuel_psu
2026-08-29,2026-08-29T06:00:00.000000,HPCL,diesel,Diesel,96.55,Hyderabad,Available,fuel_psu
2026-08-29,2026-08-29T06:00:00.000000,IOCL,petrol,Petrol (95 octane),101.23,Pune,Available,fuel_psu
2026-08-29,2026-08-29T06:00:00.000000,BPCL,petrol,Petrol (95 octane),101.23,Pune,Available,fuel_psu
2026-08-29,2026-08-29T06:00:00.000000,HPCL,petrol,Petrol (95 octane),101.23,Pune,Available,fuel_psu
2026-08-29,2026-08-29T06:00:00.000000,IOCL,diesel,Diesel,91.51,Pune,Available,fuel_psu
2026-08-29,2026-08-29T06:00:00.000000,BPCL,diesel,Diesel,91.51,Pune,Available,fuel_psu
2026-08-29,2026-08-29T06:00:00.000000,HPCL,diesel,Diesel,91.51,Pune,Available,fuel_psu
2026-08-29,2026-08-29T06:00:00.000000,IOCL,petrol,Petrol (95 octane),91.59,Ahmedabad,Available,fuel_psu
2026-08-29,2026-08-29T06:00:00.000000,BPCL,petrol,Petrol (95 octane),91.59,Ahmedabad,Available,fuel_psu
2026-08-29,2026-08-29T06:00:00.000000,HPCL,petrol,Petrol (95 octane),91.59,Ahmedabad,Available,fuel_psu
2026-08-29,2026-08-29T06:00:00.000000,IOCL,diesel,Diesel,91.01,Ahmedabad,Available,fuel_psu
2026-08-29,2026-08-29T06:00:00.000000,BPCL,diesel,Diesel,91.01,Ahmedabad,Available,fuel_psu
2026-08-29,2026-08-29T06:00:00.000000,HPCL,diesel,Diesel,91.01,Ahmedabad,Available,fuel_psu
2026-08-29,2026-08-29T06:00:00.000000,IOCL,petrol,Petrol (95 octane),102.03,Jaipur,Available,fuel_psu
2026-08-29,2026-08-29T06:00:00.000000,BPCL,petrol,Petrol (95 octane),102.03,Jaipur,Available,fuel_psu
2026-08-29,2026-08-29T06:00:00.000000,HPCL,petrol,Petrol (95 octane),102.03,Jaipur,Available,fuel_psu
2026-08-29,2026-08-29T06:00:00.000000,IOCL,diesel,Diesel,91.26,Jaipur,Available,fuel_psu
2026-08-29,2026-08-29T06:00:00.000000,BPCL,diesel,Diesel,91.26,Jaipur,Available,fuel_psu
2026-08-29,2026-08-29T06:00:00.000000,HPCL,diesel,Diesel,91.26,Jaipur,Available,fuel_psu
2026-08-29,2026-08-29T06:00:00.000000,IOCL,petrol,Petrol (95 octane),91.8,Lucknow,Available,fuel_psu
2026-08-29,2026-08-29T06:00:00.000000,BPCL,petrol,Petrol (95 octane),91.8,Lucknow,Available,fuel_psu
2026-08-29,2026-08-29T06:00:00.000000,HPCL,petrol,Petrol (95 octane),91.8,Lucknow,Available,fuel_psu
2026-08-29,2026-08-29T06:00:00.000000,IOCL,diesel,Diesel,88.66,Lucknow,Available,fuel_psu
2026-08-29,2026-08-29T06:00:00.000000,BPCL,diesel,Diesel,88.66,Lucknow,Available,fuel_psu
2026-08-29,2026-08-29T06:00:00.000000,HPCL,diesel,Diesel,88.66,Lucknow,Available,fuel_psu
2026-08-29,2026-08-29T06:00:00.000000,IOCL,petrol,Petrol (95 octane),91.39,Chandigarh,Available,fuel_psu
2026-08-29,2026-08-29T06:00:00.000000,BPCL,petrol,Petrol (95 octane),91.39,Chandigarh,Available,fuel_psu
2026-08-29,2026-08-29T06:00:00.000000,HPCL,petrol,Petrol (95 octane),91.39,Chandigarh,Available,fuel_psu
2026-08-29,2026-08-29T06:00:00.000000,IOCL,diesel,Diesel,83.3,Chandigarh,Available,fuel_psu
2026-08-29,2026-08-29T06:00:00.000000,BPCL,diesel,Diesel,83.3,Chandigarh,Available,fuel_psu
2026-08-29,2026-08-29T06:00:00.000000,HPCL,diesel,Diesel,83.3,Chandigarh,Available,fuel_psu
2026-08-29,2026-08-29T06:00:00.000000,IOCL,petrol,Petrol (95 octane),91.46,Surat,Available,fuel_psu
2026-08-29,2026-08-29T06:00:00.000000,BPCL,petrol,Petrol (95 octane),91.46,Surat,Available,fuel_psu
2026-08-29,2026-08-29T06:00:00.000000,HPCL,petrol,Petrol (95 octane),91.46,Surat,Available,fuel_psu
2026-08-29,2026-08-29T06:00:00.000000,IOCL,diesel,Diesel,90.88,Surat,Available,fuel_psu
2026-08-29,2026-08-29T06:00:00.000000,BPCL,diesel,Diesel,90.88,Surat,Available,fuel_psu
2026-08-29,2026-08-29T06:00:00.000000,HPCL,diesel,Diesel,90.88,Surat,Available,fuel_psu
2026-08-29,2026-08-29T06:00:00.000000,IOCL,petrol,Petrol (95 octane),102.33,Patna,Available,fuel_psu
2026-08-29,2026-08-29T06:00:00.000000,BPCL,petrol,Petrol (95 octane),102.33,Patna,Available,fuel_psu
2026-08-29,2026-08-29T06:00:00.000000,HPCL,petrol,Petrol (95 octane),102.33,Patna,Available,fuel_psu
2026-08-29,2026-08-29T06:00:00.000000,IOCL,diesel,Diesel,92.94,Patna,Available,fuel_psu
2026-08-29,2026-08-29T06:00:00.000000,BPCL,diesel,Diesel,92.94,Patna,Available,fuel_psu
2026-08-29,2026-08-29T06:00:00.000000,HPCL,diesel,Diesel,92.94,Patna,Available,fuel_psu
2026-08-29,2026-08-29T06:00:00.000000,IOCL,petrol,Petrol (95 octane),91.81,Noida,Available,fuel_psu
2026-08-29,2026-08-29T06:00:00.000000,BPCL,petrol,Petrol (95 octane),91.81,Noida,Available,fuel_psu
2026-08-29,2026-08-29T06:00:00.000000,HPCL,petrol,Petrol (95 octane),91.81,Noida,Available,fuel_psu
2026-08-29,2026-08-29T06:00:00.000000,IOCL,diesel,Diesel,88.65,Noida,Available,fuel_psu
2026-08-29,2026-08-29T06:00:00.000000,BPCL,diesel,Diesel,88.65,Noida,Available,fuel_psu
2026-08-29,2026-08-29T06:00:00.000000,HPCL,diesel,Diesel,88.65,Noida,Available,fuel_psu
2026-08-29,2026-08-29T06:00:00.000000,IOCL,petrol,Petrol (95 octane),92.13,Gurgaon,Available,fuel_psu
2026-08-29,2026-08-29T06:00:00.000000,BPCL,petrol,Petrol (95 octane),92.13,Gurgaon,Available,fuel_psu
2026-08-29,2026-08-29T06:00:00.000000,HPCL,petrol,Petrol (95 octane),92.13,Gurgaon,Available,fuel_psu
2026-08-29,2026-08-29T06:00:00.000000,IOCL,diesel,Diesel,88.75,Gurgaon,Available,fuel_psu
2026-08-29,2026-08-29T06:00:00.000000,BPCL,diesel,Diesel,88.75,Gurgaon,Available,fuel_psu
2026-08-29,2026-08-29T06:00:00.000000,HPCL,diesel,Diesel,88.75,Gurgaon,Available,fuel_psu
2026-08-29,2026-08-29T06:00:00.000000,IOCL,petrol,Petrol (95 octane),103.65,Indore,Available,fuel_psu
2026-08-29,2026-08-29T06:00:00.000000,BPCL,petrol,Petrol (95 octane),103.65,Indore,Available,fuel_psu
2026-08-29,2026-08-29T06:00:00.000000,HPCL,petrol,Petrol (95 octane),103.65,Indore,Available,fuel_psu
2026-08-29,2026-08-29T06:00:00.000000,IOCL,diesel,Diesel,92.79,Indore,Available,fuel_psu
2026-08-29,2026-08-29T06:00:00.000000,BPCL,diesel,Diesel,92.79,Indore,Available,fuel_psu
2026-08-29,2026-08-29T06:00:00.000000,HPCL,diesel,Diesel,92.79,Indore,Available,fuel_psu
2026-08-29,2026-08-29T08:25:35.339878,IOCL,petrol,Petrol (95 octane),111.21,Mumbai,Available,fuel_psu
2026-08-29,2026-08-29T08:25:35.339878,BPCL,petrol,Petrol (95 octane),111.21,Mumbai,Available,fuel_psu
2026-08-29,2026-08-29T08:25:35.339878,HPCL,petrol,Petrol (95 octane),111.21,Mumbai,Available,fuel_psu
2026-08-29,2026-08-29T08:25:36.992482,IOCL,diesel,Diesel,97.83,Mumbai,Available,fuel_psu
2026-08-29,2026-08-29T08:25:36.992482,BPCL,diesel,Diesel,97.83,Mumbai,Available,fuel_psu
2026-08-29,2026-08-29T08:25:36.992482,HPCL,diesel,Diesel,97.83,Mumbai,Available,fuel_psu
2026-08-29,2026-08-29T08:25:38.689998,IOCL,petrol,Petrol (95 octane),111.21,Delhi,Available,fuel_psu
2026-08-29,2026-08-29T08:25:38.689998,BPCL,petrol,Petrol (95 octane),111.21,Delhi,Available,fuel_psu
2026-08-29,2026-08-29T08:25:38.689998,HPCL,petrol,Petrol (95 octane),111.21,Delhi,Available,fuel_psu
2026-08-29,2026-08-29T08:25:40.366350,IOCL,diesel,Diesel,97.83,Delhi,Available,fuel_psu
2026-08-29,2026-08-29T08:25:40.366350,BPCL,diesel,Diesel,97.83,Delhi,Available,fuel_psu
2026-08-29,2026-08-29T08:25:40.366350,HPCL,diesel,Diesel,97.83,Delhi,Available,fuel_psu
2026-08-29,2026-08-29T08:25:42.083430,IOCL,petrol,Petrol (95 octane),111.21,Bengaluru,Available,fuel_psu
2026-08-29,2026-08-29T08:25:42.083430,BPCL,petrol,Petrol (95 octane),111.21,Bengaluru,Available,fuel_psu
2026-08-29,2026-08-29T08:25:42.083430,HPCL,petrol,Petrol (95 octane),111.21,Bengaluru,Available,fuel_psu
2026-08-29,2026-08-29T08:25:43.826095,IOCL,diesel,Diesel,97.83,Bengaluru,Available,fuel_psu
2026-08-29,2026-08-29T08:25:43.826095,BPCL,diesel,Diesel,97.83,Bengaluru,Available,fuel_psu
2026-08-29,2026-08-29T08:25:43.826095,HPCL,diesel,Diesel,97.83,Bengaluru,Available,fuel_psu
2026-08-29,2026-08-29T08:25:45.592020,IOCL,petrol,Petrol (95 octane),107.76,Chennai,Available,fuel_psu
2026-08-29,2026-08-29T08:25:45.592020,BPCL,petrol,Petrol (95 octane),107.76,Chennai,Available,fuel_psu
2026-08-29,2026-08-29T08:25:45.592020,HPCL,petrol,Petrol (95 octane),107.76,Chennai,Available,fuel_psu
2026-08-29,2026-08-29T08:25:47.278418,IOCL,diesel,Diesel,99.55,Chennai,Available,fuel_psu
2026-08-29,2026-08-29T08:25:47.278418,BPCL,diesel,Diesel,99.55,Chennai,Available,fuel_psu
2026-08-29,2026-08-29T08:25:47.278418,HPCL,diesel,Diesel,99.55,Chennai,Available,fuel_psu
2026-08-29,2026-08-29T08:25:48.954581,IOCL,petrol,Petrol (95 octane),113.51,Kolkata,Available,fuel_psu
2026-08-29,2026-08-29T08:25:48.954581,BPCL,petrol,Petrol (95 octane),113.51,Kolkata,Available,fuel_psu
2026-08-29,2026-08-29T08:25:48.954581,HPCL,petrol,Petrol (95 octane),113.51,Kolkata,Available,fuel_psu
2026-08-29,2026-08-29T08:25:50.720328,IOCL,diesel,Diesel,99.82,Kolkata,Available,fuel_psu
2026-08-29,2026-08-29T08:25:50.720328,BPCL,diesel,Diesel,99.82,Kolkata,Available,fuel_psu
2026-08-29,2026-08-29T08:25:50.720328,HPCL,diesel,Diesel,99.82,Kolkata,Available,fuel_psu
2026-08-29,2026-08-29T08:25:52.374933,IOCL,petrol,Petrol (95 octane),115.72,Hyderabad,Available,fuel_psu
2026-08-29,2026-08-29T08:25:52.374933,BPCL,petrol,Petrol (95 octane),115.72,Hyderabad,Available,fuel_psu
2026-08-29,2026-08-29T08:25:52.374933,HPCL,petrol,Petrol (95 octane),115.72,Hyderabad,Available,fuel_psu
2026-08-29,2026-08-29T08:25:54.026112,IOCL,diesel,Diesel,103.83,Hyderabad,Available,fuel_psu
2026-08-29,2026-08-29T08:25:54.026112,BPCL,diesel,Diesel,103.83,Hyderabad,Available,fuel_psu
2026-08-29,2026-08-29T08:25:54.026112,HPCL,diesel,Diesel,103.83,Hyderabad,Available,fuel_psu
2026-08-29,2026-08-29T08:25:55.702482,IOCL,petrol,Petrol (95 octane),111.65,Pune,Available,fuel_psu
2026-08-29,2026-08-29T08:25:55.702482,BPCL,petrol,Petrol (95 octane),111.65,Pune,Available,fuel_psu
2026-08-29,2026-08-29T08:25:55.702482,HPCL,petrol,Petrol (95 octane),111.65,Pune,Available,fuel_psu
2026-08-29,2026-08-29T08:25:57.370247,IOCL,diesel,Diesel,98.31,Pune,Available,fuel_psu
2026-08-29,2026-08-29T08:25:57.370247,BPCL,diesel,Diesel,98.31,Pune,Available,fuel_psu
2026-08-29,2026-08-29T08:25:57.370247,HPCL,diesel,Diesel,98.31,Pune,Available,fuel_psu
2026-08-29,2026-08-29T08:25:59.032835,IOCL,petrol,Petrol (95 octane),101.81,Ahmedabad,Available,fuel_psu
2026-08-29,2026-08-29T08:25:59.032835,BPCL,petrol,Petrol (95 octane),101.81,Ahmedabad,Available,fuel_psu
2026-08-29,2026-08-29T08:25:59.032835,HPCL,petrol,Petrol (95 octane),101.81,Ahmedabad,Available,fuel_psu
2026-08-29,2026-08-29T08:26:00.690923,IOCL,diesel,Diesel,97.92,Ahmedabad,Available,fuel_psu
2026-08-29,2026-08-29T08:26:00.690923,BPCL,diesel,Diesel,97.92,Ahmedabad,Available,fuel_psu
2026-08-29,2026-08-29T08:26:00.690923,HPCL,diesel,Diesel,97.92,Ahmedabad,Available,fuel_psu
2026-08-29,2026-08-29T08:26:02.370668,IOCL,petrol,Petrol (95 octane),113.19,Jaipur,Available,fuel_psu
2026-08-29,2026-08-29T08:26:02.370668,BPCL,petrol,Petrol (95 octane),113.19,Jaipur,Available,fuel_psu
2026-08-29,2026-08-29T08:26:02.370668,HPCL,petrol,Petrol (95 octane),113.19,Jaipur,Available,fuel_psu
2026-08-29,2026-08-29T08:26:04.041820,IOCL,diesel,Diesel,98.25,Jaipur,Available,fuel_psu
2026-08-29,2026-08-29T08:26:04.041820,BPCL,diesel,Diesel,98.25,Jaipur,Available,fuel_psu
2026-08-29,2026-08-29T08:26:04.041820,HPCL,diesel,Diesel,98.25,Jaipur,Available,fuel_psu
2026-08-29,2026-08-29T08:26:05.708100,IOCL,petrol,Petrol (95 octane),102.31,Lucknow,Available,fuel_psu
2026-08-29,2026-08-29T08:26:05.708100,BPCL,petrol,Petrol (95 octane),102.31,Lucknow,Available,fuel_psu
2026-08-29,2026-08-29T08:26:05.708100,HPCL,petrol,Petrol (95 octane),102.31,Lucknow,Available,fuel_psu
2026-08-29,2026-08-29T08:26:07.472232,IOCL,diesel,Diesel,95.79,Lucknow,Available,fuel_psu
2026-08-29,2026-08-29T08:26:07.472232,BPCL,diesel,Diesel,95.79,Lucknow,Available,fuel_psu
2026-08-29,2026-08-29T08:26:07.472232,HPCL,diesel,Diesel,95.79,Lucknow,Available,fuel_psu
2026-08-29,2026-08-29T08:26:09.241056,IOCL,petrol,Petrol (95 octane),101.54,Chandigarh,Available,fuel_psu
2026-08-29,2026-08-29T08:26:09.241056,BPCL,petrol,Petrol (95 octane),101.54,Chandigarh,Available,fuel_psu
2026-08-29,2026-08-29T08:26:09.241056,HPCL,petrol,Petrol (95 octane),101.54,Chandigarh,Available,fuel_psu
2026-08-29,2026-08-29T08:26:10.959713,IOCL,diesel,Diesel,89.47,Chandigarh,Available,fuel_psu
2026-08-29,2026-08-29T08:26:10.959713,BPCL,diesel,Diesel,89.47,Chandigarh,Available,fuel_psu
2026-08-29,2026-08-29T08:26:10.959713,HPCL,diesel,Diesel,89.47,Chandigarh,Available,fuel_psu
2026-08-29,2026-08-29T08:26:12.615443,IOCL,petrol,Petrol (95 octane),102.46,Surat,Available,fuel_psu
2026-08-29,2026-08-29T08:26:12.615443,BPCL,petrol,Petrol (95 octane),102.46,Surat,Available,fuel_psu
2026-08-29,2026-08-29T08:26:12.615443,HPCL,petrol,Petrol (95 octane),102.46,Surat,Available,fuel_psu
2026-08-29,2026-08-29T08:26:14.393680,IOCL,diesel,Diesel,98.6,Surat,Available,fuel_psu
2026-08-29,2026-08-29T08:26:14.393680,BPCL,diesel,Diesel,98.6,Surat,Available,fuel_psu
2026-08-29,2026-08-29T08:26:14.393680,HPCL,diesel,Diesel,98.6,Surat,Available,fuel_psu
2026-08-29,2026-08-29T08:26:16.285137,IOCL,petrol,Petrol (95 octane),113.37,Patna,Available,fuel_psu
2026-08-29,2026-08-29T08:26:16.285137,BPCL,petrol,Petrol (95 octane),113.37,Patna,Available,fuel_psu
2026-08-29,2026-08-29T08:26:16.285137,HPCL,petrol,Petrol (95 octane),113.37,Patna,Available,fuel_psu
2026-08-29,2026-08-29T08:26:18.036668,IOCL,diesel,Diesel,99.36,Patna,Available,fuel_psu
2026-08-29,2026-08-29T08:26:18.036668,BPCL,diesel,Diesel,99.36,Patna,Available,fuel_psu
2026-08-29,2026-08-29T08:26:18.036668,HPCL,diesel,Diesel,99.36,Patna,Available,fuel_psu
2026-08-29,2026-08-29T08:26:19.800076,IOCL,petrol,Petrol (95 octane),101.88,Noida,Available,fuel_psu
2026-08-29,2026-08-29T08:26:19.800076,BPCL,petrol,Petrol (95 octane),101.88,Noida,Available,fuel_psu
2026-08-29,2026-08-29T08:26:19.800076,HPCL,petrol,Petrol (95 octane),101.88,Noida,Available,fuel_psu
2026-08-29,2026-08-29T08:26:21.520992,IOCL,diesel,Diesel,95.36,Noida,Available,fuel_psu
2026-08-29,2026-08-29T08:26:21.520992,BPCL,diesel,Diesel,95.36,Noida,Available,fuel_psu
2026-08-29,2026-08-29T08:26:21.520992,HPCL,diesel,Diesel,95.36,Noida,Available,fuel_psu
2026-08-29,2026-08-29T08:26:23.294760,IOCL,petrol,Petrol (95 octane),103.28,Gurgaon,Available,fuel_psu
2026-08-29,2026-08-29T08:26:23.294760,BPCL,petrol,Petrol (95 octane),103.28,Gurgaon,Available,fuel_psu
2026-08-29,2026-08-29T08:26:23.294760,HPCL,petrol,Petrol (95 octane),103.28,Gurgaon,Available,fuel_psu
2026-08-29,2026-08-29T08:26:24.971536,IOCL,diesel,Diesel,95.94,Gurgaon,Available,fuel_psu
2026-08-29,2026-08-29T08:26:24.971536,BPCL,diesel,Diesel,95.94,Gurgaon,Available,fuel_psu
2026-08-29,2026-08-29T08:26:24.971536,HPCL,diesel,Diesel,95.94,Gurgaon,Available,fuel_psu
2026-08-29,2026-08-29T08:26:26.704371,IOCL,petrol,Petrol (95 octane),114.58,Indore,Available,fuel_psu
2026-08-29,2026-08-29T08:26:26.704371,BPCL,petrol,Petrol (95 octane),114.58,Indore,Available,fuel_psu
2026-08-29,2026-08-29T08:26:26.704371,HPCL,petrol,Petrol (95 octane),114.58,Indore,Available,fuel_psu
2026-08-29,2026-08-29T08:26:28.489261,IOCL,diesel,Diesel,99.7,Indore,Available,fuel_psu
2026-08-29,2026-08-29T08:26:28.489261,BPCL,diesel,Diesel,99.7,Indore,Available,fuel_psu
2026-08-29,2026-08-29T08:26:28.489261,HPCL,diesel,Diesel,99.7,Indore,Available,fuel_psu
